Regulator,Target,Sign,Model,Confidence Rank,Constraint,Direct
APC,CD28,positive,"AJ, N10",1,regulates,direct
APC,TCR,positive,"AJ, N10",1,necessary,direct
BCL6,GATA3,negative,"AJ, MS15",1,regulates,direct
BCL6,IFNG,negative,MS15,1,regulates,direct
BCL6,IFNG_2,negative,MS15,1,regulates,direct
BCL6,IL21,positive,MS15,1,regulates,direct in the network sense
BCL6,TBET,negative,"AJ, MS15",1,regulates,direct
BCL6,TBET_2,negative,"AJ, MS15",1,regulates,direct
CD28,NFAT,positive,"AJ, N10",1,regulates,direct in the network sense
CD4,THPOK,positive,MSM,2,,indirect
CD8,RUNX3,positive,MSM,2,,indirect
CMAF,IL10,positive,AJ,1,regulates,direct
CMAF,IL21,positive,AJ,1,regulates,direct
CMAF,IL22,negative,AJ,1,regulates,direct
CMAF,IL4,positive,AJ,1,regulates,direct
DLL1,NOTCH1,positive,MSM,1,regulates,direct
EOMES,GZMB,positive,MSM,1,regulates,direct
EOMES,IFNG,positive,MSM,1,regulates,direct
EOMES,IFNG_2,positive,MSM,1,regulates,direct
EOMES,PRF1,positive,MSM,1,regulates,direct
FOXP3,GATA3,negative,"MSM, P18",1,regulates,direct
FOXP3,IL2,negative,"AJ, MS15, N10",1,regulates,direct
FOXP3,IL2RA,positive,"AJ, N10",1,regulates,direct
FOXP3,IL35,positive,AJ,2,,indirect
FOXP3,NFAT,negative,P18,1,regulates,direct
FOXP3,NFKB,negative,"AJ, N10, P18",1,regulates,direct
FOXP3,RORGT,negative,"AJ, MS15, MSM, P18",1,regulates,direct
FOXP3,TGFB,positive,"AJ, MS15, MSM, N10",3,,correlation
GATA3,GATA3,positive,"AJ, MS15, MSM, MX, N10, P18",1,regulates,direct
GATA3,IFNG,negative,MS15,1,regulates,direct
GATA3,IFNG_2,negative,MS15,1,regulates,direct
GATA3,IL13,positive,AJ,1,regulates,direct
GATA3,IL25,positive,AJ,4,,assumption
GATA3,IL3,positive,AJ,1,regulates,direct
GATA3,IL4,positive,"AJ, M06, MS15, MSM, MX, N10, P18",1,regulates,direct
GATA3,IL5,positive,AJ,1,regulates,direct
GATA3,RORGT,negative,"MS15, MSM, P18",1,regulates,direct in the network sense
GATA3,ST2,positive,AJ,1,regulates,direct
GATA3,STAT4,negative,"AJ, M06, MSM, MX, N10, P18",1,regulates,direct
GATA3,TBET,negative,"M06, MS15, MSM, MX, N10",1,regulates,direct
GATA3,TBET_2,negative,"M06, MS15, MSM, MX, N10",1,regulates,direct
GATA3,THPOK,positive,MSM,1,regulates,direct
IFNAR,STAT1,positive,AJ,1,regulates,direct
IFNAR,STAT1_2,positive,AJ,1,regulates,direct
IFNA_e,IFNAR,positive,AJ,1,regulates,direct
IFNBR,STAT1,positive,"M06, MSM, MX, N10",1,regulates,direct
IFNBR,STAT1_2,positive,"MSM, MX, N10",1,regulates,direct
IFNB_e,IFNAR,positive,AJ,1,regulates,direct
IFNB_e,IFNBR,positive,"M06, MSM, MX, N10",1,regulates,direct
IFNG,IFNGR,positive,"AJ, M06, MSM, MX, N10, P18",1,regulates,direct
IFNG,IFNGR_2,positive,"AJ, M06, MSM, MX, N10, P18",1,regulates,direct
IFNG,IFNG_2,positive,"M06, MS15",0,necessary,
IFNGR,IFNGR_2,positive,M06,0,necessary,
IFNGR,JAK1,positive,"MSM, MX, P18",1,regulates,direct
IFNGR,STAT1,positive,"AJ, M06, N10",1,regulates,direct
IFNGR,STAT1_2,positive,"AJ, M06, N10",1,regulates,direct
IFNGR_2,JAK1,positive,"MSM, MX, P18",1,regulates,direct
IFNGR_2,STAT1,positive,"AJ, N10",1,regulates,direct
IFNGR_2,STAT1_2,positive,"AJ, M06, N10",1,regulates,direct
IFNG_2,IFNGR,positive,"AJ, MSM, MX, N10, P18",1,regulates,direct
IFNG_2,IFNGR_2,positive,"AJ, M06, MSM, MX, N10, P18",1,regulates,direct
IFNG_e,IFNGR,positive,"AJ, N10, P18",1,regulates,direct
IFNG_e,IFNGR_2,positive,"AJ, N10, P18",1,regulates,direct
IKB,NFKB,negative,"AJ, N10",1,regulates,direct
IL10,IL10R,positive,"AJ, MSM, MX, N10",1,regulates,direct
IL10R,STAT3,positive,"MSM, MX, N10",1,regulates,direct
IL10_e,IL10R,positive,"AJ, N10",1,regulates,direct
IL12R,STAT4,positive,"AJ, M06, MSM, MX, N10, P18",1,regulates,direct
IL12RB1_2,IL12R,positive,N10,0,regulates,direct
IL12RB2,IL12R,positive,"AJ, N10",0,necessary,direct
IL12_e,IL12R,positive,"AJ, M06, MSM, MX, N10, P18",1,regulates,direct
IL15R,STAT5,positive,"AJ, N10",1,regulates,direct
IL15_e,IL15R,positive,"AJ, N10",1,regulates,direct
IL18R,IFNG,positive,AJ,2,,indirect
IL18R,IFNG_2,positive,AJ,2,,indirect
IL18R,IRAK,positive,"M06, MSM, MX, P18",1,regulates,direct in the network sense
IL18_e,IL18R,positive,"AJ, M06, MSM, MX, P18",1,regulates,direct
IL1R,STAT3,positive,AJ,2,,indirect
IL1R1,IL1R,positive,AJ,0,necessary,direct
IL1_e,IL1R,positive,AJ,1,regulates,direct
IL2,IL2R,positive,"AJ, N10, P18",1,regulates,direct
IL2,IL2R_2,positive,"AJ, N10, P18",1,regulates,direct
IL21,IL21R,positive,"AJ, N10, P18",1,regulates,direct
IL21R,STAT3,positive,"AJ, N10, P18",1,regulates,direct
IL21_e,IL21R,positive,"AJ, N10",1,regulates,direct
IL23,IL23R,positive,N10,1,regulates,direct
IL23R,STAT3,positive,"AJ, MSM, N10, P18",1,regulates,direct
IL23_e,IL23R,positive,"AJ, MSM, N10, P18",1,regulates,direct
IL25,IL25R,positive,AJ,1,regulates,direct
IL25R,GATA3,positive,AJ,2,,indirect
IL25_e,IL25R,positive,AJ,1,regulates,direct
IL27R,STAT1,positive,"AJ, MSM, N10",1,regulates,direct
IL27R,STAT1_2,positive,"AJ, MSM, N10",1,regulates,direct
IL27R,STAT3,positive,"AJ, N10",1,regulates,direct
IL27_e,IL27R,positive,"AJ, MSM, N10",1,regulates,direct
IL29R,GATA3,negative,AJ,2,,indirect
IL29_e,IL29R,positive,AJ,1,regulates,direct
IL2R,IL2R_2,positive,"AJ, N10",0,necessary,
IL2R,STAT5,positive,"AJ, MSM, N10, P18",1,regulates,direct
IL2R,STAT5_2,positive,"AJ, MSM, N10, P18",1,regulates,direct
IL2RA,IL2R_2,positive,"AJ, N10",0,necessary,direct
IL2R_2,STAT5,positive,"MSM, P18",1,regulates,direct
IL2R_2,STAT5_2,positive,"AJ, MSM, N10, P18",1,regulates,direct
IL2_e,IL2R,positive,"AJ, MSM, N10",1,regulates,direct
IL2_e,IL2R_2,positive,"AJ, MSM, N10",1,regulates,direct
IL33R,IL13,positive,AJ,2,,indirect
IL33R,IL5,positive,AJ,2,,indirect
IL33R,IL9,positive,AJ,2,,indirect
IL33_e,IL33R,positive,AJ,1,regulates,direct
IL36R,TBET,positive,AJ,2,,indirect
IL36R,TBET_2,positive,AJ,2,,indirect
IL36_e,IL36R,positive,AJ,1,regulates,direct
IL4,IL4R,positive,"AJ, M06, MSM, MX, N10, P18",1,regulates,direct
IL4,IL4R_2,positive,"AJ, M06, MSM, MX, N10, P18",1,regulates,direct
IL4R,IL4R_2,positive,N10,0,necessary,
IL4R,STAT5,positive,N10,1,regulates,direct
IL4R,STAT5_2,positive,N10,1,regulates,direct
IL4R,STAT6,positive,"AJ, M06, MSM, MX, N10, P18",1,regulates,direct
IL4RA_2,IL4R_2,positive,N10,0,regulates,direct
IL4R_2,STAT5_2,positive,N10,1,regulates,direct
IL4R_2,STAT6,positive,"AJ, M06, MSM, MX, P18",1,regulates,direct
IL4_e,IL4R,positive,"AJ, N10, P18",1,regulates,direct
IL4_e,IL4R_2,positive,"AJ, N10, P18",1,regulates,direct
IL6,IL6R,positive,"AJ, MSM, P18",1,regulates,direct
IL6R,STAT3,positive,"AJ, N10, P18",1,regulates,direct
IL6_e,IL6R,positive,"AJ, N10, P18",1,regulates,direct
IL7R,STAT5,positive,MSM,1,regulates,direct
IL7R,STAT5_2,positive,MSM,1,regulates,direct
IL7_e,IL7R,positive,MSM,1,regulates,direct
IL9,IFNG,negative,MS15,3,,correlation
IL9,IFNG_2,negative,MS15,3,,correlation
IL9,TBET,negative,MS15,3,,correlation
IL9,TBET_2,negative,MS15,3,,correlation
IRAK,IFNG,positive,"MSM, MX",2,,indirect
IRAK,IFNG_2,positive,"M06, MSM, MX",2,,indirect
IRAK,NFKB,positive,P18,2,,indirect
IRF1,IL10,positive,AJ,1,regulates,direct
IRF1,IL12RB1_2,positive,N10,1,regulates,direct
IRF1,IL4,negative,"AJ, N10",1,regulates,direct
JAK1,STAT1,positive,"MSM, MX, P18",1,regulates,direct
JAK1,STAT1_2,positive,"MSM, MX, P18",1,regulates,direct
JAK3,STAT3,positive,MSM,1,regulates,direct
NFAT,FOXP3,positive,"AJ, N10",1,regulates,direct
NFAT,GATA3,positive,P18,1,regulates,direct
NFAT,IFNG,positive,"AJ, MX, N10, P18",1,regulates,direct
NFAT,IFNG_2,positive,"AJ, MX, N10, P18",1,regulates,direct
NFAT,IL10,positive,"AJ, N10",1,regulates,direct
NFAT,IL13,positive,AJ,1,regulates,direct
NFAT,IL17,positive,"AJ, N10",1,regulates,direct
NFAT,IL2,positive,"AJ, N10, P18",1,necessary,direct
NFAT,IL21,positive,"AJ, N10, P18",1,necessary,direct
NFAT,IL22,positive,AJ,1,regulates,direct
NFAT,IL2RA,positive,"AJ, N10",1,regulates,direct
NFAT,IL3,positive,AJ,1,regulates,direct
NFAT,IL31,positive,AJ,1,regulates,direct
NFAT,IL4,positive,"AJ, N10, P18",1,necessary,direct
NFAT,IL5,positive,AJ,1,regulates,direct
NFAT,IL9,positive,AJ,1,regulates,direct
NFAT,TGFB,positive,"AJ, N10",1,regulates,direct
NFKB,IFNG,positive,P18,1,regulates,direct
NFKB,IFNG_2,positive,P18,1,regulates,direct
NFKB,IL17,positive,"AJ, N10",1,regulates,direct
NFKB,IL2,positive,"AJ, N10, P18",1,regulates,direct
NFKB,IL2RA,positive,"AJ, N10",1,regulates,direct
NFKB,IL9,positive,AJ,1,regulates,direct
NOTCH1,CD4,positive,MSM,2,,indirect
NOTCH1,CD8,positive,MSM,2,,indirect
PU1,GATA3,negative,AJ,1,regulates,direct
PU1,IL9,positive,AJ,1,regulates,direct
RORGT,IL17,positive,"AJ, MSM, N10, P18",1,regulates,direct
RORGT,IL23R,positive,"AJ, N10",1,regulates,direct
RORGT,RORGT,positive,"MSM, N10",1,regulates,direct
RUNX3,CD4,negative,MSM,1,regulates,direct
RUNX3,CD8,positive,MSM,1,regulates,direct
RUNX3,EOMES,positive,MSM,1,regulates,direct
RUNX3,IFNG,positive,"AJ, N10",1,regulates,direct
RUNX3,IFNG_2,positive,"AJ, N10",1,regulates,direct
RUNX3,IL4,negative,"AJ, N10",1,regulates,direct
RUNX3,THPOK,negative,MSM,1,regulates,direct
SMAD2,FOXP3,positive,MSM,1,regulates,direct
SMAD2,RORGT,positive,MSM,1,regulates,direct
SMAD3,FOXP3,positive,"AJ, N10",1,regulates,direct
SMAD3,IL2RA,positive,"AJ, N10",1,regulates,direct
SMAD3,IL9,positive,AJ,1,regulates,direct
SOCS1,JAK1,negative,"MX, P18",1,regulates,direct
SOCS1,STAT5,negative,MSM,1,regulates,direct
SOCS1,STAT5_2,negative,MSM,1,regulates,direct
SOCS1,STAT6,negative,P18,1,regulates,direct
ST2,IL33R,positive,AJ,0,necessary,direct
STAT1,BCL6,positive,AJ,1,regulates,direct
STAT1,IRF1,positive,"AJ, N10",1,regulates,direct
STAT1,SOCS1,positive,"M06, MSM, MX, P18",1,regulates,direct
STAT1,STAT1,positive,M06,1,regulates,direct
STAT1,STAT1_2,positive,M06,0,necessary,
STAT1,TBET,positive,"AJ, M06, MSM, MX, N10, P18",1,regulates,direct
STAT1,TBET_2,positive,"AJ, M06, MSM, MX, N10, P18",1,regulates,direct
STAT1_2,BCL6,positive,AJ,1,regulates,direct
STAT1_2,IRF1,positive,"AJ, N10",1,regulates,direct
STAT1_2,SOCS1,positive,"MSM, MX, P18",1,regulates,direct
STAT1_2,TBET,positive,"AJ, MSM, MX, N10, P18",1,regulates,direct
STAT1_2,TBET_2,positive,"AJ, M06, MSM, MX, N10, P18",1,regulates,direct
STAT3,BCL6,positive,AJ,1,regulates,direct
STAT3,CMAF,positive,AJ,1,regulates,direct
STAT3,IL10,positive,"AJ, N10",1,regulates,direct
STAT3,IL17,positive,"AJ, N10, P18",1,regulates,direct
STAT3,IL1R1,positive,AJ,4,,assumption 
STAT3,IL21,positive,"AJ, N10, P18",1,regulates,direct
STAT3,IL22,positive,AJ,1,regulates,direct
STAT3,IL23,positive,N10,1,regulates,direct in the network sense
STAT3,IL23R,positive,"AJ, N10, P18",1,regulates,direct
STAT3,IL6,positive,AJ,1,regulates,direct
STAT3,RORGT,positive,"AJ, MSM, N10, P18",1,regulates,direct
STAT4,BCL6,positive,AJ,1,regulates,direct
STAT4,IFNG,positive,"AJ, M06, MSM, MX, N10, P18",1,regulates,direct
STAT4,IFNG_2,positive,"AJ, M06, MSM, MX, N10, P18",1,regulates,direct
STAT4,IL18R,positive,AJ,1,regulates,direct in the network sense
STAT4,IL21,positive,AJ,1,regulates,direct
STAT4,TBET,positive,P18,1,regulates,direct
STAT4,TBET_2,positive,P18,1,regulates,direct
STAT5,BCL6,negative,AJ,1,regulates,direct
STAT5,FOXP3,positive,"AJ, N10, P18",1,regulates,direct
STAT5,GATA3,positive,P18,1,regulates,direct
STAT5,IL17,negative,"AJ, N10, P18",1,regulates,direct
STAT5,IL2RA,positive,"AJ, N10",1,regulates,direct
STAT5,IL4,positive,AJ,1,regulates,direct
STAT5,IL4RA_2,positive,N10,2,,indirect
STAT5,RUNX3,positive,MSM,1,regulates,direct
STAT5,STAT5_2,positive,"AJ, N10",0,necessary,
STAT5,proliferation,positive,"AJ, N10",1,regulates,direct in the network sense
STAT5_2,FOXP3,positive,P18,1,regulates,direct
STAT5_2,GATA3,positive,P18,1,regulates,direct
STAT5_2,IL17,negative,P18,1,regulates,direct
STAT5_2,IL4RA_2,positive,N10,2,,indirect
STAT5_2,RUNX3,positive,MSM,1,regulates,direct
STAT5_2,proliferation,positive,"AJ, N10",1,regulates,direct in the network sense
STAT6,FOXP3,negative,AJ,1,regulates,direct
STAT6,GATA3,positive,"AJ, M06, MSM, MX, N10, P18",1,regulates,direct
STAT6,IL12RB2,negative,"AJ, N10",2,,indirect
STAT6,IL24,positive,AJ,1,regulates,direct
STAT6,IL31,positive,AJ,1,regulates,direct
STAT6,IL9,positive,AJ,1,regulates,direct
TBET,BCL6,negative,"AJ, MS15",1,regulates,direct
TBET,FOXP3,negative,MSM,1,regulates,direct
TBET,GATA3,negative,"AJ, M06, MS15, MSM, MX, N10, P18",1,regulates,direct
TBET,IFNG,positive,"AJ, M06, MS15, MSM, MX, N10, P18",1,regulates,direct
TBET,IFNG_2,positive,"AJ, M06, MS15, MSM, MX, N10, P18",1,regulates,direct
TBET,IL2,negative,"AJ, N10, P18",1,regulates,direct
TBET,IL23R,negative,P18,1,regulates,direct
TBET,IL4,negative,"AJ, MS15, N10",1,regulates,direct
TBET,RORGT,negative,"MS15, MSM, P18",1,regulates,direct in the network sense
TBET,TBET_2,positive,"AJ, M06, MS15, MSM, MX, N10, P18",0,necessary,
TBET_2,BCL6,negative,"AJ, MS15",1,regulates,direct
TBET_2,FOXP3,negative,MSM,1,regulates,direct
TBET_2,GATA3,negative,"AJ, MS15, MSM, MX, N10, P18",1,regulates,direct
TBET_2,IFNG,positive,"AJ, MS15, MSM, MX, N10, P18",1,regulates,direct
TBET_2,IFNG_2,positive,"AJ, M06, MS15, MSM, MX, N10, P18",1,regulates,direct
TBET_2,IL2,negative,"AJ, N10, P18",1,regulates,direct
TBET_2,IL23R,negative,P18,1,regulates,direct
TBET_2,IL4,negative,"AJ, MS15, N10",1,regulates,direct
TBET_2,RORGT,negative,"MS15, MSM, P18",1,regulates,direct in the network sense
TCR,IKB,negative,"AJ, N10",1,regulates,direct in the network sense
TCR,IL7R,negative,MSM,1,regulates,direct in the network sense
TCR,NFAT,positive,"AJ, MSM, MX, N10, P18",1,regulates,direct in the network sense
TGFB,BCL6,negative,MS15,1,regulates,direct in the network sense
TGFB,TGFBR,positive,"AJ, MSM, N10",1,regulates,direct
TGFBR,PU1,positive,AJ,2,,indirect
TGFBR,SMAD2,positive,MSM,1,regulates,direct
TGFBR,SMAD3,positive,"AJ, N10",1,regulates,direct
TGFB_e,TGFBR,positive,"AJ, N10, P18",1,regulates,direct
THPOK,CD4,positive,MSM,1,regulates,direct
THPOK,CD8,negative,MSM,1,regulates,direct
THPOK,RUNX3,negative,MSM,1,regulates,direct
THPOK,THPOK,positive,MSM,1,regulates,direct
proliferation,IFNG,positive,"AJ, N10",4,,assumption
proliferation,IFNG_2,positive,"AJ, N10",4,,assumption
proliferation,IL10,positive,"AJ, N10",4,,assumption
proliferation,IL13,positive,AJ,4,,assumption
proliferation,IL17,positive,"AJ, N10",4,,assumption
proliferation,IL21,positive,"AJ, N10",4,,assumption
proliferation,IL22,positive,AJ,4,,assumption
proliferation,IL23,positive,N10,4,,assumption
proliferation,IL24,positive,AJ,4,,assumption
proliferation,IL25,positive,AJ,4,,assumption
proliferation,IL3,positive,AJ,4,,assumption
proliferation,IL31,positive,AJ,4,,assumption
proliferation,IL35,positive,AJ,4,,assumption
proliferation,IL4,positive,"AJ, N10",4,,assumption
proliferation,IL5,positive,AJ,4,,assumption
proliferation,IL6,positive,AJ,4,,assumption
proliferation,IL9,positive,AJ,4,,assumption
proliferation,TGFB,positive,"AJ, N10",4,,assumption
proliferation,proliferation,positive,"AJ, N10",4,,assumption
IL27R,NFAT,unknown,Fake,6,,
IL27R,IL27R,unknown,Fake,6,,
IL27R,TCR,unknown,Fake,6,,
IL27R,PRF1,unknown,Fake,6,,
IL27R,IL10,unknown,Fake,6,,
IL27R,NFKB,unknown,Fake,6,,
IL27R,IFNBR,unknown,Fake,6,,
IL27R,TGFBR,unknown,Fake,6,,
IL27R,IKB,unknown,Fake,6,,
IL27R,IL6R,unknown,Fake,6,,
IL27R,IL23,unknown,Fake,6,,
IL27R,IL35,unknown,Fake,6,,
IL27R,RORGT,unknown,Fake,6,,
IL27R,GATA3,unknown,Fake,6,,
IL27R,IL31,unknown,Fake,6,,
IL27R,CMAF,unknown,Fake,6,,
IL27R,IFNAR,unknown,Fake,6,,
IL27R,IL36R,unknown,Fake,6,,
IL27R,JAK1,unknown,Fake,6,,
IL27R,IL21R,unknown,Fake,6,,
IL27R,IL2RA,unknown,Fake,6,,
IL27R,IRAK,unknown,Fake,6,,
IL27R,IL5,unknown,Fake,6,,
IL27R,IL1R,unknown,Fake,6,,
IL27R,SMAD3,unknown,Fake,6,,
IL27R,IL29R,unknown,Fake,6,,
IL27R,PU1,unknown,Fake,6,,
IL27R,CD4,unknown,Fake,6,,
IL27R,IFNGR,unknown,Fake,6,,
IL27R,IL10R,unknown,Fake,6,,
IL27R,IL12RB1_2,unknown,Fake,6,,
IL27R,IL4R,unknown,Fake,6,,
IL27R,STAT5,unknown,Fake,6,,
IL27R,IL23R,unknown,Fake,6,,
IL27R,IL12RB2,unknown,Fake,6,,
IL27R,ST2,unknown,Fake,6,,
IL27R,IL4RA_2,unknown,Fake,6,,
IL27R,IFNGR_2,unknown,Fake,6,,
IL27R,TGFB,unknown,Fake,6,,
IL27R,IL7R,unknown,Fake,6,,
IL27R,SMAD2,unknown,Fake,6,,
IL27R,IL3,unknown,Fake,6,,
IL27R,IL2,unknown,Fake,6,,
IL27R,IL9,unknown,Fake,6,,
IL27R,NOTCH1,unknown,Fake,6,,
IL27R,IL2R,unknown,Fake,6,,
IL27R,IL18R,unknown,Fake,6,,
IL27R,SOCS1,unknown,Fake,6,,
IL27R,IL1R1,unknown,Fake,6,,
IL27R,CD8,unknown,Fake,6,,
IL27R,STAT5_2,unknown,Fake,6,,
IL27R,IL12R,unknown,Fake,6,,
IL27R,IL22,unknown,Fake,6,,
IL27R,IL4R_2,unknown,Fake,6,,
IL27R,proliferation,unknown,Fake,6,,
IL27R,IL15R,unknown,Fake,6,,
IL27R,IL17,unknown,Fake,6,,
IL27R,GZMB,unknown,Fake,6,,
IL27R,THPOK,unknown,Fake,6,,
IL27R,IL25R,unknown,Fake,6,,
IL27R,IL2R_2,unknown,Fake,6,,
IL27R,IFNG,unknown,Fake,6,,
IL27R,IL33R,unknown,Fake,6,,
IL27R,TBET,unknown,Fake,6,,
IL27R,IL4,unknown,Fake,6,,
IL27R,IL24,unknown,Fake,6,,
IL27R,IRF1,unknown,Fake,6,,
IL27R,EOMES,unknown,Fake,6,,
IL27R,FOXP3,unknown,Fake,6,,
IL27R,IL21,unknown,Fake,6,,
IL27R,IL25,unknown,Fake,6,,
IL27R,CD28,unknown,Fake,6,,
IL27R,STAT6,unknown,Fake,6,,
IL27R,IL6,unknown,Fake,6,,
IL27R,STAT4,unknown,Fake,6,,
IL27R,IFNG_2,unknown,Fake,6,,
IL27R,BCL6,unknown,Fake,6,,
IL27R,IL13,unknown,Fake,6,,
IL27R,TBET_2,unknown,Fake,6,,
IL27R,RUNX3,unknown,Fake,6,,
IL29_e,NFAT,unknown,Fake,6,,
IL29_e,IL27R,unknown,Fake,6,,
IL29_e,TCR,unknown,Fake,6,,
IL29_e,PRF1,unknown,Fake,6,,
IL29_e,STAT3,unknown,Fake,6,,
IL29_e,IL10,unknown,Fake,6,,
IL29_e,NFKB,unknown,Fake,6,,
IL29_e,IFNBR,unknown,Fake,6,,
IL29_e,TGFBR,unknown,Fake,6,,
IL29_e,IKB,unknown,Fake,6,,
IL29_e,IL6R,unknown,Fake,6,,
IL29_e,IL23,unknown,Fake,6,,
IL29_e,IL35,unknown,Fake,6,,
IL29_e,RORGT,unknown,Fake,6,,
IL29_e,GATA3,unknown,Fake,6,,
IL29_e,IL31,unknown,Fake,6,,
IL29_e,CMAF,unknown,Fake,6,,
IL29_e,IFNAR,unknown,Fake,6,,
IL29_e,IL36R,unknown,Fake,6,,
IL29_e,JAK1,unknown,Fake,6,,
IL29_e,IL21R,unknown,Fake,6,,
IL29_e,IL2RA,unknown,Fake,6,,
IL29_e,IRAK,unknown,Fake,6,,
IL29_e,IL5,unknown,Fake,6,,
IL29_e,IL1R,unknown,Fake,6,,
IL29_e,SMAD3,unknown,Fake,6,,
IL29_e,PU1,unknown,Fake,6,,
IL29_e,CD4,unknown,Fake,6,,
IL29_e,IFNGR,unknown,Fake,6,,
IL29_e,IL10R,unknown,Fake,6,,
IL29_e,IL12RB1_2,unknown,Fake,6,,
IL29_e,IL4R,unknown,Fake,6,,
IL29_e,STAT5,unknown,Fake,6,,
IL29_e,IL23R,unknown,Fake,6,,
IL29_e,IL12RB2,unknown,Fake,6,,
IL29_e,ST2,unknown,Fake,6,,
IL29_e,IL4RA_2,unknown,Fake,6,,
IL29_e,IFNGR_2,unknown,Fake,6,,
IL29_e,TGFB,unknown,Fake,6,,
IL29_e,IL7R,unknown,Fake,6,,
IL29_e,SMAD2,unknown,Fake,6,,
IL29_e,IL3,unknown,Fake,6,,
IL29_e,IL2,unknown,Fake,6,,
IL29_e,IL9,unknown,Fake,6,,
IL29_e,NOTCH1,unknown,Fake,6,,
IL29_e,STAT1_2,unknown,Fake,6,,
IL29_e,IL2R,unknown,Fake,6,,
IL29_e,IL18R,unknown,Fake,6,,
IL29_e,SOCS1,unknown,Fake,6,,
IL29_e,IL1R1,unknown,Fake,6,,
IL29_e,CD8,unknown,Fake,6,,
IL29_e,STAT5_2,unknown,Fake,6,,
IL29_e,IL12R,unknown,Fake,6,,
IL29_e,IL22,unknown,Fake,6,,
IL29_e,IL4R_2,unknown,Fake,6,,
IL29_e,proliferation,unknown,Fake,6,,
IL29_e,IL15R,unknown,Fake,6,,
IL29_e,IL17,unknown,Fake,6,,
IL29_e,GZMB,unknown,Fake,6,,
IL29_e,THPOK,unknown,Fake,6,,
IL29_e,IL25R,unknown,Fake,6,,
IL29_e,IL2R_2,unknown,Fake,6,,
IL29_e,IFNG,unknown,Fake,6,,
IL29_e,IL33R,unknown,Fake,6,,
IL29_e,TBET,unknown,Fake,6,,
IL29_e,IL4,unknown,Fake,6,,
IL29_e,IL24,unknown,Fake,6,,
IL29_e,IRF1,unknown,Fake,6,,
IL29_e,EOMES,unknown,Fake,6,,
IL29_e,FOXP3,unknown,Fake,6,,
IL29_e,IL21,unknown,Fake,6,,
IL29_e,IL25,unknown,Fake,6,,
IL29_e,CD28,unknown,Fake,6,,
IL29_e,STAT6,unknown,Fake,6,,
IL29_e,IL6,unknown,Fake,6,,
IL29_e,STAT4,unknown,Fake,6,,
IL29_e,STAT1,unknown,Fake,6,,
IL29_e,IFNG_2,unknown,Fake,6,,
IL29_e,BCL6,unknown,Fake,6,,
IL29_e,IL13,unknown,Fake,6,,
IL29_e,TBET_2,unknown,Fake,6,,
IL29_e,RUNX3,unknown,Fake,6,,
NFAT,NFAT,unknown,Fake,6,,
NFAT,IL27R,unknown,Fake,6,,
NFAT,TCR,unknown,Fake,6,,
NFAT,PRF1,unknown,Fake,6,,
NFAT,STAT3,unknown,Fake,6,,
NFAT,NFKB,unknown,Fake,6,,
NFAT,IFNBR,unknown,Fake,6,,
NFAT,TGFBR,unknown,Fake,6,,
NFAT,IKB,unknown,Fake,6,,
NFAT,IL6R,unknown,Fake,6,,
NFAT,IL23,unknown,Fake,6,,
NFAT,IL35,unknown,Fake,6,,
NFAT,RORGT,unknown,Fake,6,,
NFAT,CMAF,unknown,Fake,6,,
NFAT,IFNAR,unknown,Fake,6,,
NFAT,IL36R,unknown,Fake,6,,
NFAT,JAK1,unknown,Fake,6,,
NFAT,IL21R,unknown,Fake,6,,
NFAT,IRAK,unknown,Fake,6,,
NFAT,IL1R,unknown,Fake,6,,
NFAT,SMAD3,unknown,Fake,6,,
NFAT,IL29R,unknown,Fake,6,,
NFAT,PU1,unknown,Fake,6,,
NFAT,CD4,unknown,Fake,6,,
NFAT,IFNGR,unknown,Fake,6,,
NFAT,IL10R,unknown,Fake,6,,
NFAT,IL12RB1_2,unknown,Fake,6,,
NFAT,IL4R,unknown,Fake,6,,
NFAT,STAT5,unknown,Fake,6,,
NFAT,IL23R,unknown,Fake,6,,
NFAT,IL12RB2,unknown,Fake,6,,
NFAT,ST2,unknown,Fake,6,,
NFAT,IL4RA_2,unknown,Fake,6,,
NFAT,IFNGR_2,unknown,Fake,6,,
NFAT,IL7R,unknown,Fake,6,,
NFAT,SMAD2,unknown,Fake,6,,
NFAT,NOTCH1,unknown,Fake,6,,
NFAT,STAT1_2,unknown,Fake,6,,
NFAT,IL2R,unknown,Fake,6,,
NFAT,IL18R,unknown,Fake,6,,
NFAT,SOCS1,unknown,Fake,6,,
NFAT,IL1R1,unknown,Fake,6,,
NFAT,CD8,unknown,Fake,6,,
NFAT,STAT5_2,unknown,Fake,6,,
NFAT,IL12R,unknown,Fake,6,,
NFAT,IL4R_2,unknown,Fake,6,,
NFAT,proliferation,unknown,Fake,6,,
NFAT,IL15R,unknown,Fake,6,,
NFAT,GZMB,unknown,Fake,6,,
NFAT,THPOK,unknown,Fake,6,,
NFAT,IL25R,unknown,Fake,6,,
NFAT,IL2R_2,unknown,Fake,6,,
NFAT,IL33R,unknown,Fake,6,,
NFAT,TBET,unknown,Fake,6,,
NFAT,IL24,unknown,Fake,6,,
NFAT,IRF1,unknown,Fake,6,,
NFAT,EOMES,unknown,Fake,6,,
NFAT,IL25,unknown,Fake,6,,
NFAT,CD28,unknown,Fake,6,,
NFAT,STAT6,unknown,Fake,6,,
NFAT,IL6,unknown,Fake,6,,
NFAT,STAT4,unknown,Fake,6,,
NFAT,STAT1,unknown,Fake,6,,
NFAT,BCL6,unknown,Fake,6,,
NFAT,TBET_2,unknown,Fake,6,,
NFAT,RUNX3,unknown,Fake,6,,
TCR,IL27R,unknown,Fake,6,,
TCR,TCR,unknown,Fake,6,,
TCR,PRF1,unknown,Fake,6,,
TCR,STAT3,unknown,Fake,6,,
TCR,IL10,unknown,Fake,6,,
TCR,NFKB,unknown,Fake,6,,
TCR,IFNBR,unknown,Fake,6,,
TCR,TGFBR,unknown,Fake,6,,
TCR,IL6R,unknown,Fake,6,,
TCR,IL23,unknown,Fake,6,,
TCR,IL35,unknown,Fake,6,,
TCR,RORGT,unknown,Fake,6,,
TCR,GATA3,unknown,Fake,6,,
TCR,IL31,unknown,Fake,6,,
TCR,CMAF,unknown,Fake,6,,
TCR,IFNAR,unknown,Fake,6,,
TCR,IL36R,unknown,Fake,6,,
TCR,JAK1,unknown,Fake,6,,
TCR,IL21R,unknown,Fake,6,,
TCR,IL2RA,unknown,Fake,6,,
TCR,IRAK,unknown,Fake,6,,
TCR,IL5,unknown,Fake,6,,
TCR,IL1R,unknown,Fake,6,,
TCR,SMAD3,unknown,Fake,6,,
TCR,IL29R,unknown,Fake,6,,
TCR,PU1,unknown,Fake,6,,
TCR,CD4,unknown,Fake,6,,
TCR,IFNGR,unknown,Fake,6,,
TCR,IL10R,unknown,Fake,6,,
TCR,IL12RB1_2,unknown,Fake,6,,
TCR,IL4R,unknown,Fake,6,,
TCR,STAT5,unknown,Fake,6,,
TCR,IL23R,unknown,Fake,6,,
TCR,IL12RB2,unknown,Fake,6,,
TCR,ST2,unknown,Fake,6,,
TCR,IL4RA_2,unknown,Fake,6,,
TCR,IFNGR_2,unknown,Fake,6,,
TCR,TGFB,unknown,Fake,6,,
TCR,SMAD2,unknown,Fake,6,,
TCR,IL3,unknown,Fake,6,,
TCR,IL2,unknown,Fake,6,,
TCR,IL9,unknown,Fake,6,,
TCR,NOTCH1,unknown,Fake,6,,
TCR,STAT1_2,unknown,Fake,6,,
TCR,IL2R,unknown,Fake,6,,
TCR,IL18R,unknown,Fake,6,,
TCR,SOCS1,unknown,Fake,6,,
TCR,IL1R1,unknown,Fake,6,,
TCR,CD8,unknown,Fake,6,,
TCR,STAT5_2,unknown,Fake,6,,
TCR,IL12R,unknown,Fake,6,,
TCR,IL22,unknown,Fake,6,,
TCR,IL4R_2,unknown,Fake,6,,
TCR,proliferation,unknown,Fake,6,,
TCR,IL15R,unknown,Fake,6,,
TCR,IL17,unknown,Fake,6,,
TCR,GZMB,unknown,Fake,6,,
TCR,THPOK,unknown,Fake,6,,
TCR,IL25R,unknown,Fake,6,,
TCR,IL2R_2,unknown,Fake,6,,
TCR,IFNG,unknown,Fake,6,,
TCR,IL33R,unknown,Fake,6,,
TCR,TBET,unknown,Fake,6,,
TCR,IL4,unknown,Fake,6,,
TCR,IL24,unknown,Fake,6,,
TCR,IRF1,unknown,Fake,6,,
TCR,EOMES,unknown,Fake,6,,
TCR,FOXP3,unknown,Fake,6,,
TCR,IL21,unknown,Fake,6,,
TCR,IL25,unknown,Fake,6,,
TCR,CD28,unknown,Fake,6,,
TCR,STAT6,unknown,Fake,6,,
TCR,IL6,unknown,Fake,6,,
TCR,STAT4,unknown,Fake,6,,
TCR,STAT1,unknown,Fake,6,,
TCR,IFNG_2,unknown,Fake,6,,
TCR,BCL6,unknown,Fake,6,,
TCR,IL13,unknown,Fake,6,,
TCR,TBET_2,unknown,Fake,6,,
TCR,RUNX3,unknown,Fake,6,,
PRF1,NFAT,unknown,Fake,6,,
PRF1,IL27R,unknown,Fake,6,,
PRF1,TCR,unknown,Fake,6,,
PRF1,PRF1,unknown,Fake,6,,
PRF1,STAT3,unknown,Fake,6,,
PRF1,IL10,unknown,Fake,6,,
PRF1,NFKB,unknown,Fake,6,,
PRF1,IFNBR,unknown,Fake,6,,
PRF1,TGFBR,unknown,Fake,6,,
PRF1,IKB,unknown,Fake,6,,
PRF1,IL6R,unknown,Fake,6,,
PRF1,IL23,unknown,Fake,6,,
PRF1,IL35,unknown,Fake,6,,
PRF1,RORGT,unknown,Fake,6,,
PRF1,GATA3,unknown,Fake,6,,
PRF1,IL31,unknown,Fake,6,,
PRF1,CMAF,unknown,Fake,6,,
PRF1,IFNAR,unknown,Fake,6,,
PRF1,IL36R,unknown,Fake,6,,
PRF1,JAK1,unknown,Fake,6,,
PRF1,IL21R,unknown,Fake,6,,
PRF1,IL2RA,unknown,Fake,6,,
PRF1,IRAK,unknown,Fake,6,,
PRF1,IL5,unknown,Fake,6,,
PRF1,IL1R,unknown,Fake,6,,
PRF1,SMAD3,unknown,Fake,6,,
PRF1,IL29R,unknown,Fake,6,,
PRF1,PU1,unknown,Fake,6,,
PRF1,CD4,unknown,Fake,6,,
PRF1,IFNGR,unknown,Fake,6,,
PRF1,IL10R,unknown,Fake,6,,
PRF1,IL12RB1_2,unknown,Fake,6,,
PRF1,IL4R,unknown,Fake,6,,
PRF1,STAT5,unknown,Fake,6,,
PRF1,IL23R,unknown,Fake,6,,
PRF1,IL12RB2,unknown,Fake,6,,
PRF1,ST2,unknown,Fake,6,,
PRF1,IL4RA_2,unknown,Fake,6,,
PRF1,IFNGR_2,unknown,Fake,6,,
PRF1,TGFB,unknown,Fake,6,,
PRF1,IL7R,unknown,Fake,6,,
PRF1,SMAD2,unknown,Fake,6,,
PRF1,IL3,unknown,Fake,6,,
PRF1,IL2,unknown,Fake,6,,
PRF1,IL9,unknown,Fake,6,,
PRF1,NOTCH1,unknown,Fake,6,,
PRF1,STAT1_2,unknown,Fake,6,,
PRF1,IL2R,unknown,Fake,6,,
PRF1,IL18R,unknown,Fake,6,,
PRF1,SOCS1,unknown,Fake,6,,
PRF1,IL1R1,unknown,Fake,6,,
PRF1,CD8,unknown,Fake,6,,
PRF1,STAT5_2,unknown,Fake,6,,
PRF1,IL12R,unknown,Fake,6,,
PRF1,IL22,unknown,Fake,6,,
PRF1,IL4R_2,unknown,Fake,6,,
PRF1,proliferation,unknown,Fake,6,,
PRF1,IL15R,unknown,Fake,6,,
PRF1,IL17,unknown,Fake,6,,
PRF1,GZMB,unknown,Fake,6,,
PRF1,THPOK,unknown,Fake,6,,
PRF1,IL25R,unknown,Fake,6,,
PRF1,IL2R_2,unknown,Fake,6,,
PRF1,IFNG,unknown,Fake,6,,
PRF1,IL33R,unknown,Fake,6,,
PRF1,TBET,unknown,Fake,6,,
PRF1,IL4,unknown,Fake,6,,
PRF1,IL24,unknown,Fake,6,,
PRF1,IRF1,unknown,Fake,6,,
PRF1,EOMES,unknown,Fake,6,,
PRF1,FOXP3,unknown,Fake,6,,
PRF1,IL21,unknown,Fake,6,,
PRF1,IL25,unknown,Fake,6,,
PRF1,CD28,unknown,Fake,6,,
PRF1,STAT6,unknown,Fake,6,,
PRF1,IL6,unknown,Fake,6,,
PRF1,STAT4,unknown,Fake,6,,
PRF1,STAT1,unknown,Fake,6,,
PRF1,IFNG_2,unknown,Fake,6,,
PRF1,BCL6,unknown,Fake,6,,
PRF1,IL13,unknown,Fake,6,,
PRF1,TBET_2,unknown,Fake,6,,
PRF1,RUNX3,unknown,Fake,6,,
STAT3,NFAT,unknown,Fake,6,,
STAT3,IL27R,unknown,Fake,6,,
STAT3,TCR,unknown,Fake,6,,
STAT3,PRF1,unknown,Fake,6,,
STAT3,STAT3,unknown,Fake,6,,
STAT3,NFKB,unknown,Fake,6,,
STAT3,IFNBR,unknown,Fake,6,,
STAT3,TGFBR,unknown,Fake,6,,
STAT3,IKB,unknown,Fake,6,,
STAT3,IL6R,unknown,Fake,6,,
STAT3,IL35,unknown,Fake,6,,
STAT3,GATA3,unknown,Fake,6,,
STAT3,IL31,unknown,Fake,6,,
STAT3,IFNAR,unknown,Fake,6,,
STAT3,IL36R,unknown,Fake,6,,
STAT3,JAK1,unknown,Fake,6,,
STAT3,IL21R,unknown,Fake,6,,
STAT3,IL2RA,unknown,Fake,6,,
STAT3,IRAK,unknown,Fake,6,,
STAT3,IL5,unknown,Fake,6,,
STAT3,IL1R,unknown,Fake,6,,
STAT3,SMAD3,unknown,Fake,6,,
STAT3,IL29R,unknown,Fake,6,,
STAT3,PU1,unknown,Fake,6,,
STAT3,CD4,unknown,Fake,6,,
STAT3,IFNGR,unknown,Fake,6,,
STAT3,IL10R,unknown,Fake,6,,
STAT3,IL12RB1_2,unknown,Fake,6,,
STAT3,IL4R,unknown,Fake,6,,
STAT3,STAT5,unknown,Fake,6,,
STAT3,IL12RB2,unknown,Fake,6,,
STAT3,ST2,unknown,Fake,6,,
STAT3,IL4RA_2,unknown,Fake,6,,
STAT3,IFNGR_2,unknown,Fake,6,,
STAT3,TGFB,unknown,Fake,6,,
STAT3,IL7R,unknown,Fake,6,,
STAT3,SMAD2,unknown,Fake,6,,
STAT3,IL3,unknown,Fake,6,,
STAT3,IL2,unknown,Fake,6,,
STAT3,IL9,unknown,Fake,6,,
STAT3,NOTCH1,unknown,Fake,6,,
STAT3,STAT1_2,unknown,Fake,6,,
STAT3,IL2R,unknown,Fake,6,,
STAT3,IL18R,unknown,Fake,6,,
STAT3,SOCS1,unknown,Fake,6,,
STAT3,CD8,unknown,Fake,6,,
STAT3,STAT5_2,unknown,Fake,6,,
STAT3,IL12R,unknown,Fake,6,,
STAT3,IL4R_2,unknown,Fake,6,,
STAT3,proliferation,unknown,Fake,6,,
STAT3,IL15R,unknown,Fake,6,,
STAT3,GZMB,unknown,Fake,6,,
STAT3,THPOK,unknown,Fake,6,,
STAT3,IL25R,unknown,Fake,6,,
STAT3,IL2R_2,unknown,Fake,6,,
STAT3,IFNG,unknown,Fake,6,,
STAT3,IL33R,unknown,Fake,6,,
STAT3,TBET,unknown,Fake,6,,
STAT3,IL4,unknown,Fake,6,,
STAT3,IL24,unknown,Fake,6,,
STAT3,IRF1,unknown,Fake,6,,
STAT3,EOMES,unknown,Fake,6,,
STAT3,FOXP3,unknown,Fake,6,,
STAT3,IL25,unknown,Fake,6,,
STAT3,CD28,unknown,Fake,6,,
STAT3,STAT6,unknown,Fake,6,,
STAT3,STAT4,unknown,Fake,6,,
STAT3,STAT1,unknown,Fake,6,,
STAT3,IFNG_2,unknown,Fake,6,,
STAT3,IL13,unknown,Fake,6,,
STAT3,TBET_2,unknown,Fake,6,,
STAT3,RUNX3,unknown,Fake,6,,
IL2_e,NFAT,unknown,Fake,6,,
IL2_e,IL27R,unknown,Fake,6,,
IL2_e,TCR,unknown,Fake,6,,
IL2_e,PRF1,unknown,Fake,6,,
IL2_e,STAT3,unknown,Fake,6,,
IL2_e,IL10,unknown,Fake,6,,
IL2_e,NFKB,unknown,Fake,6,,
IL2_e,IFNBR,unknown,Fake,6,,
IL2_e,TGFBR,unknown,Fake,6,,
IL2_e,IKB,unknown,Fake,6,,
IL2_e,IL6R,unknown,Fake,6,,
IL2_e,IL23,unknown,Fake,6,,
IL2_e,IL35,unknown,Fake,6,,
IL2_e,RORGT,unknown,Fake,6,,
IL2_e,GATA3,unknown,Fake,6,,
IL2_e,IL31,unknown,Fake,6,,
IL2_e,CMAF,unknown,Fake,6,,
IL2_e,IFNAR,unknown,Fake,6,,
IL2_e,IL36R,unknown,Fake,6,,
IL2_e,JAK1,unknown,Fake,6,,
IL2_e,IL21R,unknown,Fake,6,,
IL2_e,IL2RA,unknown,Fake,6,,
IL2_e,IRAK,unknown,Fake,6,,
IL2_e,IL5,unknown,Fake,6,,
IL2_e,IL1R,unknown,Fake,6,,
IL2_e,SMAD3,unknown,Fake,6,,
IL2_e,IL29R,unknown,Fake,6,,
IL2_e,PU1,unknown,Fake,6,,
IL2_e,CD4,unknown,Fake,6,,
IL2_e,IFNGR,unknown,Fake,6,,
IL2_e,IL10R,unknown,Fake,6,,
IL2_e,IL12RB1_2,unknown,Fake,6,,
IL2_e,IL4R,unknown,Fake,6,,
IL2_e,STAT5,unknown,Fake,6,,
IL2_e,IL23R,unknown,Fake,6,,
IL2_e,IL12RB2,unknown,Fake,6,,
IL2_e,ST2,unknown,Fake,6,,
IL2_e,IL4RA_2,unknown,Fake,6,,
IL2_e,IFNGR_2,unknown,Fake,6,,
IL2_e,TGFB,unknown,Fake,6,,
IL2_e,IL7R,unknown,Fake,6,,
IL2_e,SMAD2,unknown,Fake,6,,
IL2_e,IL3,unknown,Fake,6,,
IL2_e,IL2,unknown,Fake,6,,
IL2_e,IL9,unknown,Fake,6,,
IL2_e,NOTCH1,unknown,Fake,6,,
IL2_e,STAT1_2,unknown,Fake,6,,
IL2_e,IL18R,unknown,Fake,6,,
IL2_e,SOCS1,unknown,Fake,6,,
IL2_e,IL1R1,unknown,Fake,6,,
IL2_e,CD8,unknown,Fake,6,,
IL2_e,STAT5_2,unknown,Fake,6,,
IL2_e,IL12R,unknown,Fake,6,,
IL2_e,IL22,unknown,Fake,6,,
IL2_e,IL4R_2,unknown,Fake,6,,
IL2_e,proliferation,unknown,Fake,6,,
IL2_e,IL15R,unknown,Fake,6,,
IL2_e,IL17,unknown,Fake,6,,
IL2_e,GZMB,unknown,Fake,6,,
IL2_e,THPOK,unknown,Fake,6,,
IL2_e,IL25R,unknown,Fake,6,,
IL2_e,IFNG,unknown,Fake,6,,
IL2_e,IL33R,unknown,Fake,6,,
IL2_e,TBET,unknown,Fake,6,,
IL2_e,IL4,unknown,Fake,6,,
IL2_e,IL24,unknown,Fake,6,,
IL2_e,IRF1,unknown,Fake,6,,
IL2_e,EOMES,unknown,Fake,6,,
IL2_e,FOXP3,unknown,Fake,6,,
IL2_e,IL21,unknown,Fake,6,,
IL2_e,IL25,unknown,Fake,6,,
IL2_e,CD28,unknown,Fake,6,,
IL2_e,STAT6,unknown,Fake,6,,
IL2_e,IL6,unknown,Fake,6,,
IL2_e,STAT4,unknown,Fake,6,,
IL2_e,STAT1,unknown,Fake,6,,
IL2_e,IFNG_2,unknown,Fake,6,,
IL2_e,BCL6,unknown,Fake,6,,
IL2_e,IL13,unknown,Fake,6,,
IL2_e,TBET_2,unknown,Fake,6,,
IL2_e,RUNX3,unknown,Fake,6,,
IL15_e,NFAT,unknown,Fake,6,,
IL15_e,IL27R,unknown,Fake,6,,
IL15_e,TCR,unknown,Fake,6,,
IL15_e,PRF1,unknown,Fake,6,,
IL15_e,STAT3,unknown,Fake,6,,
IL15_e,IL10,unknown,Fake,6,,
IL15_e,NFKB,unknown,Fake,6,,
IL15_e,IFNBR,unknown,Fake,6,,
IL15_e,TGFBR,unknown,Fake,6,,
IL15_e,IKB,unknown,Fake,6,,
IL15_e,IL6R,unknown,Fake,6,,
IL15_e,IL23,unknown,Fake,6,,
IL15_e,IL35,unknown,Fake,6,,
IL15_e,RORGT,unknown,Fake,6,,
IL15_e,GATA3,unknown,Fake,6,,
IL15_e,IL31,unknown,Fake,6,,
IL15_e,CMAF,unknown,Fake,6,,
IL15_e,IFNAR,unknown,Fake,6,,
IL15_e,IL36R,unknown,Fake,6,,
IL15_e,JAK1,unknown,Fake,6,,
IL15_e,IL21R,unknown,Fake,6,,
IL15_e,IL2RA,unknown,Fake,6,,
IL15_e,IRAK,unknown,Fake,6,,
IL15_e,IL5,unknown,Fake,6,,
IL15_e,IL1R,unknown,Fake,6,,
IL15_e,SMAD3,unknown,Fake,6,,
IL15_e,IL29R,unknown,Fake,6,,
IL15_e,PU1,unknown,Fake,6,,
IL15_e,CD4,unknown,Fake,6,,
IL15_e,IFNGR,unknown,Fake,6,,
IL15_e,IL10R,unknown,Fake,6,,
IL15_e,IL12RB1_2,unknown,Fake,6,,
IL15_e,IL4R,unknown,Fake,6,,
IL15_e,STAT5,unknown,Fake,6,,
IL15_e,IL23R,unknown,Fake,6,,
IL15_e,IL12RB2,unknown,Fake,6,,
IL15_e,ST2,unknown,Fake,6,,
IL15_e,IL4RA_2,unknown,Fake,6,,
IL15_e,IFNGR_2,unknown,Fake,6,,
IL15_e,TGFB,unknown,Fake,6,,
IL15_e,IL7R,unknown,Fake,6,,
IL15_e,SMAD2,unknown,Fake,6,,
IL15_e,IL3,unknown,Fake,6,,
IL15_e,IL2,unknown,Fake,6,,
IL15_e,IL9,unknown,Fake,6,,
IL15_e,NOTCH1,unknown,Fake,6,,
IL15_e,STAT1_2,unknown,Fake,6,,
IL15_e,IL2R,unknown,Fake,6,,
IL15_e,IL18R,unknown,Fake,6,,
IL15_e,SOCS1,unknown,Fake,6,,
IL15_e,IL1R1,unknown,Fake,6,,
IL15_e,CD8,unknown,Fake,6,,
IL15_e,STAT5_2,unknown,Fake,6,,
IL15_e,IL12R,unknown,Fake,6,,
IL15_e,IL22,unknown,Fake,6,,
IL15_e,IL4R_2,unknown,Fake,6,,
IL15_e,proliferation,unknown,Fake,6,,
IL15_e,IL17,unknown,Fake,6,,
IL15_e,GZMB,unknown,Fake,6,,
IL15_e,THPOK,unknown,Fake,6,,
IL15_e,IL25R,unknown,Fake,6,,
IL15_e,IL2R_2,unknown,Fake,6,,
IL15_e,IFNG,unknown,Fake,6,,
IL15_e,IL33R,unknown,Fake,6,,
IL15_e,TBET,unknown,Fake,6,,
IL15_e,IL4,unknown,Fake,6,,
IL15_e,IL24,unknown,Fake,6,,
IL15_e,IRF1,unknown,Fake,6,,
IL15_e,EOMES,unknown,Fake,6,,
IL15_e,FOXP3,unknown,Fake,6,,
IL15_e,IL21,unknown,Fake,6,,
IL15_e,IL25,unknown,Fake,6,,
IL15_e,CD28,unknown,Fake,6,,
IL15_e,STAT6,unknown,Fake,6,,
IL15_e,IL6,unknown,Fake,6,,
IL15_e,STAT4,unknown,Fake,6,,
IL15_e,STAT1,unknown,Fake,6,,
IL15_e,IFNG_2,unknown,Fake,6,,
IL15_e,BCL6,unknown,Fake,6,,
IL15_e,IL13,unknown,Fake,6,,
IL15_e,TBET_2,unknown,Fake,6,,
IL15_e,RUNX3,unknown,Fake,6,,
IL10,NFAT,unknown,Fake,6,,
IL10,IL27R,unknown,Fake,6,,
IL10,TCR,unknown,Fake,6,,
IL10,PRF1,unknown,Fake,6,,
IL10,STAT3,unknown,Fake,6,,
IL10,IL10,unknown,Fake,6,,
IL10,NFKB,unknown,Fake,6,,
IL10,IFNBR,unknown,Fake,6,,
IL10,TGFBR,unknown,Fake,6,,
IL10,IKB,unknown,Fake,6,,
IL10,IL6R,unknown,Fake,6,,
IL10,IL23,unknown,Fake,6,,
IL10,IL35,unknown,Fake,6,,
IL10,RORGT,unknown,Fake,6,,
IL10,GATA3,unknown,Fake,6,,
IL10,IL31,unknown,Fake,6,,
IL10,CMAF,unknown,Fake,6,,
IL10,IFNAR,unknown,Fake,6,,
IL10,IL36R,unknown,Fake,6,,
IL10,JAK1,unknown,Fake,6,,
IL10,IL21R,unknown,Fake,6,,
IL10,IL2RA,unknown,Fake,6,,
IL10,IRAK,unknown,Fake,6,,
IL10,IL5,unknown,Fake,6,,
IL10,IL1R,unknown,Fake,6,,
IL10,SMAD3,unknown,Fake,6,,
IL10,IL29R,unknown,Fake,6,,
IL10,PU1,unknown,Fake,6,,
IL10,CD4,unknown,Fake,6,,
IL10,IFNGR,unknown,Fake,6,,
IL10,IL12RB1_2,unknown,Fake,6,,
IL10,IL4R,unknown,Fake,6,,
IL10,STAT5,unknown,Fake,6,,
IL10,IL23R,unknown,Fake,6,,
IL10,IL12RB2,unknown,Fake,6,,
IL10,ST2,unknown,Fake,6,,
IL10,IL4RA_2,unknown,Fake,6,,
IL10,IFNGR_2,unknown,Fake,6,,
IL10,TGFB,unknown,Fake,6,,
IL10,IL7R,unknown,Fake,6,,
IL10,SMAD2,unknown,Fake,6,,
IL10,IL3,unknown,Fake,6,,
IL10,IL2,unknown,Fake,6,,
IL10,IL9,unknown,Fake,6,,
IL10,NOTCH1,unknown,Fake,6,,
IL10,STAT1_2,unknown,Fake,6,,
IL10,IL2R,unknown,Fake,6,,
IL10,IL18R,unknown,Fake,6,,
IL10,SOCS1,unknown,Fake,6,,
IL10,IL1R1,unknown,Fake,6,,
IL10,CD8,unknown,Fake,6,,
IL10,STAT5_2,unknown,Fake,6,,
IL10,IL12R,unknown,Fake,6,,
IL10,IL22,unknown,Fake,6,,
IL10,IL4R_2,unknown,Fake,6,,
IL10,proliferation,unknown,Fake,6,,
IL10,IL15R,unknown,Fake,6,,
IL10,IL17,unknown,Fake,6,,
IL10,GZMB,unknown,Fake,6,,
IL10,THPOK,unknown,Fake,6,,
IL10,IL25R,unknown,Fake,6,,
IL10,IL2R_2,unknown,Fake,6,,
IL10,IFNG,unknown,Fake,6,,
IL10,IL33R,unknown,Fake,6,,
IL10,TBET,unknown,Fake,6,,
IL10,IL4,unknown,Fake,6,,
IL10,IL24,unknown,Fake,6,,
IL10,IRF1,unknown,Fake,6,,
IL10,EOMES,unknown,Fake,6,,
IL10,FOXP3,unknown,Fake,6,,
IL10,IL21,unknown,Fake,6,,
IL10,IL25,unknown,Fake,6,,
IL10,CD28,unknown,Fake,6,,
IL10,STAT6,unknown,Fake,6,,
IL10,IL6,unknown,Fake,6,,
IL10,STAT4,unknown,Fake,6,,
IL10,STAT1,unknown,Fake,6,,
IL10,IFNG_2,unknown,Fake,6,,
IL10,BCL6,unknown,Fake,6,,
IL10,IL13,unknown,Fake,6,,
IL10,TBET_2,unknown,Fake,6,,
IL10,RUNX3,unknown,Fake,6,,
NFKB,NFAT,unknown,Fake,6,,
NFKB,IL27R,unknown,Fake,6,,
NFKB,TCR,unknown,Fake,6,,
NFKB,PRF1,unknown,Fake,6,,
NFKB,STAT3,unknown,Fake,6,,
NFKB,IL10,unknown,Fake,6,,
NFKB,NFKB,unknown,Fake,6,,
NFKB,IFNBR,unknown,Fake,6,,
NFKB,TGFBR,unknown,Fake,6,,
NFKB,IKB,unknown,Fake,6,,
NFKB,IL6R,unknown,Fake,6,,
NFKB,IL23,unknown,Fake,6,,
NFKB,IL35,unknown,Fake,6,,
NFKB,RORGT,unknown,Fake,6,,
NFKB,GATA3,unknown,Fake,6,,
NFKB,IL31,unknown,Fake,6,,
NFKB,CMAF,unknown,Fake,6,,
NFKB,IFNAR,unknown,Fake,6,,
NFKB,IL36R,unknown,Fake,6,,
NFKB,JAK1,unknown,Fake,6,,
NFKB,IL21R,unknown,Fake,6,,
NFKB,IRAK,unknown,Fake,6,,
NFKB,IL5,unknown,Fake,6,,
NFKB,IL1R,unknown,Fake,6,,
NFKB,SMAD3,unknown,Fake,6,,
NFKB,IL29R,unknown,Fake,6,,
NFKB,PU1,unknown,Fake,6,,
NFKB,CD4,unknown,Fake,6,,
NFKB,IFNGR,unknown,Fake,6,,
NFKB,IL10R,unknown,Fake,6,,
NFKB,IL12RB1_2,unknown,Fake,6,,
NFKB,IL4R,unknown,Fake,6,,
NFKB,STAT5,unknown,Fake,6,,
NFKB,IL23R,unknown,Fake,6,,
NFKB,IL12RB2,unknown,Fake,6,,
NFKB,ST2,unknown,Fake,6,,
NFKB,IL4RA_2,unknown,Fake,6,,
NFKB,IFNGR_2,unknown,Fake,6,,
NFKB,TGFB,unknown,Fake,6,,
NFKB,IL7R,unknown,Fake,6,,
NFKB,SMAD2,unknown,Fake,6,,
NFKB,IL3,unknown,Fake,6,,
NFKB,NOTCH1,unknown,Fake,6,,
NFKB,STAT1_2,unknown,Fake,6,,
NFKB,IL2R,unknown,Fake,6,,
NFKB,IL18R,unknown,Fake,6,,
NFKB,SOCS1,unknown,Fake,6,,
NFKB,IL1R1,unknown,Fake,6,,
NFKB,CD8,unknown,Fake,6,,
NFKB,STAT5_2,unknown,Fake,6,,
NFKB,IL12R,unknown,Fake,6,,
NFKB,IL22,unknown,Fake,6,,
NFKB,IL4R_2,unknown,Fake,6,,
NFKB,proliferation,unknown,Fake,6,,
NFKB,IL15R,unknown,Fake,6,,
NFKB,GZMB,unknown,Fake,6,,
NFKB,THPOK,unknown,Fake,6,,
NFKB,IL25R,unknown,Fake,6,,
NFKB,IL2R_2,unknown,Fake,6,,
NFKB,IL33R,unknown,Fake,6,,
NFKB,TBET,unknown,Fake,6,,
NFKB,IL4,unknown,Fake,6,,
NFKB,IL24,unknown,Fake,6,,
NFKB,IRF1,unknown,Fake,6,,
NFKB,EOMES,unknown,Fake,6,,
NFKB,FOXP3,unknown,Fake,6,,
NFKB,IL21,unknown,Fake,6,,
NFKB,IL25,unknown,Fake,6,,
NFKB,CD28,unknown,Fake,6,,
NFKB,STAT6,unknown,Fake,6,,
NFKB,IL6,unknown,Fake,6,,
NFKB,STAT4,unknown,Fake,6,,
NFKB,STAT1,unknown,Fake,6,,
NFKB,BCL6,unknown,Fake,6,,
NFKB,IL13,unknown,Fake,6,,
NFKB,TBET_2,unknown,Fake,6,,
NFKB,RUNX3,unknown,Fake,6,,
IFNBR,NFAT,unknown,Fake,6,,
IFNBR,IL27R,unknown,Fake,6,,
IFNBR,TCR,unknown,Fake,6,,
IFNBR,PRF1,unknown,Fake,6,,
IFNBR,STAT3,unknown,Fake,6,,
IFNBR,IL10,unknown,Fake,6,,
IFNBR,NFKB,unknown,Fake,6,,
IFNBR,IFNBR,unknown,Fake,6,,
IFNBR,TGFBR,unknown,Fake,6,,
IFNBR,IKB,unknown,Fake,6,,
IFNBR,IL6R,unknown,Fake,6,,
IFNBR,IL23,unknown,Fake,6,,
IFNBR,IL35,unknown,Fake,6,,
IFNBR,RORGT,unknown,Fake,6,,
IFNBR,GATA3,unknown,Fake,6,,
IFNBR,IL31,unknown,Fake,6,,
IFNBR,CMAF,unknown,Fake,6,,
IFNBR,IFNAR,unknown,Fake,6,,
IFNBR,IL36R,unknown,Fake,6,,
IFNBR,JAK1,unknown,Fake,6,,
IFNBR,IL21R,unknown,Fake,6,,
IFNBR,IL2RA,unknown,Fake,6,,
IFNBR,IRAK,unknown,Fake,6,,
IFNBR,IL5,unknown,Fake,6,,
IFNBR,IL1R,unknown,Fake,6,,
IFNBR,SMAD3,unknown,Fake,6,,
IFNBR,IL29R,unknown,Fake,6,,
IFNBR,PU1,unknown,Fake,6,,
IFNBR,CD4,unknown,Fake,6,,
IFNBR,IFNGR,unknown,Fake,6,,
IFNBR,IL10R,unknown,Fake,6,,
IFNBR,IL12RB1_2,unknown,Fake,6,,
IFNBR,IL4R,unknown,Fake,6,,
IFNBR,STAT5,unknown,Fake,6,,
IFNBR,IL23R,unknown,Fake,6,,
IFNBR,IL12RB2,unknown,Fake,6,,
IFNBR,ST2,unknown,Fake,6,,
IFNBR,IL4RA_2,unknown,Fake,6,,
IFNBR,IFNGR_2,unknown,Fake,6,,
IFNBR,TGFB,unknown,Fake,6,,
IFNBR,IL7R,unknown,Fake,6,,
IFNBR,SMAD2,unknown,Fake,6,,
IFNBR,IL3,unknown,Fake,6,,
IFNBR,IL2,unknown,Fake,6,,
IFNBR,IL9,unknown,Fake,6,,
IFNBR,NOTCH1,unknown,Fake,6,,
IFNBR,IL2R,unknown,Fake,6,,
IFNBR,IL18R,unknown,Fake,6,,
IFNBR,SOCS1,unknown,Fake,6,,
IFNBR,IL1R1,unknown,Fake,6,,
IFNBR,CD8,unknown,Fake,6,,
IFNBR,STAT5_2,unknown,Fake,6,,
IFNBR,IL12R,unknown,Fake,6,,
IFNBR,IL22,unknown,Fake,6,,
IFNBR,IL4R_2,unknown,Fake,6,,
IFNBR,proliferation,unknown,Fake,6,,
IFNBR,IL15R,unknown,Fake,6,,
IFNBR,IL17,unknown,Fake,6,,
IFNBR,GZMB,unknown,Fake,6,,
IFNBR,THPOK,unknown,Fake,6,,
IFNBR,IL25R,unknown,Fake,6,,
IFNBR,IL2R_2,unknown,Fake,6,,
IFNBR,IFNG,unknown,Fake,6,,
IFNBR,IL33R,unknown,Fake,6,,
IFNBR,TBET,unknown,Fake,6,,
IFNBR,IL4,unknown,Fake,6,,
IFNBR,IL24,unknown,Fake,6,,
IFNBR,IRF1,unknown,Fake,6,,
IFNBR,EOMES,unknown,Fake,6,,
IFNBR,FOXP3,unknown,Fake,6,,
IFNBR,IL21,unknown,Fake,6,,
IFNBR,IL25,unknown,Fake,6,,
IFNBR,CD28,unknown,Fake,6,,
IFNBR,STAT6,unknown,Fake,6,,
IFNBR,IL6,unknown,Fake,6,,
IFNBR,STAT4,unknown,Fake,6,,
IFNBR,IFNG_2,unknown,Fake,6,,
IFNBR,BCL6,unknown,Fake,6,,
IFNBR,IL13,unknown,Fake,6,,
IFNBR,TBET_2,unknown,Fake,6,,
IFNBR,RUNX3,unknown,Fake,6,,
TGFBR,NFAT,unknown,Fake,6,,
TGFBR,IL27R,unknown,Fake,6,,
TGFBR,TCR,unknown,Fake,6,,
TGFBR,PRF1,unknown,Fake,6,,
TGFBR,STAT3,unknown,Fake,6,,
TGFBR,IL10,unknown,Fake,6,,
TGFBR,NFKB,unknown,Fake,6,,
TGFBR,IFNBR,unknown,Fake,6,,
TGFBR,TGFBR,unknown,Fake,6,,
TGFBR,IKB,unknown,Fake,6,,
TGFBR,IL6R,unknown,Fake,6,,
TGFBR,IL23,unknown,Fake,6,,
TGFBR,IL35,unknown,Fake,6,,
TGFBR,RORGT,unknown,Fake,6,,
TGFBR,GATA3,unknown,Fake,6,,
TGFBR,IL31,unknown,Fake,6,,
TGFBR,CMAF,unknown,Fake,6,,
TGFBR,IFNAR,unknown,Fake,6,,
TGFBR,IL36R,unknown,Fake,6,,
TGFBR,JAK1,unknown,Fake,6,,
TGFBR,IL21R,unknown,Fake,6,,
TGFBR,IL2RA,unknown,Fake,6,,
TGFBR,IRAK,unknown,Fake,6,,
TGFBR,IL5,unknown,Fake,6,,
TGFBR,IL1R,unknown,Fake,6,,
TGFBR,IL29R,unknown,Fake,6,,
TGFBR,CD4,unknown,Fake,6,,
TGFBR,IFNGR,unknown,Fake,6,,
TGFBR,IL10R,unknown,Fake,6,,
TGFBR,IL12RB1_2,unknown,Fake,6,,
TGFBR,IL4R,unknown,Fake,6,,
TGFBR,STAT5,unknown,Fake,6,,
TGFBR,IL23R,unknown,Fake,6,,
TGFBR,IL12RB2,unknown,Fake,6,,
TGFBR,ST2,unknown,Fake,6,,
TGFBR,IL4RA_2,unknown,Fake,6,,
TGFBR,IFNGR_2,unknown,Fake,6,,
TGFBR,TGFB,unknown,Fake,6,,
TGFBR,IL7R,unknown,Fake,6,,
TGFBR,IL3,unknown,Fake,6,,
TGFBR,IL2,unknown,Fake,6,,
TGFBR,IL9,unknown,Fake,6,,
TGFBR,NOTCH1,unknown,Fake,6,,
TGFBR,STAT1_2,unknown,Fake,6,,
TGFBR,IL2R,unknown,Fake,6,,
TGFBR,IL18R,unknown,Fake,6,,
TGFBR,SOCS1,unknown,Fake,6,,
TGFBR,IL1R1,unknown,Fake,6,,
TGFBR,CD8,unknown,Fake,6,,
TGFBR,STAT5_2,unknown,Fake,6,,
TGFBR,IL12R,unknown,Fake,6,,
TGFBR,IL22,unknown,Fake,6,,
TGFBR,IL4R_2,unknown,Fake,6,,
TGFBR,proliferation,unknown,Fake,6,,
TGFBR,IL15R,unknown,Fake,6,,
TGFBR,IL17,unknown,Fake,6,,
TGFBR,GZMB,unknown,Fake,6,,
TGFBR,THPOK,unknown,Fake,6,,
TGFBR,IL25R,unknown,Fake,6,,
TGFBR,IL2R_2,unknown,Fake,6,,
TGFBR,IFNG,unknown,Fake,6,,
TGFBR,IL33R,unknown,Fake,6,,
TGFBR,TBET,unknown,Fake,6,,
TGFBR,IL4,unknown,Fake,6,,
TGFBR,IL24,unknown,Fake,6,,
TGFBR,IRF1,unknown,Fake,6,,
TGFBR,EOMES,unknown,Fake,6,,
TGFBR,FOXP3,unknown,Fake,6,,
TGFBR,IL21,unknown,Fake,6,,
TGFBR,IL25,unknown,Fake,6,,
TGFBR,CD28,unknown,Fake,6,,
TGFBR,STAT6,unknown,Fake,6,,
TGFBR,IL6,unknown,Fake,6,,
TGFBR,STAT4,unknown,Fake,6,,
TGFBR,STAT1,unknown,Fake,6,,
TGFBR,IFNG_2,unknown,Fake,6,,
TGFBR,BCL6,unknown,Fake,6,,
TGFBR,IL13,unknown,Fake,6,,
TGFBR,TBET_2,unknown,Fake,6,,
TGFBR,RUNX3,unknown,Fake,6,,
IKB,NFAT,unknown,Fake,6,,
IKB,IL27R,unknown,Fake,6,,
IKB,TCR,unknown,Fake,6,,
IKB,PRF1,unknown,Fake,6,,
IKB,STAT3,unknown,Fake,6,,
IKB,IL10,unknown,Fake,6,,
IKB,IFNBR,unknown,Fake,6,,
IKB,TGFBR,unknown,Fake,6,,
IKB,IKB,unknown,Fake,6,,
IKB,IL6R,unknown,Fake,6,,
IKB,IL23,unknown,Fake,6,,
IKB,IL35,unknown,Fake,6,,
IKB,RORGT,unknown,Fake,6,,
IKB,GATA3,unknown,Fake,6,,
IKB,IL31,unknown,Fake,6,,
IKB,CMAF,unknown,Fake,6,,
IKB,IFNAR,unknown,Fake,6,,
IKB,IL36R,unknown,Fake,6,,
IKB,JAK1,unknown,Fake,6,,
IKB,IL21R,unknown,Fake,6,,
IKB,IL2RA,unknown,Fake,6,,
IKB,IRAK,unknown,Fake,6,,
IKB,IL5,unknown,Fake,6,,
IKB,IL1R,unknown,Fake,6,,
IKB,SMAD3,unknown,Fake,6,,
IKB,IL29R,unknown,Fake,6,,
IKB,PU1,unknown,Fake,6,,
IKB,CD4,unknown,Fake,6,,
IKB,IFNGR,unknown,Fake,6,,
IKB,IL10R,unknown,Fake,6,,
IKB,IL12RB1_2,unknown,Fake,6,,
IKB,IL4R,unknown,Fake,6,,
IKB,STAT5,unknown,Fake,6,,
IKB,IL23R,unknown,Fake,6,,
IKB,IL12RB2,unknown,Fake,6,,
IKB,ST2,unknown,Fake,6,,
IKB,IL4RA_2,unknown,Fake,6,,
IKB,IFNGR_2,unknown,Fake,6,,
IKB,TGFB,unknown,Fake,6,,
IKB,IL7R,unknown,Fake,6,,
IKB,SMAD2,unknown,Fake,6,,
IKB,IL3,unknown,Fake,6,,
IKB,IL2,unknown,Fake,6,,
IKB,IL9,unknown,Fake,6,,
IKB,NOTCH1,unknown,Fake,6,,
IKB,STAT1_2,unknown,Fake,6,,
IKB,IL2R,unknown,Fake,6,,
IKB,IL18R,unknown,Fake,6,,
IKB,SOCS1,unknown,Fake,6,,
IKB,IL1R1,unknown,Fake,6,,
IKB,CD8,unknown,Fake,6,,
IKB,STAT5_2,unknown,Fake,6,,
IKB,IL12R,unknown,Fake,6,,
IKB,IL22,unknown,Fake,6,,
IKB,IL4R_2,unknown,Fake,6,,
IKB,proliferation,unknown,Fake,6,,
IKB,IL15R,unknown,Fake,6,,
IKB,IL17,unknown,Fake,6,,
IKB,GZMB,unknown,Fake,6,,
IKB,THPOK,unknown,Fake,6,,
IKB,IL25R,unknown,Fake,6,,
IKB,IL2R_2,unknown,Fake,6,,
IKB,IFNG,unknown,Fake,6,,
IKB,IL33R,unknown,Fake,6,,
IKB,TBET,unknown,Fake,6,,
IKB,IL4,unknown,Fake,6,,
IKB,IL24,unknown,Fake,6,,
IKB,IRF1,unknown,Fake,6,,
IKB,EOMES,unknown,Fake,6,,
IKB,FOXP3,unknown,Fake,6,,
IKB,IL21,unknown,Fake,6,,
IKB,IL25,unknown,Fake,6,,
IKB,CD28,unknown,Fake,6,,
IKB,STAT6,unknown,Fake,6,,
IKB,IL6,unknown,Fake,6,,
IKB,STAT4,unknown,Fake,6,,
IKB,STAT1,unknown,Fake,6,,
IKB,IFNG_2,unknown,Fake,6,,
IKB,BCL6,unknown,Fake,6,,
IKB,IL13,unknown,Fake,6,,
IKB,TBET_2,unknown,Fake,6,,
IKB,RUNX3,unknown,Fake,6,,
IL7_e,NFAT,unknown,Fake,6,,
IL7_e,IL27R,unknown,Fake,6,,
IL7_e,TCR,unknown,Fake,6,,
IL7_e,PRF1,unknown,Fake,6,,
IL7_e,STAT3,unknown,Fake,6,,
IL7_e,IL10,unknown,Fake,6,,
IL7_e,NFKB,unknown,Fake,6,,
IL7_e,IFNBR,unknown,Fake,6,,
IL7_e,TGFBR,unknown,Fake,6,,
IL7_e,IKB,unknown,Fake,6,,
IL7_e,IL6R,unknown,Fake,6,,
IL7_e,IL23,unknown,Fake,6,,
IL7_e,IL35,unknown,Fake,6,,
IL7_e,RORGT,unknown,Fake,6,,
IL7_e,GATA3,unknown,Fake,6,,
IL7_e,IL31,unknown,Fake,6,,
IL7_e,CMAF,unknown,Fake,6,,
IL7_e,IFNAR,unknown,Fake,6,,
IL7_e,IL36R,unknown,Fake,6,,
IL7_e,JAK1,unknown,Fake,6,,
IL7_e,IL21R,unknown,Fake,6,,
IL7_e,IL2RA,unknown,Fake,6,,
IL7_e,IRAK,unknown,Fake,6,,
IL7_e,IL5,unknown,Fake,6,,
IL7_e,IL1R,unknown,Fake,6,,
IL7_e,SMAD3,unknown,Fake,6,,
IL7_e,IL29R,unknown,Fake,6,,
IL7_e,PU1,unknown,Fake,6,,
IL7_e,CD4,unknown,Fake,6,,
IL7_e,IFNGR,unknown,Fake,6,,
IL7_e,IL10R,unknown,Fake,6,,
IL7_e,IL12RB1_2,unknown,Fake,6,,
IL7_e,IL4R,unknown,Fake,6,,
IL7_e,STAT5,unknown,Fake,6,,
IL7_e,IL23R,unknown,Fake,6,,
IL7_e,IL12RB2,unknown,Fake,6,,
IL7_e,ST2,unknown,Fake,6,,
IL7_e,IL4RA_2,unknown,Fake,6,,
IL7_e,IFNGR_2,unknown,Fake,6,,
IL7_e,TGFB,unknown,Fake,6,,
IL7_e,SMAD2,unknown,Fake,6,,
IL7_e,IL3,unknown,Fake,6,,
IL7_e,IL2,unknown,Fake,6,,
IL7_e,IL9,unknown,Fake,6,,
IL7_e,NOTCH1,unknown,Fake,6,,
IL7_e,STAT1_2,unknown,Fake,6,,
IL7_e,IL2R,unknown,Fake,6,,
IL7_e,IL18R,unknown,Fake,6,,
IL7_e,SOCS1,unknown,Fake,6,,
IL7_e,IL1R1,unknown,Fake,6,,
IL7_e,CD8,unknown,Fake,6,,
IL7_e,STAT5_2,unknown,Fake,6,,
IL7_e,IL12R,unknown,Fake,6,,
IL7_e,IL22,unknown,Fake,6,,
IL7_e,IL4R_2,unknown,Fake,6,,
IL7_e,proliferation,unknown,Fake,6,,
IL7_e,IL15R,unknown,Fake,6,,
IL7_e,IL17,unknown,Fake,6,,
IL7_e,GZMB,unknown,Fake,6,,
IL7_e,THPOK,unknown,Fake,6,,
IL7_e,IL25R,unknown,Fake,6,,
IL7_e,IL2R_2,unknown,Fake,6,,
IL7_e,IFNG,unknown,Fake,6,,
IL7_e,IL33R,unknown,Fake,6,,
IL7_e,TBET,unknown,Fake,6,,
IL7_e,IL4,unknown,Fake,6,,
IL7_e,IL24,unknown,Fake,6,,
IL7_e,IRF1,unknown,Fake,6,,
IL7_e,EOMES,unknown,Fake,6,,
IL7_e,FOXP3,unknown,Fake,6,,
IL7_e,IL21,unknown,Fake,6,,
IL7_e,IL25,unknown,Fake,6,,
IL7_e,CD28,unknown,Fake,6,,
IL7_e,STAT6,unknown,Fake,6,,
IL7_e,IL6,unknown,Fake,6,,
IL7_e,STAT4,unknown,Fake,6,,
IL7_e,STAT1,unknown,Fake,6,,
IL7_e,IFNG_2,unknown,Fake,6,,
IL7_e,BCL6,unknown,Fake,6,,
IL7_e,IL13,unknown,Fake,6,,
IL7_e,TBET_2,unknown,Fake,6,,
IL7_e,RUNX3,unknown,Fake,6,,
IL21_e,NFAT,unknown,Fake,6,,
IL21_e,IL27R,unknown,Fake,6,,
IL21_e,TCR,unknown,Fake,6,,
IL21_e,PRF1,unknown,Fake,6,,
IL21_e,STAT3,unknown,Fake,6,,
IL21_e,IL10,unknown,Fake,6,,
IL21_e,NFKB,unknown,Fake,6,,
IL21_e,IFNBR,unknown,Fake,6,,
IL21_e,TGFBR,unknown,Fake,6,,
IL21_e,IKB,unknown,Fake,6,,
IL21_e,IL6R,unknown,Fake,6,,
IL21_e,IL23,unknown,Fake,6,,
IL21_e,IL35,unknown,Fake,6,,
IL21_e,RORGT,unknown,Fake,6,,
IL21_e,GATA3,unknown,Fake,6,,
IL21_e,IL31,unknown,Fake,6,,
IL21_e,CMAF,unknown,Fake,6,,
IL21_e,IFNAR,unknown,Fake,6,,
IL21_e,IL36R,unknown,Fake,6,,
IL21_e,JAK1,unknown,Fake,6,,
IL21_e,IL2RA,unknown,Fake,6,,
IL21_e,IRAK,unknown,Fake,6,,
IL21_e,IL5,unknown,Fake,6,,
IL21_e,IL1R,unknown,Fake,6,,
IL21_e,SMAD3,unknown,Fake,6,,
IL21_e,IL29R,unknown,Fake,6,,
IL21_e,PU1,unknown,Fake,6,,
IL21_e,CD4,unknown,Fake,6,,
IL21_e,IFNGR,unknown,Fake,6,,
IL21_e,IL10R,unknown,Fake,6,,
IL21_e,IL12RB1_2,unknown,Fake,6,,
IL21_e,IL4R,unknown,Fake,6,,
IL21_e,STAT5,unknown,Fake,6,,
IL21_e,IL23R,unknown,Fake,6,,
IL21_e,IL12RB2,unknown,Fake,6,,
IL21_e,ST2,unknown,Fake,6,,
IL21_e,IL4RA_2,unknown,Fake,6,,
IL21_e,IFNGR_2,unknown,Fake,6,,
IL21_e,TGFB,unknown,Fake,6,,
IL21_e,IL7R,unknown,Fake,6,,
IL21_e,SMAD2,unknown,Fake,6,,
IL21_e,IL3,unknown,Fake,6,,
IL21_e,IL2,unknown,Fake,6,,
IL21_e,IL9,unknown,Fake,6,,
IL21_e,NOTCH1,unknown,Fake,6,,
IL21_e,STAT1_2,unknown,Fake,6,,
IL21_e,IL2R,unknown,Fake,6,,
IL21_e,IL18R,unknown,Fake,6,,
IL21_e,SOCS1,unknown,Fake,6,,
IL21_e,IL1R1,unknown,Fake,6,,
IL21_e,CD8,unknown,Fake,6,,
IL21_e,STAT5_2,unknown,Fake,6,,
IL21_e,IL12R,unknown,Fake,6,,
IL21_e,IL22,unknown,Fake,6,,
IL21_e,IL4R_2,unknown,Fake,6,,
IL21_e,proliferation,unknown,Fake,6,,
IL21_e,IL15R,unknown,Fake,6,,
IL21_e,IL17,unknown,Fake,6,,
IL21_e,GZMB,unknown,Fake,6,,
IL21_e,THPOK,unknown,Fake,6,,
IL21_e,IL25R,unknown,Fake,6,,
IL21_e,IL2R_2,unknown,Fake,6,,
IL21_e,IFNG,unknown,Fake,6,,
IL21_e,IL33R,unknown,Fake,6,,
IL21_e,TBET,unknown,Fake,6,,
IL21_e,IL4,unknown,Fake,6,,
IL21_e,IL24,unknown,Fake,6,,
IL21_e,IRF1,unknown,Fake,6,,
IL21_e,EOMES,unknown,Fake,6,,
IL21_e,FOXP3,unknown,Fake,6,,
IL21_e,IL21,unknown,Fake,6,,
IL21_e,IL25,unknown,Fake,6,,
IL21_e,CD28,unknown,Fake,6,,
IL21_e,STAT6,unknown,Fake,6,,
IL21_e,IL6,unknown,Fake,6,,
IL21_e,STAT4,unknown,Fake,6,,
IL21_e,STAT1,unknown,Fake,6,,
IL21_e,IFNG_2,unknown,Fake,6,,
IL21_e,BCL6,unknown,Fake,6,,
IL21_e,IL13,unknown,Fake,6,,
IL21_e,TBET_2,unknown,Fake,6,,
IL21_e,RUNX3,unknown,Fake,6,,
IL6R,NFAT,unknown,Fake,6,,
IL6R,IL27R,unknown,Fake,6,,
IL6R,TCR,unknown,Fake,6,,
IL6R,PRF1,unknown,Fake,6,,
IL6R,IL10,unknown,Fake,6,,
IL6R,NFKB,unknown,Fake,6,,
IL6R,IFNBR,unknown,Fake,6,,
IL6R,TGFBR,unknown,Fake,6,,
IL6R,IKB,unknown,Fake,6,,
IL6R,IL6R,unknown,Fake,6,,
IL6R,IL23,unknown,Fake,6,,
IL6R,IL35,unknown,Fake,6,,
IL6R,RORGT,unknown,Fake,6,,
IL6R,GATA3,unknown,Fake,6,,
IL6R,IL31,unknown,Fake,6,,
IL6R,CMAF,unknown,Fake,6,,
IL6R,IFNAR,unknown,Fake,6,,
IL6R,IL36R,unknown,Fake,6,,
IL6R,JAK1,unknown,Fake,6,,
IL6R,IL21R,unknown,Fake,6,,
IL6R,IL2RA,unknown,Fake,6,,
IL6R,IRAK,unknown,Fake,6,,
IL6R,IL5,unknown,Fake,6,,
IL6R,IL1R,unknown,Fake,6,,
IL6R,SMAD3,unknown,Fake,6,,
IL6R,IL29R,unknown,Fake,6,,
IL6R,PU1,unknown,Fake,6,,
IL6R,CD4,unknown,Fake,6,,
IL6R,IFNGR,unknown,Fake,6,,
IL6R,IL10R,unknown,Fake,6,,
IL6R,IL12RB1_2,unknown,Fake,6,,
IL6R,IL4R,unknown,Fake,6,,
IL6R,STAT5,unknown,Fake,6,,
IL6R,IL23R,unknown,Fake,6,,
IL6R,IL12RB2,unknown,Fake,6,,
IL6R,ST2,unknown,Fake,6,,
IL6R,IL4RA_2,unknown,Fake,6,,
IL6R,IFNGR_2,unknown,Fake,6,,
IL6R,TGFB,unknown,Fake,6,,
IL6R,IL7R,unknown,Fake,6,,
IL6R,SMAD2,unknown,Fake,6,,
IL6R,IL3,unknown,Fake,6,,
IL6R,IL2,unknown,Fake,6,,
IL6R,IL9,unknown,Fake,6,,
IL6R,NOTCH1,unknown,Fake,6,,
IL6R,STAT1_2,unknown,Fake,6,,
IL6R,IL2R,unknown,Fake,6,,
IL6R,IL18R,unknown,Fake,6,,
IL6R,SOCS1,unknown,Fake,6,,
IL6R,IL1R1,unknown,Fake,6,,
IL6R,CD8,unknown,Fake,6,,
IL6R,STAT5_2,unknown,Fake,6,,
IL6R,IL12R,unknown,Fake,6,,
IL6R,IL22,unknown,Fake,6,,
IL6R,IL4R_2,unknown,Fake,6,,
IL6R,proliferation,unknown,Fake,6,,
IL6R,IL15R,unknown,Fake,6,,
IL6R,IL17,unknown,Fake,6,,
IL6R,GZMB,unknown,Fake,6,,
IL6R,THPOK,unknown,Fake,6,,
IL6R,IL25R,unknown,Fake,6,,
IL6R,IL2R_2,unknown,Fake,6,,
IL6R,IFNG,unknown,Fake,6,,
IL6R,IL33R,unknown,Fake,6,,
IL6R,TBET,unknown,Fake,6,,
IL6R,IL4,unknown,Fake,6,,
IL6R,IL24,unknown,Fake,6,,
IL6R,IRF1,unknown,Fake,6,,
IL6R,EOMES,unknown,Fake,6,,
IL6R,FOXP3,unknown,Fake,6,,
IL6R,IL21,unknown,Fake,6,,
IL6R,IL25,unknown,Fake,6,,
IL6R,CD28,unknown,Fake,6,,
IL6R,STAT6,unknown,Fake,6,,
IL6R,IL6,unknown,Fake,6,,
IL6R,STAT4,unknown,Fake,6,,
IL6R,STAT1,unknown,Fake,6,,
IL6R,IFNG_2,unknown,Fake,6,,
IL6R,BCL6,unknown,Fake,6,,
IL6R,IL13,unknown,Fake,6,,
IL6R,TBET_2,unknown,Fake,6,,
IL6R,RUNX3,unknown,Fake,6,,
IL23,NFAT,unknown,Fake,6,,
IL23,IL27R,unknown,Fake,6,,
IL23,TCR,unknown,Fake,6,,
IL23,PRF1,unknown,Fake,6,,
IL23,STAT3,unknown,Fake,6,,
IL23,IL10,unknown,Fake,6,,
IL23,NFKB,unknown,Fake,6,,
IL23,IFNBR,unknown,Fake,6,,
IL23,TGFBR,unknown,Fake,6,,
IL23,IKB,unknown,Fake,6,,
IL23,IL6R,unknown,Fake,6,,
IL23,IL23,unknown,Fake,6,,
IL23,IL35,unknown,Fake,6,,
IL23,RORGT,unknown,Fake,6,,
IL23,GATA3,unknown,Fake,6,,
IL23,IL31,unknown,Fake,6,,
IL23,CMAF,unknown,Fake,6,,
IL23,IFNAR,unknown,Fake,6,,
IL23,IL36R,unknown,Fake,6,,
IL23,JAK1,unknown,Fake,6,,
IL23,IL21R,unknown,Fake,6,,
IL23,IL2RA,unknown,Fake,6,,
IL23,IRAK,unknown,Fake,6,,
IL23,IL5,unknown,Fake,6,,
IL23,IL1R,unknown,Fake,6,,
IL23,SMAD3,unknown,Fake,6,,
IL23,IL29R,unknown,Fake,6,,
IL23,PU1,unknown,Fake,6,,
IL23,CD4,unknown,Fake,6,,
IL23,IFNGR,unknown,Fake,6,,
IL23,IL10R,unknown,Fake,6,,
IL23,IL12RB1_2,unknown,Fake,6,,
IL23,IL4R,unknown,Fake,6,,
IL23,STAT5,unknown,Fake,6,,
IL23,IL12RB2,unknown,Fake,6,,
IL23,ST2,unknown,Fake,6,,
IL23,IL4RA_2,unknown,Fake,6,,
IL23,IFNGR_2,unknown,Fake,6,,
IL23,TGFB,unknown,Fake,6,,
IL23,IL7R,unknown,Fake,6,,
IL23,SMAD2,unknown,Fake,6,,
IL23,IL3,unknown,Fake,6,,
IL23,IL2,unknown,Fake,6,,
IL23,IL9,unknown,Fake,6,,
IL23,NOTCH1,unknown,Fake,6,,
IL23,STAT1_2,unknown,Fake,6,,
IL23,IL2R,unknown,Fake,6,,
IL23,IL18R,unknown,Fake,6,,
IL23,SOCS1,unknown,Fake,6,,
IL23,IL1R1,unknown,Fake,6,,
IL23,CD8,unknown,Fake,6,,
IL23,STAT5_2,unknown,Fake,6,,
IL23,IL12R,unknown,Fake,6,,
IL23,IL22,unknown,Fake,6,,
IL23,IL4R_2,unknown,Fake,6,,
IL23,proliferation,unknown,Fake,6,,
IL23,IL15R,unknown,Fake,6,,
IL23,IL17,unknown,Fake,6,,
IL23,GZMB,unknown,Fake,6,,
IL23,THPOK,unknown,Fake,6,,
IL23,IL25R,unknown,Fake,6,,
IL23,IL2R_2,unknown,Fake,6,,
IL23,IFNG,unknown,Fake,6,,
IL23,IL33R,unknown,Fake,6,,
IL23,TBET,unknown,Fake,6,,
IL23,IL4,unknown,Fake,6,,
IL23,IL24,unknown,Fake,6,,
IL23,IRF1,unknown,Fake,6,,
IL23,EOMES,unknown,Fake,6,,
IL23,FOXP3,unknown,Fake,6,,
IL23,IL21,unknown,Fake,6,,
IL23,IL25,unknown,Fake,6,,
IL23,CD28,unknown,Fake,6,,
IL23,STAT6,unknown,Fake,6,,
IL23,IL6,unknown,Fake,6,,
IL23,STAT4,unknown,Fake,6,,
IL23,STAT1,unknown,Fake,6,,
IL23,IFNG_2,unknown,Fake,6,,
IL23,BCL6,unknown,Fake,6,,
IL23,IL13,unknown,Fake,6,,
IL23,TBET_2,unknown,Fake,6,,
IL23,RUNX3,unknown,Fake,6,,
IL12_e,NFAT,unknown,Fake,6,,
IL12_e,IL27R,unknown,Fake,6,,
IL12_e,TCR,unknown,Fake,6,,
IL12_e,PRF1,unknown,Fake,6,,
IL12_e,STAT3,unknown,Fake,6,,
IL12_e,IL10,unknown,Fake,6,,
IL12_e,NFKB,unknown,Fake,6,,
IL12_e,IFNBR,unknown,Fake,6,,
IL12_e,TGFBR,unknown,Fake,6,,
IL12_e,IKB,unknown,Fake,6,,
IL12_e,IL6R,unknown,Fake,6,,
IL12_e,IL23,unknown,Fake,6,,
IL12_e,IL35,unknown,Fake,6,,
IL12_e,RORGT,unknown,Fake,6,,
IL12_e,GATA3,unknown,Fake,6,,
IL12_e,IL31,unknown,Fake,6,,
IL12_e,CMAF,unknown,Fake,6,,
IL12_e,IFNAR,unknown,Fake,6,,
IL12_e,IL36R,unknown,Fake,6,,
IL12_e,JAK1,unknown,Fake,6,,
IL12_e,IL21R,unknown,Fake,6,,
IL12_e,IL2RA,unknown,Fake,6,,
IL12_e,IRAK,unknown,Fake,6,,
IL12_e,IL5,unknown,Fake,6,,
IL12_e,IL1R,unknown,Fake,6,,
IL12_e,SMAD3,unknown,Fake,6,,
IL12_e,IL29R,unknown,Fake,6,,
IL12_e,PU1,unknown,Fake,6,,
IL12_e,CD4,unknown,Fake,6,,
IL12_e,IFNGR,unknown,Fake,6,,
IL12_e,IL10R,unknown,Fake,6,,
IL12_e,IL12RB1_2,unknown,Fake,6,,
IL12_e,IL4R,unknown,Fake,6,,
IL12_e,STAT5,unknown,Fake,6,,
IL12_e,IL23R,unknown,Fake,6,,
IL12_e,IL12RB2,unknown,Fake,6,,
IL12_e,ST2,unknown,Fake,6,,
IL12_e,IL4RA_2,unknown,Fake,6,,
IL12_e,IFNGR_2,unknown,Fake,6,,
IL12_e,TGFB,unknown,Fake,6,,
IL12_e,IL7R,unknown,Fake,6,,
IL12_e,SMAD2,unknown,Fake,6,,
IL12_e,IL3,unknown,Fake,6,,
IL12_e,IL2,unknown,Fake,6,,
IL12_e,IL9,unknown,Fake,6,,
IL12_e,NOTCH1,unknown,Fake,6,,
IL12_e,STAT1_2,unknown,Fake,6,,
IL12_e,IL2R,unknown,Fake,6,,
IL12_e,IL18R,unknown,Fake,6,,
IL12_e,SOCS1,unknown,Fake,6,,
IL12_e,IL1R1,unknown,Fake,6,,
IL12_e,CD8,unknown,Fake,6,,
IL12_e,STAT5_2,unknown,Fake,6,,
IL12_e,IL22,unknown,Fake,6,,
IL12_e,IL4R_2,unknown,Fake,6,,
IL12_e,proliferation,unknown,Fake,6,,
IL12_e,IL15R,unknown,Fake,6,,
IL12_e,IL17,unknown,Fake,6,,
IL12_e,GZMB,unknown,Fake,6,,
IL12_e,THPOK,unknown,Fake,6,,
IL12_e,IL25R,unknown,Fake,6,,
IL12_e,IL2R_2,unknown,Fake,6,,
IL12_e,IFNG,unknown,Fake,6,,
IL12_e,IL33R,unknown,Fake,6,,
IL12_e,TBET,unknown,Fake,6,,
IL12_e,IL4,unknown,Fake,6,,
IL12_e,IL24,unknown,Fake,6,,
IL12_e,IRF1,unknown,Fake,6,,
IL12_e,EOMES,unknown,Fake,6,,
IL12_e,FOXP3,unknown,Fake,6,,
IL12_e,IL21,unknown,Fake,6,,
IL12_e,IL25,unknown,Fake,6,,
IL12_e,CD28,unknown,Fake,6,,
IL12_e,STAT6,unknown,Fake,6,,
IL12_e,IL6,unknown,Fake,6,,
IL12_e,STAT4,unknown,Fake,6,,
IL12_e,STAT1,unknown,Fake,6,,
IL12_e,IFNG_2,unknown,Fake,6,,
IL12_e,BCL6,unknown,Fake,6,,
IL12_e,IL13,unknown,Fake,6,,
IL12_e,TBET_2,unknown,Fake,6,,
IL12_e,RUNX3,unknown,Fake,6,,
RORGT,NFAT,unknown,Fake,6,,
RORGT,IL27R,unknown,Fake,6,,
RORGT,TCR,unknown,Fake,6,,
RORGT,PRF1,unknown,Fake,6,,
RORGT,STAT3,unknown,Fake,6,,
RORGT,IL10,unknown,Fake,6,,
RORGT,NFKB,unknown,Fake,6,,
RORGT,IFNBR,unknown,Fake,6,,
RORGT,TGFBR,unknown,Fake,6,,
RORGT,IKB,unknown,Fake,6,,
RORGT,IL6R,unknown,Fake,6,,
RORGT,IL23,unknown,Fake,6,,
RORGT,IL35,unknown,Fake,6,,
RORGT,GATA3,unknown,Fake,6,,
RORGT,IL31,unknown,Fake,6,,
RORGT,CMAF,unknown,Fake,6,,
RORGT,IFNAR,unknown,Fake,6,,
RORGT,IL36R,unknown,Fake,6,,
RORGT,JAK1,unknown,Fake,6,,
RORGT,IL21R,unknown,Fake,6,,
RORGT,IL2RA,unknown,Fake,6,,
RORGT,IRAK,unknown,Fake,6,,
RORGT,IL5,unknown,Fake,6,,
RORGT,IL1R,unknown,Fake,6,,
RORGT,SMAD3,unknown,Fake,6,,
RORGT,IL29R,unknown,Fake,6,,
RORGT,PU1,unknown,Fake,6,,
RORGT,CD4,unknown,Fake,6,,
RORGT,IFNGR,unknown,Fake,6,,
RORGT,IL10R,unknown,Fake,6,,
RORGT,IL12RB1_2,unknown,Fake,6,,
RORGT,IL4R,unknown,Fake,6,,
RORGT,STAT5,unknown,Fake,6,,
RORGT,IL12RB2,unknown,Fake,6,,
RORGT,ST2,unknown,Fake,6,,
RORGT,IL4RA_2,unknown,Fake,6,,
RORGT,IFNGR_2,unknown,Fake,6,,
RORGT,TGFB,unknown,Fake,6,,
RORGT,IL7R,unknown,Fake,6,,
RORGT,SMAD2,unknown,Fake,6,,
RORGT,IL3,unknown,Fake,6,,
RORGT,IL2,unknown,Fake,6,,
RORGT,IL9,unknown,Fake,6,,
RORGT,NOTCH1,unknown,Fake,6,,
RORGT,STAT1_2,unknown,Fake,6,,
RORGT,IL2R,unknown,Fake,6,,
RORGT,IL18R,unknown,Fake,6,,
RORGT,SOCS1,unknown,Fake,6,,
RORGT,IL1R1,unknown,Fake,6,,
RORGT,CD8,unknown,Fake,6,,
RORGT,STAT5_2,unknown,Fake,6,,
RORGT,IL12R,unknown,Fake,6,,
RORGT,IL22,unknown,Fake,6,,
RORGT,IL4R_2,unknown,Fake,6,,
RORGT,proliferation,unknown,Fake,6,,
RORGT,IL15R,unknown,Fake,6,,
RORGT,GZMB,unknown,Fake,6,,
RORGT,THPOK,unknown,Fake,6,,
RORGT,IL25R,unknown,Fake,6,,
RORGT,IL2R_2,unknown,Fake,6,,
RORGT,IFNG,unknown,Fake,6,,
RORGT,IL33R,unknown,Fake,6,,
RORGT,TBET,unknown,Fake,6,,
RORGT,IL4,unknown,Fake,6,,
RORGT,IL24,unknown,Fake,6,,
RORGT,IRF1,unknown,Fake,6,,
RORGT,EOMES,unknown,Fake,6,,
RORGT,FOXP3,unknown,Fake,6,,
RORGT,IL21,unknown,Fake,6,,
RORGT,IL25,unknown,Fake,6,,
RORGT,CD28,unknown,Fake,6,,
RORGT,STAT6,unknown,Fake,6,,
RORGT,IL6,unknown,Fake,6,,
RORGT,STAT4,unknown,Fake,6,,
RORGT,STAT1,unknown,Fake,6,,
RORGT,IFNG_2,unknown,Fake,6,,
RORGT,BCL6,unknown,Fake,6,,
RORGT,IL13,unknown,Fake,6,,
RORGT,TBET_2,unknown,Fake,6,,
RORGT,RUNX3,unknown,Fake,6,,
GATA3,NFAT,unknown,Fake,6,,
GATA3,IL27R,unknown,Fake,6,,
GATA3,TCR,unknown,Fake,6,,
GATA3,PRF1,unknown,Fake,6,,
GATA3,STAT3,unknown,Fake,6,,
GATA3,IL10,unknown,Fake,6,,
GATA3,NFKB,unknown,Fake,6,,
GATA3,IFNBR,unknown,Fake,6,,
GATA3,TGFBR,unknown,Fake,6,,
GATA3,IKB,unknown,Fake,6,,
GATA3,IL6R,unknown,Fake,6,,
GATA3,IL23,unknown,Fake,6,,
GATA3,IL35,unknown,Fake,6,,
GATA3,IL31,unknown,Fake,6,,
GATA3,CMAF,unknown,Fake,6,,
GATA3,IFNAR,unknown,Fake,6,,
GATA3,IL36R,unknown,Fake,6,,
GATA3,JAK1,unknown,Fake,6,,
GATA3,IL21R,unknown,Fake,6,,
GATA3,IL2RA,unknown,Fake,6,,
GATA3,IRAK,unknown,Fake,6,,
GATA3,IL1R,unknown,Fake,6,,
GATA3,SMAD3,unknown,Fake,6,,
GATA3,IL29R,unknown,Fake,6,,
GATA3,PU1,unknown,Fake,6,,
GATA3,CD4,unknown,Fake,6,,
GATA3,IFNGR,unknown,Fake,6,,
GATA3,IL10R,unknown,Fake,6,,
GATA3,IL12RB1_2,unknown,Fake,6,,
GATA3,IL4R,unknown,Fake,6,,
GATA3,STAT5,unknown,Fake,6,,
GATA3,IL23R,unknown,Fake,6,,
GATA3,IL12RB2,unknown,Fake,6,,
GATA3,IL4RA_2,unknown,Fake,6,,
GATA3,IFNGR_2,unknown,Fake,6,,
GATA3,TGFB,unknown,Fake,6,,
GATA3,IL7R,unknown,Fake,6,,
GATA3,SMAD2,unknown,Fake,6,,
GATA3,IL2,unknown,Fake,6,,
GATA3,IL9,unknown,Fake,6,,
GATA3,NOTCH1,unknown,Fake,6,,
GATA3,STAT1_2,unknown,Fake,6,,
GATA3,IL2R,unknown,Fake,6,,
GATA3,IL18R,unknown,Fake,6,,
GATA3,SOCS1,unknown,Fake,6,,
GATA3,IL1R1,unknown,Fake,6,,
GATA3,CD8,unknown,Fake,6,,
GATA3,STAT5_2,unknown,Fake,6,,
GATA3,IL12R,unknown,Fake,6,,
GATA3,IL22,unknown,Fake,6,,
GATA3,IL4R_2,unknown,Fake,6,,
GATA3,proliferation,unknown,Fake,6,,
GATA3,IL15R,unknown,Fake,6,,
GATA3,IL17,unknown,Fake,6,,
GATA3,GZMB,unknown,Fake,6,,
GATA3,IL25R,unknown,Fake,6,,
GATA3,IL2R_2,unknown,Fake,6,,
GATA3,IL33R,unknown,Fake,6,,
GATA3,IL24,unknown,Fake,6,,
GATA3,IRF1,unknown,Fake,6,,
GATA3,EOMES,unknown,Fake,6,,
GATA3,FOXP3,unknown,Fake,6,,
GATA3,IL21,unknown,Fake,6,,
GATA3,CD28,unknown,Fake,6,,
GATA3,STAT6,unknown,Fake,6,,
GATA3,IL6,unknown,Fake,6,,
GATA3,STAT1,unknown,Fake,6,,
GATA3,BCL6,unknown,Fake,6,,
GATA3,RUNX3,unknown,Fake,6,,
IL35,NFAT,unknown,Fake,6,,
IL35,IL27R,unknown,Fake,6,,
IL35,TCR,unknown,Fake,6,,
IL35,PRF1,unknown,Fake,6,,
IL35,STAT3,unknown,Fake,6,,
IL35,IL10,unknown,Fake,6,,
IL35,NFKB,unknown,Fake,6,,
IL35,IFNBR,unknown,Fake,6,,
IL35,TGFBR,unknown,Fake,6,,
IL35,IKB,unknown,Fake,6,,
IL35,IL6R,unknown,Fake,6,,
IL35,IL23,unknown,Fake,6,,
IL35,IL35,unknown,Fake,6,,
IL35,RORGT,unknown,Fake,6,,
IL35,GATA3,unknown,Fake,6,,
IL35,IL31,unknown,Fake,6,,
IL35,CMAF,unknown,Fake,6,,
IL35,IFNAR,unknown,Fake,6,,
IL35,IL36R,unknown,Fake,6,,
IL35,JAK1,unknown,Fake,6,,
IL35,IL21R,unknown,Fake,6,,
IL35,IL2RA,unknown,Fake,6,,
IL35,IRAK,unknown,Fake,6,,
IL35,IL5,unknown,Fake,6,,
IL35,IL1R,unknown,Fake,6,,
IL35,SMAD3,unknown,Fake,6,,
IL35,IL29R,unknown,Fake,6,,
IL35,PU1,unknown,Fake,6,,
IL35,CD4,unknown,Fake,6,,
IL35,IFNGR,unknown,Fake,6,,
IL35,IL10R,unknown,Fake,6,,
IL35,IL12RB1_2,unknown,Fake,6,,
IL35,IL4R,unknown,Fake,6,,
IL35,STAT5,unknown,Fake,6,,
IL35,IL23R,unknown,Fake,6,,
IL35,IL12RB2,unknown,Fake,6,,
IL35,ST2,unknown,Fake,6,,
IL35,IL4RA_2,unknown,Fake,6,,
IL35,IFNGR_2,unknown,Fake,6,,
IL35,TGFB,unknown,Fake,6,,
IL35,IL7R,unknown,Fake,6,,
IL35,SMAD2,unknown,Fake,6,,
IL35,IL3,unknown,Fake,6,,
IL35,IL2,unknown,Fake,6,,
IL35,IL9,unknown,Fake,6,,
IL35,NOTCH1,unknown,Fake,6,,
IL35,STAT1_2,unknown,Fake,6,,
IL35,IL2R,unknown,Fake,6,,
IL35,IL18R,unknown,Fake,6,,
IL35,SOCS1,unknown,Fake,6,,
IL35,IL1R1,unknown,Fake,6,,
IL35,CD8,unknown,Fake,6,,
IL35,STAT5_2,unknown,Fake,6,,
IL35,IL12R,unknown,Fake,6,,
IL35,IL22,unknown,Fake,6,,
IL35,IL4R_2,unknown,Fake,6,,
IL35,proliferation,unknown,Fake,6,,
IL35,IL15R,unknown,Fake,6,,
IL35,IL17,unknown,Fake,6,,
IL35,GZMB,unknown,Fake,6,,
IL35,THPOK,unknown,Fake,6,,
IL35,IL25R,unknown,Fake,6,,
IL35,IL2R_2,unknown,Fake,6,,
IL35,IFNG,unknown,Fake,6,,
IL35,IL33R,unknown,Fake,6,,
IL35,TBET,unknown,Fake,6,,
IL35,IL4,unknown,Fake,6,,
IL35,IL24,unknown,Fake,6,,
IL35,IRF1,unknown,Fake,6,,
IL35,EOMES,unknown,Fake,6,,
IL35,FOXP3,unknown,Fake,6,,
IL35,IL21,unknown,Fake,6,,
IL35,IL25,unknown,Fake,6,,
IL35,CD28,unknown,Fake,6,,
IL35,STAT6,unknown,Fake,6,,
IL35,IL6,unknown,Fake,6,,
IL35,STAT4,unknown,Fake,6,,
IL35,STAT1,unknown,Fake,6,,
IL35,IFNG_2,unknown,Fake,6,,
IL35,BCL6,unknown,Fake,6,,
IL35,IL13,unknown,Fake,6,,
IL35,TBET_2,unknown,Fake,6,,
IL35,RUNX3,unknown,Fake,6,,
IL31,NFAT,unknown,Fake,6,,
IL31,IL27R,unknown,Fake,6,,
IL31,TCR,unknown,Fake,6,,
IL31,PRF1,unknown,Fake,6,,
IL31,STAT3,unknown,Fake,6,,
IL31,IL10,unknown,Fake,6,,
IL31,NFKB,unknown,Fake,6,,
IL31,IFNBR,unknown,Fake,6,,
IL31,TGFBR,unknown,Fake,6,,
IL31,IKB,unknown,Fake,6,,
IL31,IL6R,unknown,Fake,6,,
IL31,IL23,unknown,Fake,6,,
IL31,IL35,unknown,Fake,6,,
IL31,RORGT,unknown,Fake,6,,
IL31,GATA3,unknown,Fake,6,,
IL31,IL31,unknown,Fake,6,,
IL31,CMAF,unknown,Fake,6,,
IL31,IFNAR,unknown,Fake,6,,
IL31,IL36R,unknown,Fake,6,,
IL31,JAK1,unknown,Fake,6,,
IL31,IL21R,unknown,Fake,6,,
IL31,IL2RA,unknown,Fake,6,,
IL31,IRAK,unknown,Fake,6,,
IL31,IL5,unknown,Fake,6,,
IL31,IL1R,unknown,Fake,6,,
IL31,SMAD3,unknown,Fake,6,,
IL31,IL29R,unknown,Fake,6,,
IL31,PU1,unknown,Fake,6,,
IL31,CD4,unknown,Fake,6,,
IL31,IFNGR,unknown,Fake,6,,
IL31,IL10R,unknown,Fake,6,,
IL31,IL12RB1_2,unknown,Fake,6,,
IL31,IL4R,unknown,Fake,6,,
IL31,STAT5,unknown,Fake,6,,
IL31,IL23R,unknown,Fake,6,,
IL31,IL12RB2,unknown,Fake,6,,
IL31,ST2,unknown,Fake,6,,
IL31,IL4RA_2,unknown,Fake,6,,
IL31,IFNGR_2,unknown,Fake,6,,
IL31,TGFB,unknown,Fake,6,,
IL31,IL7R,unknown,Fake,6,,
IL31,SMAD2,unknown,Fake,6,,
IL31,IL3,unknown,Fake,6,,
IL31,IL2,unknown,Fake,6,,
IL31,IL9,unknown,Fake,6,,
IL31,NOTCH1,unknown,Fake,6,,
IL31,STAT1_2,unknown,Fake,6,,
IL31,IL2R,unknown,Fake,6,,
IL31,IL18R,unknown,Fake,6,,
IL31,SOCS1,unknown,Fake,6,,
IL31,IL1R1,unknown,Fake,6,,
IL31,CD8,unknown,Fake,6,,
IL31,STAT5_2,unknown,Fake,6,,
IL31,IL12R,unknown,Fake,6,,
IL31,IL22,unknown,Fake,6,,
IL31,IL4R_2,unknown,Fake,6,,
IL31,proliferation,unknown,Fake,6,,
IL31,IL15R,unknown,Fake,6,,
IL31,IL17,unknown,Fake,6,,
IL31,GZMB,unknown,Fake,6,,
IL31,THPOK,unknown,Fake,6,,
IL31,IL25R,unknown,Fake,6,,
IL31,IL2R_2,unknown,Fake,6,,
IL31,IFNG,unknown,Fake,6,,
IL31,IL33R,unknown,Fake,6,,
IL31,TBET,unknown,Fake,6,,
IL31,IL4,unknown,Fake,6,,
IL31,IL24,unknown,Fake,6,,
IL31,IRF1,unknown,Fake,6,,
IL31,EOMES,unknown,Fake,6,,
IL31,FOXP3,unknown,Fake,6,,
IL31,IL21,unknown,Fake,6,,
IL31,IL25,unknown,Fake,6,,
IL31,CD28,unknown,Fake,6,,
IL31,STAT6,unknown,Fake,6,,
IL31,IL6,unknown,Fake,6,,
IL31,STAT4,unknown,Fake,6,,
IL31,STAT1,unknown,Fake,6,,
IL31,IFNG_2,unknown,Fake,6,,
IL31,BCL6,unknown,Fake,6,,
IL31,IL13,unknown,Fake,6,,
IL31,TBET_2,unknown,Fake,6,,
IL31,RUNX3,unknown,Fake,6,,
CMAF,NFAT,unknown,Fake,6,,
CMAF,IL27R,unknown,Fake,6,,
CMAF,TCR,unknown,Fake,6,,
CMAF,PRF1,unknown,Fake,6,,
CMAF,STAT3,unknown,Fake,6,,
CMAF,NFKB,unknown,Fake,6,,
CMAF,IFNBR,unknown,Fake,6,,
CMAF,TGFBR,unknown,Fake,6,,
CMAF,IKB,unknown,Fake,6,,
CMAF,IL6R,unknown,Fake,6,,
CMAF,IL23,unknown,Fake,6,,
CMAF,IL35,unknown,Fake,6,,
CMAF,RORGT,unknown,Fake,6,,
CMAF,GATA3,unknown,Fake,6,,
CMAF,IL31,unknown,Fake,6,,
CMAF,CMAF,unknown,Fake,6,,
CMAF,IFNAR,unknown,Fake,6,,
CMAF,IL36R,unknown,Fake,6,,
CMAF,JAK1,unknown,Fake,6,,
CMAF,IL21R,unknown,Fake,6,,
CMAF,IL2RA,unknown,Fake,6,,
CMAF,IRAK,unknown,Fake,6,,
CMAF,IL5,unknown,Fake,6,,
CMAF,IL1R,unknown,Fake,6,,
CMAF,SMAD3,unknown,Fake,6,,
CMAF,IL29R,unknown,Fake,6,,
CMAF,PU1,unknown,Fake,6,,
CMAF,CD4,unknown,Fake,6,,
CMAF,IFNGR,unknown,Fake,6,,
CMAF,IL10R,unknown,Fake,6,,
CMAF,IL12RB1_2,unknown,Fake,6,,
CMAF,IL4R,unknown,Fake,6,,
CMAF,STAT5,unknown,Fake,6,,
CMAF,IL23R,unknown,Fake,6,,
CMAF,IL12RB2,unknown,Fake,6,,
CMAF,ST2,unknown,Fake,6,,
CMAF,IL4RA_2,unknown,Fake,6,,
CMAF,IFNGR_2,unknown,Fake,6,,
CMAF,TGFB,unknown,Fake,6,,
CMAF,IL7R,unknown,Fake,6,,
CMAF,SMAD2,unknown,Fake,6,,
CMAF,IL3,unknown,Fake,6,,
CMAF,IL2,unknown,Fake,6,,
CMAF,IL9,unknown,Fake,6,,
CMAF,NOTCH1,unknown,Fake,6,,
CMAF,STAT1_2,unknown,Fake,6,,
CMAF,IL2R,unknown,Fake,6,,
CMAF,IL18R,unknown,Fake,6,,
CMAF,SOCS1,unknown,Fake,6,,
CMAF,IL1R1,unknown,Fake,6,,
CMAF,CD8,unknown,Fake,6,,
CMAF,STAT5_2,unknown,Fake,6,,
CMAF,IL12R,unknown,Fake,6,,
CMAF,IL4R_2,unknown,Fake,6,,
CMAF,proliferation,unknown,Fake,6,,
CMAF,IL15R,unknown,Fake,6,,
CMAF,IL17,unknown,Fake,6,,
CMAF,GZMB,unknown,Fake,6,,
CMAF,THPOK,unknown,Fake,6,,
CMAF,IL25R,unknown,Fake,6,,
CMAF,IL2R_2,unknown,Fake,6,,
CMAF,IFNG,unknown,Fake,6,,
CMAF,IL33R,unknown,Fake,6,,
CMAF,TBET,unknown,Fake,6,,
CMAF,IL24,unknown,Fake,6,,
CMAF,IRF1,unknown,Fake,6,,
CMAF,EOMES,unknown,Fake,6,,
CMAF,FOXP3,unknown,Fake,6,,
CMAF,IL25,unknown,Fake,6,,
CMAF,CD28,unknown,Fake,6,,
CMAF,STAT6,unknown,Fake,6,,
CMAF,IL6,unknown,Fake,6,,
CMAF,STAT4,unknown,Fake,6,,
CMAF,STAT1,unknown,Fake,6,,
CMAF,IFNG_2,unknown,Fake,6,,
CMAF,BCL6,unknown,Fake,6,,
CMAF,IL13,unknown,Fake,6,,
CMAF,TBET_2,unknown,Fake,6,,
CMAF,RUNX3,unknown,Fake,6,,
IL36R,NFAT,unknown,Fake,6,,
IL36R,IL27R,unknown,Fake,6,,
IL36R,TCR,unknown,Fake,6,,
IL36R,PRF1,unknown,Fake,6,,
IL36R,STAT3,unknown,Fake,6,,
IL36R,IL10,unknown,Fake,6,,
IL36R,NFKB,unknown,Fake,6,,
IL36R,IFNBR,unknown,Fake,6,,
IL36R,TGFBR,unknown,Fake,6,,
IL36R,IKB,unknown,Fake,6,,
IL36R,IL6R,unknown,Fake,6,,
IL36R,IL23,unknown,Fake,6,,
IL36R,IL35,unknown,Fake,6,,
IL36R,RORGT,unknown,Fake,6,,
IL36R,GATA3,unknown,Fake,6,,
IL36R,IL31,unknown,Fake,6,,
IL36R,CMAF,unknown,Fake,6,,
IL36R,IFNAR,unknown,Fake,6,,
IL36R,IL36R,unknown,Fake,6,,
IL36R,JAK1,unknown,Fake,6,,
IL36R,IL21R,unknown,Fake,6,,
IL36R,IL2RA,unknown,Fake,6,,
IL36R,IRAK,unknown,Fake,6,,
IL36R,IL5,unknown,Fake,6,,
IL36R,IL1R,unknown,Fake,6,,
IL36R,SMAD3,unknown,Fake,6,,
IL36R,IL29R,unknown,Fake,6,,
IL36R,PU1,unknown,Fake,6,,
IL36R,CD4,unknown,Fake,6,,
IL36R,IFNGR,unknown,Fake,6,,
IL36R,IL10R,unknown,Fake,6,,
IL36R,IL12RB1_2,unknown,Fake,6,,
IL36R,IL4R,unknown,Fake,6,,
IL36R,STAT5,unknown,Fake,6,,
IL36R,IL23R,unknown,Fake,6,,
IL36R,IL12RB2,unknown,Fake,6,,
IL36R,ST2,unknown,Fake,6,,
IL36R,IL4RA_2,unknown,Fake,6,,
IL36R,IFNGR_2,unknown,Fake,6,,
IL36R,TGFB,unknown,Fake,6,,
IL36R,IL7R,unknown,Fake,6,,
IL36R,SMAD2,unknown,Fake,6,,
IL36R,IL3,unknown,Fake,6,,
IL36R,IL2,unknown,Fake,6,,
IL36R,IL9,unknown,Fake,6,,
IL36R,NOTCH1,unknown,Fake,6,,
IL36R,STAT1_2,unknown,Fake,6,,
IL36R,IL2R,unknown,Fake,6,,
IL36R,IL18R,unknown,Fake,6,,
IL36R,SOCS1,unknown,Fake,6,,
IL36R,IL1R1,unknown,Fake,6,,
IL36R,CD8,unknown,Fake,6,,
IL36R,STAT5_2,unknown,Fake,6,,
IL36R,IL12R,unknown,Fake,6,,
IL36R,IL22,unknown,Fake,6,,
IL36R,IL4R_2,unknown,Fake,6,,
IL36R,proliferation,unknown,Fake,6,,
IL36R,IL15R,unknown,Fake,6,,
IL36R,IL17,unknown,Fake,6,,
IL36R,GZMB,unknown,Fake,6,,
IL36R,THPOK,unknown,Fake,6,,
IL36R,IL25R,unknown,Fake,6,,
IL36R,IL2R_2,unknown,Fake,6,,
IL36R,IFNG,unknown,Fake,6,,
IL36R,IL33R,unknown,Fake,6,,
IL36R,IL4,unknown,Fake,6,,
IL36R,IL24,unknown,Fake,6,,
IL36R,IRF1,unknown,Fake,6,,
IL36R,EOMES,unknown,Fake,6,,
IL36R,FOXP3,unknown,Fake,6,,
IL36R,IL21,unknown,Fake,6,,
IL36R,IL25,unknown,Fake,6,,
IL36R,CD28,unknown,Fake,6,,
IL36R,STAT6,unknown,Fake,6,,
IL36R,IL6,unknown,Fake,6,,
IL36R,STAT4,unknown,Fake,6,,
IL36R,STAT1,unknown,Fake,6,,
IL36R,IFNG_2,unknown,Fake,6,,
IL36R,BCL6,unknown,Fake,6,,
IL36R,IL13,unknown,Fake,6,,
IL36R,RUNX3,unknown,Fake,6,,
IFNAR,NFAT,unknown,Fake,6,,
IFNAR,IL27R,unknown,Fake,6,,
IFNAR,TCR,unknown,Fake,6,,
IFNAR,PRF1,unknown,Fake,6,,
IFNAR,STAT3,unknown,Fake,6,,
IFNAR,IL10,unknown,Fake,6,,
IFNAR,NFKB,unknown,Fake,6,,
IFNAR,IFNBR,unknown,Fake,6,,
IFNAR,TGFBR,unknown,Fake,6,,
IFNAR,IKB,unknown,Fake,6,,
IFNAR,IL6R,unknown,Fake,6,,
IFNAR,IL23,unknown,Fake,6,,
IFNAR,IL35,unknown,Fake,6,,
IFNAR,RORGT,unknown,Fake,6,,
IFNAR,GATA3,unknown,Fake,6,,
IFNAR,IL31,unknown,Fake,6,,
IFNAR,CMAF,unknown,Fake,6,,
IFNAR,IFNAR,unknown,Fake,6,,
IFNAR,IL36R,unknown,Fake,6,,
IFNAR,JAK1,unknown,Fake,6,,
IFNAR,IL21R,unknown,Fake,6,,
IFNAR,IL2RA,unknown,Fake,6,,
IFNAR,IRAK,unknown,Fake,6,,
IFNAR,IL5,unknown,Fake,6,,
IFNAR,IL1R,unknown,Fake,6,,
IFNAR,SMAD3,unknown,Fake,6,,
IFNAR,IL29R,unknown,Fake,6,,
IFNAR,PU1,unknown,Fake,6,,
IFNAR,CD4,unknown,Fake,6,,
IFNAR,IFNGR,unknown,Fake,6,,
IFNAR,IL10R,unknown,Fake,6,,
IFNAR,IL12RB1_2,unknown,Fake,6,,
IFNAR,IL4R,unknown,Fake,6,,
IFNAR,STAT5,unknown,Fake,6,,
IFNAR,IL23R,unknown,Fake,6,,
IFNAR,IL12RB2,unknown,Fake,6,,
IFNAR,ST2,unknown,Fake,6,,
IFNAR,IL4RA_2,unknown,Fake,6,,
IFNAR,IFNGR_2,unknown,Fake,6,,
IFNAR,TGFB,unknown,Fake,6,,
IFNAR,IL7R,unknown,Fake,6,,
IFNAR,SMAD2,unknown,Fake,6,,
IFNAR,IL3,unknown,Fake,6,,
IFNAR,IL2,unknown,Fake,6,,
IFNAR,IL9,unknown,Fake,6,,
IFNAR,NOTCH1,unknown,Fake,6,,
IFNAR,IL2R,unknown,Fake,6,,
IFNAR,IL18R,unknown,Fake,6,,
IFNAR,SOCS1,unknown,Fake,6,,
IFNAR,IL1R1,unknown,Fake,6,,
IFNAR,CD8,unknown,Fake,6,,
IFNAR,STAT5_2,unknown,Fake,6,,
IFNAR,IL12R,unknown,Fake,6,,
IFNAR,IL22,unknown,Fake,6,,
IFNAR,IL4R_2,unknown,Fake,6,,
IFNAR,proliferation,unknown,Fake,6,,
IFNAR,IL15R,unknown,Fake,6,,
IFNAR,IL17,unknown,Fake,6,,
IFNAR,GZMB,unknown,Fake,6,,
IFNAR,THPOK,unknown,Fake,6,,
IFNAR,IL25R,unknown,Fake,6,,
IFNAR,IL2R_2,unknown,Fake,6,,
IFNAR,IFNG,unknown,Fake,6,,
IFNAR,IL33R,unknown,Fake,6,,
IFNAR,TBET,unknown,Fake,6,,
IFNAR,IL4,unknown,Fake,6,,
IFNAR,IL24,unknown,Fake,6,,
IFNAR,IRF1,unknown,Fake,6,,
IFNAR,EOMES,unknown,Fake,6,,
IFNAR,FOXP3,unknown,Fake,6,,
IFNAR,IL21,unknown,Fake,6,,
IFNAR,IL25,unknown,Fake,6,,
IFNAR,CD28,unknown,Fake,6,,
IFNAR,STAT6,unknown,Fake,6,,
IFNAR,IL6,unknown,Fake,6,,
IFNAR,STAT4,unknown,Fake,6,,
IFNAR,IFNG_2,unknown,Fake,6,,
IFNAR,BCL6,unknown,Fake,6,,
IFNAR,IL13,unknown,Fake,6,,
IFNAR,TBET_2,unknown,Fake,6,,
IFNAR,RUNX3,unknown,Fake,6,,
JAK1,NFAT,unknown,Fake,6,,
JAK1,IL27R,unknown,Fake,6,,
JAK1,TCR,unknown,Fake,6,,
JAK1,PRF1,unknown,Fake,6,,
JAK1,STAT3,unknown,Fake,6,,
JAK1,IL10,unknown,Fake,6,,
JAK1,NFKB,unknown,Fake,6,,
JAK1,IFNBR,unknown,Fake,6,,
JAK1,TGFBR,unknown,Fake,6,,
JAK1,IKB,unknown,Fake,6,,
JAK1,IL6R,unknown,Fake,6,,
JAK1,IL23,unknown,Fake,6,,
JAK1,IL35,unknown,Fake,6,,
JAK1,RORGT,unknown,Fake,6,,
JAK1,GATA3,unknown,Fake,6,,
JAK1,IL31,unknown,Fake,6,,
JAK1,CMAF,unknown,Fake,6,,
JAK1,IFNAR,unknown,Fake,6,,
JAK1,IL36R,unknown,Fake,6,,
JAK1,JAK1,unknown,Fake,6,,
JAK1,IL21R,unknown,Fake,6,,
JAK1,IL2RA,unknown,Fake,6,,
JAK1,IRAK,unknown,Fake,6,,
JAK1,IL5,unknown,Fake,6,,
JAK1,IL1R,unknown,Fake,6,,
JAK1,SMAD3,unknown,Fake,6,,
JAK1,IL29R,unknown,Fake,6,,
JAK1,PU1,unknown,Fake,6,,
JAK1,CD4,unknown,Fake,6,,
JAK1,IFNGR,unknown,Fake,6,,
JAK1,IL10R,unknown,Fake,6,,
JAK1,IL12RB1_2,unknown,Fake,6,,
JAK1,IL4R,unknown,Fake,6,,
JAK1,STAT5,unknown,Fake,6,,
JAK1,IL23R,unknown,Fake,6,,
JAK1,IL12RB2,unknown,Fake,6,,
JAK1,ST2,unknown,Fake,6,,
JAK1,IL4RA_2,unknown,Fake,6,,
JAK1,IFNGR_2,unknown,Fake,6,,
JAK1,TGFB,unknown,Fake,6,,
JAK1,IL7R,unknown,Fake,6,,
JAK1,SMAD2,unknown,Fake,6,,
JAK1,IL3,unknown,Fake,6,,
JAK1,IL2,unknown,Fake,6,,
JAK1,IL9,unknown,Fake,6,,
JAK1,NOTCH1,unknown,Fake,6,,
JAK1,IL2R,unknown,Fake,6,,
JAK1,IL18R,unknown,Fake,6,,
JAK1,SOCS1,unknown,Fake,6,,
JAK1,IL1R1,unknown,Fake,6,,
JAK1,CD8,unknown,Fake,6,,
JAK1,STAT5_2,unknown,Fake,6,,
JAK1,IL12R,unknown,Fake,6,,
JAK1,IL22,unknown,Fake,6,,
JAK1,IL4R_2,unknown,Fake,6,,
JAK1,proliferation,unknown,Fake,6,,
JAK1,IL15R,unknown,Fake,6,,
JAK1,IL17,unknown,Fake,6,,
JAK1,GZMB,unknown,Fake,6,,
JAK1,THPOK,unknown,Fake,6,,
JAK1,IL25R,unknown,Fake,6,,
JAK1,IL2R_2,unknown,Fake,6,,
JAK1,IFNG,unknown,Fake,6,,
JAK1,IL33R,unknown,Fake,6,,
JAK1,TBET,unknown,Fake,6,,
JAK1,IL4,unknown,Fake,6,,
JAK1,IL24,unknown,Fake,6,,
JAK1,IRF1,unknown,Fake,6,,
JAK1,EOMES,unknown,Fake,6,,
JAK1,FOXP3,unknown,Fake,6,,
JAK1,IL21,unknown,Fake,6,,
JAK1,IL25,unknown,Fake,6,,
JAK1,CD28,unknown,Fake,6,,
JAK1,STAT6,unknown,Fake,6,,
JAK1,IL6,unknown,Fake,6,,
JAK1,STAT4,unknown,Fake,6,,
JAK1,IFNG_2,unknown,Fake,6,,
JAK1,BCL6,unknown,Fake,6,,
JAK1,IL13,unknown,Fake,6,,
JAK1,TBET_2,unknown,Fake,6,,
JAK1,RUNX3,unknown,Fake,6,,
IL21R,NFAT,unknown,Fake,6,,
IL21R,IL27R,unknown,Fake,6,,
IL21R,TCR,unknown,Fake,6,,
IL21R,PRF1,unknown,Fake,6,,
IL21R,IL10,unknown,Fake,6,,
IL21R,NFKB,unknown,Fake,6,,
IL21R,IFNBR,unknown,Fake,6,,
IL21R,TGFBR,unknown,Fake,6,,
IL21R,IKB,unknown,Fake,6,,
IL21R,IL6R,unknown,Fake,6,,
IL21R,IL23,unknown,Fake,6,,
IL21R,IL35,unknown,Fake,6,,
IL21R,RORGT,unknown,Fake,6,,
IL21R,GATA3,unknown,Fake,6,,
IL21R,IL31,unknown,Fake,6,,
IL21R,CMAF,unknown,Fake,6,,
IL21R,IFNAR,unknown,Fake,6,,
IL21R,IL36R,unknown,Fake,6,,
IL21R,JAK1,unknown,Fake,6,,
IL21R,IL21R,unknown,Fake,6,,
IL21R,IL2RA,unknown,Fake,6,,
IL21R,IRAK,unknown,Fake,6,,
IL21R,IL5,unknown,Fake,6,,
IL21R,IL1R,unknown,Fake,6,,
IL21R,SMAD3,unknown,Fake,6,,
IL21R,IL29R,unknown,Fake,6,,
IL21R,PU1,unknown,Fake,6,,
IL21R,CD4,unknown,Fake,6,,
IL21R,IFNGR,unknown,Fake,6,,
IL21R,IL10R,unknown,Fake,6,,
IL21R,IL12RB1_2,unknown,Fake,6,,
IL21R,IL4R,unknown,Fake,6,,
IL21R,STAT5,unknown,Fake,6,,
IL21R,IL23R,unknown,Fake,6,,
IL21R,IL12RB2,unknown,Fake,6,,
IL21R,ST2,unknown,Fake,6,,
IL21R,IL4RA_2,unknown,Fake,6,,
IL21R,IFNGR_2,unknown,Fake,6,,
IL21R,TGFB,unknown,Fake,6,,
IL21R,IL7R,unknown,Fake,6,,
IL21R,SMAD2,unknown,Fake,6,,
IL21R,IL3,unknown,Fake,6,,
IL21R,IL2,unknown,Fake,6,,
IL21R,IL9,unknown,Fake,6,,
IL21R,NOTCH1,unknown,Fake,6,,
IL21R,STAT1_2,unknown,Fake,6,,
IL21R,IL2R,unknown,Fake,6,,
IL21R,IL18R,unknown,Fake,6,,
IL21R,SOCS1,unknown,Fake,6,,
IL21R,IL1R1,unknown,Fake,6,,
IL21R,CD8,unknown,Fake,6,,
IL21R,STAT5_2,unknown,Fake,6,,
IL21R,IL12R,unknown,Fake,6,,
IL21R,IL22,unknown,Fake,6,,
IL21R,IL4R_2,unknown,Fake,6,,
IL21R,proliferation,unknown,Fake,6,,
IL21R,IL15R,unknown,Fake,6,,
IL21R,IL17,unknown,Fake,6,,
IL21R,GZMB,unknown,Fake,6,,
IL21R,THPOK,unknown,Fake,6,,
IL21R,IL25R,unknown,Fake,6,,
IL21R,IL2R_2,unknown,Fake,6,,
IL21R,IFNG,unknown,Fake,6,,
IL21R,IL33R,unknown,Fake,6,,
IL21R,TBET,unknown,Fake,6,,
IL21R,IL4,unknown,Fake,6,,
IL21R,IL24,unknown,Fake,6,,
IL21R,IRF1,unknown,Fake,6,,
IL21R,EOMES,unknown,Fake,6,,
IL21R,FOXP3,unknown,Fake,6,,
IL21R,IL21,unknown,Fake,6,,
IL21R,IL25,unknown,Fake,6,,
IL21R,CD28,unknown,Fake,6,,
IL21R,STAT6,unknown,Fake,6,,
IL21R,IL6,unknown,Fake,6,,
IL21R,STAT4,unknown,Fake,6,,
IL21R,STAT1,unknown,Fake,6,,
IL21R,IFNG_2,unknown,Fake,6,,
IL21R,BCL6,unknown,Fake,6,,
IL21R,IL13,unknown,Fake,6,,
IL21R,TBET_2,unknown,Fake,6,,
IL21R,RUNX3,unknown,Fake,6,,
JAK3,NFAT,unknown,Fake,6,,
JAK3,IL27R,unknown,Fake,6,,
JAK3,TCR,unknown,Fake,6,,
JAK3,PRF1,unknown,Fake,6,,
JAK3,IL10,unknown,Fake,6,,
JAK3,NFKB,unknown,Fake,6,,
JAK3,IFNBR,unknown,Fake,6,,
JAK3,TGFBR,unknown,Fake,6,,
JAK3,IKB,unknown,Fake,6,,
JAK3,IL6R,unknown,Fake,6,,
JAK3,IL23,unknown,Fake,6,,
JAK3,IL35,unknown,Fake,6,,
JAK3,RORGT,unknown,Fake,6,,
JAK3,GATA3,unknown,Fake,6,,
JAK3,IL31,unknown,Fake,6,,
JAK3,CMAF,unknown,Fake,6,,
JAK3,IFNAR,unknown,Fake,6,,
JAK3,IL36R,unknown,Fake,6,,
JAK3,JAK1,unknown,Fake,6,,
JAK3,IL21R,unknown,Fake,6,,
JAK3,IL2RA,unknown,Fake,6,,
JAK3,IRAK,unknown,Fake,6,,
JAK3,IL5,unknown,Fake,6,,
JAK3,IL1R,unknown,Fake,6,,
JAK3,SMAD3,unknown,Fake,6,,
JAK3,IL29R,unknown,Fake,6,,
JAK3,PU1,unknown,Fake,6,,
JAK3,CD4,unknown,Fake,6,,
JAK3,IFNGR,unknown,Fake,6,,
JAK3,IL10R,unknown,Fake,6,,
JAK3,IL12RB1_2,unknown,Fake,6,,
JAK3,IL4R,unknown,Fake,6,,
JAK3,STAT5,unknown,Fake,6,,
JAK3,IL23R,unknown,Fake,6,,
JAK3,IL12RB2,unknown,Fake,6,,
JAK3,ST2,unknown,Fake,6,,
JAK3,IL4RA_2,unknown,Fake,6,,
JAK3,IFNGR_2,unknown,Fake,6,,
JAK3,TGFB,unknown,Fake,6,,
JAK3,IL7R,unknown,Fake,6,,
JAK3,SMAD2,unknown,Fake,6,,
JAK3,IL3,unknown,Fake,6,,
JAK3,IL2,unknown,Fake,6,,
JAK3,IL9,unknown,Fake,6,,
JAK3,NOTCH1,unknown,Fake,6,,
JAK3,STAT1_2,unknown,Fake,6,,
JAK3,IL2R,unknown,Fake,6,,
JAK3,IL18R,unknown,Fake,6,,
JAK3,SOCS1,unknown,Fake,6,,
JAK3,IL1R1,unknown,Fake,6,,
JAK3,CD8,unknown,Fake,6,,
JAK3,STAT5_2,unknown,Fake,6,,
JAK3,IL12R,unknown,Fake,6,,
JAK3,IL22,unknown,Fake,6,,
JAK3,IL4R_2,unknown,Fake,6,,
JAK3,proliferation,unknown,Fake,6,,
JAK3,IL15R,unknown,Fake,6,,
JAK3,IL17,unknown,Fake,6,,
JAK3,GZMB,unknown,Fake,6,,
JAK3,THPOK,unknown,Fake,6,,
JAK3,IL25R,unknown,Fake,6,,
JAK3,IL2R_2,unknown,Fake,6,,
JAK3,IFNG,unknown,Fake,6,,
JAK3,IL33R,unknown,Fake,6,,
JAK3,TBET,unknown,Fake,6,,
JAK3,IL4,unknown,Fake,6,,
JAK3,IL24,unknown,Fake,6,,
JAK3,IRF1,unknown,Fake,6,,
JAK3,EOMES,unknown,Fake,6,,
JAK3,FOXP3,unknown,Fake,6,,
JAK3,IL21,unknown,Fake,6,,
JAK3,IL25,unknown,Fake,6,,
JAK3,CD28,unknown,Fake,6,,
JAK3,STAT6,unknown,Fake,6,,
JAK3,IL6,unknown,Fake,6,,
JAK3,STAT4,unknown,Fake,6,,
JAK3,STAT1,unknown,Fake,6,,
JAK3,IFNG_2,unknown,Fake,6,,
JAK3,BCL6,unknown,Fake,6,,
JAK3,IL13,unknown,Fake,6,,
JAK3,TBET_2,unknown,Fake,6,,
JAK3,RUNX3,unknown,Fake,6,,
IL2RA,NFAT,unknown,Fake,6,,
IL2RA,IL27R,unknown,Fake,6,,
IL2RA,TCR,unknown,Fake,6,,
IL2RA,PRF1,unknown,Fake,6,,
IL2RA,STAT3,unknown,Fake,6,,
IL2RA,IL10,unknown,Fake,6,,
IL2RA,NFKB,unknown,Fake,6,,
IL2RA,IFNBR,unknown,Fake,6,,
IL2RA,TGFBR,unknown,Fake,6,,
IL2RA,IKB,unknown,Fake,6,,
IL2RA,IL6R,unknown,Fake,6,,
IL2RA,IL23,unknown,Fake,6,,
IL2RA,IL35,unknown,Fake,6,,
IL2RA,RORGT,unknown,Fake,6,,
IL2RA,GATA3,unknown,Fake,6,,
IL2RA,IL31,unknown,Fake,6,,
IL2RA,CMAF,unknown,Fake,6,,
IL2RA,IFNAR,unknown,Fake,6,,
IL2RA,IL36R,unknown,Fake,6,,
IL2RA,JAK1,unknown,Fake,6,,
IL2RA,IL21R,unknown,Fake,6,,
IL2RA,IL2RA,unknown,Fake,6,,
IL2RA,IRAK,unknown,Fake,6,,
IL2RA,IL5,unknown,Fake,6,,
IL2RA,IL1R,unknown,Fake,6,,
IL2RA,SMAD3,unknown,Fake,6,,
IL2RA,IL29R,unknown,Fake,6,,
IL2RA,PU1,unknown,Fake,6,,
IL2RA,CD4,unknown,Fake,6,,
IL2RA,IFNGR,unknown,Fake,6,,
IL2RA,IL10R,unknown,Fake,6,,
IL2RA,IL12RB1_2,unknown,Fake,6,,
IL2RA,IL4R,unknown,Fake,6,,
IL2RA,STAT5,unknown,Fake,6,,
IL2RA,IL23R,unknown,Fake,6,,
IL2RA,IL12RB2,unknown,Fake,6,,
IL2RA,ST2,unknown,Fake,6,,
IL2RA,IL4RA_2,unknown,Fake,6,,
IL2RA,IFNGR_2,unknown,Fake,6,,
IL2RA,TGFB,unknown,Fake,6,,
IL2RA,IL7R,unknown,Fake,6,,
IL2RA,SMAD2,unknown,Fake,6,,
IL2RA,IL3,unknown,Fake,6,,
IL2RA,IL2,unknown,Fake,6,,
IL2RA,IL9,unknown,Fake,6,,
IL2RA,NOTCH1,unknown,Fake,6,,
IL2RA,STAT1_2,unknown,Fake,6,,
IL2RA,IL2R,unknown,Fake,6,,
IL2RA,IL18R,unknown,Fake,6,,
IL2RA,SOCS1,unknown,Fake,6,,
IL2RA,IL1R1,unknown,Fake,6,,
IL2RA,CD8,unknown,Fake,6,,
IL2RA,STAT5_2,unknown,Fake,6,,
IL2RA,IL12R,unknown,Fake,6,,
IL2RA,IL22,unknown,Fake,6,,
IL2RA,IL4R_2,unknown,Fake,6,,
IL2RA,proliferation,unknown,Fake,6,,
IL2RA,IL15R,unknown,Fake,6,,
IL2RA,IL17,unknown,Fake,6,,
IL2RA,GZMB,unknown,Fake,6,,
IL2RA,THPOK,unknown,Fake,6,,
IL2RA,IL25R,unknown,Fake,6,,
IL2RA,IFNG,unknown,Fake,6,,
IL2RA,IL33R,unknown,Fake,6,,
IL2RA,TBET,unknown,Fake,6,,
IL2RA,IL4,unknown,Fake,6,,
IL2RA,IL24,unknown,Fake,6,,
IL2RA,IRF1,unknown,Fake,6,,
IL2RA,EOMES,unknown,Fake,6,,
IL2RA,FOXP3,unknown,Fake,6,,
IL2RA,IL21,unknown,Fake,6,,
IL2RA,IL25,unknown,Fake,6,,
IL2RA,CD28,unknown,Fake,6,,
IL2RA,STAT6,unknown,Fake,6,,
IL2RA,IL6,unknown,Fake,6,,
IL2RA,STAT4,unknown,Fake,6,,
IL2RA,STAT1,unknown,Fake,6,,
IL2RA,IFNG_2,unknown,Fake,6,,
IL2RA,BCL6,unknown,Fake,6,,
IL2RA,IL13,unknown,Fake,6,,
IL2RA,TBET_2,unknown,Fake,6,,
IL2RA,RUNX3,unknown,Fake,6,,
IRAK,NFAT,unknown,Fake,6,,
IRAK,IL27R,unknown,Fake,6,,
IRAK,TCR,unknown,Fake,6,,
IRAK,PRF1,unknown,Fake,6,,
IRAK,STAT3,unknown,Fake,6,,
IRAK,IL10,unknown,Fake,6,,
IRAK,IFNBR,unknown,Fake,6,,
IRAK,TGFBR,unknown,Fake,6,,
IRAK,IKB,unknown,Fake,6,,
IRAK,IL6R,unknown,Fake,6,,
IRAK,IL23,unknown,Fake,6,,
IRAK,IL35,unknown,Fake,6,,
IRAK,RORGT,unknown,Fake,6,,
IRAK,GATA3,unknown,Fake,6,,
IRAK,IL31,unknown,Fake,6,,
IRAK,CMAF,unknown,Fake,6,,
IRAK,IFNAR,unknown,Fake,6,,
IRAK,IL36R,unknown,Fake,6,,
IRAK,JAK1,unknown,Fake,6,,
IRAK,IL21R,unknown,Fake,6,,
IRAK,IL2RA,unknown,Fake,6,,
IRAK,IRAK,unknown,Fake,6,,
IRAK,IL5,unknown,Fake,6,,
IRAK,IL1R,unknown,Fake,6,,
IRAK,SMAD3,unknown,Fake,6,,
IRAK,IL29R,unknown,Fake,6,,
IRAK,PU1,unknown,Fake,6,,
IRAK,CD4,unknown,Fake,6,,
IRAK,IFNGR,unknown,Fake,6,,
IRAK,IL10R,unknown,Fake,6,,
IRAK,IL12RB1_2,unknown,Fake,6,,
IRAK,IL4R,unknown,Fake,6,,
IRAK,STAT5,unknown,Fake,6,,
IRAK,IL23R,unknown,Fake,6,,
IRAK,IL12RB2,unknown,Fake,6,,
IRAK,ST2,unknown,Fake,6,,
IRAK,IL4RA_2,unknown,Fake,6,,
IRAK,IFNGR_2,unknown,Fake,6,,
IRAK,TGFB,unknown,Fake,6,,
IRAK,IL7R,unknown,Fake,6,,
IRAK,SMAD2,unknown,Fake,6,,
IRAK,IL3,unknown,Fake,6,,
IRAK,IL2,unknown,Fake,6,,
IRAK,IL9,unknown,Fake,6,,
IRAK,NOTCH1,unknown,Fake,6,,
IRAK,STAT1_2,unknown,Fake,6,,
IRAK,IL2R,unknown,Fake,6,,
IRAK,IL18R,unknown,Fake,6,,
IRAK,SOCS1,unknown,Fake,6,,
IRAK,IL1R1,unknown,Fake,6,,
IRAK,CD8,unknown,Fake,6,,
IRAK,STAT5_2,unknown,Fake,6,,
IRAK,IL12R,unknown,Fake,6,,
IRAK,IL22,unknown,Fake,6,,
IRAK,IL4R_2,unknown,Fake,6,,
IRAK,proliferation,unknown,Fake,6,,
IRAK,IL15R,unknown,Fake,6,,
IRAK,IL17,unknown,Fake,6,,
IRAK,GZMB,unknown,Fake,6,,
IRAK,THPOK,unknown,Fake,6,,
IRAK,IL25R,unknown,Fake,6,,
IRAK,IL2R_2,unknown,Fake,6,,
IRAK,IL33R,unknown,Fake,6,,
IRAK,TBET,unknown,Fake,6,,
IRAK,IL4,unknown,Fake,6,,
IRAK,IL24,unknown,Fake,6,,
IRAK,IRF1,unknown,Fake,6,,
IRAK,EOMES,unknown,Fake,6,,
IRAK,FOXP3,unknown,Fake,6,,
IRAK,IL21,unknown,Fake,6,,
IRAK,IL25,unknown,Fake,6,,
IRAK,CD28,unknown,Fake,6,,
IRAK,STAT6,unknown,Fake,6,,
IRAK,IL6,unknown,Fake,6,,
IRAK,STAT4,unknown,Fake,6,,
IRAK,STAT1,unknown,Fake,6,,
IRAK,BCL6,unknown,Fake,6,,
IRAK,IL13,unknown,Fake,6,,
IRAK,TBET_2,unknown,Fake,6,,
IRAK,RUNX3,unknown,Fake,6,,
IL5,NFAT,unknown,Fake,6,,
IL5,IL27R,unknown,Fake,6,,
IL5,TCR,unknown,Fake,6,,
IL5,PRF1,unknown,Fake,6,,
IL5,STAT3,unknown,Fake,6,,
IL5,IL10,unknown,Fake,6,,
IL5,NFKB,unknown,Fake,6,,
IL5,IFNBR,unknown,Fake,6,,
IL5,TGFBR,unknown,Fake,6,,
IL5,IKB,unknown,Fake,6,,
IL5,IL6R,unknown,Fake,6,,
IL5,IL23,unknown,Fake,6,,
IL5,IL35,unknown,Fake,6,,
IL5,RORGT,unknown,Fake,6,,
IL5,GATA3,unknown,Fake,6,,
IL5,IL31,unknown,Fake,6,,
IL5,CMAF,unknown,Fake,6,,
IL5,IFNAR,unknown,Fake,6,,
IL5,IL36R,unknown,Fake,6,,
IL5,JAK1,unknown,Fake,6,,
IL5,IL21R,unknown,Fake,6,,
IL5,IL2RA,unknown,Fake,6,,
IL5,IRAK,unknown,Fake,6,,
IL5,IL5,unknown,Fake,6,,
IL5,IL1R,unknown,Fake,6,,
IL5,SMAD3,unknown,Fake,6,,
IL5,IL29R,unknown,Fake,6,,
IL5,PU1,unknown,Fake,6,,
IL5,CD4,unknown,Fake,6,,
IL5,IFNGR,unknown,Fake,6,,
IL5,IL10R,unknown,Fake,6,,
IL5,IL12RB1_2,unknown,Fake,6,,
IL5,IL4R,unknown,Fake,6,,
IL5,STAT5,unknown,Fake,6,,
IL5,IL23R,unknown,Fake,6,,
IL5,IL12RB2,unknown,Fake,6,,
IL5,ST2,unknown,Fake,6,,
IL5,IL4RA_2,unknown,Fake,6,,
IL5,IFNGR_2,unknown,Fake,6,,
IL5,TGFB,unknown,Fake,6,,
IL5,IL7R,unknown,Fake,6,,
IL5,SMAD2,unknown,Fake,6,,
IL5,IL3,unknown,Fake,6,,
IL5,IL2,unknown,Fake,6,,
IL5,IL9,unknown,Fake,6,,
IL5,NOTCH1,unknown,Fake,6,,
IL5,STAT1_2,unknown,Fake,6,,
IL5,IL2R,unknown,Fake,6,,
IL5,IL18R,unknown,Fake,6,,
IL5,SOCS1,unknown,Fake,6,,
IL5,IL1R1,unknown,Fake,6,,
IL5,CD8,unknown,Fake,6,,
IL5,STAT5_2,unknown,Fake,6,,
IL5,IL12R,unknown,Fake,6,,
IL5,IL22,unknown,Fake,6,,
IL5,IL4R_2,unknown,Fake,6,,
IL5,proliferation,unknown,Fake,6,,
IL5,IL15R,unknown,Fake,6,,
IL5,IL17,unknown,Fake,6,,
IL5,GZMB,unknown,Fake,6,,
IL5,THPOK,unknown,Fake,6,,
IL5,IL25R,unknown,Fake,6,,
IL5,IL2R_2,unknown,Fake,6,,
IL5,IFNG,unknown,Fake,6,,
IL5,IL33R,unknown,Fake,6,,
IL5,TBET,unknown,Fake,6,,
IL5,IL4,unknown,Fake,6,,
IL5,IL24,unknown,Fake,6,,
IL5,IRF1,unknown,Fake,6,,
IL5,EOMES,unknown,Fake,6,,
IL5,FOXP3,unknown,Fake,6,,
IL5,IL21,unknown,Fake,6,,
IL5,IL25,unknown,Fake,6,,
IL5,CD28,unknown,Fake,6,,
IL5,STAT6,unknown,Fake,6,,
IL5,IL6,unknown,Fake,6,,
IL5,STAT4,unknown,Fake,6,,
IL5,STAT1,unknown,Fake,6,,
IL5,IFNG_2,unknown,Fake,6,,
IL5,BCL6,unknown,Fake,6,,
IL5,IL13,unknown,Fake,6,,
IL5,TBET_2,unknown,Fake,6,,
IL5,RUNX3,unknown,Fake,6,,
IFNB_e,NFAT,unknown,Fake,6,,
IFNB_e,IL27R,unknown,Fake,6,,
IFNB_e,TCR,unknown,Fake,6,,
IFNB_e,PRF1,unknown,Fake,6,,
IFNB_e,STAT3,unknown,Fake,6,,
IFNB_e,IL10,unknown,Fake,6,,
IFNB_e,NFKB,unknown,Fake,6,,
IFNB_e,TGFBR,unknown,Fake,6,,
IFNB_e,IKB,unknown,Fake,6,,
IFNB_e,IL6R,unknown,Fake,6,,
IFNB_e,IL23,unknown,Fake,6,,
IFNB_e,IL35,unknown,Fake,6,,
IFNB_e,RORGT,unknown,Fake,6,,
IFNB_e,GATA3,unknown,Fake,6,,
IFNB_e,IL31,unknown,Fake,6,,
IFNB_e,CMAF,unknown,Fake,6,,
IFNB_e,IL36R,unknown,Fake,6,,
IFNB_e,JAK1,unknown,Fake,6,,
IFNB_e,IL21R,unknown,Fake,6,,
IFNB_e,IL2RA,unknown,Fake,6,,
IFNB_e,IRAK,unknown,Fake,6,,
IFNB_e,IL5,unknown,Fake,6,,
IFNB_e,IL1R,unknown,Fake,6,,
IFNB_e,SMAD3,unknown,Fake,6,,
IFNB_e,IL29R,unknown,Fake,6,,
IFNB_e,PU1,unknown,Fake,6,,
IFNB_e,CD4,unknown,Fake,6,,
IFNB_e,IFNGR,unknown,Fake,6,,
IFNB_e,IL10R,unknown,Fake,6,,
IFNB_e,IL12RB1_2,unknown,Fake,6,,
IFNB_e,IL4R,unknown,Fake,6,,
IFNB_e,STAT5,unknown,Fake,6,,
IFNB_e,IL23R,unknown,Fake,6,,
IFNB_e,IL12RB2,unknown,Fake,6,,
IFNB_e,ST2,unknown,Fake,6,,
IFNB_e,IL4RA_2,unknown,Fake,6,,
IFNB_e,IFNGR_2,unknown,Fake,6,,
IFNB_e,TGFB,unknown,Fake,6,,
IFNB_e,IL7R,unknown,Fake,6,,
IFNB_e,SMAD2,unknown,Fake,6,,
IFNB_e,IL3,unknown,Fake,6,,
IFNB_e,IL2,unknown,Fake,6,,
IFNB_e,IL9,unknown,Fake,6,,
IFNB_e,NOTCH1,unknown,Fake,6,,
IFNB_e,STAT1_2,unknown,Fake,6,,
IFNB_e,IL2R,unknown,Fake,6,,
IFNB_e,IL18R,unknown,Fake,6,,
IFNB_e,SOCS1,unknown,Fake,6,,
IFNB_e,IL1R1,unknown,Fake,6,,
IFNB_e,CD8,unknown,Fake,6,,
IFNB_e,STAT5_2,unknown,Fake,6,,
IFNB_e,IL12R,unknown,Fake,6,,
IFNB_e,IL22,unknown,Fake,6,,
IFNB_e,IL4R_2,unknown,Fake,6,,
IFNB_e,proliferation,unknown,Fake,6,,
IFNB_e,IL15R,unknown,Fake,6,,
IFNB_e,IL17,unknown,Fake,6,,
IFNB_e,GZMB,unknown,Fake,6,,
IFNB_e,THPOK,unknown,Fake,6,,
IFNB_e,IL25R,unknown,Fake,6,,
IFNB_e,IL2R_2,unknown,Fake,6,,
IFNB_e,IFNG,unknown,Fake,6,,
IFNB_e,IL33R,unknown,Fake,6,,
IFNB_e,TBET,unknown,Fake,6,,
IFNB_e,IL4,unknown,Fake,6,,
IFNB_e,IL24,unknown,Fake,6,,
IFNB_e,IRF1,unknown,Fake,6,,
IFNB_e,EOMES,unknown,Fake,6,,
IFNB_e,FOXP3,unknown,Fake,6,,
IFNB_e,IL21,unknown,Fake,6,,
IFNB_e,IL25,unknown,Fake,6,,
IFNB_e,CD28,unknown,Fake,6,,
IFNB_e,STAT6,unknown,Fake,6,,
IFNB_e,IL6,unknown,Fake,6,,
IFNB_e,STAT4,unknown,Fake,6,,
IFNB_e,STAT1,unknown,Fake,6,,
IFNB_e,IFNG_2,unknown,Fake,6,,
IFNB_e,BCL6,unknown,Fake,6,,
IFNB_e,IL13,unknown,Fake,6,,
IFNB_e,TBET_2,unknown,Fake,6,,
IFNB_e,RUNX3,unknown,Fake,6,,
APC,NFAT,unknown,Fake,6,,
APC,IL27R,unknown,Fake,6,,
APC,PRF1,unknown,Fake,6,,
APC,STAT3,unknown,Fake,6,,
APC,IL10,unknown,Fake,6,,
APC,NFKB,unknown,Fake,6,,
APC,IFNBR,unknown,Fake,6,,
APC,TGFBR,unknown,Fake,6,,
APC,IKB,unknown,Fake,6,,
APC,IL6R,unknown,Fake,6,,
APC,IL23,unknown,Fake,6,,
APC,IL35,unknown,Fake,6,,
APC,RORGT,unknown,Fake,6,,
APC,GATA3,unknown,Fake,6,,
APC,IL31,unknown,Fake,6,,
APC,CMAF,unknown,Fake,6,,
APC,IFNAR,unknown,Fake,6,,
APC,IL36R,unknown,Fake,6,,
APC,JAK1,unknown,Fake,6,,
APC,IL21R,unknown,Fake,6,,
APC,IL2RA,unknown,Fake,6,,
APC,IRAK,unknown,Fake,6,,
APC,IL5,unknown,Fake,6,,
APC,IL1R,unknown,Fake,6,,
APC,SMAD3,unknown,Fake,6,,
APC,IL29R,unknown,Fake,6,,
APC,PU1,unknown,Fake,6,,
APC,CD4,unknown,Fake,6,,
APC,IFNGR,unknown,Fake,6,,
APC,IL10R,unknown,Fake,6,,
APC,IL12RB1_2,unknown,Fake,6,,
APC,IL4R,unknown,Fake,6,,
APC,STAT5,unknown,Fake,6,,
APC,IL23R,unknown,Fake,6,,
APC,IL12RB2,unknown,Fake,6,,
APC,ST2,unknown,Fake,6,,
APC,IL4RA_2,unknown,Fake,6,,
APC,IFNGR_2,unknown,Fake,6,,
APC,TGFB,unknown,Fake,6,,
APC,IL7R,unknown,Fake,6,,
APC,SMAD2,unknown,Fake,6,,
APC,IL3,unknown,Fake,6,,
APC,IL2,unknown,Fake,6,,
APC,IL9,unknown,Fake,6,,
APC,NOTCH1,unknown,Fake,6,,
APC,STAT1_2,unknown,Fake,6,,
APC,IL2R,unknown,Fake,6,,
APC,IL18R,unknown,Fake,6,,
APC,SOCS1,unknown,Fake,6,,
APC,IL1R1,unknown,Fake,6,,
APC,CD8,unknown,Fake,6,,
APC,STAT5_2,unknown,Fake,6,,
APC,IL12R,unknown,Fake,6,,
APC,IL22,unknown,Fake,6,,
APC,IL4R_2,unknown,Fake,6,,
APC,proliferation,unknown,Fake,6,,
APC,IL15R,unknown,Fake,6,,
APC,IL17,unknown,Fake,6,,
APC,GZMB,unknown,Fake,6,,
APC,THPOK,unknown,Fake,6,,
APC,IL25R,unknown,Fake,6,,
APC,IL2R_2,unknown,Fake,6,,
APC,IFNG,unknown,Fake,6,,
APC,IL33R,unknown,Fake,6,,
APC,TBET,unknown,Fake,6,,
APC,IL4,unknown,Fake,6,,
APC,IL24,unknown,Fake,6,,
APC,IRF1,unknown,Fake,6,,
APC,EOMES,unknown,Fake,6,,
APC,FOXP3,unknown,Fake,6,,
APC,IL21,unknown,Fake,6,,
APC,IL25,unknown,Fake,6,,
APC,STAT6,unknown,Fake,6,,
APC,IL6,unknown,Fake,6,,
APC,STAT4,unknown,Fake,6,,
APC,STAT1,unknown,Fake,6,,
APC,IFNG_2,unknown,Fake,6,,
APC,BCL6,unknown,Fake,6,,
APC,IL13,unknown,Fake,6,,
APC,TBET_2,unknown,Fake,6,,
APC,RUNX3,unknown,Fake,6,,
IL1R,NFAT,unknown,Fake,6,,
IL1R,IL27R,unknown,Fake,6,,
IL1R,TCR,unknown,Fake,6,,
IL1R,PRF1,unknown,Fake,6,,
IL1R,IL10,unknown,Fake,6,,
IL1R,NFKB,unknown,Fake,6,,
IL1R,IFNBR,unknown,Fake,6,,
IL1R,TGFBR,unknown,Fake,6,,
IL1R,IKB,unknown,Fake,6,,
IL1R,IL6R,unknown,Fake,6,,
IL1R,IL23,unknown,Fake,6,,
IL1R,IL35,unknown,Fake,6,,
IL1R,RORGT,unknown,Fake,6,,
IL1R,GATA3,unknown,Fake,6,,
IL1R,IL31,unknown,Fake,6,,
IL1R,CMAF,unknown,Fake,6,,
IL1R,IFNAR,unknown,Fake,6,,
IL1R,IL36R,unknown,Fake,6,,
IL1R,JAK1,unknown,Fake,6,,
IL1R,IL21R,unknown,Fake,6,,
IL1R,IL2RA,unknown,Fake,6,,
IL1R,IRAK,unknown,Fake,6,,
IL1R,IL5,unknown,Fake,6,,
IL1R,IL1R,unknown,Fake,6,,
IL1R,SMAD3,unknown,Fake,6,,
IL1R,IL29R,unknown,Fake,6,,
IL1R,PU1,unknown,Fake,6,,
IL1R,CD4,unknown,Fake,6,,
IL1R,IFNGR,unknown,Fake,6,,
IL1R,IL10R,unknown,Fake,6,,
IL1R,IL12RB1_2,unknown,Fake,6,,
IL1R,IL4R,unknown,Fake,6,,
IL1R,STAT5,unknown,Fake,6,,
IL1R,IL23R,unknown,Fake,6,,
IL1R,IL12RB2,unknown,Fake,6,,
IL1R,ST2,unknown,Fake,6,,
IL1R,IL4RA_2,unknown,Fake,6,,
IL1R,IFNGR_2,unknown,Fake,6,,
IL1R,TGFB,unknown,Fake,6,,
IL1R,IL7R,unknown,Fake,6,,
IL1R,SMAD2,unknown,Fake,6,,
IL1R,IL3,unknown,Fake,6,,
IL1R,IL2,unknown,Fake,6,,
IL1R,IL9,unknown,Fake,6,,
IL1R,NOTCH1,unknown,Fake,6,,
IL1R,STAT1_2,unknown,Fake,6,,
IL1R,IL2R,unknown,Fake,6,,
IL1R,IL18R,unknown,Fake,6,,
IL1R,SOCS1,unknown,Fake,6,,
IL1R,IL1R1,unknown,Fake,6,,
IL1R,CD8,unknown,Fake,6,,
IL1R,STAT5_2,unknown,Fake,6,,
IL1R,IL12R,unknown,Fake,6,,
IL1R,IL22,unknown,Fake,6,,
IL1R,IL4R_2,unknown,Fake,6,,
IL1R,proliferation,unknown,Fake,6,,
IL1R,IL15R,unknown,Fake,6,,
IL1R,IL17,unknown,Fake,6,,
IL1R,GZMB,unknown,Fake,6,,
IL1R,THPOK,unknown,Fake,6,,
IL1R,IL25R,unknown,Fake,6,,
IL1R,IL2R_2,unknown,Fake,6,,
IL1R,IFNG,unknown,Fake,6,,
IL1R,IL33R,unknown,Fake,6,,
IL1R,TBET,unknown,Fake,6,,
IL1R,IL4,unknown,Fake,6,,
IL1R,IL24,unknown,Fake,6,,
IL1R,IRF1,unknown,Fake,6,,
IL1R,EOMES,unknown,Fake,6,,
IL1R,FOXP3,unknown,Fake,6,,
IL1R,IL21,unknown,Fake,6,,
IL1R,IL25,unknown,Fake,6,,
IL1R,CD28,unknown,Fake,6,,
IL1R,STAT6,unknown,Fake,6,,
IL1R,IL6,unknown,Fake,6,,
IL1R,STAT4,unknown,Fake,6,,
IL1R,STAT1,unknown,Fake,6,,
IL1R,IFNG_2,unknown,Fake,6,,
IL1R,BCL6,unknown,Fake,6,,
IL1R,IL13,unknown,Fake,6,,
IL1R,TBET_2,unknown,Fake,6,,
IL1R,RUNX3,unknown,Fake,6,,
SMAD3,NFAT,unknown,Fake,6,,
SMAD3,IL27R,unknown,Fake,6,,
SMAD3,TCR,unknown,Fake,6,,
SMAD3,PRF1,unknown,Fake,6,,
SMAD3,STAT3,unknown,Fake,6,,
SMAD3,IL10,unknown,Fake,6,,
SMAD3,NFKB,unknown,Fake,6,,
SMAD3,IFNBR,unknown,Fake,6,,
SMAD3,TGFBR,unknown,Fake,6,,
SMAD3,IKB,unknown,Fake,6,,
SMAD3,IL6R,unknown,Fake,6,,
SMAD3,IL23,unknown,Fake,6,,
SMAD3,IL35,unknown,Fake,6,,
SMAD3,RORGT,unknown,Fake,6,,
SMAD3,GATA3,unknown,Fake,6,,
SMAD3,IL31,unknown,Fake,6,,
SMAD3,CMAF,unknown,Fake,6,,
SMAD3,IFNAR,unknown,Fake,6,,
SMAD3,IL36R,unknown,Fake,6,,
SMAD3,JAK1,unknown,Fake,6,,
SMAD3,IL21R,unknown,Fake,6,,
SMAD3,IRAK,unknown,Fake,6,,
SMAD3,IL5,unknown,Fake,6,,
SMAD3,IL1R,unknown,Fake,6,,
SMAD3,SMAD3,unknown,Fake,6,,
SMAD3,IL29R,unknown,Fake,6,,
SMAD3,PU1,unknown,Fake,6,,
SMAD3,CD4,unknown,Fake,6,,
SMAD3,IFNGR,unknown,Fake,6,,
SMAD3,IL10R,unknown,Fake,6,,
SMAD3,IL12RB1_2,unknown,Fake,6,,
SMAD3,IL4R,unknown,Fake,6,,
SMAD3,STAT5,unknown,Fake,6,,
SMAD3,IL23R,unknown,Fake,6,,
SMAD3,IL12RB2,unknown,Fake,6,,
SMAD3,ST2,unknown,Fake,6,,
SMAD3,IL4RA_2,unknown,Fake,6,,
SMAD3,IFNGR_2,unknown,Fake,6,,
SMAD3,TGFB,unknown,Fake,6,,
SMAD3,IL7R,unknown,Fake,6,,
SMAD3,SMAD2,unknown,Fake,6,,
SMAD3,IL3,unknown,Fake,6,,
SMAD3,IL2,unknown,Fake,6,,
SMAD3,NOTCH1,unknown,Fake,6,,
SMAD3,STAT1_2,unknown,Fake,6,,
SMAD3,IL2R,unknown,Fake,6,,
SMAD3,IL18R,unknown,Fake,6,,
SMAD3,SOCS1,unknown,Fake,6,,
SMAD3,IL1R1,unknown,Fake,6,,
SMAD3,CD8,unknown,Fake,6,,
SMAD3,STAT5_2,unknown,Fake,6,,
SMAD3,IL12R,unknown,Fake,6,,
SMAD3,IL22,unknown,Fake,6,,
SMAD3,IL4R_2,unknown,Fake,6,,
SMAD3,proliferation,unknown,Fake,6,,
SMAD3,IL15R,unknown,Fake,6,,
SMAD3,IL17,unknown,Fake,6,,
SMAD3,GZMB,unknown,Fake,6,,
SMAD3,THPOK,unknown,Fake,6,,
SMAD3,IL25R,unknown,Fake,6,,
SMAD3,IL2R_2,unknown,Fake,6,,
SMAD3,IFNG,unknown,Fake,6,,
SMAD3,IL33R,unknown,Fake,6,,
SMAD3,TBET,unknown,Fake,6,,
SMAD3,IL4,unknown,Fake,6,,
SMAD3,IL24,unknown,Fake,6,,
SMAD3,IRF1,unknown,Fake,6,,
SMAD3,EOMES,unknown,Fake,6,,
SMAD3,IL21,unknown,Fake,6,,
SMAD3,IL25,unknown,Fake,6,,
SMAD3,CD28,unknown,Fake,6,,
SMAD3,STAT6,unknown,Fake,6,,
SMAD3,IL6,unknown,Fake,6,,
SMAD3,STAT4,unknown,Fake,6,,
SMAD3,STAT1,unknown,Fake,6,,
SMAD3,IFNG_2,unknown,Fake,6,,
SMAD3,BCL6,unknown,Fake,6,,
SMAD3,IL13,unknown,Fake,6,,
SMAD3,TBET_2,unknown,Fake,6,,
SMAD3,RUNX3,unknown,Fake,6,,
DLL1,NFAT,unknown,Fake,6,,
DLL1,IL27R,unknown,Fake,6,,
DLL1,TCR,unknown,Fake,6,,
DLL1,PRF1,unknown,Fake,6,,
DLL1,STAT3,unknown,Fake,6,,
DLL1,IL10,unknown,Fake,6,,
DLL1,NFKB,unknown,Fake,6,,
DLL1,IFNBR,unknown,Fake,6,,
DLL1,TGFBR,unknown,Fake,6,,
DLL1,IKB,unknown,Fake,6,,
DLL1,IL6R,unknown,Fake,6,,
DLL1,IL23,unknown,Fake,6,,
DLL1,IL35,unknown,Fake,6,,
DLL1,RORGT,unknown,Fake,6,,
DLL1,GATA3,unknown,Fake,6,,
DLL1,IL31,unknown,Fake,6,,
DLL1,CMAF,unknown,Fake,6,,
DLL1,IFNAR,unknown,Fake,6,,
DLL1,IL36R,unknown,Fake,6,,
DLL1,JAK1,unknown,Fake,6,,
DLL1,IL21R,unknown,Fake,6,,
DLL1,IL2RA,unknown,Fake,6,,
DLL1,IRAK,unknown,Fake,6,,
DLL1,IL5,unknown,Fake,6,,
DLL1,IL1R,unknown,Fake,6,,
DLL1,SMAD3,unknown,Fake,6,,
DLL1,IL29R,unknown,Fake,6,,
DLL1,PU1,unknown,Fake,6,,
DLL1,CD4,unknown,Fake,6,,
DLL1,IFNGR,unknown,Fake,6,,
DLL1,IL10R,unknown,Fake,6,,
DLL1,IL12RB1_2,unknown,Fake,6,,
DLL1,IL4R,unknown,Fake,6,,
DLL1,STAT5,unknown,Fake,6,,
DLL1,IL23R,unknown,Fake,6,,
DLL1,IL12RB2,unknown,Fake,6,,
DLL1,ST2,unknown,Fake,6,,
DLL1,IL4RA_2,unknown,Fake,6,,
DLL1,IFNGR_2,unknown,Fake,6,,
DLL1,TGFB,unknown,Fake,6,,
DLL1,IL7R,unknown,Fake,6,,
DLL1,SMAD2,unknown,Fake,6,,
DLL1,IL3,unknown,Fake,6,,
DLL1,IL2,unknown,Fake,6,,
DLL1,IL9,unknown,Fake,6,,
DLL1,STAT1_2,unknown,Fake,6,,
DLL1,IL2R,unknown,Fake,6,,
DLL1,IL18R,unknown,Fake,6,,
DLL1,SOCS1,unknown,Fake,6,,
DLL1,IL1R1,unknown,Fake,6,,
DLL1,CD8,unknown,Fake,6,,
DLL1,STAT5_2,unknown,Fake,6,,
DLL1,IL12R,unknown,Fake,6,,
DLL1,IL22,unknown,Fake,6,,
DLL1,IL4R_2,unknown,Fake,6,,
DLL1,proliferation,unknown,Fake,6,,
DLL1,IL15R,unknown,Fake,6,,
DLL1,IL17,unknown,Fake,6,,
DLL1,GZMB,unknown,Fake,6,,
DLL1,THPOK,unknown,Fake,6,,
DLL1,IL25R,unknown,Fake,6,,
DLL1,IL2R_2,unknown,Fake,6,,
DLL1,IFNG,unknown,Fake,6,,
DLL1,IL33R,unknown,Fake,6,,
DLL1,TBET,unknown,Fake,6,,
DLL1,IL4,unknown,Fake,6,,
DLL1,IL24,unknown,Fake,6,,
DLL1,IRF1,unknown,Fake,6,,
DLL1,EOMES,unknown,Fake,6,,
DLL1,FOXP3,unknown,Fake,6,,
DLL1,IL21,unknown,Fake,6,,
DLL1,IL25,unknown,Fake,6,,
DLL1,CD28,unknown,Fake,6,,
DLL1,STAT6,unknown,Fake,6,,
DLL1,IL6,unknown,Fake,6,,
DLL1,STAT4,unknown,Fake,6,,
DLL1,STAT1,unknown,Fake,6,,
DLL1,IFNG_2,unknown,Fake,6,,
DLL1,BCL6,unknown,Fake,6,,
DLL1,IL13,unknown,Fake,6,,
DLL1,TBET_2,unknown,Fake,6,,
DLL1,RUNX3,unknown,Fake,6,,
IL25_e,NFAT,unknown,Fake,6,,
IL25_e,IL27R,unknown,Fake,6,,
IL25_e,TCR,unknown,Fake,6,,
IL25_e,PRF1,unknown,Fake,6,,
IL25_e,STAT3,unknown,Fake,6,,
IL25_e,IL10,unknown,Fake,6,,
IL25_e,NFKB,unknown,Fake,6,,
IL25_e,IFNBR,unknown,Fake,6,,
IL25_e,TGFBR,unknown,Fake,6,,
IL25_e,IKB,unknown,Fake,6,,
IL25_e,IL6R,unknown,Fake,6,,
IL25_e,IL23,unknown,Fake,6,,
IL25_e,IL35,unknown,Fake,6,,
IL25_e,RORGT,unknown,Fake,6,,
IL25_e,GATA3,unknown,Fake,6,,
IL25_e,IL31,unknown,Fake,6,,
IL25_e,CMAF,unknown,Fake,6,,
IL25_e,IFNAR,unknown,Fake,6,,
IL25_e,IL36R,unknown,Fake,6,,
IL25_e,JAK1,unknown,Fake,6,,
IL25_e,IL21R,unknown,Fake,6,,
IL25_e,IL2RA,unknown,Fake,6,,
IL25_e,IRAK,unknown,Fake,6,,
IL25_e,IL5,unknown,Fake,6,,
IL25_e,IL1R,unknown,Fake,6,,
IL25_e,SMAD3,unknown,Fake,6,,
IL25_e,IL29R,unknown,Fake,6,,
IL25_e,PU1,unknown,Fake,6,,
IL25_e,CD4,unknown,Fake,6,,
IL25_e,IFNGR,unknown,Fake,6,,
IL25_e,IL10R,unknown,Fake,6,,
IL25_e,IL12RB1_2,unknown,Fake,6,,
IL25_e,IL4R,unknown,Fake,6,,
IL25_e,STAT5,unknown,Fake,6,,
IL25_e,IL23R,unknown,Fake,6,,
IL25_e,IL12RB2,unknown,Fake,6,,
IL25_e,ST2,unknown,Fake,6,,
IL25_e,IL4RA_2,unknown,Fake,6,,
IL25_e,IFNGR_2,unknown,Fake,6,,
IL25_e,TGFB,unknown,Fake,6,,
IL25_e,IL7R,unknown,Fake,6,,
IL25_e,SMAD2,unknown,Fake,6,,
IL25_e,IL3,unknown,Fake,6,,
IL25_e,IL2,unknown,Fake,6,,
IL25_e,IL9,unknown,Fake,6,,
IL25_e,NOTCH1,unknown,Fake,6,,
IL25_e,STAT1_2,unknown,Fake,6,,
IL25_e,IL2R,unknown,Fake,6,,
IL25_e,IL18R,unknown,Fake,6,,
IL25_e,SOCS1,unknown,Fake,6,,
IL25_e,IL1R1,unknown,Fake,6,,
IL25_e,CD8,unknown,Fake,6,,
IL25_e,STAT5_2,unknown,Fake,6,,
IL25_e,IL12R,unknown,Fake,6,,
IL25_e,IL22,unknown,Fake,6,,
IL25_e,IL4R_2,unknown,Fake,6,,
IL25_e,proliferation,unknown,Fake,6,,
IL25_e,IL15R,unknown,Fake,6,,
IL25_e,IL17,unknown,Fake,6,,
IL25_e,GZMB,unknown,Fake,6,,
IL25_e,THPOK,unknown,Fake,6,,
IL25_e,IL2R_2,unknown,Fake,6,,
IL25_e,IFNG,unknown,Fake,6,,
IL25_e,IL33R,unknown,Fake,6,,
IL25_e,TBET,unknown,Fake,6,,
IL25_e,IL4,unknown,Fake,6,,
IL25_e,IL24,unknown,Fake,6,,
IL25_e,IRF1,unknown,Fake,6,,
IL25_e,EOMES,unknown,Fake,6,,
IL25_e,FOXP3,unknown,Fake,6,,
IL25_e,IL21,unknown,Fake,6,,
IL25_e,IL25,unknown,Fake,6,,
IL25_e,CD28,unknown,Fake,6,,
IL25_e,STAT6,unknown,Fake,6,,
IL25_e,IL6,unknown,Fake,6,,
IL25_e,STAT4,unknown,Fake,6,,
IL25_e,STAT1,unknown,Fake,6,,
IL25_e,IFNG_2,unknown,Fake,6,,
IL25_e,BCL6,unknown,Fake,6,,
IL25_e,IL13,unknown,Fake,6,,
IL25_e,TBET_2,unknown,Fake,6,,
IL25_e,RUNX3,unknown,Fake,6,,
IL29R,NFAT,unknown,Fake,6,,
IL29R,IL27R,unknown,Fake,6,,
IL29R,TCR,unknown,Fake,6,,
IL29R,PRF1,unknown,Fake,6,,
IL29R,STAT3,unknown,Fake,6,,
IL29R,IL10,unknown,Fake,6,,
IL29R,NFKB,unknown,Fake,6,,
IL29R,IFNBR,unknown,Fake,6,,
IL29R,TGFBR,unknown,Fake,6,,
IL29R,IKB,unknown,Fake,6,,
IL29R,IL6R,unknown,Fake,6,,
IL29R,IL23,unknown,Fake,6,,
IL29R,IL35,unknown,Fake,6,,
IL29R,RORGT,unknown,Fake,6,,
IL29R,IL31,unknown,Fake,6,,
IL29R,CMAF,unknown,Fake,6,,
IL29R,IFNAR,unknown,Fake,6,,
IL29R,IL36R,unknown,Fake,6,,
IL29R,JAK1,unknown,Fake,6,,
IL29R,IL21R,unknown,Fake,6,,
IL29R,IL2RA,unknown,Fake,6,,
IL29R,IRAK,unknown,Fake,6,,
IL29R,IL5,unknown,Fake,6,,
IL29R,IL1R,unknown,Fake,6,,
IL29R,SMAD3,unknown,Fake,6,,
IL29R,IL29R,unknown,Fake,6,,
IL29R,PU1,unknown,Fake,6,,
IL29R,CD4,unknown,Fake,6,,
IL29R,IFNGR,unknown,Fake,6,,
IL29R,IL10R,unknown,Fake,6,,
IL29R,IL12RB1_2,unknown,Fake,6,,
IL29R,IL4R,unknown,Fake,6,,
IL29R,STAT5,unknown,Fake,6,,
IL29R,IL23R,unknown,Fake,6,,
IL29R,IL12RB2,unknown,Fake,6,,
IL29R,ST2,unknown,Fake,6,,
IL29R,IL4RA_2,unknown,Fake,6,,
IL29R,IFNGR_2,unknown,Fake,6,,
IL29R,TGFB,unknown,Fake,6,,
IL29R,IL7R,unknown,Fake,6,,
IL29R,SMAD2,unknown,Fake,6,,
IL29R,IL3,unknown,Fake,6,,
IL29R,IL2,unknown,Fake,6,,
IL29R,IL9,unknown,Fake,6,,
IL29R,NOTCH1,unknown,Fake,6,,
IL29R,STAT1_2,unknown,Fake,6,,
IL29R,IL2R,unknown,Fake,6,,
IL29R,IL18R,unknown,Fake,6,,
IL29R,SOCS1,unknown,Fake,6,,
IL29R,IL1R1,unknown,Fake,6,,
IL29R,CD8,unknown,Fake,6,,
IL29R,STAT5_2,unknown,Fake,6,,
IL29R,IL12R,unknown,Fake,6,,
IL29R,IL22,unknown,Fake,6,,
IL29R,IL4R_2,unknown,Fake,6,,
IL29R,proliferation,unknown,Fake,6,,
IL29R,IL15R,unknown,Fake,6,,
IL29R,IL17,unknown,Fake,6,,
IL29R,GZMB,unknown,Fake,6,,
IL29R,THPOK,unknown,Fake,6,,
IL29R,IL25R,unknown,Fake,6,,
IL29R,IL2R_2,unknown,Fake,6,,
IL29R,IFNG,unknown,Fake,6,,
IL29R,IL33R,unknown,Fake,6,,
IL29R,TBET,unknown,Fake,6,,
IL29R,IL4,unknown,Fake,6,,
IL29R,IL24,unknown,Fake,6,,
IL29R,IRF1,unknown,Fake,6,,
IL29R,EOMES,unknown,Fake,6,,
IL29R,FOXP3,unknown,Fake,6,,
IL29R,IL21,unknown,Fake,6,,
IL29R,IL25,unknown,Fake,6,,
IL29R,CD28,unknown,Fake,6,,
IL29R,STAT6,unknown,Fake,6,,
IL29R,IL6,unknown,Fake,6,,
IL29R,STAT4,unknown,Fake,6,,
IL29R,STAT1,unknown,Fake,6,,
IL29R,IFNG_2,unknown,Fake,6,,
IL29R,BCL6,unknown,Fake,6,,
IL29R,IL13,unknown,Fake,6,,
IL29R,TBET_2,unknown,Fake,6,,
IL29R,RUNX3,unknown,Fake,6,,
PU1,NFAT,unknown,Fake,6,,
PU1,IL27R,unknown,Fake,6,,
PU1,TCR,unknown,Fake,6,,
PU1,PRF1,unknown,Fake,6,,
PU1,STAT3,unknown,Fake,6,,
PU1,IL10,unknown,Fake,6,,
PU1,NFKB,unknown,Fake,6,,
PU1,IFNBR,unknown,Fake,6,,
PU1,TGFBR,unknown,Fake,6,,
PU1,IKB,unknown,Fake,6,,
PU1,IL6R,unknown,Fake,6,,
PU1,IL23,unknown,Fake,6,,
PU1,IL35,unknown,Fake,6,,
PU1,RORGT,unknown,Fake,6,,
PU1,IL31,unknown,Fake,6,,
PU1,CMAF,unknown,Fake,6,,
PU1,IFNAR,unknown,Fake,6,,
PU1,IL36R,unknown,Fake,6,,
PU1,JAK1,unknown,Fake,6,,
PU1,IL21R,unknown,Fake,6,,
PU1,IL2RA,unknown,Fake,6,,
PU1,IRAK,unknown,Fake,6,,
PU1,IL5,unknown,Fake,6,,
PU1,IL1R,unknown,Fake,6,,
PU1,SMAD3,unknown,Fake,6,,
PU1,IL29R,unknown,Fake,6,,
PU1,PU1,unknown,Fake,6,,
PU1,CD4,unknown,Fake,6,,
PU1,IFNGR,unknown,Fake,6,,
PU1,IL10R,unknown,Fake,6,,
PU1,IL12RB1_2,unknown,Fake,6,,
PU1,IL4R,unknown,Fake,6,,
PU1,STAT5,unknown,Fake,6,,
PU1,IL23R,unknown,Fake,6,,
PU1,IL12RB2,unknown,Fake,6,,
PU1,ST2,unknown,Fake,6,,
PU1,IL4RA_2,unknown,Fake,6,,
PU1,IFNGR_2,unknown,Fake,6,,
PU1,TGFB,unknown,Fake,6,,
PU1,IL7R,unknown,Fake,6,,
PU1,SMAD2,unknown,Fake,6,,
PU1,IL3,unknown,Fake,6,,
PU1,IL2,unknown,Fake,6,,
PU1,NOTCH1,unknown,Fake,6,,
PU1,STAT1_2,unknown,Fake,6,,
PU1,IL2R,unknown,Fake,6,,
PU1,IL18R,unknown,Fake,6,,
PU1,SOCS1,unknown,Fake,6,,
PU1,IL1R1,unknown,Fake,6,,
PU1,CD8,unknown,Fake,6,,
PU1,STAT5_2,unknown,Fake,6,,
PU1,IL12R,unknown,Fake,6,,
PU1,IL22,unknown,Fake,6,,
PU1,IL4R_2,unknown,Fake,6,,
PU1,proliferation,unknown,Fake,6,,
PU1,IL15R,unknown,Fake,6,,
PU1,IL17,unknown,Fake,6,,
PU1,GZMB,unknown,Fake,6,,
PU1,THPOK,unknown,Fake,6,,
PU1,IL25R,unknown,Fake,6,,
PU1,IL2R_2,unknown,Fake,6,,
PU1,IFNG,unknown,Fake,6,,
PU1,IL33R,unknown,Fake,6,,
PU1,TBET,unknown,Fake,6,,
PU1,IL4,unknown,Fake,6,,
PU1,IL24,unknown,Fake,6,,
PU1,IRF1,unknown,Fake,6,,
PU1,EOMES,unknown,Fake,6,,
PU1,FOXP3,unknown,Fake,6,,
PU1,IL21,unknown,Fake,6,,
PU1,IL25,unknown,Fake,6,,
PU1,CD28,unknown,Fake,6,,
PU1,STAT6,unknown,Fake,6,,
PU1,IL6,unknown,Fake,6,,
PU1,STAT4,unknown,Fake,6,,
PU1,STAT1,unknown,Fake,6,,
PU1,IFNG_2,unknown,Fake,6,,
PU1,BCL6,unknown,Fake,6,,
PU1,IL13,unknown,Fake,6,,
PU1,TBET_2,unknown,Fake,6,,
PU1,RUNX3,unknown,Fake,6,,
TGFB_e,NFAT,unknown,Fake,6,,
TGFB_e,IL27R,unknown,Fake,6,,
TGFB_e,TCR,unknown,Fake,6,,
TGFB_e,PRF1,unknown,Fake,6,,
TGFB_e,STAT3,unknown,Fake,6,,
TGFB_e,IL10,unknown,Fake,6,,
TGFB_e,NFKB,unknown,Fake,6,,
TGFB_e,IFNBR,unknown,Fake,6,,
TGFB_e,IKB,unknown,Fake,6,,
TGFB_e,IL6R,unknown,Fake,6,,
TGFB_e,IL23,unknown,Fake,6,,
TGFB_e,IL35,unknown,Fake,6,,
TGFB_e,RORGT,unknown,Fake,6,,
TGFB_e,GATA3,unknown,Fake,6,,
TGFB_e,IL31,unknown,Fake,6,,
TGFB_e,CMAF,unknown,Fake,6,,
TGFB_e,IFNAR,unknown,Fake,6,,
TGFB_e,IL36R,unknown,Fake,6,,
TGFB_e,JAK1,unknown,Fake,6,,
TGFB_e,IL21R,unknown,Fake,6,,
TGFB_e,IL2RA,unknown,Fake,6,,
TGFB_e,IRAK,unknown,Fake,6,,
TGFB_e,IL5,unknown,Fake,6,,
TGFB_e,IL1R,unknown,Fake,6,,
TGFB_e,SMAD3,unknown,Fake,6,,
TGFB_e,IL29R,unknown,Fake,6,,
TGFB_e,PU1,unknown,Fake,6,,
TGFB_e,CD4,unknown,Fake,6,,
TGFB_e,IFNGR,unknown,Fake,6,,
TGFB_e,IL10R,unknown,Fake,6,,
TGFB_e,IL12RB1_2,unknown,Fake,6,,
TGFB_e,IL4R,unknown,Fake,6,,
TGFB_e,STAT5,unknown,Fake,6,,
TGFB_e,IL23R,unknown,Fake,6,,
TGFB_e,IL12RB2,unknown,Fake,6,,
TGFB_e,ST2,unknown,Fake,6,,
TGFB_e,IL4RA_2,unknown,Fake,6,,
TGFB_e,IFNGR_2,unknown,Fake,6,,
TGFB_e,TGFB,unknown,Fake,6,,
TGFB_e,IL7R,unknown,Fake,6,,
TGFB_e,SMAD2,unknown,Fake,6,,
TGFB_e,IL3,unknown,Fake,6,,
TGFB_e,IL2,unknown,Fake,6,,
TGFB_e,IL9,unknown,Fake,6,,
TGFB_e,NOTCH1,unknown,Fake,6,,
TGFB_e,STAT1_2,unknown,Fake,6,,
TGFB_e,IL2R,unknown,Fake,6,,
TGFB_e,IL18R,unknown,Fake,6,,
TGFB_e,SOCS1,unknown,Fake,6,,
TGFB_e,IL1R1,unknown,Fake,6,,
TGFB_e,CD8,unknown,Fake,6,,
TGFB_e,STAT5_2,unknown,Fake,6,,
TGFB_e,IL12R,unknown,Fake,6,,
TGFB_e,IL22,unknown,Fake,6,,
TGFB_e,IL4R_2,unknown,Fake,6,,
TGFB_e,proliferation,unknown,Fake,6,,
TGFB_e,IL15R,unknown,Fake,6,,
TGFB_e,IL17,unknown,Fake,6,,
TGFB_e,GZMB,unknown,Fake,6,,
TGFB_e,THPOK,unknown,Fake,6,,
TGFB_e,IL25R,unknown,Fake,6,,
TGFB_e,IL2R_2,unknown,Fake,6,,
TGFB_e,IFNG,unknown,Fake,6,,
TGFB_e,IL33R,unknown,Fake,6,,
TGFB_e,TBET,unknown,Fake,6,,
TGFB_e,IL4,unknown,Fake,6,,
TGFB_e,IL24,unknown,Fake,6,,
TGFB_e,IRF1,unknown,Fake,6,,
TGFB_e,EOMES,unknown,Fake,6,,
TGFB_e,FOXP3,unknown,Fake,6,,
TGFB_e,IL21,unknown,Fake,6,,
TGFB_e,IL25,unknown,Fake,6,,
TGFB_e,CD28,unknown,Fake,6,,
TGFB_e,STAT6,unknown,Fake,6,,
TGFB_e,IL6,unknown,Fake,6,,
TGFB_e,STAT4,unknown,Fake,6,,
TGFB_e,STAT1,unknown,Fake,6,,
TGFB_e,IFNG_2,unknown,Fake,6,,
TGFB_e,BCL6,unknown,Fake,6,,
TGFB_e,IL13,unknown,Fake,6,,
TGFB_e,TBET_2,unknown,Fake,6,,
TGFB_e,RUNX3,unknown,Fake,6,,
CD4,NFAT,unknown,Fake,6,,
CD4,IL27R,unknown,Fake,6,,
CD4,TCR,unknown,Fake,6,,
CD4,PRF1,unknown,Fake,6,,
CD4,STAT3,unknown,Fake,6,,
CD4,IL10,unknown,Fake,6,,
CD4,NFKB,unknown,Fake,6,,
CD4,IFNBR,unknown,Fake,6,,
CD4,TGFBR,unknown,Fake,6,,
CD4,IKB,unknown,Fake,6,,
CD4,IL6R,unknown,Fake,6,,
CD4,IL23,unknown,Fake,6,,
CD4,IL35,unknown,Fake,6,,
CD4,RORGT,unknown,Fake,6,,
CD4,GATA3,unknown,Fake,6,,
CD4,IL31,unknown,Fake,6,,
CD4,CMAF,unknown,Fake,6,,
CD4,IFNAR,unknown,Fake,6,,
CD4,IL36R,unknown,Fake,6,,
CD4,JAK1,unknown,Fake,6,,
CD4,IL21R,unknown,Fake,6,,
CD4,IL2RA,unknown,Fake,6,,
CD4,IRAK,unknown,Fake,6,,
CD4,IL5,unknown,Fake,6,,
CD4,IL1R,unknown,Fake,6,,
CD4,SMAD3,unknown,Fake,6,,
CD4,IL29R,unknown,Fake,6,,
CD4,PU1,unknown,Fake,6,,
CD4,CD4,unknown,Fake,6,,
CD4,IFNGR,unknown,Fake,6,,
CD4,IL10R,unknown,Fake,6,,
CD4,IL12RB1_2,unknown,Fake,6,,
CD4,IL4R,unknown,Fake,6,,
CD4,STAT5,unknown,Fake,6,,
CD4,IL23R,unknown,Fake,6,,
CD4,IL12RB2,unknown,Fake,6,,
CD4,ST2,unknown,Fake,6,,
CD4,IL4RA_2,unknown,Fake,6,,
CD4,IFNGR_2,unknown,Fake,6,,
CD4,TGFB,unknown,Fake,6,,
CD4,IL7R,unknown,Fake,6,,
CD4,SMAD2,unknown,Fake,6,,
CD4,IL3,unknown,Fake,6,,
CD4,IL2,unknown,Fake,6,,
CD4,IL9,unknown,Fake,6,,
CD4,NOTCH1,unknown,Fake,6,,
CD4,STAT1_2,unknown,Fake,6,,
CD4,IL2R,unknown,Fake,6,,
CD4,IL18R,unknown,Fake,6,,
CD4,SOCS1,unknown,Fake,6,,
CD4,IL1R1,unknown,Fake,6,,
CD4,CD8,unknown,Fake,6,,
CD4,STAT5_2,unknown,Fake,6,,
CD4,IL12R,unknown,Fake,6,,
CD4,IL22,unknown,Fake,6,,
CD4,IL4R_2,unknown,Fake,6,,
CD4,proliferation,unknown,Fake,6,,
CD4,IL15R,unknown,Fake,6,,
CD4,IL17,unknown,Fake,6,,
CD4,GZMB,unknown,Fake,6,,
CD4,IL25R,unknown,Fake,6,,
CD4,IL2R_2,unknown,Fake,6,,
CD4,IFNG,unknown,Fake,6,,
CD4,IL33R,unknown,Fake,6,,
CD4,TBET,unknown,Fake,6,,
CD4,IL4,unknown,Fake,6,,
CD4,IL24,unknown,Fake,6,,
CD4,IRF1,unknown,Fake,6,,
CD4,EOMES,unknown,Fake,6,,
CD4,FOXP3,unknown,Fake,6,,
CD4,IL21,unknown,Fake,6,,
CD4,IL25,unknown,Fake,6,,
CD4,CD28,unknown,Fake,6,,
CD4,STAT6,unknown,Fake,6,,
CD4,IL6,unknown,Fake,6,,
CD4,STAT4,unknown,Fake,6,,
CD4,STAT1,unknown,Fake,6,,
CD4,IFNG_2,unknown,Fake,6,,
CD4,BCL6,unknown,Fake,6,,
CD4,IL13,unknown,Fake,6,,
CD4,TBET_2,unknown,Fake,6,,
CD4,RUNX3,unknown,Fake,6,,
IFNGR,NFAT,unknown,Fake,6,,
IFNGR,IL27R,unknown,Fake,6,,
IFNGR,TCR,unknown,Fake,6,,
IFNGR,PRF1,unknown,Fake,6,,
IFNGR,STAT3,unknown,Fake,6,,
IFNGR,IL10,unknown,Fake,6,,
IFNGR,NFKB,unknown,Fake,6,,
IFNGR,IFNBR,unknown,Fake,6,,
IFNGR,TGFBR,unknown,Fake,6,,
IFNGR,IKB,unknown,Fake,6,,
IFNGR,IL6R,unknown,Fake,6,,
IFNGR,IL23,unknown,Fake,6,,
IFNGR,IL35,unknown,Fake,6,,
IFNGR,RORGT,unknown,Fake,6,,
IFNGR,GATA3,unknown,Fake,6,,
IFNGR,IL31,unknown,Fake,6,,
IFNGR,CMAF,unknown,Fake,6,,
IFNGR,IFNAR,unknown,Fake,6,,
IFNGR,IL36R,unknown,Fake,6,,
IFNGR,IL21R,unknown,Fake,6,,
IFNGR,IL2RA,unknown,Fake,6,,
IFNGR,IRAK,unknown,Fake,6,,
IFNGR,IL5,unknown,Fake,6,,
IFNGR,IL1R,unknown,Fake,6,,
IFNGR,SMAD3,unknown,Fake,6,,
IFNGR,IL29R,unknown,Fake,6,,
IFNGR,PU1,unknown,Fake,6,,
IFNGR,CD4,unknown,Fake,6,,
IFNGR,IFNGR,unknown,Fake,6,,
IFNGR,IL10R,unknown,Fake,6,,
IFNGR,IL12RB1_2,unknown,Fake,6,,
IFNGR,IL4R,unknown,Fake,6,,
IFNGR,STAT5,unknown,Fake,6,,
IFNGR,IL23R,unknown,Fake,6,,
IFNGR,IL12RB2,unknown,Fake,6,,
IFNGR,ST2,unknown,Fake,6,,
IFNGR,IL4RA_2,unknown,Fake,6,,
IFNGR,TGFB,unknown,Fake,6,,
IFNGR,IL7R,unknown,Fake,6,,
IFNGR,SMAD2,unknown,Fake,6,,
IFNGR,IL3,unknown,Fake,6,,
IFNGR,IL2,unknown,Fake,6,,
IFNGR,IL9,unknown,Fake,6,,
IFNGR,NOTCH1,unknown,Fake,6,,
IFNGR,IL2R,unknown,Fake,6,,
IFNGR,IL18R,unknown,Fake,6,,
IFNGR,SOCS1,unknown,Fake,6,,
IFNGR,IL1R1,unknown,Fake,6,,
IFNGR,CD8,unknown,Fake,6,,
IFNGR,STAT5_2,unknown,Fake,6,,
IFNGR,IL12R,unknown,Fake,6,,
IFNGR,IL22,unknown,Fake,6,,
IFNGR,IL4R_2,unknown,Fake,6,,
IFNGR,proliferation,unknown,Fake,6,,
IFNGR,IL15R,unknown,Fake,6,,
IFNGR,IL17,unknown,Fake,6,,
IFNGR,GZMB,unknown,Fake,6,,
IFNGR,THPOK,unknown,Fake,6,,
IFNGR,IL25R,unknown,Fake,6,,
IFNGR,IL2R_2,unknown,Fake,6,,
IFNGR,IFNG,unknown,Fake,6,,
IFNGR,IL33R,unknown,Fake,6,,
IFNGR,TBET,unknown,Fake,6,,
IFNGR,IL4,unknown,Fake,6,,
IFNGR,IL24,unknown,Fake,6,,
IFNGR,IRF1,unknown,Fake,6,,
IFNGR,EOMES,unknown,Fake,6,,
IFNGR,FOXP3,unknown,Fake,6,,
IFNGR,IL21,unknown,Fake,6,,
IFNGR,IL25,unknown,Fake,6,,
IFNGR,CD28,unknown,Fake,6,,
IFNGR,STAT6,unknown,Fake,6,,
IFNGR,IL6,unknown,Fake,6,,
IFNGR,STAT4,unknown,Fake,6,,
IFNGR,IFNG_2,unknown,Fake,6,,
IFNGR,BCL6,unknown,Fake,6,,
IFNGR,IL13,unknown,Fake,6,,
IFNGR,TBET_2,unknown,Fake,6,,
IFNGR,RUNX3,unknown,Fake,6,,
IL10R,NFAT,unknown,Fake,6,,
IL10R,IL27R,unknown,Fake,6,,
IL10R,TCR,unknown,Fake,6,,
IL10R,PRF1,unknown,Fake,6,,
IL10R,IL10,unknown,Fake,6,,
IL10R,NFKB,unknown,Fake,6,,
IL10R,IFNBR,unknown,Fake,6,,
IL10R,TGFBR,unknown,Fake,6,,
IL10R,IKB,unknown,Fake,6,,
IL10R,IL6R,unknown,Fake,6,,
IL10R,IL23,unknown,Fake,6,,
IL10R,IL35,unknown,Fake,6,,
IL10R,RORGT,unknown,Fake,6,,
IL10R,GATA3,unknown,Fake,6,,
IL10R,IL31,unknown,Fake,6,,
IL10R,CMAF,unknown,Fake,6,,
IL10R,IFNAR,unknown,Fake,6,,
IL10R,IL36R,unknown,Fake,6,,
IL10R,JAK1,unknown,Fake,6,,
IL10R,IL21R,unknown,Fake,6,,
IL10R,IL2RA,unknown,Fake,6,,
IL10R,IRAK,unknown,Fake,6,,
IL10R,IL5,unknown,Fake,6,,
IL10R,IL1R,unknown,Fake,6,,
IL10R,SMAD3,unknown,Fake,6,,
IL10R,IL29R,unknown,Fake,6,,
IL10R,PU1,unknown,Fake,6,,
IL10R,CD4,unknown,Fake,6,,
IL10R,IFNGR,unknown,Fake,6,,
IL10R,IL10R,unknown,Fake,6,,
IL10R,IL12RB1_2,unknown,Fake,6,,
IL10R,IL4R,unknown,Fake,6,,
IL10R,STAT5,unknown,Fake,6,,
IL10R,IL23R,unknown,Fake,6,,
IL10R,IL12RB2,unknown,Fake,6,,
IL10R,ST2,unknown,Fake,6,,
IL10R,IL4RA_2,unknown,Fake,6,,
IL10R,IFNGR_2,unknown,Fake,6,,
IL10R,TGFB,unknown,Fake,6,,
IL10R,IL7R,unknown,Fake,6,,
IL10R,SMAD2,unknown,Fake,6,,
IL10R,IL3,unknown,Fake,6,,
IL10R,IL2,unknown,Fake,6,,
IL10R,IL9,unknown,Fake,6,,
IL10R,NOTCH1,unknown,Fake,6,,
IL10R,STAT1_2,unknown,Fake,6,,
IL10R,IL2R,unknown,Fake,6,,
IL10R,IL18R,unknown,Fake,6,,
IL10R,SOCS1,unknown,Fake,6,,
IL10R,IL1R1,unknown,Fake,6,,
IL10R,CD8,unknown,Fake,6,,
IL10R,STAT5_2,unknown,Fake,6,,
IL10R,IL12R,unknown,Fake,6,,
IL10R,IL22,unknown,Fake,6,,
IL10R,IL4R_2,unknown,Fake,6,,
IL10R,proliferation,unknown,Fake,6,,
IL10R,IL15R,unknown,Fake,6,,
IL10R,IL17,unknown,Fake,6,,
IL10R,GZMB,unknown,Fake,6,,
IL10R,THPOK,unknown,Fake,6,,
IL10R,IL25R,unknown,Fake,6,,
IL10R,IL2R_2,unknown,Fake,6,,
IL10R,IFNG,unknown,Fake,6,,
IL10R,IL33R,unknown,Fake,6,,
IL10R,TBET,unknown,Fake,6,,
IL10R,IL4,unknown,Fake,6,,
IL10R,IL24,unknown,Fake,6,,
IL10R,IRF1,unknown,Fake,6,,
IL10R,EOMES,unknown,Fake,6,,
IL10R,FOXP3,unknown,Fake,6,,
IL10R,IL21,unknown,Fake,6,,
IL10R,IL25,unknown,Fake,6,,
IL10R,CD28,unknown,Fake,6,,
IL10R,STAT6,unknown,Fake,6,,
IL10R,IL6,unknown,Fake,6,,
IL10R,STAT4,unknown,Fake,6,,
IL10R,STAT1,unknown,Fake,6,,
IL10R,IFNG_2,unknown,Fake,6,,
IL10R,BCL6,unknown,Fake,6,,
IL10R,IL13,unknown,Fake,6,,
IL10R,TBET_2,unknown,Fake,6,,
IL10R,RUNX3,unknown,Fake,6,,
IL12RB1_2,NFAT,unknown,Fake,6,,
IL12RB1_2,IL27R,unknown,Fake,6,,
IL12RB1_2,TCR,unknown,Fake,6,,
IL12RB1_2,PRF1,unknown,Fake,6,,
IL12RB1_2,STAT3,unknown,Fake,6,,
IL12RB1_2,IL10,unknown,Fake,6,,
IL12RB1_2,NFKB,unknown,Fake,6,,
IL12RB1_2,IFNBR,unknown,Fake,6,,
IL12RB1_2,TGFBR,unknown,Fake,6,,
IL12RB1_2,IKB,unknown,Fake,6,,
IL12RB1_2,IL6R,unknown,Fake,6,,
IL12RB1_2,IL23,unknown,Fake,6,,
IL12RB1_2,IL35,unknown,Fake,6,,
IL12RB1_2,RORGT,unknown,Fake,6,,
IL12RB1_2,GATA3,unknown,Fake,6,,
IL12RB1_2,IL31,unknown,Fake,6,,
IL12RB1_2,CMAF,unknown,Fake,6,,
IL12RB1_2,IFNAR,unknown,Fake,6,,
IL12RB1_2,IL36R,unknown,Fake,6,,
IL12RB1_2,JAK1,unknown,Fake,6,,
IL12RB1_2,IL21R,unknown,Fake,6,,
IL12RB1_2,IL2RA,unknown,Fake,6,,
IL12RB1_2,IRAK,unknown,Fake,6,,
IL12RB1_2,IL5,unknown,Fake,6,,
IL12RB1_2,IL1R,unknown,Fake,6,,
IL12RB1_2,SMAD3,unknown,Fake,6,,
IL12RB1_2,IL29R,unknown,Fake,6,,
IL12RB1_2,PU1,unknown,Fake,6,,
IL12RB1_2,CD4,unknown,Fake,6,,
IL12RB1_2,IFNGR,unknown,Fake,6,,
IL12RB1_2,IL10R,unknown,Fake,6,,
IL12RB1_2,IL12RB1_2,unknown,Fake,6,,
IL12RB1_2,IL4R,unknown,Fake,6,,
IL12RB1_2,STAT5,unknown,Fake,6,,
IL12RB1_2,IL23R,unknown,Fake,6,,
IL12RB1_2,IL12RB2,unknown,Fake,6,,
IL12RB1_2,ST2,unknown,Fake,6,,
IL12RB1_2,IL4RA_2,unknown,Fake,6,,
IL12RB1_2,IFNGR_2,unknown,Fake,6,,
IL12RB1_2,TGFB,unknown,Fake,6,,
IL12RB1_2,IL7R,unknown,Fake,6,,
IL12RB1_2,SMAD2,unknown,Fake,6,,
IL12RB1_2,IL3,unknown,Fake,6,,
IL12RB1_2,IL2,unknown,Fake,6,,
IL12RB1_2,IL9,unknown,Fake,6,,
IL12RB1_2,NOTCH1,unknown,Fake,6,,
IL12RB1_2,STAT1_2,unknown,Fake,6,,
IL12RB1_2,IL2R,unknown,Fake,6,,
IL12RB1_2,IL18R,unknown,Fake,6,,
IL12RB1_2,SOCS1,unknown,Fake,6,,
IL12RB1_2,IL1R1,unknown,Fake,6,,
IL12RB1_2,CD8,unknown,Fake,6,,
IL12RB1_2,STAT5_2,unknown,Fake,6,,
IL12RB1_2,IL22,unknown,Fake,6,,
IL12RB1_2,IL4R_2,unknown,Fake,6,,
IL12RB1_2,proliferation,unknown,Fake,6,,
IL12RB1_2,IL15R,unknown,Fake,6,,
IL12RB1_2,IL17,unknown,Fake,6,,
IL12RB1_2,GZMB,unknown,Fake,6,,
IL12RB1_2,THPOK,unknown,Fake,6,,
IL12RB1_2,IL25R,unknown,Fake,6,,
IL12RB1_2,IL2R_2,unknown,Fake,6,,
IL12RB1_2,IFNG,unknown,Fake,6,,
IL12RB1_2,IL33R,unknown,Fake,6,,
IL12RB1_2,TBET,unknown,Fake,6,,
IL12RB1_2,IL4,unknown,Fake,6,,
IL12RB1_2,IL24,unknown,Fake,6,,
IL12RB1_2,IRF1,unknown,Fake,6,,
IL12RB1_2,EOMES,unknown,Fake,6,,
IL12RB1_2,FOXP3,unknown,Fake,6,,
IL12RB1_2,IL21,unknown,Fake,6,,
IL12RB1_2,IL25,unknown,Fake,6,,
IL12RB1_2,CD28,unknown,Fake,6,,
IL12RB1_2,STAT6,unknown,Fake,6,,
IL12RB1_2,IL6,unknown,Fake,6,,
IL12RB1_2,STAT4,unknown,Fake,6,,
IL12RB1_2,STAT1,unknown,Fake,6,,
IL12RB1_2,IFNG_2,unknown,Fake,6,,
IL12RB1_2,BCL6,unknown,Fake,6,,
IL12RB1_2,IL13,unknown,Fake,6,,
IL12RB1_2,TBET_2,unknown,Fake,6,,
IL12RB1_2,RUNX3,unknown,Fake,6,,
IL4R,NFAT,unknown,Fake,6,,
IL4R,IL27R,unknown,Fake,6,,
IL4R,TCR,unknown,Fake,6,,
IL4R,PRF1,unknown,Fake,6,,
IL4R,STAT3,unknown,Fake,6,,
IL4R,IL10,unknown,Fake,6,,
IL4R,NFKB,unknown,Fake,6,,
IL4R,IFNBR,unknown,Fake,6,,
IL4R,TGFBR,unknown,Fake,6,,
IL4R,IKB,unknown,Fake,6,,
IL4R,IL6R,unknown,Fake,6,,
IL4R,IL23,unknown,Fake,6,,
IL4R,IL35,unknown,Fake,6,,
IL4R,RORGT,unknown,Fake,6,,
IL4R,GATA3,unknown,Fake,6,,
IL4R,IL31,unknown,Fake,6,,
IL4R,CMAF,unknown,Fake,6,,
IL4R,IFNAR,unknown,Fake,6,,
IL4R,IL36R,unknown,Fake,6,,
IL4R,JAK1,unknown,Fake,6,,
IL4R,IL21R,unknown,Fake,6,,
IL4R,IL2RA,unknown,Fake,6,,
IL4R,IRAK,unknown,Fake,6,,
IL4R,IL5,unknown,Fake,6,,
IL4R,IL1R,unknown,Fake,6,,
IL4R,SMAD3,unknown,Fake,6,,
IL4R,IL29R,unknown,Fake,6,,
IL4R,PU1,unknown,Fake,6,,
IL4R,CD4,unknown,Fake,6,,
IL4R,IFNGR,unknown,Fake,6,,
IL4R,IL10R,unknown,Fake,6,,
IL4R,IL12RB1_2,unknown,Fake,6,,
IL4R,IL4R,unknown,Fake,6,,
IL4R,IL23R,unknown,Fake,6,,
IL4R,IL12RB2,unknown,Fake,6,,
IL4R,ST2,unknown,Fake,6,,
IL4R,IL4RA_2,unknown,Fake,6,,
IL4R,IFNGR_2,unknown,Fake,6,,
IL4R,TGFB,unknown,Fake,6,,
IL4R,IL7R,unknown,Fake,6,,
IL4R,SMAD2,unknown,Fake,6,,
IL4R,IL3,unknown,Fake,6,,
IL4R,IL2,unknown,Fake,6,,
IL4R,IL9,unknown,Fake,6,,
IL4R,NOTCH1,unknown,Fake,6,,
IL4R,STAT1_2,unknown,Fake,6,,
IL4R,IL2R,unknown,Fake,6,,
IL4R,IL18R,unknown,Fake,6,,
IL4R,SOCS1,unknown,Fake,6,,
IL4R,IL1R1,unknown,Fake,6,,
IL4R,CD8,unknown,Fake,6,,
IL4R,IL12R,unknown,Fake,6,,
IL4R,IL22,unknown,Fake,6,,
IL4R,proliferation,unknown,Fake,6,,
IL4R,IL15R,unknown,Fake,6,,
IL4R,IL17,unknown,Fake,6,,
IL4R,GZMB,unknown,Fake,6,,
IL4R,THPOK,unknown,Fake,6,,
IL4R,IL25R,unknown,Fake,6,,
IL4R,IL2R_2,unknown,Fake,6,,
IL4R,IFNG,unknown,Fake,6,,
IL4R,IL33R,unknown,Fake,6,,
IL4R,TBET,unknown,Fake,6,,
IL4R,IL4,unknown,Fake,6,,
IL4R,IL24,unknown,Fake,6,,
IL4R,IRF1,unknown,Fake,6,,
IL4R,EOMES,unknown,Fake,6,,
IL4R,FOXP3,unknown,Fake,6,,
IL4R,IL21,unknown,Fake,6,,
IL4R,IL25,unknown,Fake,6,,
IL4R,CD28,unknown,Fake,6,,
IL4R,IL6,unknown,Fake,6,,
IL4R,STAT4,unknown,Fake,6,,
IL4R,STAT1,unknown,Fake,6,,
IL4R,IFNG_2,unknown,Fake,6,,
IL4R,BCL6,unknown,Fake,6,,
IL4R,IL13,unknown,Fake,6,,
IL4R,TBET_2,unknown,Fake,6,,
IL4R,RUNX3,unknown,Fake,6,,
STAT5,NFAT,unknown,Fake,6,,
STAT5,IL27R,unknown,Fake,6,,
STAT5,TCR,unknown,Fake,6,,
STAT5,PRF1,unknown,Fake,6,,
STAT5,STAT3,unknown,Fake,6,,
STAT5,IL10,unknown,Fake,6,,
STAT5,NFKB,unknown,Fake,6,,
STAT5,IFNBR,unknown,Fake,6,,
STAT5,TGFBR,unknown,Fake,6,,
STAT5,IKB,unknown,Fake,6,,
STAT5,IL6R,unknown,Fake,6,,
STAT5,IL23,unknown,Fake,6,,
STAT5,IL35,unknown,Fake,6,,
STAT5,RORGT,unknown,Fake,6,,
STAT5,IL31,unknown,Fake,6,,
STAT5,CMAF,unknown,Fake,6,,
STAT5,IFNAR,unknown,Fake,6,,
STAT5,IL36R,unknown,Fake,6,,
STAT5,JAK1,unknown,Fake,6,,
STAT5,IL21R,unknown,Fake,6,,
STAT5,IRAK,unknown,Fake,6,,
STAT5,IL5,unknown,Fake,6,,
STAT5,IL1R,unknown,Fake,6,,
STAT5,SMAD3,unknown,Fake,6,,
STAT5,IL29R,unknown,Fake,6,,
STAT5,PU1,unknown,Fake,6,,
STAT5,CD4,unknown,Fake,6,,
STAT5,IFNGR,unknown,Fake,6,,
STAT5,IL10R,unknown,Fake,6,,
STAT5,IL12RB1_2,unknown,Fake,6,,
STAT5,IL4R,unknown,Fake,6,,
STAT5,STAT5,unknown,Fake,6,,
STAT5,IL23R,unknown,Fake,6,,
STAT5,IL12RB2,unknown,Fake,6,,
STAT5,ST2,unknown,Fake,6,,
STAT5,IFNGR_2,unknown,Fake,6,,
STAT5,TGFB,unknown,Fake,6,,
STAT5,IL7R,unknown,Fake,6,,
STAT5,SMAD2,unknown,Fake,6,,
STAT5,IL3,unknown,Fake,6,,
STAT5,IL2,unknown,Fake,6,,
STAT5,IL9,unknown,Fake,6,,
STAT5,NOTCH1,unknown,Fake,6,,
STAT5,STAT1_2,unknown,Fake,6,,
STAT5,IL2R,unknown,Fake,6,,
STAT5,IL18R,unknown,Fake,6,,
STAT5,SOCS1,unknown,Fake,6,,
STAT5,IL1R1,unknown,Fake,6,,
STAT5,CD8,unknown,Fake,6,,
STAT5,IL12R,unknown,Fake,6,,
STAT5,IL22,unknown,Fake,6,,
STAT5,IL4R_2,unknown,Fake,6,,
STAT5,IL15R,unknown,Fake,6,,
STAT5,GZMB,unknown,Fake,6,,
STAT5,THPOK,unknown,Fake,6,,
STAT5,IL25R,unknown,Fake,6,,
STAT5,IL2R_2,unknown,Fake,6,,
STAT5,IFNG,unknown,Fake,6,,
STAT5,IL33R,unknown,Fake,6,,
STAT5,TBET,unknown,Fake,6,,
STAT5,IL24,unknown,Fake,6,,
STAT5,IRF1,unknown,Fake,6,,
STAT5,EOMES,unknown,Fake,6,,
STAT5,IL21,unknown,Fake,6,,
STAT5,IL25,unknown,Fake,6,,
STAT5,CD28,unknown,Fake,6,,
STAT5,STAT6,unknown,Fake,6,,
STAT5,IL6,unknown,Fake,6,,
STAT5,STAT4,unknown,Fake,6,,
STAT5,STAT1,unknown,Fake,6,,
STAT5,IFNG_2,unknown,Fake,6,,
STAT5,IL13,unknown,Fake,6,,
STAT5,TBET_2,unknown,Fake,6,,
IL12RB2,NFAT,unknown,Fake,6,,
IL12RB2,IL27R,unknown,Fake,6,,
IL12RB2,TCR,unknown,Fake,6,,
IL12RB2,PRF1,unknown,Fake,6,,
IL12RB2,STAT3,unknown,Fake,6,,
IL12RB2,IL10,unknown,Fake,6,,
IL12RB2,NFKB,unknown,Fake,6,,
IL12RB2,IFNBR,unknown,Fake,6,,
IL12RB2,TGFBR,unknown,Fake,6,,
IL12RB2,IKB,unknown,Fake,6,,
IL12RB2,IL6R,unknown,Fake,6,,
IL12RB2,IL23,unknown,Fake,6,,
IL12RB2,IL35,unknown,Fake,6,,
IL12RB2,RORGT,unknown,Fake,6,,
IL12RB2,GATA3,unknown,Fake,6,,
IL12RB2,IL31,unknown,Fake,6,,
IL12RB2,CMAF,unknown,Fake,6,,
IL12RB2,IFNAR,unknown,Fake,6,,
IL12RB2,IL36R,unknown,Fake,6,,
IL12RB2,JAK1,unknown,Fake,6,,
IL12RB2,IL21R,unknown,Fake,6,,
IL12RB2,IL2RA,unknown,Fake,6,,
IL12RB2,IRAK,unknown,Fake,6,,
IL12RB2,IL5,unknown,Fake,6,,
IL12RB2,IL1R,unknown,Fake,6,,
IL12RB2,SMAD3,unknown,Fake,6,,
IL12RB2,IL29R,unknown,Fake,6,,
IL12RB2,PU1,unknown,Fake,6,,
IL12RB2,CD4,unknown,Fake,6,,
IL12RB2,IFNGR,unknown,Fake,6,,
IL12RB2,IL10R,unknown,Fake,6,,
IL12RB2,IL12RB1_2,unknown,Fake,6,,
IL12RB2,IL4R,unknown,Fake,6,,
IL12RB2,STAT5,unknown,Fake,6,,
IL12RB2,IL23R,unknown,Fake,6,,
IL12RB2,IL12RB2,unknown,Fake,6,,
IL12RB2,ST2,unknown,Fake,6,,
IL12RB2,IL4RA_2,unknown,Fake,6,,
IL12RB2,IFNGR_2,unknown,Fake,6,,
IL12RB2,TGFB,unknown,Fake,6,,
IL12RB2,IL7R,unknown,Fake,6,,
IL12RB2,SMAD2,unknown,Fake,6,,
IL12RB2,IL3,unknown,Fake,6,,
IL12RB2,IL2,unknown,Fake,6,,
IL12RB2,IL9,unknown,Fake,6,,
IL12RB2,NOTCH1,unknown,Fake,6,,
IL12RB2,STAT1_2,unknown,Fake,6,,
IL12RB2,IL2R,unknown,Fake,6,,
IL12RB2,IL18R,unknown,Fake,6,,
IL12RB2,SOCS1,unknown,Fake,6,,
IL12RB2,IL1R1,unknown,Fake,6,,
IL12RB2,CD8,unknown,Fake,6,,
IL12RB2,STAT5_2,unknown,Fake,6,,
IL12RB2,IL22,unknown,Fake,6,,
IL12RB2,IL4R_2,unknown,Fake,6,,
IL12RB2,proliferation,unknown,Fake,6,,
IL12RB2,IL15R,unknown,Fake,6,,
IL12RB2,IL17,unknown,Fake,6,,
IL12RB2,GZMB,unknown,Fake,6,,
IL12RB2,THPOK,unknown,Fake,6,,
IL12RB2,IL25R,unknown,Fake,6,,
IL12RB2,IL2R_2,unknown,Fake,6,,
IL12RB2,IFNG,unknown,Fake,6,,
IL12RB2,IL33R,unknown,Fake,6,,
IL12RB2,TBET,unknown,Fake,6,,
IL12RB2,IL4,unknown,Fake,6,,
IL12RB2,IL24,unknown,Fake,6,,
IL12RB2,IRF1,unknown,Fake,6,,
IL12RB2,EOMES,unknown,Fake,6,,
IL12RB2,FOXP3,unknown,Fake,6,,
IL12RB2,IL21,unknown,Fake,6,,
IL12RB2,IL25,unknown,Fake,6,,
IL12RB2,CD28,unknown,Fake,6,,
IL12RB2,STAT6,unknown,Fake,6,,
IL12RB2,IL6,unknown,Fake,6,,
IL12RB2,STAT4,unknown,Fake,6,,
IL12RB2,STAT1,unknown,Fake,6,,
IL12RB2,IFNG_2,unknown,Fake,6,,
IL12RB2,BCL6,unknown,Fake,6,,
IL12RB2,IL13,unknown,Fake,6,,
IL12RB2,TBET_2,unknown,Fake,6,,
IL12RB2,RUNX3,unknown,Fake,6,,
IL23R,NFAT,unknown,Fake,6,,
IL23R,IL27R,unknown,Fake,6,,
IL23R,TCR,unknown,Fake,6,,
IL23R,PRF1,unknown,Fake,6,,
IL23R,IL10,unknown,Fake,6,,
IL23R,NFKB,unknown,Fake,6,,
IL23R,IFNBR,unknown,Fake,6,,
IL23R,TGFBR,unknown,Fake,6,,
IL23R,IKB,unknown,Fake,6,,
IL23R,IL6R,unknown,Fake,6,,
IL23R,IL23,unknown,Fake,6,,
IL23R,IL35,unknown,Fake,6,,
IL23R,RORGT,unknown,Fake,6,,
IL23R,GATA3,unknown,Fake,6,,
IL23R,IL31,unknown,Fake,6,,
IL23R,CMAF,unknown,Fake,6,,
IL23R,IFNAR,unknown,Fake,6,,
IL23R,IL36R,unknown,Fake,6,,
IL23R,JAK1,unknown,Fake,6,,
IL23R,IL21R,unknown,Fake,6,,
IL23R,IL2RA,unknown,Fake,6,,
IL23R,IRAK,unknown,Fake,6,,
IL23R,IL5,unknown,Fake,6,,
IL23R,IL1R,unknown,Fake,6,,
IL23R,SMAD3,unknown,Fake,6,,
IL23R,IL29R,unknown,Fake,6,,
IL23R,PU1,unknown,Fake,6,,
IL23R,CD4,unknown,Fake,6,,
IL23R,IFNGR,unknown,Fake,6,,
IL23R,IL10R,unknown,Fake,6,,
IL23R,IL12RB1_2,unknown,Fake,6,,
IL23R,IL4R,unknown,Fake,6,,
IL23R,STAT5,unknown,Fake,6,,
IL23R,IL23R,unknown,Fake,6,,
IL23R,IL12RB2,unknown,Fake,6,,
IL23R,ST2,unknown,Fake,6,,
IL23R,IL4RA_2,unknown,Fake,6,,
IL23R,IFNGR_2,unknown,Fake,6,,
IL23R,TGFB,unknown,Fake,6,,
IL23R,IL7R,unknown,Fake,6,,
IL23R,SMAD2,unknown,Fake,6,,
IL23R,IL3,unknown,Fake,6,,
IL23R,IL2,unknown,Fake,6,,
IL23R,IL9,unknown,Fake,6,,
IL23R,NOTCH1,unknown,Fake,6,,
IL23R,STAT1_2,unknown,Fake,6,,
IL23R,IL2R,unknown,Fake,6,,
IL23R,IL18R,unknown,Fake,6,,
IL23R,SOCS1,unknown,Fake,6,,
IL23R,IL1R1,unknown,Fake,6,,
IL23R,CD8,unknown,Fake,6,,
IL23R,STAT5_2,unknown,Fake,6,,
IL23R,IL12R,unknown,Fake,6,,
IL23R,IL22,unknown,Fake,6,,
IL23R,IL4R_2,unknown,Fake,6,,
IL23R,proliferation,unknown,Fake,6,,
IL23R,IL15R,unknown,Fake,6,,
IL23R,IL17,unknown,Fake,6,,
IL23R,GZMB,unknown,Fake,6,,
IL23R,THPOK,unknown,Fake,6,,
IL23R,IL25R,unknown,Fake,6,,
IL23R,IL2R_2,unknown,Fake,6,,
IL23R,IFNG,unknown,Fake,6,,
IL23R,IL33R,unknown,Fake,6,,
IL23R,TBET,unknown,Fake,6,,
IL23R,IL4,unknown,Fake,6,,
IL23R,IL24,unknown,Fake,6,,
IL23R,IRF1,unknown,Fake,6,,
IL23R,EOMES,unknown,Fake,6,,
IL23R,FOXP3,unknown,Fake,6,,
IL23R,IL21,unknown,Fake,6,,
IL23R,IL25,unknown,Fake,6,,
IL23R,CD28,unknown,Fake,6,,
IL23R,STAT6,unknown,Fake,6,,
IL23R,IL6,unknown,Fake,6,,
IL23R,STAT4,unknown,Fake,6,,
IL23R,STAT1,unknown,Fake,6,,
IL23R,IFNG_2,unknown,Fake,6,,
IL23R,BCL6,unknown,Fake,6,,
IL23R,IL13,unknown,Fake,6,,
IL23R,TBET_2,unknown,Fake,6,,
IL23R,RUNX3,unknown,Fake,6,,
IFNG_e,NFAT,unknown,Fake,6,,
IFNG_e,IL27R,unknown,Fake,6,,
IFNG_e,TCR,unknown,Fake,6,,
IFNG_e,PRF1,unknown,Fake,6,,
IFNG_e,STAT3,unknown,Fake,6,,
IFNG_e,IL10,unknown,Fake,6,,
IFNG_e,NFKB,unknown,Fake,6,,
IFNG_e,IFNBR,unknown,Fake,6,,
IFNG_e,TGFBR,unknown,Fake,6,,
IFNG_e,IKB,unknown,Fake,6,,
IFNG_e,IL6R,unknown,Fake,6,,
IFNG_e,IL23,unknown,Fake,6,,
IFNG_e,IL35,unknown,Fake,6,,
IFNG_e,RORGT,unknown,Fake,6,,
IFNG_e,GATA3,unknown,Fake,6,,
IFNG_e,IL31,unknown,Fake,6,,
IFNG_e,CMAF,unknown,Fake,6,,
IFNG_e,IFNAR,unknown,Fake,6,,
IFNG_e,IL36R,unknown,Fake,6,,
IFNG_e,JAK1,unknown,Fake,6,,
IFNG_e,IL21R,unknown,Fake,6,,
IFNG_e,IL2RA,unknown,Fake,6,,
IFNG_e,IRAK,unknown,Fake,6,,
IFNG_e,IL5,unknown,Fake,6,,
IFNG_e,IL1R,unknown,Fake,6,,
IFNG_e,SMAD3,unknown,Fake,6,,
IFNG_e,IL29R,unknown,Fake,6,,
IFNG_e,PU1,unknown,Fake,6,,
IFNG_e,CD4,unknown,Fake,6,,
IFNG_e,IL10R,unknown,Fake,6,,
IFNG_e,IL12RB1_2,unknown,Fake,6,,
IFNG_e,IL4R,unknown,Fake,6,,
IFNG_e,STAT5,unknown,Fake,6,,
IFNG_e,IL23R,unknown,Fake,6,,
IFNG_e,IL12RB2,unknown,Fake,6,,
IFNG_e,ST2,unknown,Fake,6,,
IFNG_e,IL4RA_2,unknown,Fake,6,,
IFNG_e,TGFB,unknown,Fake,6,,
IFNG_e,IL7R,unknown,Fake,6,,
IFNG_e,SMAD2,unknown,Fake,6,,
IFNG_e,IL3,unknown,Fake,6,,
IFNG_e,IL2,unknown,Fake,6,,
IFNG_e,IL9,unknown,Fake,6,,
IFNG_e,NOTCH1,unknown,Fake,6,,
IFNG_e,STAT1_2,unknown,Fake,6,,
IFNG_e,IL2R,unknown,Fake,6,,
IFNG_e,IL18R,unknown,Fake,6,,
IFNG_e,SOCS1,unknown,Fake,6,,
IFNG_e,IL1R1,unknown,Fake,6,,
IFNG_e,CD8,unknown,Fake,6,,
IFNG_e,STAT5_2,unknown,Fake,6,,
IFNG_e,IL12R,unknown,Fake,6,,
IFNG_e,IL22,unknown,Fake,6,,
IFNG_e,IL4R_2,unknown,Fake,6,,
IFNG_e,proliferation,unknown,Fake,6,,
IFNG_e,IL15R,unknown,Fake,6,,
IFNG_e,IL17,unknown,Fake,6,,
IFNG_e,GZMB,unknown,Fake,6,,
IFNG_e,THPOK,unknown,Fake,6,,
IFNG_e,IL25R,unknown,Fake,6,,
IFNG_e,IL2R_2,unknown,Fake,6,,
IFNG_e,IFNG,unknown,Fake,6,,
IFNG_e,IL33R,unknown,Fake,6,,
IFNG_e,TBET,unknown,Fake,6,,
IFNG_e,IL4,unknown,Fake,6,,
IFNG_e,IL24,unknown,Fake,6,,
IFNG_e,IRF1,unknown,Fake,6,,
IFNG_e,EOMES,unknown,Fake,6,,
IFNG_e,FOXP3,unknown,Fake,6,,
IFNG_e,IL21,unknown,Fake,6,,
IFNG_e,IL25,unknown,Fake,6,,
IFNG_e,CD28,unknown,Fake,6,,
IFNG_e,STAT6,unknown,Fake,6,,
IFNG_e,IL6,unknown,Fake,6,,
IFNG_e,STAT4,unknown,Fake,6,,
IFNG_e,STAT1,unknown,Fake,6,,
IFNG_e,IFNG_2,unknown,Fake,6,,
IFNG_e,BCL6,unknown,Fake,6,,
IFNG_e,IL13,unknown,Fake,6,,
IFNG_e,TBET_2,unknown,Fake,6,,
IFNG_e,RUNX3,unknown,Fake,6,,
ST2,NFAT,unknown,Fake,6,,
ST2,IL27R,unknown,Fake,6,,
ST2,TCR,unknown,Fake,6,,
ST2,PRF1,unknown,Fake,6,,
ST2,STAT3,unknown,Fake,6,,
ST2,IL10,unknown,Fake,6,,
ST2,NFKB,unknown,Fake,6,,
ST2,IFNBR,unknown,Fake,6,,
ST2,TGFBR,unknown,Fake,6,,
ST2,IKB,unknown,Fake,6,,
ST2,IL6R,unknown,Fake,6,,
ST2,IL23,unknown,Fake,6,,
ST2,IL35,unknown,Fake,6,,
ST2,RORGT,unknown,Fake,6,,
ST2,GATA3,unknown,Fake,6,,
ST2,IL31,unknown,Fake,6,,
ST2,CMAF,unknown,Fake,6,,
ST2,IFNAR,unknown,Fake,6,,
ST2,IL36R,unknown,Fake,6,,
ST2,JAK1,unknown,Fake,6,,
ST2,IL21R,unknown,Fake,6,,
ST2,IL2RA,unknown,Fake,6,,
ST2,IRAK,unknown,Fake,6,,
ST2,IL5,unknown,Fake,6,,
ST2,IL1R,unknown,Fake,6,,
ST2,SMAD3,unknown,Fake,6,,
ST2,IL29R,unknown,Fake,6,,
ST2,PU1,unknown,Fake,6,,
ST2,CD4,unknown,Fake,6,,
ST2,IFNGR,unknown,Fake,6,,
ST2,IL10R,unknown,Fake,6,,
ST2,IL12RB1_2,unknown,Fake,6,,
ST2,IL4R,unknown,Fake,6,,
ST2,STAT5,unknown,Fake,6,,
ST2,IL23R,unknown,Fake,6,,
ST2,IL12RB2,unknown,Fake,6,,
ST2,ST2,unknown,Fake,6,,
ST2,IL4RA_2,unknown,Fake,6,,
ST2,IFNGR_2,unknown,Fake,6,,
ST2,TGFB,unknown,Fake,6,,
ST2,IL7R,unknown,Fake,6,,
ST2,SMAD2,unknown,Fake,6,,
ST2,IL3,unknown,Fake,6,,
ST2,IL2,unknown,Fake,6,,
ST2,IL9,unknown,Fake,6,,
ST2,NOTCH1,unknown,Fake,6,,
ST2,STAT1_2,unknown,Fake,6,,
ST2,IL2R,unknown,Fake,6,,
ST2,IL18R,unknown,Fake,6,,
ST2,SOCS1,unknown,Fake,6,,
ST2,IL1R1,unknown,Fake,6,,
ST2,CD8,unknown,Fake,6,,
ST2,STAT5_2,unknown,Fake,6,,
ST2,IL12R,unknown,Fake,6,,
ST2,IL22,unknown,Fake,6,,
ST2,IL4R_2,unknown,Fake,6,,
ST2,proliferation,unknown,Fake,6,,
ST2,IL15R,unknown,Fake,6,,
ST2,IL17,unknown,Fake,6,,
ST2,GZMB,unknown,Fake,6,,
ST2,THPOK,unknown,Fake,6,,
ST2,IL25R,unknown,Fake,6,,
ST2,IL2R_2,unknown,Fake,6,,
ST2,IFNG,unknown,Fake,6,,
ST2,TBET,unknown,Fake,6,,
ST2,IL4,unknown,Fake,6,,
ST2,IL24,unknown,Fake,6,,
ST2,IRF1,unknown,Fake,6,,
ST2,EOMES,unknown,Fake,6,,
ST2,FOXP3,unknown,Fake,6,,
ST2,IL21,unknown,Fake,6,,
ST2,IL25,unknown,Fake,6,,
ST2,CD28,unknown,Fake,6,,
ST2,STAT6,unknown,Fake,6,,
ST2,IL6,unknown,Fake,6,,
ST2,STAT4,unknown,Fake,6,,
ST2,STAT1,unknown,Fake,6,,
ST2,IFNG_2,unknown,Fake,6,,
ST2,BCL6,unknown,Fake,6,,
ST2,IL13,unknown,Fake,6,,
ST2,TBET_2,unknown,Fake,6,,
ST2,RUNX3,unknown,Fake,6,,
IL4RA_2,NFAT,unknown,Fake,6,,
IL4RA_2,IL27R,unknown,Fake,6,,
IL4RA_2,TCR,unknown,Fake,6,,
IL4RA_2,PRF1,unknown,Fake,6,,
IL4RA_2,STAT3,unknown,Fake,6,,
IL4RA_2,IL10,unknown,Fake,6,,
IL4RA_2,NFKB,unknown,Fake,6,,
IL4RA_2,IFNBR,unknown,Fake,6,,
IL4RA_2,TGFBR,unknown,Fake,6,,
IL4RA_2,IKB,unknown,Fake,6,,
IL4RA_2,IL6R,unknown,Fake,6,,
IL4RA_2,IL23,unknown,Fake,6,,
IL4RA_2,IL35,unknown,Fake,6,,
IL4RA_2,RORGT,unknown,Fake,6,,
IL4RA_2,GATA3,unknown,Fake,6,,
IL4RA_2,IL31,unknown,Fake,6,,
IL4RA_2,CMAF,unknown,Fake,6,,
IL4RA_2,IFNAR,unknown,Fake,6,,
IL4RA_2,IL36R,unknown,Fake,6,,
IL4RA_2,JAK1,unknown,Fake,6,,
IL4RA_2,IL21R,unknown,Fake,6,,
IL4RA_2,IL2RA,unknown,Fake,6,,
IL4RA_2,IRAK,unknown,Fake,6,,
IL4RA_2,IL5,unknown,Fake,6,,
IL4RA_2,IL1R,unknown,Fake,6,,
IL4RA_2,SMAD3,unknown,Fake,6,,
IL4RA_2,IL29R,unknown,Fake,6,,
IL4RA_2,PU1,unknown,Fake,6,,
IL4RA_2,CD4,unknown,Fake,6,,
IL4RA_2,IFNGR,unknown,Fake,6,,
IL4RA_2,IL10R,unknown,Fake,6,,
IL4RA_2,IL12RB1_2,unknown,Fake,6,,
IL4RA_2,IL4R,unknown,Fake,6,,
IL4RA_2,STAT5,unknown,Fake,6,,
IL4RA_2,IL23R,unknown,Fake,6,,
IL4RA_2,IL12RB2,unknown,Fake,6,,
IL4RA_2,ST2,unknown,Fake,6,,
IL4RA_2,IL4RA_2,unknown,Fake,6,,
IL4RA_2,IFNGR_2,unknown,Fake,6,,
IL4RA_2,TGFB,unknown,Fake,6,,
IL4RA_2,IL7R,unknown,Fake,6,,
IL4RA_2,SMAD2,unknown,Fake,6,,
IL4RA_2,IL3,unknown,Fake,6,,
IL4RA_2,IL2,unknown,Fake,6,,
IL4RA_2,IL9,unknown,Fake,6,,
IL4RA_2,NOTCH1,unknown,Fake,6,,
IL4RA_2,STAT1_2,unknown,Fake,6,,
IL4RA_2,IL2R,unknown,Fake,6,,
IL4RA_2,IL18R,unknown,Fake,6,,
IL4RA_2,SOCS1,unknown,Fake,6,,
IL4RA_2,IL1R1,unknown,Fake,6,,
IL4RA_2,CD8,unknown,Fake,6,,
IL4RA_2,STAT5_2,unknown,Fake,6,,
IL4RA_2,IL12R,unknown,Fake,6,,
IL4RA_2,IL22,unknown,Fake,6,,
IL4RA_2,proliferation,unknown,Fake,6,,
IL4RA_2,IL15R,unknown,Fake,6,,
IL4RA_2,IL17,unknown,Fake,6,,
IL4RA_2,GZMB,unknown,Fake,6,,
IL4RA_2,THPOK,unknown,Fake,6,,
IL4RA_2,IL25R,unknown,Fake,6,,
IL4RA_2,IL2R_2,unknown,Fake,6,,
IL4RA_2,IFNG,unknown,Fake,6,,
IL4RA_2,IL33R,unknown,Fake,6,,
IL4RA_2,TBET,unknown,Fake,6,,
IL4RA_2,IL4,unknown,Fake,6,,
IL4RA_2,IL24,unknown,Fake,6,,
IL4RA_2,IRF1,unknown,Fake,6,,
IL4RA_2,EOMES,unknown,Fake,6,,
IL4RA_2,FOXP3,unknown,Fake,6,,
IL4RA_2,IL21,unknown,Fake,6,,
IL4RA_2,IL25,unknown,Fake,6,,
IL4RA_2,CD28,unknown,Fake,6,,
IL4RA_2,STAT6,unknown,Fake,6,,
IL4RA_2,IL6,unknown,Fake,6,,
IL4RA_2,STAT4,unknown,Fake,6,,
IL4RA_2,STAT1,unknown,Fake,6,,
IL4RA_2,IFNG_2,unknown,Fake,6,,
IL4RA_2,BCL6,unknown,Fake,6,,
IL4RA_2,IL13,unknown,Fake,6,,
IL4RA_2,TBET_2,unknown,Fake,6,,
IL4RA_2,RUNX3,unknown,Fake,6,,
IFNGR_2,NFAT,unknown,Fake,6,,
IFNGR_2,IL27R,unknown,Fake,6,,
IFNGR_2,TCR,unknown,Fake,6,,
IFNGR_2,PRF1,unknown,Fake,6,,
IFNGR_2,STAT3,unknown,Fake,6,,
IFNGR_2,IL10,unknown,Fake,6,,
IFNGR_2,NFKB,unknown,Fake,6,,
IFNGR_2,IFNBR,unknown,Fake,6,,
IFNGR_2,TGFBR,unknown,Fake,6,,
IFNGR_2,IKB,unknown,Fake,6,,
IFNGR_2,IL6R,unknown,Fake,6,,
IFNGR_2,IL23,unknown,Fake,6,,
IFNGR_2,IL35,unknown,Fake,6,,
IFNGR_2,RORGT,unknown,Fake,6,,
IFNGR_2,GATA3,unknown,Fake,6,,
IFNGR_2,IL31,unknown,Fake,6,,
IFNGR_2,CMAF,unknown,Fake,6,,
IFNGR_2,IFNAR,unknown,Fake,6,,
IFNGR_2,IL36R,unknown,Fake,6,,
IFNGR_2,IL21R,unknown,Fake,6,,
IFNGR_2,IL2RA,unknown,Fake,6,,
IFNGR_2,IRAK,unknown,Fake,6,,
IFNGR_2,IL5,unknown,Fake,6,,
IFNGR_2,IL1R,unknown,Fake,6,,
IFNGR_2,SMAD3,unknown,Fake,6,,
IFNGR_2,IL29R,unknown,Fake,6,,
IFNGR_2,PU1,unknown,Fake,6,,
IFNGR_2,CD4,unknown,Fake,6,,
IFNGR_2,IFNGR,unknown,Fake,6,,
IFNGR_2,IL10R,unknown,Fake,6,,
IFNGR_2,IL12RB1_2,unknown,Fake,6,,
IFNGR_2,IL4R,unknown,Fake,6,,
IFNGR_2,STAT5,unknown,Fake,6,,
IFNGR_2,IL23R,unknown,Fake,6,,
IFNGR_2,IL12RB2,unknown,Fake,6,,
IFNGR_2,ST2,unknown,Fake,6,,
IFNGR_2,IL4RA_2,unknown,Fake,6,,
IFNGR_2,IFNGR_2,unknown,Fake,6,,
IFNGR_2,TGFB,unknown,Fake,6,,
IFNGR_2,IL7R,unknown,Fake,6,,
IFNGR_2,SMAD2,unknown,Fake,6,,
IFNGR_2,IL3,unknown,Fake,6,,
IFNGR_2,IL2,unknown,Fake,6,,
IFNGR_2,IL9,unknown,Fake,6,,
IFNGR_2,NOTCH1,unknown,Fake,6,,
IFNGR_2,IL2R,unknown,Fake,6,,
IFNGR_2,IL18R,unknown,Fake,6,,
IFNGR_2,SOCS1,unknown,Fake,6,,
IFNGR_2,IL1R1,unknown,Fake,6,,
IFNGR_2,CD8,unknown,Fake,6,,
IFNGR_2,STAT5_2,unknown,Fake,6,,
IFNGR_2,IL12R,unknown,Fake,6,,
IFNGR_2,IL22,unknown,Fake,6,,
IFNGR_2,IL4R_2,unknown,Fake,6,,
IFNGR_2,proliferation,unknown,Fake,6,,
IFNGR_2,IL15R,unknown,Fake,6,,
IFNGR_2,IL17,unknown,Fake,6,,
IFNGR_2,GZMB,unknown,Fake,6,,
IFNGR_2,THPOK,unknown,Fake,6,,
IFNGR_2,IL25R,unknown,Fake,6,,
IFNGR_2,IL2R_2,unknown,Fake,6,,
IFNGR_2,IFNG,unknown,Fake,6,,
IFNGR_2,IL33R,unknown,Fake,6,,
IFNGR_2,TBET,unknown,Fake,6,,
IFNGR_2,IL4,unknown,Fake,6,,
IFNGR_2,IL24,unknown,Fake,6,,
IFNGR_2,IRF1,unknown,Fake,6,,
IFNGR_2,EOMES,unknown,Fake,6,,
IFNGR_2,FOXP3,unknown,Fake,6,,
IFNGR_2,IL21,unknown,Fake,6,,
IFNGR_2,IL25,unknown,Fake,6,,
IFNGR_2,CD28,unknown,Fake,6,,
IFNGR_2,STAT6,unknown,Fake,6,,
IFNGR_2,IL6,unknown,Fake,6,,
IFNGR_2,STAT4,unknown,Fake,6,,
IFNGR_2,IFNG_2,unknown,Fake,6,,
IFNGR_2,BCL6,unknown,Fake,6,,
IFNGR_2,IL13,unknown,Fake,6,,
IFNGR_2,TBET_2,unknown,Fake,6,,
IFNGR_2,RUNX3,unknown,Fake,6,,
IL23_e,NFAT,unknown,Fake,6,,
IL23_e,IL27R,unknown,Fake,6,,
IL23_e,TCR,unknown,Fake,6,,
IL23_e,PRF1,unknown,Fake,6,,
IL23_e,STAT3,unknown,Fake,6,,
IL23_e,IL10,unknown,Fake,6,,
IL23_e,NFKB,unknown,Fake,6,,
IL23_e,IFNBR,unknown,Fake,6,,
IL23_e,TGFBR,unknown,Fake,6,,
IL23_e,IKB,unknown,Fake,6,,
IL23_e,IL6R,unknown,Fake,6,,
IL23_e,IL23,unknown,Fake,6,,
IL23_e,IL35,unknown,Fake,6,,
IL23_e,RORGT,unknown,Fake,6,,
IL23_e,GATA3,unknown,Fake,6,,
IL23_e,IL31,unknown,Fake,6,,
IL23_e,CMAF,unknown,Fake,6,,
IL23_e,IFNAR,unknown,Fake,6,,
IL23_e,IL36R,unknown,Fake,6,,
IL23_e,JAK1,unknown,Fake,6,,
IL23_e,IL21R,unknown,Fake,6,,
IL23_e,IL2RA,unknown,Fake,6,,
IL23_e,IRAK,unknown,Fake,6,,
IL23_e,IL5,unknown,Fake,6,,
IL23_e,IL1R,unknown,Fake,6,,
IL23_e,SMAD3,unknown,Fake,6,,
IL23_e,IL29R,unknown,Fake,6,,
IL23_e,PU1,unknown,Fake,6,,
IL23_e,CD4,unknown,Fake,6,,
IL23_e,IFNGR,unknown,Fake,6,,
IL23_e,IL10R,unknown,Fake,6,,
IL23_e,IL12RB1_2,unknown,Fake,6,,
IL23_e,IL4R,unknown,Fake,6,,
IL23_e,STAT5,unknown,Fake,6,,
IL23_e,IL12RB2,unknown,Fake,6,,
IL23_e,ST2,unknown,Fake,6,,
IL23_e,IL4RA_2,unknown,Fake,6,,
IL23_e,IFNGR_2,unknown,Fake,6,,
IL23_e,TGFB,unknown,Fake,6,,
IL23_e,IL7R,unknown,Fake,6,,
IL23_e,SMAD2,unknown,Fake,6,,
IL23_e,IL3,unknown,Fake,6,,
IL23_e,IL2,unknown,Fake,6,,
IL23_e,IL9,unknown,Fake,6,,
IL23_e,NOTCH1,unknown,Fake,6,,
IL23_e,STAT1_2,unknown,Fake,6,,
IL23_e,IL2R,unknown,Fake,6,,
IL23_e,IL18R,unknown,Fake,6,,
IL23_e,SOCS1,unknown,Fake,6,,
IL23_e,IL1R1,unknown,Fake,6,,
IL23_e,CD8,unknown,Fake,6,,
IL23_e,STAT5_2,unknown,Fake,6,,
IL23_e,IL12R,unknown,Fake,6,,
IL23_e,IL22,unknown,Fake,6,,
IL23_e,IL4R_2,unknown,Fake,6,,
IL23_e,proliferation,unknown,Fake,6,,
IL23_e,IL15R,unknown,Fake,6,,
IL23_e,IL17,unknown,Fake,6,,
IL23_e,GZMB,unknown,Fake,6,,
IL23_e,THPOK,unknown,Fake,6,,
IL23_e,IL25R,unknown,Fake,6,,
IL23_e,IL2R_2,unknown,Fake,6,,
IL23_e,IFNG,unknown,Fake,6,,
IL23_e,IL33R,unknown,Fake,6,,
IL23_e,TBET,unknown,Fake,6,,
IL23_e,IL4,unknown,Fake,6,,
IL23_e,IL24,unknown,Fake,6,,
IL23_e,IRF1,unknown,Fake,6,,
IL23_e,EOMES,unknown,Fake,6,,
IL23_e,FOXP3,unknown,Fake,6,,
IL23_e,IL21,unknown,Fake,6,,
IL23_e,IL25,unknown,Fake,6,,
IL23_e,CD28,unknown,Fake,6,,
IL23_e,STAT6,unknown,Fake,6,,
IL23_e,IL6,unknown,Fake,6,,
IL23_e,STAT4,unknown,Fake,6,,
IL23_e,STAT1,unknown,Fake,6,,
IL23_e,IFNG_2,unknown,Fake,6,,
IL23_e,BCL6,unknown,Fake,6,,
IL23_e,IL13,unknown,Fake,6,,
IL23_e,TBET_2,unknown,Fake,6,,
IL23_e,RUNX3,unknown,Fake,6,,
TGFB,NFAT,unknown,Fake,6,,
TGFB,IL27R,unknown,Fake,6,,
TGFB,TCR,unknown,Fake,6,,
TGFB,PRF1,unknown,Fake,6,,
TGFB,STAT3,unknown,Fake,6,,
TGFB,IL10,unknown,Fake,6,,
TGFB,NFKB,unknown,Fake,6,,
TGFB,IFNBR,unknown,Fake,6,,
TGFB,IKB,unknown,Fake,6,,
TGFB,IL6R,unknown,Fake,6,,
TGFB,IL23,unknown,Fake,6,,
TGFB,IL35,unknown,Fake,6,,
TGFB,RORGT,unknown,Fake,6,,
TGFB,GATA3,unknown,Fake,6,,
TGFB,IL31,unknown,Fake,6,,
TGFB,CMAF,unknown,Fake,6,,
TGFB,IFNAR,unknown,Fake,6,,
TGFB,IL36R,unknown,Fake,6,,
TGFB,JAK1,unknown,Fake,6,,
TGFB,IL21R,unknown,Fake,6,,
TGFB,IL2RA,unknown,Fake,6,,
TGFB,IRAK,unknown,Fake,6,,
TGFB,IL5,unknown,Fake,6,,
TGFB,IL1R,unknown,Fake,6,,
TGFB,SMAD3,unknown,Fake,6,,
TGFB,IL29R,unknown,Fake,6,,
TGFB,PU1,unknown,Fake,6,,
TGFB,CD4,unknown,Fake,6,,
TGFB,IFNGR,unknown,Fake,6,,
TGFB,IL10R,unknown,Fake,6,,
TGFB,IL12RB1_2,unknown,Fake,6,,
TGFB,IL4R,unknown,Fake,6,,
TGFB,STAT5,unknown,Fake,6,,
TGFB,IL23R,unknown,Fake,6,,
TGFB,IL12RB2,unknown,Fake,6,,
TGFB,ST2,unknown,Fake,6,,
TGFB,IL4RA_2,unknown,Fake,6,,
TGFB,IFNGR_2,unknown,Fake,6,,
TGFB,TGFB,unknown,Fake,6,,
TGFB,IL7R,unknown,Fake,6,,
TGFB,SMAD2,unknown,Fake,6,,
TGFB,IL3,unknown,Fake,6,,
TGFB,IL2,unknown,Fake,6,,
TGFB,IL9,unknown,Fake,6,,
TGFB,NOTCH1,unknown,Fake,6,,
TGFB,STAT1_2,unknown,Fake,6,,
TGFB,IL2R,unknown,Fake,6,,
TGFB,IL18R,unknown,Fake,6,,
TGFB,SOCS1,unknown,Fake,6,,
TGFB,IL1R1,unknown,Fake,6,,
TGFB,CD8,unknown,Fake,6,,
TGFB,STAT5_2,unknown,Fake,6,,
TGFB,IL12R,unknown,Fake,6,,
TGFB,IL22,unknown,Fake,6,,
TGFB,IL4R_2,unknown,Fake,6,,
TGFB,proliferation,unknown,Fake,6,,
TGFB,IL15R,unknown,Fake,6,,
TGFB,IL17,unknown,Fake,6,,
TGFB,GZMB,unknown,Fake,6,,
TGFB,THPOK,unknown,Fake,6,,
TGFB,IL25R,unknown,Fake,6,,
TGFB,IL2R_2,unknown,Fake,6,,
TGFB,IFNG,unknown,Fake,6,,
TGFB,IL33R,unknown,Fake,6,,
TGFB,TBET,unknown,Fake,6,,
TGFB,IL4,unknown,Fake,6,,
TGFB,IL24,unknown,Fake,6,,
TGFB,IRF1,unknown,Fake,6,,
TGFB,EOMES,unknown,Fake,6,,
TGFB,FOXP3,unknown,Fake,6,,
TGFB,IL21,unknown,Fake,6,,
TGFB,IL25,unknown,Fake,6,,
TGFB,CD28,unknown,Fake,6,,
TGFB,STAT6,unknown,Fake,6,,
TGFB,IL6,unknown,Fake,6,,
TGFB,STAT4,unknown,Fake,6,,
TGFB,STAT1,unknown,Fake,6,,
TGFB,IFNG_2,unknown,Fake,6,,
TGFB,IL13,unknown,Fake,6,,
TGFB,TBET_2,unknown,Fake,6,,
TGFB,RUNX3,unknown,Fake,6,,
IL36_e,NFAT,unknown,Fake,6,,
IL36_e,IL27R,unknown,Fake,6,,
IL36_e,TCR,unknown,Fake,6,,
IL36_e,PRF1,unknown,Fake,6,,
IL36_e,STAT3,unknown,Fake,6,,
IL36_e,IL10,unknown,Fake,6,,
IL36_e,NFKB,unknown,Fake,6,,
IL36_e,IFNBR,unknown,Fake,6,,
IL36_e,TGFBR,unknown,Fake,6,,
IL36_e,IKB,unknown,Fake,6,,
IL36_e,IL6R,unknown,Fake,6,,
IL36_e,IL23,unknown,Fake,6,,
IL36_e,IL35,unknown,Fake,6,,
IL36_e,RORGT,unknown,Fake,6,,
IL36_e,GATA3,unknown,Fake,6,,
IL36_e,IL31,unknown,Fake,6,,
IL36_e,CMAF,unknown,Fake,6,,
IL36_e,IFNAR,unknown,Fake,6,,
IL36_e,JAK1,unknown,Fake,6,,
IL36_e,IL21R,unknown,Fake,6,,
IL36_e,IL2RA,unknown,Fake,6,,
IL36_e,IRAK,unknown,Fake,6,,
IL36_e,IL5,unknown,Fake,6,,
IL36_e,IL1R,unknown,Fake,6,,
IL36_e,SMAD3,unknown,Fake,6,,
IL36_e,IL29R,unknown,Fake,6,,
IL36_e,PU1,unknown,Fake,6,,
IL36_e,CD4,unknown,Fake,6,,
IL36_e,IFNGR,unknown,Fake,6,,
IL36_e,IL10R,unknown,Fake,6,,
IL36_e,IL12RB1_2,unknown,Fake,6,,
IL36_e,IL4R,unknown,Fake,6,,
IL36_e,STAT5,unknown,Fake,6,,
IL36_e,IL23R,unknown,Fake,6,,
IL36_e,IL12RB2,unknown,Fake,6,,
IL36_e,ST2,unknown,Fake,6,,
IL36_e,IL4RA_2,unknown,Fake,6,,
IL36_e,IFNGR_2,unknown,Fake,6,,
IL36_e,TGFB,unknown,Fake,6,,
IL36_e,IL7R,unknown,Fake,6,,
IL36_e,SMAD2,unknown,Fake,6,,
IL36_e,IL3,unknown,Fake,6,,
IL36_e,IL2,unknown,Fake,6,,
IL36_e,IL9,unknown,Fake,6,,
IL36_e,NOTCH1,unknown,Fake,6,,
IL36_e,STAT1_2,unknown,Fake,6,,
IL36_e,IL2R,unknown,Fake,6,,
IL36_e,IL18R,unknown,Fake,6,,
IL36_e,SOCS1,unknown,Fake,6,,
IL36_e,IL1R1,unknown,Fake,6,,
IL36_e,CD8,unknown,Fake,6,,
IL36_e,STAT5_2,unknown,Fake,6,,
IL36_e,IL12R,unknown,Fake,6,,
IL36_e,IL22,unknown,Fake,6,,
IL36_e,IL4R_2,unknown,Fake,6,,
IL36_e,proliferation,unknown,Fake,6,,
IL36_e,IL15R,unknown,Fake,6,,
IL36_e,IL17,unknown,Fake,6,,
IL36_e,GZMB,unknown,Fake,6,,
IL36_e,THPOK,unknown,Fake,6,,
IL36_e,IL25R,unknown,Fake,6,,
IL36_e,IL2R_2,unknown,Fake,6,,
IL36_e,IFNG,unknown,Fake,6,,
IL36_e,IL33R,unknown,Fake,6,,
IL36_e,TBET,unknown,Fake,6,,
IL36_e,IL4,unknown,Fake,6,,
IL36_e,IL24,unknown,Fake,6,,
IL36_e,IRF1,unknown,Fake,6,,
IL36_e,EOMES,unknown,Fake,6,,
IL36_e,FOXP3,unknown,Fake,6,,
IL36_e,IL21,unknown,Fake,6,,
IL36_e,IL25,unknown,Fake,6,,
IL36_e,CD28,unknown,Fake,6,,
IL36_e,STAT6,unknown,Fake,6,,
IL36_e,IL6,unknown,Fake,6,,
IL36_e,STAT4,unknown,Fake,6,,
IL36_e,STAT1,unknown,Fake,6,,
IL36_e,IFNG_2,unknown,Fake,6,,
IL36_e,BCL6,unknown,Fake,6,,
IL36_e,IL13,unknown,Fake,6,,
IL36_e,TBET_2,unknown,Fake,6,,
IL36_e,RUNX3,unknown,Fake,6,,
IL33_e,NFAT,unknown,Fake,6,,
IL33_e,IL27R,unknown,Fake,6,,
IL33_e,TCR,unknown,Fake,6,,
IL33_e,PRF1,unknown,Fake,6,,
IL33_e,STAT3,unknown,Fake,6,,
IL33_e,IL10,unknown,Fake,6,,
IL33_e,NFKB,unknown,Fake,6,,
IL33_e,IFNBR,unknown,Fake,6,,
IL33_e,TGFBR,unknown,Fake,6,,
IL33_e,IKB,unknown,Fake,6,,
IL33_e,IL6R,unknown,Fake,6,,
IL33_e,IL23,unknown,Fake,6,,
IL33_e,IL35,unknown,Fake,6,,
IL33_e,RORGT,unknown,Fake,6,,
IL33_e,GATA3,unknown,Fake,6,,
IL33_e,IL31,unknown,Fake,6,,
IL33_e,CMAF,unknown,Fake,6,,
IL33_e,IFNAR,unknown,Fake,6,,
IL33_e,IL36R,unknown,Fake,6,,
IL33_e,JAK1,unknown,Fake,6,,
IL33_e,IL21R,unknown,Fake,6,,
IL33_e,IL2RA,unknown,Fake,6,,
IL33_e,IRAK,unknown,Fake,6,,
IL33_e,IL5,unknown,Fake,6,,
IL33_e,IL1R,unknown,Fake,6,,
IL33_e,SMAD3,unknown,Fake,6,,
IL33_e,IL29R,unknown,Fake,6,,
IL33_e,PU1,unknown,Fake,6,,
IL33_e,CD4,unknown,Fake,6,,
IL33_e,IFNGR,unknown,Fake,6,,
IL33_e,IL10R,unknown,Fake,6,,
IL33_e,IL12RB1_2,unknown,Fake,6,,
IL33_e,IL4R,unknown,Fake,6,,
IL33_e,STAT5,unknown,Fake,6,,
IL33_e,IL23R,unknown,Fake,6,,
IL33_e,IL12RB2,unknown,Fake,6,,
IL33_e,ST2,unknown,Fake,6,,
IL33_e,IL4RA_2,unknown,Fake,6,,
IL33_e,IFNGR_2,unknown,Fake,6,,
IL33_e,TGFB,unknown,Fake,6,,
IL33_e,IL7R,unknown,Fake,6,,
IL33_e,SMAD2,unknown,Fake,6,,
IL33_e,IL3,unknown,Fake,6,,
IL33_e,IL2,unknown,Fake,6,,
IL33_e,IL9,unknown,Fake,6,,
IL33_e,NOTCH1,unknown,Fake,6,,
IL33_e,STAT1_2,unknown,Fake,6,,
IL33_e,IL2R,unknown,Fake,6,,
IL33_e,IL18R,unknown,Fake,6,,
IL33_e,SOCS1,unknown,Fake,6,,
IL33_e,IL1R1,unknown,Fake,6,,
IL33_e,CD8,unknown,Fake,6,,
IL33_e,STAT5_2,unknown,Fake,6,,
IL33_e,IL12R,unknown,Fake,6,,
IL33_e,IL22,unknown,Fake,6,,
IL33_e,IL4R_2,unknown,Fake,6,,
IL33_e,proliferation,unknown,Fake,6,,
IL33_e,IL15R,unknown,Fake,6,,
IL33_e,IL17,unknown,Fake,6,,
IL33_e,GZMB,unknown,Fake,6,,
IL33_e,THPOK,unknown,Fake,6,,
IL33_e,IL25R,unknown,Fake,6,,
IL33_e,IL2R_2,unknown,Fake,6,,
IL33_e,IFNG,unknown,Fake,6,,
IL33_e,TBET,unknown,Fake,6,,
IL33_e,IL4,unknown,Fake,6,,
IL33_e,IL24,unknown,Fake,6,,
IL33_e,IRF1,unknown,Fake,6,,
IL33_e,EOMES,unknown,Fake,6,,
IL33_e,FOXP3,unknown,Fake,6,,
IL33_e,IL21,unknown,Fake,6,,
IL33_e,IL25,unknown,Fake,6,,
IL33_e,CD28,unknown,Fake,6,,
IL33_e,STAT6,unknown,Fake,6,,
IL33_e,IL6,unknown,Fake,6,,
IL33_e,STAT4,unknown,Fake,6,,
IL33_e,STAT1,unknown,Fake,6,,
IL33_e,IFNG_2,unknown,Fake,6,,
IL33_e,BCL6,unknown,Fake,6,,
IL33_e,IL13,unknown,Fake,6,,
IL33_e,TBET_2,unknown,Fake,6,,
IL33_e,RUNX3,unknown,Fake,6,,
IL18_e,NFAT,unknown,Fake,6,,
IL18_e,IL27R,unknown,Fake,6,,
IL18_e,TCR,unknown,Fake,6,,
IL18_e,PRF1,unknown,Fake,6,,
IL18_e,STAT3,unknown,Fake,6,,
IL18_e,IL10,unknown,Fake,6,,
IL18_e,NFKB,unknown,Fake,6,,
IL18_e,IFNBR,unknown,Fake,6,,
IL18_e,TGFBR,unknown,Fake,6,,
IL18_e,IKB,unknown,Fake,6,,
IL18_e,IL6R,unknown,Fake,6,,
IL18_e,IL23,unknown,Fake,6,,
IL18_e,IL35,unknown,Fake,6,,
IL18_e,RORGT,unknown,Fake,6,,
IL18_e,GATA3,unknown,Fake,6,,
IL18_e,IL31,unknown,Fake,6,,
IL18_e,CMAF,unknown,Fake,6,,
IL18_e,IFNAR,unknown,Fake,6,,
IL18_e,IL36R,unknown,Fake,6,,
IL18_e,JAK1,unknown,Fake,6,,
IL18_e,IL21R,unknown,Fake,6,,
IL18_e,IL2RA,unknown,Fake,6,,
IL18_e,IRAK,unknown,Fake,6,,
IL18_e,IL5,unknown,Fake,6,,
IL18_e,IL1R,unknown,Fake,6,,
IL18_e,SMAD3,unknown,Fake,6,,
IL18_e,IL29R,unknown,Fake,6,,
IL18_e,PU1,unknown,Fake,6,,
IL18_e,CD4,unknown,Fake,6,,
IL18_e,IFNGR,unknown,Fake,6,,
IL18_e,IL10R,unknown,Fake,6,,
IL18_e,IL12RB1_2,unknown,Fake,6,,
IL18_e,IL4R,unknown,Fake,6,,
IL18_e,STAT5,unknown,Fake,6,,
IL18_e,IL23R,unknown,Fake,6,,
IL18_e,IL12RB2,unknown,Fake,6,,
IL18_e,ST2,unknown,Fake,6,,
IL18_e,IL4RA_2,unknown,Fake,6,,
IL18_e,IFNGR_2,unknown,Fake,6,,
IL18_e,TGFB,unknown,Fake,6,,
IL18_e,IL7R,unknown,Fake,6,,
IL18_e,SMAD2,unknown,Fake,6,,
IL18_e,IL3,unknown,Fake,6,,
IL18_e,IL2,unknown,Fake,6,,
IL18_e,IL9,unknown,Fake,6,,
IL18_e,NOTCH1,unknown,Fake,6,,
IL18_e,STAT1_2,unknown,Fake,6,,
IL18_e,IL2R,unknown,Fake,6,,
IL18_e,SOCS1,unknown,Fake,6,,
IL18_e,IL1R1,unknown,Fake,6,,
IL18_e,CD8,unknown,Fake,6,,
IL18_e,STAT5_2,unknown,Fake,6,,
IL18_e,IL12R,unknown,Fake,6,,
IL18_e,IL22,unknown,Fake,6,,
IL18_e,IL4R_2,unknown,Fake,6,,
IL18_e,proliferation,unknown,Fake,6,,
IL18_e,IL15R,unknown,Fake,6,,
IL18_e,IL17,unknown,Fake,6,,
IL18_e,GZMB,unknown,Fake,6,,
IL18_e,THPOK,unknown,Fake,6,,
IL18_e,IL25R,unknown,Fake,6,,
IL18_e,IL2R_2,unknown,Fake,6,,
IL18_e,IFNG,unknown,Fake,6,,
IL18_e,IL33R,unknown,Fake,6,,
IL18_e,TBET,unknown,Fake,6,,
IL18_e,IL4,unknown,Fake,6,,
IL18_e,IL24,unknown,Fake,6,,
IL18_e,IRF1,unknown,Fake,6,,
IL18_e,EOMES,unknown,Fake,6,,
IL18_e,FOXP3,unknown,Fake,6,,
IL18_e,IL21,unknown,Fake,6,,
IL18_e,IL25,unknown,Fake,6,,
IL18_e,CD28,unknown,Fake,6,,
IL18_e,STAT6,unknown,Fake,6,,
IL18_e,IL6,unknown,Fake,6,,
IL18_e,STAT4,unknown,Fake,6,,
IL18_e,STAT1,unknown,Fake,6,,
IL18_e,IFNG_2,unknown,Fake,6,,
IL18_e,BCL6,unknown,Fake,6,,
IL18_e,IL13,unknown,Fake,6,,
IL18_e,TBET_2,unknown,Fake,6,,
IL18_e,RUNX3,unknown,Fake,6,,
IL7R,NFAT,unknown,Fake,6,,
IL7R,IL27R,unknown,Fake,6,,
IL7R,TCR,unknown,Fake,6,,
IL7R,PRF1,unknown,Fake,6,,
IL7R,STAT3,unknown,Fake,6,,
IL7R,IL10,unknown,Fake,6,,
IL7R,NFKB,unknown,Fake,6,,
IL7R,IFNBR,unknown,Fake,6,,
IL7R,TGFBR,unknown,Fake,6,,
IL7R,IKB,unknown,Fake,6,,
IL7R,IL6R,unknown,Fake,6,,
IL7R,IL23,unknown,Fake,6,,
IL7R,IL35,unknown,Fake,6,,
IL7R,RORGT,unknown,Fake,6,,
IL7R,GATA3,unknown,Fake,6,,
IL7R,IL31,unknown,Fake,6,,
IL7R,CMAF,unknown,Fake,6,,
IL7R,IFNAR,unknown,Fake,6,,
IL7R,IL36R,unknown,Fake,6,,
IL7R,JAK1,unknown,Fake,6,,
IL7R,IL21R,unknown,Fake,6,,
IL7R,IL2RA,unknown,Fake,6,,
IL7R,IRAK,unknown,Fake,6,,
IL7R,IL5,unknown,Fake,6,,
IL7R,IL1R,unknown,Fake,6,,
IL7R,SMAD3,unknown,Fake,6,,
IL7R,IL29R,unknown,Fake,6,,
IL7R,PU1,unknown,Fake,6,,
IL7R,CD4,unknown,Fake,6,,
IL7R,IFNGR,unknown,Fake,6,,
IL7R,IL10R,unknown,Fake,6,,
IL7R,IL12RB1_2,unknown,Fake,6,,
IL7R,IL4R,unknown,Fake,6,,
IL7R,IL23R,unknown,Fake,6,,
IL7R,IL12RB2,unknown,Fake,6,,
IL7R,ST2,unknown,Fake,6,,
IL7R,IL4RA_2,unknown,Fake,6,,
IL7R,IFNGR_2,unknown,Fake,6,,
IL7R,TGFB,unknown,Fake,6,,
IL7R,IL7R,unknown,Fake,6,,
IL7R,SMAD2,unknown,Fake,6,,
IL7R,IL3,unknown,Fake,6,,
IL7R,IL2,unknown,Fake,6,,
IL7R,IL9,unknown,Fake,6,,
IL7R,NOTCH1,unknown,Fake,6,,
IL7R,STAT1_2,unknown,Fake,6,,
IL7R,IL2R,unknown,Fake,6,,
IL7R,IL18R,unknown,Fake,6,,
IL7R,SOCS1,unknown,Fake,6,,
IL7R,IL1R1,unknown,Fake,6,,
IL7R,CD8,unknown,Fake,6,,
IL7R,IL12R,unknown,Fake,6,,
IL7R,IL22,unknown,Fake,6,,
IL7R,IL4R_2,unknown,Fake,6,,
IL7R,proliferation,unknown,Fake,6,,
IL7R,IL15R,unknown,Fake,6,,
IL7R,IL17,unknown,Fake,6,,
IL7R,GZMB,unknown,Fake,6,,
IL7R,THPOK,unknown,Fake,6,,
IL7R,IL25R,unknown,Fake,6,,
IL7R,IL2R_2,unknown,Fake,6,,
IL7R,IFNG,unknown,Fake,6,,
IL7R,IL33R,unknown,Fake,6,,
IL7R,TBET,unknown,Fake,6,,
IL7R,IL4,unknown,Fake,6,,
IL7R,IL24,unknown,Fake,6,,
IL7R,IRF1,unknown,Fake,6,,
IL7R,EOMES,unknown,Fake,6,,
IL7R,FOXP3,unknown,Fake,6,,
IL7R,IL21,unknown,Fake,6,,
IL7R,IL25,unknown,Fake,6,,
IL7R,CD28,unknown,Fake,6,,
IL7R,STAT6,unknown,Fake,6,,
IL7R,IL6,unknown,Fake,6,,
IL7R,STAT4,unknown,Fake,6,,
IL7R,STAT1,unknown,Fake,6,,
IL7R,IFNG_2,unknown,Fake,6,,
IL7R,BCL6,unknown,Fake,6,,
IL7R,IL13,unknown,Fake,6,,
IL7R,TBET_2,unknown,Fake,6,,
IL7R,RUNX3,unknown,Fake,6,,
IL4_e,NFAT,unknown,Fake,6,,
IL4_e,IL27R,unknown,Fake,6,,
IL4_e,TCR,unknown,Fake,6,,
IL4_e,PRF1,unknown,Fake,6,,
IL4_e,STAT3,unknown,Fake,6,,
IL4_e,IL10,unknown,Fake,6,,
IL4_e,NFKB,unknown,Fake,6,,
IL4_e,IFNBR,unknown,Fake,6,,
IL4_e,TGFBR,unknown,Fake,6,,
IL4_e,IKB,unknown,Fake,6,,
IL4_e,IL6R,unknown,Fake,6,,
IL4_e,IL23,unknown,Fake,6,,
IL4_e,IL35,unknown,Fake,6,,
IL4_e,RORGT,unknown,Fake,6,,
IL4_e,GATA3,unknown,Fake,6,,
IL4_e,IL31,unknown,Fake,6,,
IL4_e,CMAF,unknown,Fake,6,,
IL4_e,IFNAR,unknown,Fake,6,,
IL4_e,IL36R,unknown,Fake,6,,
IL4_e,JAK1,unknown,Fake,6,,
IL4_e,IL21R,unknown,Fake,6,,
IL4_e,IL2RA,unknown,Fake,6,,
IL4_e,IRAK,unknown,Fake,6,,
IL4_e,IL5,unknown,Fake,6,,
IL4_e,IL1R,unknown,Fake,6,,
IL4_e,SMAD3,unknown,Fake,6,,
IL4_e,IL29R,unknown,Fake,6,,
IL4_e,PU1,unknown,Fake,6,,
IL4_e,CD4,unknown,Fake,6,,
IL4_e,IFNGR,unknown,Fake,6,,
IL4_e,IL10R,unknown,Fake,6,,
IL4_e,IL12RB1_2,unknown,Fake,6,,
IL4_e,STAT5,unknown,Fake,6,,
IL4_e,IL23R,unknown,Fake,6,,
IL4_e,IL12RB2,unknown,Fake,6,,
IL4_e,ST2,unknown,Fake,6,,
IL4_e,IL4RA_2,unknown,Fake,6,,
IL4_e,IFNGR_2,unknown,Fake,6,,
IL4_e,TGFB,unknown,Fake,6,,
IL4_e,IL7R,unknown,Fake,6,,
IL4_e,SMAD2,unknown,Fake,6,,
IL4_e,IL3,unknown,Fake,6,,
IL4_e,IL2,unknown,Fake,6,,
IL4_e,IL9,unknown,Fake,6,,
IL4_e,NOTCH1,unknown,Fake,6,,
IL4_e,STAT1_2,unknown,Fake,6,,
IL4_e,IL2R,unknown,Fake,6,,
IL4_e,IL18R,unknown,Fake,6,,
IL4_e,SOCS1,unknown,Fake,6,,
IL4_e,IL1R1,unknown,Fake,6,,
IL4_e,CD8,unknown,Fake,6,,
IL4_e,STAT5_2,unknown,Fake,6,,
IL4_e,IL12R,unknown,Fake,6,,
IL4_e,IL22,unknown,Fake,6,,
IL4_e,proliferation,unknown,Fake,6,,
IL4_e,IL15R,unknown,Fake,6,,
IL4_e,IL17,unknown,Fake,6,,
IL4_e,GZMB,unknown,Fake,6,,
IL4_e,THPOK,unknown,Fake,6,,
IL4_e,IL25R,unknown,Fake,6,,
IL4_e,IL2R_2,unknown,Fake,6,,
IL4_e,IFNG,unknown,Fake,6,,
IL4_e,IL33R,unknown,Fake,6,,
IL4_e,TBET,unknown,Fake,6,,
IL4_e,IL4,unknown,Fake,6,,
IL4_e,IL24,unknown,Fake,6,,
IL4_e,IRF1,unknown,Fake,6,,
IL4_e,EOMES,unknown,Fake,6,,
IL4_e,FOXP3,unknown,Fake,6,,
IL4_e,IL21,unknown,Fake,6,,
IL4_e,IL25,unknown,Fake,6,,
IL4_e,CD28,unknown,Fake,6,,
IL4_e,STAT6,unknown,Fake,6,,
IL4_e,IL6,unknown,Fake,6,,
IL4_e,STAT4,unknown,Fake,6,,
IL4_e,STAT1,unknown,Fake,6,,
IL4_e,IFNG_2,unknown,Fake,6,,
IL4_e,BCL6,unknown,Fake,6,,
IL4_e,IL13,unknown,Fake,6,,
IL4_e,TBET_2,unknown,Fake,6,,
IL4_e,RUNX3,unknown,Fake,6,,
SMAD2,NFAT,unknown,Fake,6,,
SMAD2,IL27R,unknown,Fake,6,,
SMAD2,TCR,unknown,Fake,6,,
SMAD2,PRF1,unknown,Fake,6,,
SMAD2,STAT3,unknown,Fake,6,,
SMAD2,IL10,unknown,Fake,6,,
SMAD2,NFKB,unknown,Fake,6,,
SMAD2,IFNBR,unknown,Fake,6,,
SMAD2,TGFBR,unknown,Fake,6,,
SMAD2,IKB,unknown,Fake,6,,
SMAD2,IL6R,unknown,Fake,6,,
SMAD2,IL23,unknown,Fake,6,,
SMAD2,IL35,unknown,Fake,6,,
SMAD2,GATA3,unknown,Fake,6,,
SMAD2,IL31,unknown,Fake,6,,
SMAD2,CMAF,unknown,Fake,6,,
SMAD2,IFNAR,unknown,Fake,6,,
SMAD2,IL36R,unknown,Fake,6,,
SMAD2,JAK1,unknown,Fake,6,,
SMAD2,IL21R,unknown,Fake,6,,
SMAD2,IL2RA,unknown,Fake,6,,
SMAD2,IRAK,unknown,Fake,6,,
SMAD2,IL5,unknown,Fake,6,,
SMAD2,IL1R,unknown,Fake,6,,
SMAD2,SMAD3,unknown,Fake,6,,
SMAD2,IL29R,unknown,Fake,6,,
SMAD2,PU1,unknown,Fake,6,,
SMAD2,CD4,unknown,Fake,6,,
SMAD2,IFNGR,unknown,Fake,6,,
SMAD2,IL10R,unknown,Fake,6,,
SMAD2,IL12RB1_2,unknown,Fake,6,,
SMAD2,IL4R,unknown,Fake,6,,
SMAD2,STAT5,unknown,Fake,6,,
SMAD2,IL23R,unknown,Fake,6,,
SMAD2,IL12RB2,unknown,Fake,6,,
SMAD2,ST2,unknown,Fake,6,,
SMAD2,IL4RA_2,unknown,Fake,6,,
SMAD2,IFNGR_2,unknown,Fake,6,,
SMAD2,TGFB,unknown,Fake,6,,
SMAD2,IL7R,unknown,Fake,6,,
SMAD2,SMAD2,unknown,Fake,6,,
SMAD2,IL3,unknown,Fake,6,,
SMAD2,IL2,unknown,Fake,6,,
SMAD2,IL9,unknown,Fake,6,,
SMAD2,NOTCH1,unknown,Fake,6,,
SMAD2,STAT1_2,unknown,Fake,6,,
SMAD2,IL2R,unknown,Fake,6,,
SMAD2,IL18R,unknown,Fake,6,,
SMAD2,SOCS1,unknown,Fake,6,,
SMAD2,IL1R1,unknown,Fake,6,,
SMAD2,CD8,unknown,Fake,6,,
SMAD2,STAT5_2,unknown,Fake,6,,
SMAD2,IL12R,unknown,Fake,6,,
SMAD2,IL22,unknown,Fake,6,,
SMAD2,IL4R_2,unknown,Fake,6,,
SMAD2,proliferation,unknown,Fake,6,,
SMAD2,IL15R,unknown,Fake,6,,
SMAD2,IL17,unknown,Fake,6,,
SMAD2,GZMB,unknown,Fake,6,,
SMAD2,THPOK,unknown,Fake,6,,
SMAD2,IL25R,unknown,Fake,6,,
SMAD2,IL2R_2,unknown,Fake,6,,
SMAD2,IFNG,unknown,Fake,6,,
SMAD2,IL33R,unknown,Fake,6,,
SMAD2,TBET,unknown,Fake,6,,
SMAD2,IL4,unknown,Fake,6,,
SMAD2,IL24,unknown,Fake,6,,
SMAD2,IRF1,unknown,Fake,6,,
SMAD2,EOMES,unknown,Fake,6,,
SMAD2,IL21,unknown,Fake,6,,
SMAD2,IL25,unknown,Fake,6,,
SMAD2,CD28,unknown,Fake,6,,
SMAD2,STAT6,unknown,Fake,6,,
SMAD2,IL6,unknown,Fake,6,,
SMAD2,STAT4,unknown,Fake,6,,
SMAD2,STAT1,unknown,Fake,6,,
SMAD2,IFNG_2,unknown,Fake,6,,
SMAD2,BCL6,unknown,Fake,6,,
SMAD2,IL13,unknown,Fake,6,,
SMAD2,TBET_2,unknown,Fake,6,,
SMAD2,RUNX3,unknown,Fake,6,,
IFNA_e,NFAT,unknown,Fake,6,,
IFNA_e,IL27R,unknown,Fake,6,,
IFNA_e,TCR,unknown,Fake,6,,
IFNA_e,PRF1,unknown,Fake,6,,
IFNA_e,STAT3,unknown,Fake,6,,
IFNA_e,IL10,unknown,Fake,6,,
IFNA_e,NFKB,unknown,Fake,6,,
IFNA_e,IFNBR,unknown,Fake,6,,
IFNA_e,TGFBR,unknown,Fake,6,,
IFNA_e,IKB,unknown,Fake,6,,
IFNA_e,IL6R,unknown,Fake,6,,
IFNA_e,IL23,unknown,Fake,6,,
IFNA_e,IL35,unknown,Fake,6,,
IFNA_e,RORGT,unknown,Fake,6,,
IFNA_e,GATA3,unknown,Fake,6,,
IFNA_e,IL31,unknown,Fake,6,,
IFNA_e,CMAF,unknown,Fake,6,,
IFNA_e,IL36R,unknown,Fake,6,,
IFNA_e,JAK1,unknown,Fake,6,,
IFNA_e,IL21R,unknown,Fake,6,,
IFNA_e,IL2RA,unknown,Fake,6,,
IFNA_e,IRAK,unknown,Fake,6,,
IFNA_e,IL5,unknown,Fake,6,,
IFNA_e,IL1R,unknown,Fake,6,,
IFNA_e,SMAD3,unknown,Fake,6,,
IFNA_e,IL29R,unknown,Fake,6,,
IFNA_e,PU1,unknown,Fake,6,,
IFNA_e,CD4,unknown,Fake,6,,
IFNA_e,IFNGR,unknown,Fake,6,,
IFNA_e,IL10R,unknown,Fake,6,,
IFNA_e,IL12RB1_2,unknown,Fake,6,,
IFNA_e,IL4R,unknown,Fake,6,,
IFNA_e,STAT5,unknown,Fake,6,,
IFNA_e,IL23R,unknown,Fake,6,,
IFNA_e,IL12RB2,unknown,Fake,6,,
IFNA_e,ST2,unknown,Fake,6,,
IFNA_e,IL4RA_2,unknown,Fake,6,,
IFNA_e,IFNGR_2,unknown,Fake,6,,
IFNA_e,TGFB,unknown,Fake,6,,
IFNA_e,IL7R,unknown,Fake,6,,
IFNA_e,SMAD2,unknown,Fake,6,,
IFNA_e,IL3,unknown,Fake,6,,
IFNA_e,IL2,unknown,Fake,6,,
IFNA_e,IL9,unknown,Fake,6,,
IFNA_e,NOTCH1,unknown,Fake,6,,
IFNA_e,STAT1_2,unknown,Fake,6,,
IFNA_e,IL2R,unknown,Fake,6,,
IFNA_e,IL18R,unknown,Fake,6,,
IFNA_e,SOCS1,unknown,Fake,6,,
IFNA_e,IL1R1,unknown,Fake,6,,
IFNA_e,CD8,unknown,Fake,6,,
IFNA_e,STAT5_2,unknown,Fake,6,,
IFNA_e,IL12R,unknown,Fake,6,,
IFNA_e,IL22,unknown,Fake,6,,
IFNA_e,IL4R_2,unknown,Fake,6,,
IFNA_e,proliferation,unknown,Fake,6,,
IFNA_e,IL15R,unknown,Fake,6,,
IFNA_e,IL17,unknown,Fake,6,,
IFNA_e,GZMB,unknown,Fake,6,,
IFNA_e,THPOK,unknown,Fake,6,,
IFNA_e,IL25R,unknown,Fake,6,,
IFNA_e,IL2R_2,unknown,Fake,6,,
IFNA_e,IFNG,unknown,Fake,6,,
IFNA_e,IL33R,unknown,Fake,6,,
IFNA_e,TBET,unknown,Fake,6,,
IFNA_e,IL4,unknown,Fake,6,,
IFNA_e,IL24,unknown,Fake,6,,
IFNA_e,IRF1,unknown,Fake,6,,
IFNA_e,EOMES,unknown,Fake,6,,
IFNA_e,FOXP3,unknown,Fake,6,,
IFNA_e,IL21,unknown,Fake,6,,
IFNA_e,IL25,unknown,Fake,6,,
IFNA_e,CD28,unknown,Fake,6,,
IFNA_e,STAT6,unknown,Fake,6,,
IFNA_e,IL6,unknown,Fake,6,,
IFNA_e,STAT4,unknown,Fake,6,,
IFNA_e,STAT1,unknown,Fake,6,,
IFNA_e,IFNG_2,unknown,Fake,6,,
IFNA_e,BCL6,unknown,Fake,6,,
IFNA_e,IL13,unknown,Fake,6,,
IFNA_e,TBET_2,unknown,Fake,6,,
IFNA_e,RUNX3,unknown,Fake,6,,
IL3,NFAT,unknown,Fake,6,,
IL3,IL27R,unknown,Fake,6,,
IL3,TCR,unknown,Fake,6,,
IL3,PRF1,unknown,Fake,6,,
IL3,STAT3,unknown,Fake,6,,
IL3,IL10,unknown,Fake,6,,
IL3,NFKB,unknown,Fake,6,,
IL3,IFNBR,unknown,Fake,6,,
IL3,TGFBR,unknown,Fake,6,,
IL3,IKB,unknown,Fake,6,,
IL3,IL6R,unknown,Fake,6,,
IL3,IL23,unknown,Fake,6,,
IL3,IL35,unknown,Fake,6,,
IL3,RORGT,unknown,Fake,6,,
IL3,GATA3,unknown,Fake,6,,
IL3,IL31,unknown,Fake,6,,
IL3,CMAF,unknown,Fake,6,,
IL3,IFNAR,unknown,Fake,6,,
IL3,IL36R,unknown,Fake,6,,
IL3,JAK1,unknown,Fake,6,,
IL3,IL21R,unknown,Fake,6,,
IL3,IL2RA,unknown,Fake,6,,
IL3,IRAK,unknown,Fake,6,,
IL3,IL5,unknown,Fake,6,,
IL3,IL1R,unknown,Fake,6,,
IL3,SMAD3,unknown,Fake,6,,
IL3,IL29R,unknown,Fake,6,,
IL3,PU1,unknown,Fake,6,,
IL3,CD4,unknown,Fake,6,,
IL3,IFNGR,unknown,Fake,6,,
IL3,IL10R,unknown,Fake,6,,
IL3,IL12RB1_2,unknown,Fake,6,,
IL3,IL4R,unknown,Fake,6,,
IL3,STAT5,unknown,Fake,6,,
IL3,IL23R,unknown,Fake,6,,
IL3,IL12RB2,unknown,Fake,6,,
IL3,ST2,unknown,Fake,6,,
IL3,IL4RA_2,unknown,Fake,6,,
IL3,IFNGR_2,unknown,Fake,6,,
IL3,TGFB,unknown,Fake,6,,
IL3,IL7R,unknown,Fake,6,,
IL3,SMAD2,unknown,Fake,6,,
IL3,IL3,unknown,Fake,6,,
IL3,IL2,unknown,Fake,6,,
IL3,IL9,unknown,Fake,6,,
IL3,NOTCH1,unknown,Fake,6,,
IL3,STAT1_2,unknown,Fake,6,,
IL3,IL2R,unknown,Fake,6,,
IL3,IL18R,unknown,Fake,6,,
IL3,SOCS1,unknown,Fake,6,,
IL3,IL1R1,unknown,Fake,6,,
IL3,CD8,unknown,Fake,6,,
IL3,STAT5_2,unknown,Fake,6,,
IL3,IL12R,unknown,Fake,6,,
IL3,IL22,unknown,Fake,6,,
IL3,IL4R_2,unknown,Fake,6,,
IL3,proliferation,unknown,Fake,6,,
IL3,IL15R,unknown,Fake,6,,
IL3,IL17,unknown,Fake,6,,
IL3,GZMB,unknown,Fake,6,,
IL3,THPOK,unknown,Fake,6,,
IL3,IL25R,unknown,Fake,6,,
IL3,IL2R_2,unknown,Fake,6,,
IL3,IFNG,unknown,Fake,6,,
IL3,IL33R,unknown,Fake,6,,
IL3,TBET,unknown,Fake,6,,
IL3,IL4,unknown,Fake,6,,
IL3,IL24,unknown,Fake,6,,
IL3,IRF1,unknown,Fake,6,,
IL3,EOMES,unknown,Fake,6,,
IL3,FOXP3,unknown,Fake,6,,
IL3,IL21,unknown,Fake,6,,
IL3,IL25,unknown,Fake,6,,
IL3,CD28,unknown,Fake,6,,
IL3,STAT6,unknown,Fake,6,,
IL3,IL6,unknown,Fake,6,,
IL3,STAT4,unknown,Fake,6,,
IL3,STAT1,unknown,Fake,6,,
IL3,IFNG_2,unknown,Fake,6,,
IL3,BCL6,unknown,Fake,6,,
IL3,IL13,unknown,Fake,6,,
IL3,TBET_2,unknown,Fake,6,,
IL3,RUNX3,unknown,Fake,6,,
IL10_e,NFAT,unknown,Fake,6,,
IL10_e,IL27R,unknown,Fake,6,,
IL10_e,TCR,unknown,Fake,6,,
IL10_e,PRF1,unknown,Fake,6,,
IL10_e,STAT3,unknown,Fake,6,,
IL10_e,IL10,unknown,Fake,6,,
IL10_e,NFKB,unknown,Fake,6,,
IL10_e,IFNBR,unknown,Fake,6,,
IL10_e,TGFBR,unknown,Fake,6,,
IL10_e,IKB,unknown,Fake,6,,
IL10_e,IL6R,unknown,Fake,6,,
IL10_e,IL23,unknown,Fake,6,,
IL10_e,IL35,unknown,Fake,6,,
IL10_e,RORGT,unknown,Fake,6,,
IL10_e,GATA3,unknown,Fake,6,,
IL10_e,IL31,unknown,Fake,6,,
IL10_e,CMAF,unknown,Fake,6,,
IL10_e,IFNAR,unknown,Fake,6,,
IL10_e,IL36R,unknown,Fake,6,,
IL10_e,JAK1,unknown,Fake,6,,
IL10_e,IL21R,unknown,Fake,6,,
IL10_e,IL2RA,unknown,Fake,6,,
IL10_e,IRAK,unknown,Fake,6,,
IL10_e,IL5,unknown,Fake,6,,
IL10_e,IL1R,unknown,Fake,6,,
IL10_e,SMAD3,unknown,Fake,6,,
IL10_e,IL29R,unknown,Fake,6,,
IL10_e,PU1,unknown,Fake,6,,
IL10_e,CD4,unknown,Fake,6,,
IL10_e,IFNGR,unknown,Fake,6,,
IL10_e,IL12RB1_2,unknown,Fake,6,,
IL10_e,IL4R,unknown,Fake,6,,
IL10_e,STAT5,unknown,Fake,6,,
IL10_e,IL23R,unknown,Fake,6,,
IL10_e,IL12RB2,unknown,Fake,6,,
IL10_e,ST2,unknown,Fake,6,,
IL10_e,IL4RA_2,unknown,Fake,6,,
IL10_e,IFNGR_2,unknown,Fake,6,,
IL10_e,TGFB,unknown,Fake,6,,
IL10_e,IL7R,unknown,Fake,6,,
IL10_e,SMAD2,unknown,Fake,6,,
IL10_e,IL3,unknown,Fake,6,,
IL10_e,IL2,unknown,Fake,6,,
IL10_e,IL9,unknown,Fake,6,,
IL10_e,NOTCH1,unknown,Fake,6,,
IL10_e,STAT1_2,unknown,Fake,6,,
IL10_e,IL2R,unknown,Fake,6,,
IL10_e,IL18R,unknown,Fake,6,,
IL10_e,SOCS1,unknown,Fake,6,,
IL10_e,IL1R1,unknown,Fake,6,,
IL10_e,CD8,unknown,Fake,6,,
IL10_e,STAT5_2,unknown,Fake,6,,
IL10_e,IL12R,unknown,Fake,6,,
IL10_e,IL22,unknown,Fake,6,,
IL10_e,IL4R_2,unknown,Fake,6,,
IL10_e,proliferation,unknown,Fake,6,,
IL10_e,IL15R,unknown,Fake,6,,
IL10_e,IL17,unknown,Fake,6,,
IL10_e,GZMB,unknown,Fake,6,,
IL10_e,THPOK,unknown,Fake,6,,
IL10_e,IL25R,unknown,Fake,6,,
IL10_e,IL2R_2,unknown,Fake,6,,
IL10_e,IFNG,unknown,Fake,6,,
IL10_e,IL33R,unknown,Fake,6,,
IL10_e,TBET,unknown,Fake,6,,
IL10_e,IL4,unknown,Fake,6,,
IL10_e,IL24,unknown,Fake,6,,
IL10_e,IRF1,unknown,Fake,6,,
IL10_e,EOMES,unknown,Fake,6,,
IL10_e,FOXP3,unknown,Fake,6,,
IL10_e,IL21,unknown,Fake,6,,
IL10_e,IL25,unknown,Fake,6,,
IL10_e,CD28,unknown,Fake,6,,
IL10_e,STAT6,unknown,Fake,6,,
IL10_e,IL6,unknown,Fake,6,,
IL10_e,STAT4,unknown,Fake,6,,
IL10_e,STAT1,unknown,Fake,6,,
IL10_e,IFNG_2,unknown,Fake,6,,
IL10_e,BCL6,unknown,Fake,6,,
IL10_e,IL13,unknown,Fake,6,,
IL10_e,TBET_2,unknown,Fake,6,,
IL10_e,RUNX3,unknown,Fake,6,,
IL2,NFAT,unknown,Fake,6,,
IL2,IL27R,unknown,Fake,6,,
IL2,TCR,unknown,Fake,6,,
IL2,PRF1,unknown,Fake,6,,
IL2,STAT3,unknown,Fake,6,,
IL2,IL10,unknown,Fake,6,,
IL2,NFKB,unknown,Fake,6,,
IL2,IFNBR,unknown,Fake,6,,
IL2,TGFBR,unknown,Fake,6,,
IL2,IKB,unknown,Fake,6,,
IL2,IL6R,unknown,Fake,6,,
IL2,IL23,unknown,Fake,6,,
IL2,IL35,unknown,Fake,6,,
IL2,RORGT,unknown,Fake,6,,
IL2,GATA3,unknown,Fake,6,,
IL2,IL31,unknown,Fake,6,,
IL2,CMAF,unknown,Fake,6,,
IL2,IFNAR,unknown,Fake,6,,
IL2,IL36R,unknown,Fake,6,,
IL2,JAK1,unknown,Fake,6,,
IL2,IL21R,unknown,Fake,6,,
IL2,IL2RA,unknown,Fake,6,,
IL2,IRAK,unknown,Fake,6,,
IL2,IL5,unknown,Fake,6,,
IL2,IL1R,unknown,Fake,6,,
IL2,SMAD3,unknown,Fake,6,,
IL2,IL29R,unknown,Fake,6,,
IL2,PU1,unknown,Fake,6,,
IL2,CD4,unknown,Fake,6,,
IL2,IFNGR,unknown,Fake,6,,
IL2,IL10R,unknown,Fake,6,,
IL2,IL12RB1_2,unknown,Fake,6,,
IL2,IL4R,unknown,Fake,6,,
IL2,STAT5,unknown,Fake,6,,
IL2,IL23R,unknown,Fake,6,,
IL2,IL12RB2,unknown,Fake,6,,
IL2,ST2,unknown,Fake,6,,
IL2,IL4RA_2,unknown,Fake,6,,
IL2,IFNGR_2,unknown,Fake,6,,
IL2,TGFB,unknown,Fake,6,,
IL2,IL7R,unknown,Fake,6,,
IL2,SMAD2,unknown,Fake,6,,
IL2,IL3,unknown,Fake,6,,
IL2,IL2,unknown,Fake,6,,
IL2,IL9,unknown,Fake,6,,
IL2,NOTCH1,unknown,Fake,6,,
IL2,STAT1_2,unknown,Fake,6,,
IL2,IL18R,unknown,Fake,6,,
IL2,SOCS1,unknown,Fake,6,,
IL2,IL1R1,unknown,Fake,6,,
IL2,CD8,unknown,Fake,6,,
IL2,STAT5_2,unknown,Fake,6,,
IL2,IL12R,unknown,Fake,6,,
IL2,IL22,unknown,Fake,6,,
IL2,IL4R_2,unknown,Fake,6,,
IL2,proliferation,unknown,Fake,6,,
IL2,IL15R,unknown,Fake,6,,
IL2,IL17,unknown,Fake,6,,
IL2,GZMB,unknown,Fake,6,,
IL2,THPOK,unknown,Fake,6,,
IL2,IL25R,unknown,Fake,6,,
IL2,IFNG,unknown,Fake,6,,
IL2,IL33R,unknown,Fake,6,,
IL2,TBET,unknown,Fake,6,,
IL2,IL4,unknown,Fake,6,,
IL2,IL24,unknown,Fake,6,,
IL2,IRF1,unknown,Fake,6,,
IL2,EOMES,unknown,Fake,6,,
IL2,FOXP3,unknown,Fake,6,,
IL2,IL21,unknown,Fake,6,,
IL2,IL25,unknown,Fake,6,,
IL2,CD28,unknown,Fake,6,,
IL2,STAT6,unknown,Fake,6,,
IL2,IL6,unknown,Fake,6,,
IL2,STAT4,unknown,Fake,6,,
IL2,STAT1,unknown,Fake,6,,
IL2,IFNG_2,unknown,Fake,6,,
IL2,BCL6,unknown,Fake,6,,
IL2,IL13,unknown,Fake,6,,
IL2,TBET_2,unknown,Fake,6,,
IL2,RUNX3,unknown,Fake,6,,
IL9,NFAT,unknown,Fake,6,,
IL9,IL27R,unknown,Fake,6,,
IL9,TCR,unknown,Fake,6,,
IL9,PRF1,unknown,Fake,6,,
IL9,STAT3,unknown,Fake,6,,
IL9,IL10,unknown,Fake,6,,
IL9,NFKB,unknown,Fake,6,,
IL9,IFNBR,unknown,Fake,6,,
IL9,TGFBR,unknown,Fake,6,,
IL9,IKB,unknown,Fake,6,,
IL9,IL6R,unknown,Fake,6,,
IL9,IL23,unknown,Fake,6,,
IL9,IL35,unknown,Fake,6,,
IL9,RORGT,unknown,Fake,6,,
IL9,GATA3,unknown,Fake,6,,
IL9,IL31,unknown,Fake,6,,
IL9,CMAF,unknown,Fake,6,,
IL9,IFNAR,unknown,Fake,6,,
IL9,IL36R,unknown,Fake,6,,
IL9,JAK1,unknown,Fake,6,,
IL9,IL21R,unknown,Fake,6,,
IL9,IL2RA,unknown,Fake,6,,
IL9,IRAK,unknown,Fake,6,,
IL9,IL5,unknown,Fake,6,,
IL9,IL1R,unknown,Fake,6,,
IL9,SMAD3,unknown,Fake,6,,
IL9,IL29R,unknown,Fake,6,,
IL9,PU1,unknown,Fake,6,,
IL9,CD4,unknown,Fake,6,,
IL9,IFNGR,unknown,Fake,6,,
IL9,IL10R,unknown,Fake,6,,
IL9,IL12RB1_2,unknown,Fake,6,,
IL9,IL4R,unknown,Fake,6,,
IL9,STAT5,unknown,Fake,6,,
IL9,IL23R,unknown,Fake,6,,
IL9,IL12RB2,unknown,Fake,6,,
IL9,ST2,unknown,Fake,6,,
IL9,IL4RA_2,unknown,Fake,6,,
IL9,IFNGR_2,unknown,Fake,6,,
IL9,TGFB,unknown,Fake,6,,
IL9,IL7R,unknown,Fake,6,,
IL9,SMAD2,unknown,Fake,6,,
IL9,IL3,unknown,Fake,6,,
IL9,IL2,unknown,Fake,6,,
IL9,IL9,unknown,Fake,6,,
IL9,NOTCH1,unknown,Fake,6,,
IL9,STAT1_2,unknown,Fake,6,,
IL9,IL2R,unknown,Fake,6,,
IL9,IL18R,unknown,Fake,6,,
IL9,SOCS1,unknown,Fake,6,,
IL9,IL1R1,unknown,Fake,6,,
IL9,CD8,unknown,Fake,6,,
IL9,STAT5_2,unknown,Fake,6,,
IL9,IL12R,unknown,Fake,6,,
IL9,IL22,unknown,Fake,6,,
IL9,IL4R_2,unknown,Fake,6,,
IL9,proliferation,unknown,Fake,6,,
IL9,IL15R,unknown,Fake,6,,
IL9,IL17,unknown,Fake,6,,
IL9,GZMB,unknown,Fake,6,,
IL9,THPOK,unknown,Fake,6,,
IL9,IL25R,unknown,Fake,6,,
IL9,IL2R_2,unknown,Fake,6,,
IL9,IL33R,unknown,Fake,6,,
IL9,IL4,unknown,Fake,6,,
IL9,IL24,unknown,Fake,6,,
IL9,IRF1,unknown,Fake,6,,
IL9,EOMES,unknown,Fake,6,,
IL9,FOXP3,unknown,Fake,6,,
IL9,IL21,unknown,Fake,6,,
IL9,IL25,unknown,Fake,6,,
IL9,CD28,unknown,Fake,6,,
IL9,STAT6,unknown,Fake,6,,
IL9,IL6,unknown,Fake,6,,
IL9,STAT4,unknown,Fake,6,,
IL9,STAT1,unknown,Fake,6,,
IL9,BCL6,unknown,Fake,6,,
IL9,IL13,unknown,Fake,6,,
IL9,RUNX3,unknown,Fake,6,,
NOTCH1,NFAT,unknown,Fake,6,,
NOTCH1,IL27R,unknown,Fake,6,,
NOTCH1,TCR,unknown,Fake,6,,
NOTCH1,PRF1,unknown,Fake,6,,
NOTCH1,STAT3,unknown,Fake,6,,
NOTCH1,IL10,unknown,Fake,6,,
NOTCH1,NFKB,unknown,Fake,6,,
NOTCH1,IFNBR,unknown,Fake,6,,
NOTCH1,TGFBR,unknown,Fake,6,,
NOTCH1,IKB,unknown,Fake,6,,
NOTCH1,IL6R,unknown,Fake,6,,
NOTCH1,IL23,unknown,Fake,6,,
NOTCH1,IL35,unknown,Fake,6,,
NOTCH1,RORGT,unknown,Fake,6,,
NOTCH1,GATA3,unknown,Fake,6,,
NOTCH1,IL31,unknown,Fake,6,,
NOTCH1,CMAF,unknown,Fake,6,,
NOTCH1,IFNAR,unknown,Fake,6,,
NOTCH1,IL36R,unknown,Fake,6,,
NOTCH1,JAK1,unknown,Fake,6,,
NOTCH1,IL21R,unknown,Fake,6,,
NOTCH1,IL2RA,unknown,Fake,6,,
NOTCH1,IRAK,unknown,Fake,6,,
NOTCH1,IL5,unknown,Fake,6,,
NOTCH1,IL1R,unknown,Fake,6,,
NOTCH1,SMAD3,unknown,Fake,6,,
NOTCH1,IL29R,unknown,Fake,6,,
NOTCH1,PU1,unknown,Fake,6,,
NOTCH1,IFNGR,unknown,Fake,6,,
NOTCH1,IL10R,unknown,Fake,6,,
NOTCH1,IL12RB1_2,unknown,Fake,6,,
NOTCH1,IL4R,unknown,Fake,6,,
NOTCH1,STAT5,unknown,Fake,6,,
NOTCH1,IL23R,unknown,Fake,6,,
NOTCH1,IL12RB2,unknown,Fake,6,,
NOTCH1,ST2,unknown,Fake,6,,
NOTCH1,IL4RA_2,unknown,Fake,6,,
NOTCH1,IFNGR_2,unknown,Fake,6,,
NOTCH1,TGFB,unknown,Fake,6,,
NOTCH1,IL7R,unknown,Fake,6,,
NOTCH1,SMAD2,unknown,Fake,6,,
NOTCH1,IL3,unknown,Fake,6,,
NOTCH1,IL2,unknown,Fake,6,,
NOTCH1,IL9,unknown,Fake,6,,
NOTCH1,NOTCH1,unknown,Fake,6,,
NOTCH1,STAT1_2,unknown,Fake,6,,
NOTCH1,IL2R,unknown,Fake,6,,
NOTCH1,IL18R,unknown,Fake,6,,
NOTCH1,SOCS1,unknown,Fake,6,,
NOTCH1,IL1R1,unknown,Fake,6,,
NOTCH1,STAT5_2,unknown,Fake,6,,
NOTCH1,IL12R,unknown,Fake,6,,
NOTCH1,IL22,unknown,Fake,6,,
NOTCH1,IL4R_2,unknown,Fake,6,,
NOTCH1,proliferation,unknown,Fake,6,,
NOTCH1,IL15R,unknown,Fake,6,,
NOTCH1,IL17,unknown,Fake,6,,
NOTCH1,GZMB,unknown,Fake,6,,
NOTCH1,THPOK,unknown,Fake,6,,
NOTCH1,IL25R,unknown,Fake,6,,
NOTCH1,IL2R_2,unknown,Fake,6,,
NOTCH1,IFNG,unknown,Fake,6,,
NOTCH1,IL33R,unknown,Fake,6,,
NOTCH1,TBET,unknown,Fake,6,,
NOTCH1,IL4,unknown,Fake,6,,
NOTCH1,IL24,unknown,Fake,6,,
NOTCH1,IRF1,unknown,Fake,6,,
NOTCH1,EOMES,unknown,Fake,6,,
NOTCH1,FOXP3,unknown,Fake,6,,
NOTCH1,IL21,unknown,Fake,6,,
NOTCH1,IL25,unknown,Fake,6,,
NOTCH1,CD28,unknown,Fake,6,,
NOTCH1,STAT6,unknown,Fake,6,,
NOTCH1,IL6,unknown,Fake,6,,
NOTCH1,STAT4,unknown,Fake,6,,
NOTCH1,STAT1,unknown,Fake,6,,
NOTCH1,IFNG_2,unknown,Fake,6,,
NOTCH1,BCL6,unknown,Fake,6,,
NOTCH1,IL13,unknown,Fake,6,,
NOTCH1,TBET_2,unknown,Fake,6,,
NOTCH1,RUNX3,unknown,Fake,6,,
STAT1_2,NFAT,unknown,Fake,6,,
STAT1_2,IL27R,unknown,Fake,6,,
STAT1_2,TCR,unknown,Fake,6,,
STAT1_2,PRF1,unknown,Fake,6,,
STAT1_2,STAT3,unknown,Fake,6,,
STAT1_2,IL10,unknown,Fake,6,,
STAT1_2,NFKB,unknown,Fake,6,,
STAT1_2,IFNBR,unknown,Fake,6,,
STAT1_2,TGFBR,unknown,Fake,6,,
STAT1_2,IKB,unknown,Fake,6,,
STAT1_2,IL6R,unknown,Fake,6,,
STAT1_2,IL23,unknown,Fake,6,,
STAT1_2,IL35,unknown,Fake,6,,
STAT1_2,RORGT,unknown,Fake,6,,
STAT1_2,GATA3,unknown,Fake,6,,
STAT1_2,IL31,unknown,Fake,6,,
STAT1_2,CMAF,unknown,Fake,6,,
STAT1_2,IFNAR,unknown,Fake,6,,
STAT1_2,IL36R,unknown,Fake,6,,
STAT1_2,JAK1,unknown,Fake,6,,
STAT1_2,IL21R,unknown,Fake,6,,
STAT1_2,IL2RA,unknown,Fake,6,,
STAT1_2,IRAK,unknown,Fake,6,,
STAT1_2,IL5,unknown,Fake,6,,
STAT1_2,IL1R,unknown,Fake,6,,
STAT1_2,SMAD3,unknown,Fake,6,,
STAT1_2,IL29R,unknown,Fake,6,,
STAT1_2,PU1,unknown,Fake,6,,
STAT1_2,CD4,unknown,Fake,6,,
STAT1_2,IFNGR,unknown,Fake,6,,
STAT1_2,IL10R,unknown,Fake,6,,
STAT1_2,IL12RB1_2,unknown,Fake,6,,
STAT1_2,IL4R,unknown,Fake,6,,
STAT1_2,STAT5,unknown,Fake,6,,
STAT1_2,IL23R,unknown,Fake,6,,
STAT1_2,IL12RB2,unknown,Fake,6,,
STAT1_2,ST2,unknown,Fake,6,,
STAT1_2,IL4RA_2,unknown,Fake,6,,
STAT1_2,IFNGR_2,unknown,Fake,6,,
STAT1_2,TGFB,unknown,Fake,6,,
STAT1_2,IL7R,unknown,Fake,6,,
STAT1_2,SMAD2,unknown,Fake,6,,
STAT1_2,IL3,unknown,Fake,6,,
STAT1_2,IL2,unknown,Fake,6,,
STAT1_2,IL9,unknown,Fake,6,,
STAT1_2,NOTCH1,unknown,Fake,6,,
STAT1_2,STAT1_2,unknown,Fake,6,,
STAT1_2,IL2R,unknown,Fake,6,,
STAT1_2,IL18R,unknown,Fake,6,,
STAT1_2,IL1R1,unknown,Fake,6,,
STAT1_2,CD8,unknown,Fake,6,,
STAT1_2,STAT5_2,unknown,Fake,6,,
STAT1_2,IL12R,unknown,Fake,6,,
STAT1_2,IL22,unknown,Fake,6,,
STAT1_2,IL4R_2,unknown,Fake,6,,
STAT1_2,proliferation,unknown,Fake,6,,
STAT1_2,IL15R,unknown,Fake,6,,
STAT1_2,IL17,unknown,Fake,6,,
STAT1_2,GZMB,unknown,Fake,6,,
STAT1_2,THPOK,unknown,Fake,6,,
STAT1_2,IL25R,unknown,Fake,6,,
STAT1_2,IL2R_2,unknown,Fake,6,,
STAT1_2,IFNG,unknown,Fake,6,,
STAT1_2,IL33R,unknown,Fake,6,,
STAT1_2,IL4,unknown,Fake,6,,
STAT1_2,IL24,unknown,Fake,6,,
STAT1_2,EOMES,unknown,Fake,6,,
STAT1_2,FOXP3,unknown,Fake,6,,
STAT1_2,IL21,unknown,Fake,6,,
STAT1_2,IL25,unknown,Fake,6,,
STAT1_2,CD28,unknown,Fake,6,,
STAT1_2,STAT6,unknown,Fake,6,,
STAT1_2,IL6,unknown,Fake,6,,
STAT1_2,STAT4,unknown,Fake,6,,
STAT1_2,STAT1,unknown,Fake,6,,
STAT1_2,IFNG_2,unknown,Fake,6,,
STAT1_2,IL13,unknown,Fake,6,,
STAT1_2,RUNX3,unknown,Fake,6,,
IL2R,NFAT,unknown,Fake,6,,
IL2R,IL27R,unknown,Fake,6,,
IL2R,TCR,unknown,Fake,6,,
IL2R,PRF1,unknown,Fake,6,,
IL2R,STAT3,unknown,Fake,6,,
IL2R,IL10,unknown,Fake,6,,
IL2R,NFKB,unknown,Fake,6,,
IL2R,IFNBR,unknown,Fake,6,,
IL2R,TGFBR,unknown,Fake,6,,
IL2R,IKB,unknown,Fake,6,,
IL2R,IL6R,unknown,Fake,6,,
IL2R,IL23,unknown,Fake,6,,
IL2R,IL35,unknown,Fake,6,,
IL2R,RORGT,unknown,Fake,6,,
IL2R,GATA3,unknown,Fake,6,,
IL2R,IL31,unknown,Fake,6,,
IL2R,CMAF,unknown,Fake,6,,
IL2R,IFNAR,unknown,Fake,6,,
IL2R,IL36R,unknown,Fake,6,,
IL2R,JAK1,unknown,Fake,6,,
IL2R,IL21R,unknown,Fake,6,,
IL2R,IL2RA,unknown,Fake,6,,
IL2R,IRAK,unknown,Fake,6,,
IL2R,IL5,unknown,Fake,6,,
IL2R,IL1R,unknown,Fake,6,,
IL2R,SMAD3,unknown,Fake,6,,
IL2R,IL29R,unknown,Fake,6,,
IL2R,PU1,unknown,Fake,6,,
IL2R,CD4,unknown,Fake,6,,
IL2R,IFNGR,unknown,Fake,6,,
IL2R,IL10R,unknown,Fake,6,,
IL2R,IL12RB1_2,unknown,Fake,6,,
IL2R,IL4R,unknown,Fake,6,,
IL2R,IL23R,unknown,Fake,6,,
IL2R,IL12RB2,unknown,Fake,6,,
IL2R,ST2,unknown,Fake,6,,
IL2R,IL4RA_2,unknown,Fake,6,,
IL2R,IFNGR_2,unknown,Fake,6,,
IL2R,TGFB,unknown,Fake,6,,
IL2R,IL7R,unknown,Fake,6,,
IL2R,SMAD2,unknown,Fake,6,,
IL2R,IL3,unknown,Fake,6,,
IL2R,IL2,unknown,Fake,6,,
IL2R,IL9,unknown,Fake,6,,
IL2R,NOTCH1,unknown,Fake,6,,
IL2R,STAT1_2,unknown,Fake,6,,
IL2R,IL2R,unknown,Fake,6,,
IL2R,IL18R,unknown,Fake,6,,
IL2R,SOCS1,unknown,Fake,6,,
IL2R,IL1R1,unknown,Fake,6,,
IL2R,CD8,unknown,Fake,6,,
IL2R,IL12R,unknown,Fake,6,,
IL2R,IL22,unknown,Fake,6,,
IL2R,IL4R_2,unknown,Fake,6,,
IL2R,proliferation,unknown,Fake,6,,
IL2R,IL15R,unknown,Fake,6,,
IL2R,IL17,unknown,Fake,6,,
IL2R,GZMB,unknown,Fake,6,,
IL2R,THPOK,unknown,Fake,6,,
IL2R,IL25R,unknown,Fake,6,,
IL2R,IFNG,unknown,Fake,6,,
IL2R,IL33R,unknown,Fake,6,,
IL2R,TBET,unknown,Fake,6,,
IL2R,IL4,unknown,Fake,6,,
IL2R,IL24,unknown,Fake,6,,
IL2R,IRF1,unknown,Fake,6,,
IL2R,EOMES,unknown,Fake,6,,
IL2R,FOXP3,unknown,Fake,6,,
IL2R,IL21,unknown,Fake,6,,
IL2R,IL25,unknown,Fake,6,,
IL2R,CD28,unknown,Fake,6,,
IL2R,STAT6,unknown,Fake,6,,
IL2R,IL6,unknown,Fake,6,,
IL2R,STAT4,unknown,Fake,6,,
IL2R,STAT1,unknown,Fake,6,,
IL2R,IFNG_2,unknown,Fake,6,,
IL2R,BCL6,unknown,Fake,6,,
IL2R,IL13,unknown,Fake,6,,
IL2R,TBET_2,unknown,Fake,6,,
IL2R,RUNX3,unknown,Fake,6,,
IL18R,NFAT,unknown,Fake,6,,
IL18R,IL27R,unknown,Fake,6,,
IL18R,TCR,unknown,Fake,6,,
IL18R,PRF1,unknown,Fake,6,,
IL18R,STAT3,unknown,Fake,6,,
IL18R,IL10,unknown,Fake,6,,
IL18R,NFKB,unknown,Fake,6,,
IL18R,IFNBR,unknown,Fake,6,,
IL18R,TGFBR,unknown,Fake,6,,
IL18R,IKB,unknown,Fake,6,,
IL18R,IL6R,unknown,Fake,6,,
IL18R,IL23,unknown,Fake,6,,
IL18R,IL35,unknown,Fake,6,,
IL18R,RORGT,unknown,Fake,6,,
IL18R,GATA3,unknown,Fake,6,,
IL18R,IL31,unknown,Fake,6,,
IL18R,CMAF,unknown,Fake,6,,
IL18R,IFNAR,unknown,Fake,6,,
IL18R,IL36R,unknown,Fake,6,,
IL18R,JAK1,unknown,Fake,6,,
IL18R,IL21R,unknown,Fake,6,,
IL18R,IL2RA,unknown,Fake,6,,
IL18R,IL5,unknown,Fake,6,,
IL18R,IL1R,unknown,Fake,6,,
IL18R,SMAD3,unknown,Fake,6,,
IL18R,IL29R,unknown,Fake,6,,
IL18R,PU1,unknown,Fake,6,,
IL18R,CD4,unknown,Fake,6,,
IL18R,IFNGR,unknown,Fake,6,,
IL18R,IL10R,unknown,Fake,6,,
IL18R,IL12RB1_2,unknown,Fake,6,,
IL18R,IL4R,unknown,Fake,6,,
IL18R,STAT5,unknown,Fake,6,,
IL18R,IL23R,unknown,Fake,6,,
IL18R,IL12RB2,unknown,Fake,6,,
IL18R,ST2,unknown,Fake,6,,
IL18R,IL4RA_2,unknown,Fake,6,,
IL18R,IFNGR_2,unknown,Fake,6,,
IL18R,TGFB,unknown,Fake,6,,
IL18R,IL7R,unknown,Fake,6,,
IL18R,SMAD2,unknown,Fake,6,,
IL18R,IL3,unknown,Fake,6,,
IL18R,IL2,unknown,Fake,6,,
IL18R,IL9,unknown,Fake,6,,
IL18R,NOTCH1,unknown,Fake,6,,
IL18R,STAT1_2,unknown,Fake,6,,
IL18R,IL2R,unknown,Fake,6,,
IL18R,IL18R,unknown,Fake,6,,
IL18R,SOCS1,unknown,Fake,6,,
IL18R,IL1R1,unknown,Fake,6,,
IL18R,CD8,unknown,Fake,6,,
IL18R,STAT5_2,unknown,Fake,6,,
IL18R,IL12R,unknown,Fake,6,,
IL18R,IL22,unknown,Fake,6,,
IL18R,IL4R_2,unknown,Fake,6,,
IL18R,proliferation,unknown,Fake,6,,
IL18R,IL15R,unknown,Fake,6,,
IL18R,IL17,unknown,Fake,6,,
IL18R,GZMB,unknown,Fake,6,,
IL18R,THPOK,unknown,Fake,6,,
IL18R,IL25R,unknown,Fake,6,,
IL18R,IL2R_2,unknown,Fake,6,,
IL18R,IL33R,unknown,Fake,6,,
IL18R,TBET,unknown,Fake,6,,
IL18R,IL4,unknown,Fake,6,,
IL18R,IL24,unknown,Fake,6,,
IL18R,IRF1,unknown,Fake,6,,
IL18R,EOMES,unknown,Fake,6,,
IL18R,FOXP3,unknown,Fake,6,,
IL18R,IL21,unknown,Fake,6,,
IL18R,IL25,unknown,Fake,6,,
IL18R,CD28,unknown,Fake,6,,
IL18R,STAT6,unknown,Fake,6,,
IL18R,IL6,unknown,Fake,6,,
IL18R,STAT4,unknown,Fake,6,,
IL18R,STAT1,unknown,Fake,6,,
IL18R,BCL6,unknown,Fake,6,,
IL18R,IL13,unknown,Fake,6,,
IL18R,TBET_2,unknown,Fake,6,,
IL18R,RUNX3,unknown,Fake,6,,
SOCS1,NFAT,unknown,Fake,6,,
SOCS1,IL27R,unknown,Fake,6,,
SOCS1,TCR,unknown,Fake,6,,
SOCS1,PRF1,unknown,Fake,6,,
SOCS1,STAT3,unknown,Fake,6,,
SOCS1,IL10,unknown,Fake,6,,
SOCS1,NFKB,unknown,Fake,6,,
SOCS1,IFNBR,unknown,Fake,6,,
SOCS1,TGFBR,unknown,Fake,6,,
SOCS1,IKB,unknown,Fake,6,,
SOCS1,IL6R,unknown,Fake,6,,
SOCS1,IL23,unknown,Fake,6,,
SOCS1,IL35,unknown,Fake,6,,
SOCS1,RORGT,unknown,Fake,6,,
SOCS1,GATA3,unknown,Fake,6,,
SOCS1,IL31,unknown,Fake,6,,
SOCS1,CMAF,unknown,Fake,6,,
SOCS1,IFNAR,unknown,Fake,6,,
SOCS1,IL36R,unknown,Fake,6,,
SOCS1,IL21R,unknown,Fake,6,,
SOCS1,IL2RA,unknown,Fake,6,,
SOCS1,IRAK,unknown,Fake,6,,
SOCS1,IL5,unknown,Fake,6,,
SOCS1,IL1R,unknown,Fake,6,,
SOCS1,SMAD3,unknown,Fake,6,,
SOCS1,IL29R,unknown,Fake,6,,
SOCS1,PU1,unknown,Fake,6,,
SOCS1,CD4,unknown,Fake,6,,
SOCS1,IFNGR,unknown,Fake,6,,
SOCS1,IL10R,unknown,Fake,6,,
SOCS1,IL12RB1_2,unknown,Fake,6,,
SOCS1,IL4R,unknown,Fake,6,,
SOCS1,IL23R,unknown,Fake,6,,
SOCS1,IL12RB2,unknown,Fake,6,,
SOCS1,ST2,unknown,Fake,6,,
SOCS1,IL4RA_2,unknown,Fake,6,,
SOCS1,IFNGR_2,unknown,Fake,6,,
SOCS1,TGFB,unknown,Fake,6,,
SOCS1,IL7R,unknown,Fake,6,,
SOCS1,SMAD2,unknown,Fake,6,,
SOCS1,IL3,unknown,Fake,6,,
SOCS1,IL2,unknown,Fake,6,,
SOCS1,IL9,unknown,Fake,6,,
SOCS1,NOTCH1,unknown,Fake,6,,
SOCS1,STAT1_2,unknown,Fake,6,,
SOCS1,IL2R,unknown,Fake,6,,
SOCS1,IL18R,unknown,Fake,6,,
SOCS1,SOCS1,unknown,Fake,6,,
SOCS1,IL1R1,unknown,Fake,6,,
SOCS1,CD8,unknown,Fake,6,,
SOCS1,IL12R,unknown,Fake,6,,
SOCS1,IL22,unknown,Fake,6,,
SOCS1,IL4R_2,unknown,Fake,6,,
SOCS1,proliferation,unknown,Fake,6,,
SOCS1,IL15R,unknown,Fake,6,,
SOCS1,IL17,unknown,Fake,6,,
SOCS1,GZMB,unknown,Fake,6,,
SOCS1,THPOK,unknown,Fake,6,,
SOCS1,IL25R,unknown,Fake,6,,
SOCS1,IL2R_2,unknown,Fake,6,,
SOCS1,IFNG,unknown,Fake,6,,
SOCS1,IL33R,unknown,Fake,6,,
SOCS1,TBET,unknown,Fake,6,,
SOCS1,IL4,unknown,Fake,6,,
SOCS1,IL24,unknown,Fake,6,,
SOCS1,IRF1,unknown,Fake,6,,
SOCS1,EOMES,unknown,Fake,6,,
SOCS1,FOXP3,unknown,Fake,6,,
SOCS1,IL21,unknown,Fake,6,,
SOCS1,IL25,unknown,Fake,6,,
SOCS1,CD28,unknown,Fake,6,,
SOCS1,IL6,unknown,Fake,6,,
SOCS1,STAT4,unknown,Fake,6,,
SOCS1,STAT1,unknown,Fake,6,,
SOCS1,IFNG_2,unknown,Fake,6,,
SOCS1,BCL6,unknown,Fake,6,,
SOCS1,IL13,unknown,Fake,6,,
SOCS1,TBET_2,unknown,Fake,6,,
SOCS1,RUNX3,unknown,Fake,6,,
IL1R1,NFAT,unknown,Fake,6,,
IL1R1,IL27R,unknown,Fake,6,,
IL1R1,TCR,unknown,Fake,6,,
IL1R1,PRF1,unknown,Fake,6,,
IL1R1,STAT3,unknown,Fake,6,,
IL1R1,IL10,unknown,Fake,6,,
IL1R1,NFKB,unknown,Fake,6,,
IL1R1,IFNBR,unknown,Fake,6,,
IL1R1,TGFBR,unknown,Fake,6,,
IL1R1,IKB,unknown,Fake,6,,
IL1R1,IL6R,unknown,Fake,6,,
IL1R1,IL23,unknown,Fake,6,,
IL1R1,IL35,unknown,Fake,6,,
IL1R1,RORGT,unknown,Fake,6,,
IL1R1,GATA3,unknown,Fake,6,,
IL1R1,IL31,unknown,Fake,6,,
IL1R1,CMAF,unknown,Fake,6,,
IL1R1,IFNAR,unknown,Fake,6,,
IL1R1,IL36R,unknown,Fake,6,,
IL1R1,JAK1,unknown,Fake,6,,
IL1R1,IL21R,unknown,Fake,6,,
IL1R1,IL2RA,unknown,Fake,6,,
IL1R1,IRAK,unknown,Fake,6,,
IL1R1,IL5,unknown,Fake,6,,
IL1R1,SMAD3,unknown,Fake,6,,
IL1R1,IL29R,unknown,Fake,6,,
IL1R1,PU1,unknown,Fake,6,,
IL1R1,CD4,unknown,Fake,6,,
IL1R1,IFNGR,unknown,Fake,6,,
IL1R1,IL10R,unknown,Fake,6,,
IL1R1,IL12RB1_2,unknown,Fake,6,,
IL1R1,IL4R,unknown,Fake,6,,
IL1R1,STAT5,unknown,Fake,6,,
IL1R1,IL23R,unknown,Fake,6,,
IL1R1,IL12RB2,unknown,Fake,6,,
IL1R1,ST2,unknown,Fake,6,,
IL1R1,IL4RA_2,unknown,Fake,6,,
IL1R1,IFNGR_2,unknown,Fake,6,,
IL1R1,TGFB,unknown,Fake,6,,
IL1R1,IL7R,unknown,Fake,6,,
IL1R1,SMAD2,unknown,Fake,6,,
IL1R1,IL3,unknown,Fake,6,,
IL1R1,IL2,unknown,Fake,6,,
IL1R1,IL9,unknown,Fake,6,,
IL1R1,NOTCH1,unknown,Fake,6,,
IL1R1,STAT1_2,unknown,Fake,6,,
IL1R1,IL2R,unknown,Fake,6,,
IL1R1,IL18R,unknown,Fake,6,,
IL1R1,SOCS1,unknown,Fake,6,,
IL1R1,IL1R1,unknown,Fake,6,,
IL1R1,CD8,unknown,Fake,6,,
IL1R1,STAT5_2,unknown,Fake,6,,
IL1R1,IL12R,unknown,Fake,6,,
IL1R1,IL22,unknown,Fake,6,,
IL1R1,IL4R_2,unknown,Fake,6,,
IL1R1,proliferation,unknown,Fake,6,,
IL1R1,IL15R,unknown,Fake,6,,
IL1R1,IL17,unknown,Fake,6,,
IL1R1,GZMB,unknown,Fake,6,,
IL1R1,THPOK,unknown,Fake,6,,
IL1R1,IL25R,unknown,Fake,6,,
IL1R1,IL2R_2,unknown,Fake,6,,
IL1R1,IFNG,unknown,Fake,6,,
IL1R1,IL33R,unknown,Fake,6,,
IL1R1,TBET,unknown,Fake,6,,
IL1R1,IL4,unknown,Fake,6,,
IL1R1,IL24,unknown,Fake,6,,
IL1R1,IRF1,unknown,Fake,6,,
IL1R1,EOMES,unknown,Fake,6,,
IL1R1,FOXP3,unknown,Fake,6,,
IL1R1,IL21,unknown,Fake,6,,
IL1R1,IL25,unknown,Fake,6,,
IL1R1,CD28,unknown,Fake,6,,
IL1R1,STAT6,unknown,Fake,6,,
IL1R1,IL6,unknown,Fake,6,,
IL1R1,STAT4,unknown,Fake,6,,
IL1R1,STAT1,unknown,Fake,6,,
IL1R1,IFNG_2,unknown,Fake,6,,
IL1R1,BCL6,unknown,Fake,6,,
IL1R1,IL13,unknown,Fake,6,,
IL1R1,TBET_2,unknown,Fake,6,,
IL1R1,RUNX3,unknown,Fake,6,,
CD8,NFAT,unknown,Fake,6,,
CD8,IL27R,unknown,Fake,6,,
CD8,TCR,unknown,Fake,6,,
CD8,PRF1,unknown,Fake,6,,
CD8,STAT3,unknown,Fake,6,,
CD8,IL10,unknown,Fake,6,,
CD8,NFKB,unknown,Fake,6,,
CD8,IFNBR,unknown,Fake,6,,
CD8,TGFBR,unknown,Fake,6,,
CD8,IKB,unknown,Fake,6,,
CD8,IL6R,unknown,Fake,6,,
CD8,IL23,unknown,Fake,6,,
CD8,IL35,unknown,Fake,6,,
CD8,RORGT,unknown,Fake,6,,
CD8,GATA3,unknown,Fake,6,,
CD8,IL31,unknown,Fake,6,,
CD8,CMAF,unknown,Fake,6,,
CD8,IFNAR,unknown,Fake,6,,
CD8,IL36R,unknown,Fake,6,,
CD8,JAK1,unknown,Fake,6,,
CD8,IL21R,unknown,Fake,6,,
CD8,IL2RA,unknown,Fake,6,,
CD8,IRAK,unknown,Fake,6,,
CD8,IL5,unknown,Fake,6,,
CD8,IL1R,unknown,Fake,6,,
CD8,SMAD3,unknown,Fake,6,,
CD8,IL29R,unknown,Fake,6,,
CD8,PU1,unknown,Fake,6,,
CD8,CD4,unknown,Fake,6,,
CD8,IFNGR,unknown,Fake,6,,
CD8,IL10R,unknown,Fake,6,,
CD8,IL12RB1_2,unknown,Fake,6,,
CD8,IL4R,unknown,Fake,6,,
CD8,STAT5,unknown,Fake,6,,
CD8,IL23R,unknown,Fake,6,,
CD8,IL12RB2,unknown,Fake,6,,
CD8,ST2,unknown,Fake,6,,
CD8,IL4RA_2,unknown,Fake,6,,
CD8,IFNGR_2,unknown,Fake,6,,
CD8,TGFB,unknown,Fake,6,,
CD8,IL7R,unknown,Fake,6,,
CD8,SMAD2,unknown,Fake,6,,
CD8,IL3,unknown,Fake,6,,
CD8,IL2,unknown,Fake,6,,
CD8,IL9,unknown,Fake,6,,
CD8,NOTCH1,unknown,Fake,6,,
CD8,STAT1_2,unknown,Fake,6,,
CD8,IL2R,unknown,Fake,6,,
CD8,IL18R,unknown,Fake,6,,
CD8,SOCS1,unknown,Fake,6,,
CD8,IL1R1,unknown,Fake,6,,
CD8,CD8,unknown,Fake,6,,
CD8,STAT5_2,unknown,Fake,6,,
CD8,IL12R,unknown,Fake,6,,
CD8,IL22,unknown,Fake,6,,
CD8,IL4R_2,unknown,Fake,6,,
CD8,proliferation,unknown,Fake,6,,
CD8,IL15R,unknown,Fake,6,,
CD8,IL17,unknown,Fake,6,,
CD8,GZMB,unknown,Fake,6,,
CD8,THPOK,unknown,Fake,6,,
CD8,IL25R,unknown,Fake,6,,
CD8,IL2R_2,unknown,Fake,6,,
CD8,IFNG,unknown,Fake,6,,
CD8,IL33R,unknown,Fake,6,,
CD8,TBET,unknown,Fake,6,,
CD8,IL4,unknown,Fake,6,,
CD8,IL24,unknown,Fake,6,,
CD8,IRF1,unknown,Fake,6,,
CD8,EOMES,unknown,Fake,6,,
CD8,FOXP3,unknown,Fake,6,,
CD8,IL21,unknown,Fake,6,,
CD8,IL25,unknown,Fake,6,,
CD8,CD28,unknown,Fake,6,,
CD8,STAT6,unknown,Fake,6,,
CD8,IL6,unknown,Fake,6,,
CD8,STAT4,unknown,Fake,6,,
CD8,STAT1,unknown,Fake,6,,
CD8,IFNG_2,unknown,Fake,6,,
CD8,BCL6,unknown,Fake,6,,
CD8,IL13,unknown,Fake,6,,
CD8,TBET_2,unknown,Fake,6,,
STAT5_2,NFAT,unknown,Fake,6,,
STAT5_2,IL27R,unknown,Fake,6,,
STAT5_2,TCR,unknown,Fake,6,,
STAT5_2,PRF1,unknown,Fake,6,,
STAT5_2,STAT3,unknown,Fake,6,,
STAT5_2,IL10,unknown,Fake,6,,
STAT5_2,NFKB,unknown,Fake,6,,
STAT5_2,IFNBR,unknown,Fake,6,,
STAT5_2,TGFBR,unknown,Fake,6,,
STAT5_2,IKB,unknown,Fake,6,,
STAT5_2,IL6R,unknown,Fake,6,,
STAT5_2,IL23,unknown,Fake,6,,
STAT5_2,IL35,unknown,Fake,6,,
STAT5_2,RORGT,unknown,Fake,6,,
STAT5_2,IL31,unknown,Fake,6,,
STAT5_2,CMAF,unknown,Fake,6,,
STAT5_2,IFNAR,unknown,Fake,6,,
STAT5_2,IL36R,unknown,Fake,6,,
STAT5_2,JAK1,unknown,Fake,6,,
STAT5_2,IL21R,unknown,Fake,6,,
STAT5_2,IL2RA,unknown,Fake,6,,
STAT5_2,IRAK,unknown,Fake,6,,
STAT5_2,IL5,unknown,Fake,6,,
STAT5_2,IL1R,unknown,Fake,6,,
STAT5_2,SMAD3,unknown,Fake,6,,
STAT5_2,IL29R,unknown,Fake,6,,
STAT5_2,PU1,unknown,Fake,6,,
STAT5_2,CD4,unknown,Fake,6,,
STAT5_2,IFNGR,unknown,Fake,6,,
STAT5_2,IL10R,unknown,Fake,6,,
STAT5_2,IL12RB1_2,unknown,Fake,6,,
STAT5_2,IL4R,unknown,Fake,6,,
STAT5_2,STAT5,unknown,Fake,6,,
STAT5_2,IL23R,unknown,Fake,6,,
STAT5_2,IL12RB2,unknown,Fake,6,,
STAT5_2,ST2,unknown,Fake,6,,
STAT5_2,IFNGR_2,unknown,Fake,6,,
STAT5_2,TGFB,unknown,Fake,6,,
STAT5_2,IL7R,unknown,Fake,6,,
STAT5_2,SMAD2,unknown,Fake,6,,
STAT5_2,IL3,unknown,Fake,6,,
STAT5_2,IL2,unknown,Fake,6,,
STAT5_2,IL9,unknown,Fake,6,,
STAT5_2,NOTCH1,unknown,Fake,6,,
STAT5_2,STAT1_2,unknown,Fake,6,,
STAT5_2,IL2R,unknown,Fake,6,,
STAT5_2,IL18R,unknown,Fake,6,,
STAT5_2,SOCS1,unknown,Fake,6,,
STAT5_2,IL1R1,unknown,Fake,6,,
STAT5_2,CD8,unknown,Fake,6,,
STAT5_2,STAT5_2,unknown,Fake,6,,
STAT5_2,IL12R,unknown,Fake,6,,
STAT5_2,IL22,unknown,Fake,6,,
STAT5_2,IL4R_2,unknown,Fake,6,,
STAT5_2,IL15R,unknown,Fake,6,,
STAT5_2,GZMB,unknown,Fake,6,,
STAT5_2,THPOK,unknown,Fake,6,,
STAT5_2,IL25R,unknown,Fake,6,,
STAT5_2,IL2R_2,unknown,Fake,6,,
STAT5_2,IFNG,unknown,Fake,6,,
STAT5_2,IL33R,unknown,Fake,6,,
STAT5_2,TBET,unknown,Fake,6,,
STAT5_2,IL4,unknown,Fake,6,,
STAT5_2,IL24,unknown,Fake,6,,
STAT5_2,IRF1,unknown,Fake,6,,
STAT5_2,EOMES,unknown,Fake,6,,
STAT5_2,IL21,unknown,Fake,6,,
STAT5_2,IL25,unknown,Fake,6,,
STAT5_2,CD28,unknown,Fake,6,,
STAT5_2,STAT6,unknown,Fake,6,,
STAT5_2,IL6,unknown,Fake,6,,
STAT5_2,STAT4,unknown,Fake,6,,
STAT5_2,STAT1,unknown,Fake,6,,
STAT5_2,IFNG_2,unknown,Fake,6,,
STAT5_2,BCL6,unknown,Fake,6,,
STAT5_2,IL13,unknown,Fake,6,,
STAT5_2,TBET_2,unknown,Fake,6,,
IL12R,NFAT,unknown,Fake,6,,
IL12R,IL27R,unknown,Fake,6,,
IL12R,TCR,unknown,Fake,6,,
IL12R,PRF1,unknown,Fake,6,,
IL12R,STAT3,unknown,Fake,6,,
IL12R,IL10,unknown,Fake,6,,
IL12R,NFKB,unknown,Fake,6,,
IL12R,IFNBR,unknown,Fake,6,,
IL12R,TGFBR,unknown,Fake,6,,
IL12R,IKB,unknown,Fake,6,,
IL12R,IL6R,unknown,Fake,6,,
IL12R,IL23,unknown,Fake,6,,
IL12R,IL35,unknown,Fake,6,,
IL12R,RORGT,unknown,Fake,6,,
IL12R,GATA3,unknown,Fake,6,,
IL12R,IL31,unknown,Fake,6,,
IL12R,CMAF,unknown,Fake,6,,
IL12R,IFNAR,unknown,Fake,6,,
IL12R,IL36R,unknown,Fake,6,,
IL12R,JAK1,unknown,Fake,6,,
IL12R,IL21R,unknown,Fake,6,,
IL12R,IL2RA,unknown,Fake,6,,
IL12R,IRAK,unknown,Fake,6,,
IL12R,IL5,unknown,Fake,6,,
IL12R,IL1R,unknown,Fake,6,,
IL12R,SMAD3,unknown,Fake,6,,
IL12R,IL29R,unknown,Fake,6,,
IL12R,PU1,unknown,Fake,6,,
IL12R,CD4,unknown,Fake,6,,
IL12R,IFNGR,unknown,Fake,6,,
IL12R,IL10R,unknown,Fake,6,,
IL12R,IL12RB1_2,unknown,Fake,6,,
IL12R,IL4R,unknown,Fake,6,,
IL12R,STAT5,unknown,Fake,6,,
IL12R,IL23R,unknown,Fake,6,,
IL12R,IL12RB2,unknown,Fake,6,,
IL12R,ST2,unknown,Fake,6,,
IL12R,IL4RA_2,unknown,Fake,6,,
IL12R,IFNGR_2,unknown,Fake,6,,
IL12R,TGFB,unknown,Fake,6,,
IL12R,IL7R,unknown,Fake,6,,
IL12R,SMAD2,unknown,Fake,6,,
IL12R,IL3,unknown,Fake,6,,
IL12R,IL2,unknown,Fake,6,,
IL12R,IL9,unknown,Fake,6,,
IL12R,NOTCH1,unknown,Fake,6,,
IL12R,STAT1_2,unknown,Fake,6,,
IL12R,IL2R,unknown,Fake,6,,
IL12R,IL18R,unknown,Fake,6,,
IL12R,SOCS1,unknown,Fake,6,,
IL12R,IL1R1,unknown,Fake,6,,
IL12R,CD8,unknown,Fake,6,,
IL12R,STAT5_2,unknown,Fake,6,,
IL12R,IL12R,unknown,Fake,6,,
IL12R,IL22,unknown,Fake,6,,
IL12R,IL4R_2,unknown,Fake,6,,
IL12R,proliferation,unknown,Fake,6,,
IL12R,IL15R,unknown,Fake,6,,
IL12R,IL17,unknown,Fake,6,,
IL12R,GZMB,unknown,Fake,6,,
IL12R,THPOK,unknown,Fake,6,,
IL12R,IL25R,unknown,Fake,6,,
IL12R,IL2R_2,unknown,Fake,6,,
IL12R,IFNG,unknown,Fake,6,,
IL12R,IL33R,unknown,Fake,6,,
IL12R,TBET,unknown,Fake,6,,
IL12R,IL4,unknown,Fake,6,,
IL12R,IL24,unknown,Fake,6,,
IL12R,IRF1,unknown,Fake,6,,
IL12R,EOMES,unknown,Fake,6,,
IL12R,FOXP3,unknown,Fake,6,,
IL12R,IL21,unknown,Fake,6,,
IL12R,IL25,unknown,Fake,6,,
IL12R,CD28,unknown,Fake,6,,
IL12R,STAT6,unknown,Fake,6,,
IL12R,IL6,unknown,Fake,6,,
IL12R,STAT1,unknown,Fake,6,,
IL12R,IFNG_2,unknown,Fake,6,,
IL12R,BCL6,unknown,Fake,6,,
IL12R,IL13,unknown,Fake,6,,
IL12R,TBET_2,unknown,Fake,6,,
IL12R,RUNX3,unknown,Fake,6,,
IL22,NFAT,unknown,Fake,6,,
IL22,IL27R,unknown,Fake,6,,
IL22,TCR,unknown,Fake,6,,
IL22,PRF1,unknown,Fake,6,,
IL22,STAT3,unknown,Fake,6,,
IL22,IL10,unknown,Fake,6,,
IL22,NFKB,unknown,Fake,6,,
IL22,IFNBR,unknown,Fake,6,,
IL22,TGFBR,unknown,Fake,6,,
IL22,IKB,unknown,Fake,6,,
IL22,IL6R,unknown,Fake,6,,
IL22,IL23,unknown,Fake,6,,
IL22,IL35,unknown,Fake,6,,
IL22,RORGT,unknown,Fake,6,,
IL22,GATA3,unknown,Fake,6,,
IL22,IL31,unknown,Fake,6,,
IL22,CMAF,unknown,Fake,6,,
IL22,IFNAR,unknown,Fake,6,,
IL22,IL36R,unknown,Fake,6,,
IL22,JAK1,unknown,Fake,6,,
IL22,IL21R,unknown,Fake,6,,
IL22,IL2RA,unknown,Fake,6,,
IL22,IRAK,unknown,Fake,6,,
IL22,IL5,unknown,Fake,6,,
IL22,IL1R,unknown,Fake,6,,
IL22,SMAD3,unknown,Fake,6,,
IL22,IL29R,unknown,Fake,6,,
IL22,PU1,unknown,Fake,6,,
IL22,CD4,unknown,Fake,6,,
IL22,IFNGR,unknown,Fake,6,,
IL22,IL10R,unknown,Fake,6,,
IL22,IL12RB1_2,unknown,Fake,6,,
IL22,IL4R,unknown,Fake,6,,
IL22,STAT5,unknown,Fake,6,,
IL22,IL23R,unknown,Fake,6,,
IL22,IL12RB2,unknown,Fake,6,,
IL22,ST2,unknown,Fake,6,,
IL22,IL4RA_2,unknown,Fake,6,,
IL22,IFNGR_2,unknown,Fake,6,,
IL22,TGFB,unknown,Fake,6,,
IL22,IL7R,unknown,Fake,6,,
IL22,SMAD2,unknown,Fake,6,,
IL22,IL3,unknown,Fake,6,,
IL22,IL2,unknown,Fake,6,,
IL22,IL9,unknown,Fake,6,,
IL22,NOTCH1,unknown,Fake,6,,
IL22,STAT1_2,unknown,Fake,6,,
IL22,IL2R,unknown,Fake,6,,
IL22,IL18R,unknown,Fake,6,,
IL22,SOCS1,unknown,Fake,6,,
IL22,IL1R1,unknown,Fake,6,,
IL22,CD8,unknown,Fake,6,,
IL22,STAT5_2,unknown,Fake,6,,
IL22,IL12R,unknown,Fake,6,,
IL22,IL22,unknown,Fake,6,,
IL22,IL4R_2,unknown,Fake,6,,
IL22,proliferation,unknown,Fake,6,,
IL22,IL15R,unknown,Fake,6,,
IL22,IL17,unknown,Fake,6,,
IL22,GZMB,unknown,Fake,6,,
IL22,THPOK,unknown,Fake,6,,
IL22,IL25R,unknown,Fake,6,,
IL22,IL2R_2,unknown,Fake,6,,
IL22,IFNG,unknown,Fake,6,,
IL22,IL33R,unknown,Fake,6,,
IL22,TBET,unknown,Fake,6,,
IL22,IL4,unknown,Fake,6,,
IL22,IL24,unknown,Fake,6,,
IL22,IRF1,unknown,Fake,6,,
IL22,EOMES,unknown,Fake,6,,
IL22,FOXP3,unknown,Fake,6,,
IL22,IL21,unknown,Fake,6,,
IL22,IL25,unknown,Fake,6,,
IL22,CD28,unknown,Fake,6,,
IL22,STAT6,unknown,Fake,6,,
IL22,IL6,unknown,Fake,6,,
IL22,STAT4,unknown,Fake,6,,
IL22,STAT1,unknown,Fake,6,,
IL22,IFNG_2,unknown,Fake,6,,
IL22,BCL6,unknown,Fake,6,,
IL22,IL13,unknown,Fake,6,,
IL22,TBET_2,unknown,Fake,6,,
IL22,RUNX3,unknown,Fake,6,,
IL4R_2,NFAT,unknown,Fake,6,,
IL4R_2,IL27R,unknown,Fake,6,,
IL4R_2,TCR,unknown,Fake,6,,
IL4R_2,PRF1,unknown,Fake,6,,
IL4R_2,STAT3,unknown,Fake,6,,
IL4R_2,IL10,unknown,Fake,6,,
IL4R_2,NFKB,unknown,Fake,6,,
IL4R_2,IFNBR,unknown,Fake,6,,
IL4R_2,TGFBR,unknown,Fake,6,,
IL4R_2,IKB,unknown,Fake,6,,
IL4R_2,IL6R,unknown,Fake,6,,
IL4R_2,IL23,unknown,Fake,6,,
IL4R_2,IL35,unknown,Fake,6,,
IL4R_2,RORGT,unknown,Fake,6,,
IL4R_2,GATA3,unknown,Fake,6,,
IL4R_2,IL31,unknown,Fake,6,,
IL4R_2,CMAF,unknown,Fake,6,,
IL4R_2,IFNAR,unknown,Fake,6,,
IL4R_2,IL36R,unknown,Fake,6,,
IL4R_2,JAK1,unknown,Fake,6,,
IL4R_2,IL21R,unknown,Fake,6,,
IL4R_2,IL2RA,unknown,Fake,6,,
IL4R_2,IRAK,unknown,Fake,6,,
IL4R_2,IL5,unknown,Fake,6,,
IL4R_2,IL1R,unknown,Fake,6,,
IL4R_2,SMAD3,unknown,Fake,6,,
IL4R_2,IL29R,unknown,Fake,6,,
IL4R_2,PU1,unknown,Fake,6,,
IL4R_2,CD4,unknown,Fake,6,,
IL4R_2,IFNGR,unknown,Fake,6,,
IL4R_2,IL10R,unknown,Fake,6,,
IL4R_2,IL12RB1_2,unknown,Fake,6,,
IL4R_2,IL4R,unknown,Fake,6,,
IL4R_2,STAT5,unknown,Fake,6,,
IL4R_2,IL23R,unknown,Fake,6,,
IL4R_2,IL12RB2,unknown,Fake,6,,
IL4R_2,ST2,unknown,Fake,6,,
IL4R_2,IL4RA_2,unknown,Fake,6,,
IL4R_2,IFNGR_2,unknown,Fake,6,,
IL4R_2,TGFB,unknown,Fake,6,,
IL4R_2,IL7R,unknown,Fake,6,,
IL4R_2,SMAD2,unknown,Fake,6,,
IL4R_2,IL3,unknown,Fake,6,,
IL4R_2,IL2,unknown,Fake,6,,
IL4R_2,IL9,unknown,Fake,6,,
IL4R_2,NOTCH1,unknown,Fake,6,,
IL4R_2,STAT1_2,unknown,Fake,6,,
IL4R_2,IL2R,unknown,Fake,6,,
IL4R_2,IL18R,unknown,Fake,6,,
IL4R_2,SOCS1,unknown,Fake,6,,
IL4R_2,IL1R1,unknown,Fake,6,,
IL4R_2,CD8,unknown,Fake,6,,
IL4R_2,IL12R,unknown,Fake,6,,
IL4R_2,IL22,unknown,Fake,6,,
IL4R_2,IL4R_2,unknown,Fake,6,,
IL4R_2,proliferation,unknown,Fake,6,,
IL4R_2,IL15R,unknown,Fake,6,,
IL4R_2,IL17,unknown,Fake,6,,
IL4R_2,GZMB,unknown,Fake,6,,
IL4R_2,THPOK,unknown,Fake,6,,
IL4R_2,IL25R,unknown,Fake,6,,
IL4R_2,IL2R_2,unknown,Fake,6,,
IL4R_2,IFNG,unknown,Fake,6,,
IL4R_2,IL33R,unknown,Fake,6,,
IL4R_2,TBET,unknown,Fake,6,,
IL4R_2,IL4,unknown,Fake,6,,
IL4R_2,IL24,unknown,Fake,6,,
IL4R_2,IRF1,unknown,Fake,6,,
IL4R_2,EOMES,unknown,Fake,6,,
IL4R_2,FOXP3,unknown,Fake,6,,
IL4R_2,IL21,unknown,Fake,6,,
IL4R_2,IL25,unknown,Fake,6,,
IL4R_2,CD28,unknown,Fake,6,,
IL4R_2,IL6,unknown,Fake,6,,
IL4R_2,STAT4,unknown,Fake,6,,
IL4R_2,STAT1,unknown,Fake,6,,
IL4R_2,IFNG_2,unknown,Fake,6,,
IL4R_2,BCL6,unknown,Fake,6,,
IL4R_2,IL13,unknown,Fake,6,,
IL4R_2,TBET_2,unknown,Fake,6,,
IL4R_2,RUNX3,unknown,Fake,6,,
IL6_e,NFAT,unknown,Fake,6,,
IL6_e,IL27R,unknown,Fake,6,,
IL6_e,TCR,unknown,Fake,6,,
IL6_e,PRF1,unknown,Fake,6,,
IL6_e,STAT3,unknown,Fake,6,,
IL6_e,IL10,unknown,Fake,6,,
IL6_e,NFKB,unknown,Fake,6,,
IL6_e,IFNBR,unknown,Fake,6,,
IL6_e,TGFBR,unknown,Fake,6,,
IL6_e,IKB,unknown,Fake,6,,
IL6_e,IL23,unknown,Fake,6,,
IL6_e,IL35,unknown,Fake,6,,
IL6_e,RORGT,unknown,Fake,6,,
IL6_e,GATA3,unknown,Fake,6,,
IL6_e,IL31,unknown,Fake,6,,
IL6_e,CMAF,unknown,Fake,6,,
IL6_e,IFNAR,unknown,Fake,6,,
IL6_e,IL36R,unknown,Fake,6,,
IL6_e,JAK1,unknown,Fake,6,,
IL6_e,IL21R,unknown,Fake,6,,
IL6_e,IL2RA,unknown,Fake,6,,
IL6_e,IRAK,unknown,Fake,6,,
IL6_e,IL5,unknown,Fake,6,,
IL6_e,IL1R,unknown,Fake,6,,
IL6_e,SMAD3,unknown,Fake,6,,
IL6_e,IL29R,unknown,Fake,6,,
IL6_e,PU1,unknown,Fake,6,,
IL6_e,CD4,unknown,Fake,6,,
IL6_e,IFNGR,unknown,Fake,6,,
IL6_e,IL10R,unknown,Fake,6,,
IL6_e,IL12RB1_2,unknown,Fake,6,,
IL6_e,IL4R,unknown,Fake,6,,
IL6_e,STAT5,unknown,Fake,6,,
IL6_e,IL23R,unknown,Fake,6,,
IL6_e,IL12RB2,unknown,Fake,6,,
IL6_e,ST2,unknown,Fake,6,,
IL6_e,IL4RA_2,unknown,Fake,6,,
IL6_e,IFNGR_2,unknown,Fake,6,,
IL6_e,TGFB,unknown,Fake,6,,
IL6_e,IL7R,unknown,Fake,6,,
IL6_e,SMAD2,unknown,Fake,6,,
IL6_e,IL3,unknown,Fake,6,,
IL6_e,IL2,unknown,Fake,6,,
IL6_e,IL9,unknown,Fake,6,,
IL6_e,NOTCH1,unknown,Fake,6,,
IL6_e,STAT1_2,unknown,Fake,6,,
IL6_e,IL2R,unknown,Fake,6,,
IL6_e,IL18R,unknown,Fake,6,,
IL6_e,SOCS1,unknown,Fake,6,,
IL6_e,IL1R1,unknown,Fake,6,,
IL6_e,CD8,unknown,Fake,6,,
IL6_e,STAT5_2,unknown,Fake,6,,
IL6_e,IL12R,unknown,Fake,6,,
IL6_e,IL22,unknown,Fake,6,,
IL6_e,IL4R_2,unknown,Fake,6,,
IL6_e,proliferation,unknown,Fake,6,,
IL6_e,IL15R,unknown,Fake,6,,
IL6_e,IL17,unknown,Fake,6,,
IL6_e,GZMB,unknown,Fake,6,,
IL6_e,THPOK,unknown,Fake,6,,
IL6_e,IL25R,unknown,Fake,6,,
IL6_e,IL2R_2,unknown,Fake,6,,
IL6_e,IFNG,unknown,Fake,6,,
IL6_e,IL33R,unknown,Fake,6,,
IL6_e,TBET,unknown,Fake,6,,
IL6_e,IL4,unknown,Fake,6,,
IL6_e,IL24,unknown,Fake,6,,
IL6_e,IRF1,unknown,Fake,6,,
IL6_e,EOMES,unknown,Fake,6,,
IL6_e,FOXP3,unknown,Fake,6,,
IL6_e,IL21,unknown,Fake,6,,
IL6_e,IL25,unknown,Fake,6,,
IL6_e,CD28,unknown,Fake,6,,
IL6_e,STAT6,unknown,Fake,6,,
IL6_e,IL6,unknown,Fake,6,,
IL6_e,STAT4,unknown,Fake,6,,
IL6_e,STAT1,unknown,Fake,6,,
IL6_e,IFNG_2,unknown,Fake,6,,
IL6_e,BCL6,unknown,Fake,6,,
IL6_e,IL13,unknown,Fake,6,,
IL6_e,TBET_2,unknown,Fake,6,,
IL6_e,RUNX3,unknown,Fake,6,,
proliferation,NFAT,unknown,Fake,6,,
proliferation,IL27R,unknown,Fake,6,,
proliferation,TCR,unknown,Fake,6,,
proliferation,PRF1,unknown,Fake,6,,
proliferation,STAT3,unknown,Fake,6,,
proliferation,NFKB,unknown,Fake,6,,
proliferation,IFNBR,unknown,Fake,6,,
proliferation,TGFBR,unknown,Fake,6,,
proliferation,IKB,unknown,Fake,6,,
proliferation,IL6R,unknown,Fake,6,,
proliferation,RORGT,unknown,Fake,6,,
proliferation,GATA3,unknown,Fake,6,,
proliferation,CMAF,unknown,Fake,6,,
proliferation,IFNAR,unknown,Fake,6,,
proliferation,IL36R,unknown,Fake,6,,
proliferation,JAK1,unknown,Fake,6,,
proliferation,IL21R,unknown,Fake,6,,
proliferation,IL2RA,unknown,Fake,6,,
proliferation,IRAK,unknown,Fake,6,,
proliferation,IL1R,unknown,Fake,6,,
proliferation,SMAD3,unknown,Fake,6,,
proliferation,IL29R,unknown,Fake,6,,
proliferation,PU1,unknown,Fake,6,,
proliferation,CD4,unknown,Fake,6,,
proliferation,IFNGR,unknown,Fake,6,,
proliferation,IL10R,unknown,Fake,6,,
proliferation,IL12RB1_2,unknown,Fake,6,,
proliferation,IL4R,unknown,Fake,6,,
proliferation,STAT5,unknown,Fake,6,,
proliferation,IL23R,unknown,Fake,6,,
proliferation,IL12RB2,unknown,Fake,6,,
proliferation,ST2,unknown,Fake,6,,
proliferation,IL4RA_2,unknown,Fake,6,,
proliferation,IFNGR_2,unknown,Fake,6,,
proliferation,IL7R,unknown,Fake,6,,
proliferation,SMAD2,unknown,Fake,6,,
proliferation,IL2,unknown,Fake,6,,
proliferation,NOTCH1,unknown,Fake,6,,
proliferation,STAT1_2,unknown,Fake,6,,
proliferation,IL2R,unknown,Fake,6,,
proliferation,IL18R,unknown,Fake,6,,
proliferation,SOCS1,unknown,Fake,6,,
proliferation,IL1R1,unknown,Fake,6,,
proliferation,CD8,unknown,Fake,6,,
proliferation,STAT5_2,unknown,Fake,6,,
proliferation,IL12R,unknown,Fake,6,,
proliferation,IL4R_2,unknown,Fake,6,,
proliferation,IL15R,unknown,Fake,6,,
proliferation,GZMB,unknown,Fake,6,,
proliferation,THPOK,unknown,Fake,6,,
proliferation,IL25R,unknown,Fake,6,,
proliferation,IL2R_2,unknown,Fake,6,,
proliferation,IL33R,unknown,Fake,6,,
proliferation,TBET,unknown,Fake,6,,
proliferation,IRF1,unknown,Fake,6,,
proliferation,EOMES,unknown,Fake,6,,
proliferation,FOXP3,unknown,Fake,6,,
proliferation,CD28,unknown,Fake,6,,
proliferation,STAT6,unknown,Fake,6,,
proliferation,STAT4,unknown,Fake,6,,
proliferation,STAT1,unknown,Fake,6,,
proliferation,BCL6,unknown,Fake,6,,
proliferation,TBET_2,unknown,Fake,6,,
proliferation,RUNX3,unknown,Fake,6,,
IL1_e,NFAT,unknown,Fake,6,,
IL1_e,IL27R,unknown,Fake,6,,
IL1_e,TCR,unknown,Fake,6,,
IL1_e,PRF1,unknown,Fake,6,,
IL1_e,STAT3,unknown,Fake,6,,
IL1_e,IL10,unknown,Fake,6,,
IL1_e,NFKB,unknown,Fake,6,,
IL1_e,IFNBR,unknown,Fake,6,,
IL1_e,TGFBR,unknown,Fake,6,,
IL1_e,IKB,unknown,Fake,6,,
IL1_e,IL6R,unknown,Fake,6,,
IL1_e,IL23,unknown,Fake,6,,
IL1_e,IL35,unknown,Fake,6,,
IL1_e,RORGT,unknown,Fake,6,,
IL1_e,GATA3,unknown,Fake,6,,
IL1_e,IL31,unknown,Fake,6,,
IL1_e,CMAF,unknown,Fake,6,,
IL1_e,IFNAR,unknown,Fake,6,,
IL1_e,IL36R,unknown,Fake,6,,
IL1_e,JAK1,unknown,Fake,6,,
IL1_e,IL21R,unknown,Fake,6,,
IL1_e,IL2RA,unknown,Fake,6,,
IL1_e,IRAK,unknown,Fake,6,,
IL1_e,IL5,unknown,Fake,6,,
IL1_e,SMAD3,unknown,Fake,6,,
IL1_e,IL29R,unknown,Fake,6,,
IL1_e,PU1,unknown,Fake,6,,
IL1_e,CD4,unknown,Fake,6,,
IL1_e,IFNGR,unknown,Fake,6,,
IL1_e,IL10R,unknown,Fake,6,,
IL1_e,IL12RB1_2,unknown,Fake,6,,
IL1_e,IL4R,unknown,Fake,6,,
IL1_e,STAT5,unknown,Fake,6,,
IL1_e,IL23R,unknown,Fake,6,,
IL1_e,IL12RB2,unknown,Fake,6,,
IL1_e,ST2,unknown,Fake,6,,
IL1_e,IL4RA_2,unknown,Fake,6,,
IL1_e,IFNGR_2,unknown,Fake,6,,
IL1_e,TGFB,unknown,Fake,6,,
IL1_e,IL7R,unknown,Fake,6,,
IL1_e,SMAD2,unknown,Fake,6,,
IL1_e,IL3,unknown,Fake,6,,
IL1_e,IL2,unknown,Fake,6,,
IL1_e,IL9,unknown,Fake,6,,
IL1_e,NOTCH1,unknown,Fake,6,,
IL1_e,STAT1_2,unknown,Fake,6,,
IL1_e,IL2R,unknown,Fake,6,,
IL1_e,IL18R,unknown,Fake,6,,
IL1_e,SOCS1,unknown,Fake,6,,
IL1_e,IL1R1,unknown,Fake,6,,
IL1_e,CD8,unknown,Fake,6,,
IL1_e,STAT5_2,unknown,Fake,6,,
IL1_e,IL12R,unknown,Fake,6,,
IL1_e,IL22,unknown,Fake,6,,
IL1_e,IL4R_2,unknown,Fake,6,,
IL1_e,proliferation,unknown,Fake,6,,
IL1_e,IL15R,unknown,Fake,6,,
IL1_e,IL17,unknown,Fake,6,,
IL1_e,GZMB,unknown,Fake,6,,
IL1_e,THPOK,unknown,Fake,6,,
IL1_e,IL25R,unknown,Fake,6,,
IL1_e,IL2R_2,unknown,Fake,6,,
IL1_e,IFNG,unknown,Fake,6,,
IL1_e,IL33R,unknown,Fake,6,,
IL1_e,TBET,unknown,Fake,6,,
IL1_e,IL4,unknown,Fake,6,,
IL1_e,IL24,unknown,Fake,6,,
IL1_e,IRF1,unknown,Fake,6,,
IL1_e,EOMES,unknown,Fake,6,,
IL1_e,FOXP3,unknown,Fake,6,,
IL1_e,IL21,unknown,Fake,6,,
IL1_e,IL25,unknown,Fake,6,,
IL1_e,CD28,unknown,Fake,6,,
IL1_e,STAT6,unknown,Fake,6,,
IL1_e,IL6,unknown,Fake,6,,
IL1_e,STAT4,unknown,Fake,6,,
IL1_e,STAT1,unknown,Fake,6,,
IL1_e,IFNG_2,unknown,Fake,6,,
IL1_e,BCL6,unknown,Fake,6,,
IL1_e,IL13,unknown,Fake,6,,
IL1_e,TBET_2,unknown,Fake,6,,
IL1_e,RUNX3,unknown,Fake,6,,
IL15R,NFAT,unknown,Fake,6,,
IL15R,IL27R,unknown,Fake,6,,
IL15R,TCR,unknown,Fake,6,,
IL15R,PRF1,unknown,Fake,6,,
IL15R,STAT3,unknown,Fake,6,,
IL15R,IL10,unknown,Fake,6,,
IL15R,NFKB,unknown,Fake,6,,
IL15R,IFNBR,unknown,Fake,6,,
IL15R,TGFBR,unknown,Fake,6,,
IL15R,IKB,unknown,Fake,6,,
IL15R,IL6R,unknown,Fake,6,,
IL15R,IL23,unknown,Fake,6,,
IL15R,IL35,unknown,Fake,6,,
IL15R,RORGT,unknown,Fake,6,,
IL15R,GATA3,unknown,Fake,6,,
IL15R,IL31,unknown,Fake,6,,
IL15R,CMAF,unknown,Fake,6,,
IL15R,IFNAR,unknown,Fake,6,,
IL15R,IL36R,unknown,Fake,6,,
IL15R,JAK1,unknown,Fake,6,,
IL15R,IL21R,unknown,Fake,6,,
IL15R,IL2RA,unknown,Fake,6,,
IL15R,IRAK,unknown,Fake,6,,
IL15R,IL5,unknown,Fake,6,,
IL15R,IL1R,unknown,Fake,6,,
IL15R,SMAD3,unknown,Fake,6,,
IL15R,IL29R,unknown,Fake,6,,
IL15R,PU1,unknown,Fake,6,,
IL15R,CD4,unknown,Fake,6,,
IL15R,IFNGR,unknown,Fake,6,,
IL15R,IL10R,unknown,Fake,6,,
IL15R,IL12RB1_2,unknown,Fake,6,,
IL15R,IL4R,unknown,Fake,6,,
IL15R,IL23R,unknown,Fake,6,,
IL15R,IL12RB2,unknown,Fake,6,,
IL15R,ST2,unknown,Fake,6,,
IL15R,IL4RA_2,unknown,Fake,6,,
IL15R,IFNGR_2,unknown,Fake,6,,
IL15R,TGFB,unknown,Fake,6,,
IL15R,IL7R,unknown,Fake,6,,
IL15R,SMAD2,unknown,Fake,6,,
IL15R,IL3,unknown,Fake,6,,
IL15R,IL2,unknown,Fake,6,,
IL15R,IL9,unknown,Fake,6,,
IL15R,NOTCH1,unknown,Fake,6,,
IL15R,STAT1_2,unknown,Fake,6,,
IL15R,IL2R,unknown,Fake,6,,
IL15R,IL18R,unknown,Fake,6,,
IL15R,SOCS1,unknown,Fake,6,,
IL15R,IL1R1,unknown,Fake,6,,
IL15R,CD8,unknown,Fake,6,,
IL15R,STAT5_2,unknown,Fake,6,,
IL15R,IL12R,unknown,Fake,6,,
IL15R,IL22,unknown,Fake,6,,
IL15R,IL4R_2,unknown,Fake,6,,
IL15R,proliferation,unknown,Fake,6,,
IL15R,IL15R,unknown,Fake,6,,
IL15R,IL17,unknown,Fake,6,,
IL15R,GZMB,unknown,Fake,6,,
IL15R,THPOK,unknown,Fake,6,,
IL15R,IL25R,unknown,Fake,6,,
IL15R,IL2R_2,unknown,Fake,6,,
IL15R,IFNG,unknown,Fake,6,,
IL15R,IL33R,unknown,Fake,6,,
IL15R,TBET,unknown,Fake,6,,
IL15R,IL4,unknown,Fake,6,,
IL15R,IL24,unknown,Fake,6,,
IL15R,IRF1,unknown,Fake,6,,
IL15R,EOMES,unknown,Fake,6,,
IL15R,FOXP3,unknown,Fake,6,,
IL15R,IL21,unknown,Fake,6,,
IL15R,IL25,unknown,Fake,6,,
IL15R,CD28,unknown,Fake,6,,
IL15R,STAT6,unknown,Fake,6,,
IL15R,IL6,unknown,Fake,6,,
IL15R,STAT4,unknown,Fake,6,,
IL15R,STAT1,unknown,Fake,6,,
IL15R,IFNG_2,unknown,Fake,6,,
IL15R,BCL6,unknown,Fake,6,,
IL15R,IL13,unknown,Fake,6,,
IL15R,TBET_2,unknown,Fake,6,,
IL15R,RUNX3,unknown,Fake,6,,
IL17,NFAT,unknown,Fake,6,,
IL17,IL27R,unknown,Fake,6,,
IL17,TCR,unknown,Fake,6,,
IL17,PRF1,unknown,Fake,6,,
IL17,STAT3,unknown,Fake,6,,
IL17,IL10,unknown,Fake,6,,
IL17,NFKB,unknown,Fake,6,,
IL17,IFNBR,unknown,Fake,6,,
IL17,TGFBR,unknown,Fake,6,,
IL17,IKB,unknown,Fake,6,,
IL17,IL6R,unknown,Fake,6,,
IL17,IL23,unknown,Fake,6,,
IL17,IL35,unknown,Fake,6,,
IL17,RORGT,unknown,Fake,6,,
IL17,GATA3,unknown,Fake,6,,
IL17,IL31,unknown,Fake,6,,
IL17,CMAF,unknown,Fake,6,,
IL17,IFNAR,unknown,Fake,6,,
IL17,IL36R,unknown,Fake,6,,
IL17,JAK1,unknown,Fake,6,,
IL17,IL21R,unknown,Fake,6,,
IL17,IL2RA,unknown,Fake,6,,
IL17,IRAK,unknown,Fake,6,,
IL17,IL5,unknown,Fake,6,,
IL17,IL1R,unknown,Fake,6,,
IL17,SMAD3,unknown,Fake,6,,
IL17,IL29R,unknown,Fake,6,,
IL17,PU1,unknown,Fake,6,,
IL17,CD4,unknown,Fake,6,,
IL17,IFNGR,unknown,Fake,6,,
IL17,IL10R,unknown,Fake,6,,
IL17,IL12RB1_2,unknown,Fake,6,,
IL17,IL4R,unknown,Fake,6,,
IL17,STAT5,unknown,Fake,6,,
IL17,IL23R,unknown,Fake,6,,
IL17,IL12RB2,unknown,Fake,6,,
IL17,ST2,unknown,Fake,6,,
IL17,IL4RA_2,unknown,Fake,6,,
IL17,IFNGR_2,unknown,Fake,6,,
IL17,TGFB,unknown,Fake,6,,
IL17,IL7R,unknown,Fake,6,,
IL17,SMAD2,unknown,Fake,6,,
IL17,IL3,unknown,Fake,6,,
IL17,IL2,unknown,Fake,6,,
IL17,IL9,unknown,Fake,6,,
IL17,NOTCH1,unknown,Fake,6,,
IL17,STAT1_2,unknown,Fake,6,,
IL17,IL2R,unknown,Fake,6,,
IL17,IL18R,unknown,Fake,6,,
IL17,SOCS1,unknown,Fake,6,,
IL17,IL1R1,unknown,Fake,6,,
IL17,CD8,unknown,Fake,6,,
IL17,STAT5_2,unknown,Fake,6,,
IL17,IL12R,unknown,Fake,6,,
IL17,IL22,unknown,Fake,6,,
IL17,IL4R_2,unknown,Fake,6,,
IL17,proliferation,unknown,Fake,6,,
IL17,IL15R,unknown,Fake,6,,
IL17,IL17,unknown,Fake,6,,
IL17,GZMB,unknown,Fake,6,,
IL17,THPOK,unknown,Fake,6,,
IL17,IL25R,unknown,Fake,6,,
IL17,IL2R_2,unknown,Fake,6,,
IL17,IFNG,unknown,Fake,6,,
IL17,IL33R,unknown,Fake,6,,
IL17,TBET,unknown,Fake,6,,
IL17,IL4,unknown,Fake,6,,
IL17,IL24,unknown,Fake,6,,
IL17,IRF1,unknown,Fake,6,,
IL17,EOMES,unknown,Fake,6,,
IL17,FOXP3,unknown,Fake,6,,
IL17,IL21,unknown,Fake,6,,
IL17,IL25,unknown,Fake,6,,
IL17,CD28,unknown,Fake,6,,
IL17,STAT6,unknown,Fake,6,,
IL17,IL6,unknown,Fake,6,,
IL17,STAT4,unknown,Fake,6,,
IL17,STAT1,unknown,Fake,6,,
IL17,IFNG_2,unknown,Fake,6,,
IL17,BCL6,unknown,Fake,6,,
IL17,IL13,unknown,Fake,6,,
IL17,TBET_2,unknown,Fake,6,,
IL17,RUNX3,unknown,Fake,6,,
GZMB,NFAT,unknown,Fake,6,,
GZMB,IL27R,unknown,Fake,6,,
GZMB,TCR,unknown,Fake,6,,
GZMB,PRF1,unknown,Fake,6,,
GZMB,STAT3,unknown,Fake,6,,
GZMB,IL10,unknown,Fake,6,,
GZMB,NFKB,unknown,Fake,6,,
GZMB,IFNBR,unknown,Fake,6,,
GZMB,TGFBR,unknown,Fake,6,,
GZMB,IKB,unknown,Fake,6,,
GZMB,IL6R,unknown,Fake,6,,
GZMB,IL23,unknown,Fake,6,,
GZMB,IL35,unknown,Fake,6,,
GZMB,RORGT,unknown,Fake,6,,
GZMB,GATA3,unknown,Fake,6,,
GZMB,IL31,unknown,Fake,6,,
GZMB,CMAF,unknown,Fake,6,,
GZMB,IFNAR,unknown,Fake,6,,
GZMB,IL36R,unknown,Fake,6,,
GZMB,JAK1,unknown,Fake,6,,
GZMB,IL21R,unknown,Fake,6,,
GZMB,IL2RA,unknown,Fake,6,,
GZMB,IRAK,unknown,Fake,6,,
GZMB,IL5,unknown,Fake,6,,
GZMB,IL1R,unknown,Fake,6,,
GZMB,SMAD3,unknown,Fake,6,,
GZMB,IL29R,unknown,Fake,6,,
GZMB,PU1,unknown,Fake,6,,
GZMB,CD4,unknown,Fake,6,,
GZMB,IFNGR,unknown,Fake,6,,
GZMB,IL10R,unknown,Fake,6,,
GZMB,IL12RB1_2,unknown,Fake,6,,
GZMB,IL4R,unknown,Fake,6,,
GZMB,STAT5,unknown,Fake,6,,
GZMB,IL23R,unknown,Fake,6,,
GZMB,IL12RB2,unknown,Fake,6,,
GZMB,ST2,unknown,Fake,6,,
GZMB,IL4RA_2,unknown,Fake,6,,
GZMB,IFNGR_2,unknown,Fake,6,,
GZMB,TGFB,unknown,Fake,6,,
GZMB,IL7R,unknown,Fake,6,,
GZMB,SMAD2,unknown,Fake,6,,
GZMB,IL3,unknown,Fake,6,,
GZMB,IL2,unknown,Fake,6,,
GZMB,IL9,unknown,Fake,6,,
GZMB,NOTCH1,unknown,Fake,6,,
GZMB,STAT1_2,unknown,Fake,6,,
GZMB,IL2R,unknown,Fake,6,,
GZMB,IL18R,unknown,Fake,6,,
GZMB,SOCS1,unknown,Fake,6,,
GZMB,IL1R1,unknown,Fake,6,,
GZMB,CD8,unknown,Fake,6,,
GZMB,STAT5_2,unknown,Fake,6,,
GZMB,IL12R,unknown,Fake,6,,
GZMB,IL22,unknown,Fake,6,,
GZMB,IL4R_2,unknown,Fake,6,,
GZMB,proliferation,unknown,Fake,6,,
GZMB,IL15R,unknown,Fake,6,,
GZMB,IL17,unknown,Fake,6,,
GZMB,GZMB,unknown,Fake,6,,
GZMB,THPOK,unknown,Fake,6,,
GZMB,IL25R,unknown,Fake,6,,
GZMB,IL2R_2,unknown,Fake,6,,
GZMB,IFNG,unknown,Fake,6,,
GZMB,IL33R,unknown,Fake,6,,
GZMB,TBET,unknown,Fake,6,,
GZMB,IL4,unknown,Fake,6,,
GZMB,IL24,unknown,Fake,6,,
GZMB,IRF1,unknown,Fake,6,,
GZMB,EOMES,unknown,Fake,6,,
GZMB,FOXP3,unknown,Fake,6,,
GZMB,IL21,unknown,Fake,6,,
GZMB,IL25,unknown,Fake,6,,
GZMB,CD28,unknown,Fake,6,,
GZMB,STAT6,unknown,Fake,6,,
GZMB,IL6,unknown,Fake,6,,
GZMB,STAT4,unknown,Fake,6,,
GZMB,STAT1,unknown,Fake,6,,
GZMB,IFNG_2,unknown,Fake,6,,
GZMB,BCL6,unknown,Fake,6,,
GZMB,IL13,unknown,Fake,6,,
GZMB,TBET_2,unknown,Fake,6,,
GZMB,RUNX3,unknown,Fake,6,,
THPOK,NFAT,unknown,Fake,6,,
THPOK,IL27R,unknown,Fake,6,,
THPOK,TCR,unknown,Fake,6,,
THPOK,PRF1,unknown,Fake,6,,
THPOK,STAT3,unknown,Fake,6,,
THPOK,IL10,unknown,Fake,6,,
THPOK,NFKB,unknown,Fake,6,,
THPOK,IFNBR,unknown,Fake,6,,
THPOK,TGFBR,unknown,Fake,6,,
THPOK,IKB,unknown,Fake,6,,
THPOK,IL6R,unknown,Fake,6,,
THPOK,IL23,unknown,Fake,6,,
THPOK,IL35,unknown,Fake,6,,
THPOK,RORGT,unknown,Fake,6,,
THPOK,GATA3,unknown,Fake,6,,
THPOK,IL31,unknown,Fake,6,,
THPOK,CMAF,unknown,Fake,6,,
THPOK,IFNAR,unknown,Fake,6,,
THPOK,IL36R,unknown,Fake,6,,
THPOK,JAK1,unknown,Fake,6,,
THPOK,IL21R,unknown,Fake,6,,
THPOK,IL2RA,unknown,Fake,6,,
THPOK,IRAK,unknown,Fake,6,,
THPOK,IL5,unknown,Fake,6,,
THPOK,IL1R,unknown,Fake,6,,
THPOK,SMAD3,unknown,Fake,6,,
THPOK,IL29R,unknown,Fake,6,,
THPOK,PU1,unknown,Fake,6,,
THPOK,IFNGR,unknown,Fake,6,,
THPOK,IL10R,unknown,Fake,6,,
THPOK,IL12RB1_2,unknown,Fake,6,,
THPOK,IL4R,unknown,Fake,6,,
THPOK,STAT5,unknown,Fake,6,,
THPOK,IL23R,unknown,Fake,6,,
THPOK,IL12RB2,unknown,Fake,6,,
THPOK,ST2,unknown,Fake,6,,
THPOK,IL4RA_2,unknown,Fake,6,,
THPOK,IFNGR_2,unknown,Fake,6,,
THPOK,TGFB,unknown,Fake,6,,
THPOK,IL7R,unknown,Fake,6,,
THPOK,SMAD2,unknown,Fake,6,,
THPOK,IL3,unknown,Fake,6,,
THPOK,IL2,unknown,Fake,6,,
THPOK,IL9,unknown,Fake,6,,
THPOK,NOTCH1,unknown,Fake,6,,
THPOK,STAT1_2,unknown,Fake,6,,
THPOK,IL2R,unknown,Fake,6,,
THPOK,IL18R,unknown,Fake,6,,
THPOK,SOCS1,unknown,Fake,6,,
THPOK,IL1R1,unknown,Fake,6,,
THPOK,STAT5_2,unknown,Fake,6,,
THPOK,IL12R,unknown,Fake,6,,
THPOK,IL22,unknown,Fake,6,,
THPOK,IL4R_2,unknown,Fake,6,,
THPOK,proliferation,unknown,Fake,6,,
THPOK,IL15R,unknown,Fake,6,,
THPOK,IL17,unknown,Fake,6,,
THPOK,GZMB,unknown,Fake,6,,
THPOK,IL25R,unknown,Fake,6,,
THPOK,IL2R_2,unknown,Fake,6,,
THPOK,IFNG,unknown,Fake,6,,
THPOK,IL33R,unknown,Fake,6,,
THPOK,TBET,unknown,Fake,6,,
THPOK,IL4,unknown,Fake,6,,
THPOK,IL24,unknown,Fake,6,,
THPOK,IRF1,unknown,Fake,6,,
THPOK,EOMES,unknown,Fake,6,,
THPOK,FOXP3,unknown,Fake,6,,
THPOK,IL21,unknown,Fake,6,,
THPOK,IL25,unknown,Fake,6,,
THPOK,CD28,unknown,Fake,6,,
THPOK,STAT6,unknown,Fake,6,,
THPOK,IL6,unknown,Fake,6,,
THPOK,STAT4,unknown,Fake,6,,
THPOK,STAT1,unknown,Fake,6,,
THPOK,IFNG_2,unknown,Fake,6,,
THPOK,BCL6,unknown,Fake,6,,
THPOK,IL13,unknown,Fake,6,,
THPOK,TBET_2,unknown,Fake,6,,
IL25R,NFAT,unknown,Fake,6,,
IL25R,IL27R,unknown,Fake,6,,
IL25R,TCR,unknown,Fake,6,,
IL25R,PRF1,unknown,Fake,6,,
IL25R,STAT3,unknown,Fake,6,,
IL25R,IL10,unknown,Fake,6,,
IL25R,NFKB,unknown,Fake,6,,
IL25R,IFNBR,unknown,Fake,6,,
IL25R,TGFBR,unknown,Fake,6,,
IL25R,IKB,unknown,Fake,6,,
IL25R,IL6R,unknown,Fake,6,,
IL25R,IL23,unknown,Fake,6,,
IL25R,IL35,unknown,Fake,6,,
IL25R,RORGT,unknown,Fake,6,,
IL25R,IL31,unknown,Fake,6,,
IL25R,CMAF,unknown,Fake,6,,
IL25R,IFNAR,unknown,Fake,6,,
IL25R,IL36R,unknown,Fake,6,,
IL25R,JAK1,unknown,Fake,6,,
IL25R,IL21R,unknown,Fake,6,,
IL25R,IL2RA,unknown,Fake,6,,
IL25R,IRAK,unknown,Fake,6,,
IL25R,IL5,unknown,Fake,6,,
IL25R,IL1R,unknown,Fake,6,,
IL25R,SMAD3,unknown,Fake,6,,
IL25R,IL29R,unknown,Fake,6,,
IL25R,PU1,unknown,Fake,6,,
IL25R,CD4,unknown,Fake,6,,
IL25R,IFNGR,unknown,Fake,6,,
IL25R,IL10R,unknown,Fake,6,,
IL25R,IL12RB1_2,unknown,Fake,6,,
IL25R,IL4R,unknown,Fake,6,,
IL25R,STAT5,unknown,Fake,6,,
IL25R,IL23R,unknown,Fake,6,,
IL25R,IL12RB2,unknown,Fake,6,,
IL25R,ST2,unknown,Fake,6,,
IL25R,IL4RA_2,unknown,Fake,6,,
IL25R,IFNGR_2,unknown,Fake,6,,
IL25R,TGFB,unknown,Fake,6,,
IL25R,IL7R,unknown,Fake,6,,
IL25R,SMAD2,unknown,Fake,6,,
IL25R,IL3,unknown,Fake,6,,
IL25R,IL2,unknown,Fake,6,,
IL25R,IL9,unknown,Fake,6,,
IL25R,NOTCH1,unknown,Fake,6,,
IL25R,STAT1_2,unknown,Fake,6,,
IL25R,IL2R,unknown,Fake,6,,
IL25R,IL18R,unknown,Fake,6,,
IL25R,SOCS1,unknown,Fake,6,,
IL25R,IL1R1,unknown,Fake,6,,
IL25R,CD8,unknown,Fake,6,,
IL25R,STAT5_2,unknown,Fake,6,,
IL25R,IL12R,unknown,Fake,6,,
IL25R,IL22,unknown,Fake,6,,
IL25R,IL4R_2,unknown,Fake,6,,
IL25R,proliferation,unknown,Fake,6,,
IL25R,IL15R,unknown,Fake,6,,
IL25R,IL17,unknown,Fake,6,,
IL25R,GZMB,unknown,Fake,6,,
IL25R,THPOK,unknown,Fake,6,,
IL25R,IL25R,unknown,Fake,6,,
IL25R,IL2R_2,unknown,Fake,6,,
IL25R,IFNG,unknown,Fake,6,,
IL25R,IL33R,unknown,Fake,6,,
IL25R,TBET,unknown,Fake,6,,
IL25R,IL4,unknown,Fake,6,,
IL25R,IL24,unknown,Fake,6,,
IL25R,IRF1,unknown,Fake,6,,
IL25R,EOMES,unknown,Fake,6,,
IL25R,FOXP3,unknown,Fake,6,,
IL25R,IL21,unknown,Fake,6,,
IL25R,IL25,unknown,Fake,6,,
IL25R,CD28,unknown,Fake,6,,
IL25R,STAT6,unknown,Fake,6,,
IL25R,IL6,unknown,Fake,6,,
IL25R,STAT4,unknown,Fake,6,,
IL25R,STAT1,unknown,Fake,6,,
IL25R,IFNG_2,unknown,Fake,6,,
IL25R,BCL6,unknown,Fake,6,,
IL25R,IL13,unknown,Fake,6,,
IL25R,TBET_2,unknown,Fake,6,,
IL25R,RUNX3,unknown,Fake,6,,
IL2R_2,NFAT,unknown,Fake,6,,
IL2R_2,IL27R,unknown,Fake,6,,
IL2R_2,TCR,unknown,Fake,6,,
IL2R_2,PRF1,unknown,Fake,6,,
IL2R_2,STAT3,unknown,Fake,6,,
IL2R_2,IL10,unknown,Fake,6,,
IL2R_2,NFKB,unknown,Fake,6,,
IL2R_2,IFNBR,unknown,Fake,6,,
IL2R_2,TGFBR,unknown,Fake,6,,
IL2R_2,IKB,unknown,Fake,6,,
IL2R_2,IL6R,unknown,Fake,6,,
IL2R_2,IL23,unknown,Fake,6,,
IL2R_2,IL35,unknown,Fake,6,,
IL2R_2,RORGT,unknown,Fake,6,,
IL2R_2,GATA3,unknown,Fake,6,,
IL2R_2,IL31,unknown,Fake,6,,
IL2R_2,CMAF,unknown,Fake,6,,
IL2R_2,IFNAR,unknown,Fake,6,,
IL2R_2,IL36R,unknown,Fake,6,,
IL2R_2,JAK1,unknown,Fake,6,,
IL2R_2,IL21R,unknown,Fake,6,,
IL2R_2,IL2RA,unknown,Fake,6,,
IL2R_2,IRAK,unknown,Fake,6,,
IL2R_2,IL5,unknown,Fake,6,,
IL2R_2,IL1R,unknown,Fake,6,,
IL2R_2,SMAD3,unknown,Fake,6,,
IL2R_2,IL29R,unknown,Fake,6,,
IL2R_2,PU1,unknown,Fake,6,,
IL2R_2,CD4,unknown,Fake,6,,
IL2R_2,IFNGR,unknown,Fake,6,,
IL2R_2,IL10R,unknown,Fake,6,,
IL2R_2,IL12RB1_2,unknown,Fake,6,,
IL2R_2,IL4R,unknown,Fake,6,,
IL2R_2,IL23R,unknown,Fake,6,,
IL2R_2,IL12RB2,unknown,Fake,6,,
IL2R_2,ST2,unknown,Fake,6,,
IL2R_2,IL4RA_2,unknown,Fake,6,,
IL2R_2,IFNGR_2,unknown,Fake,6,,
IL2R_2,TGFB,unknown,Fake,6,,
IL2R_2,IL7R,unknown,Fake,6,,
IL2R_2,SMAD2,unknown,Fake,6,,
IL2R_2,IL3,unknown,Fake,6,,
IL2R_2,IL2,unknown,Fake,6,,
IL2R_2,IL9,unknown,Fake,6,,
IL2R_2,NOTCH1,unknown,Fake,6,,
IL2R_2,STAT1_2,unknown,Fake,6,,
IL2R_2,IL2R,unknown,Fake,6,,
IL2R_2,IL18R,unknown,Fake,6,,
IL2R_2,SOCS1,unknown,Fake,6,,
IL2R_2,IL1R1,unknown,Fake,6,,
IL2R_2,CD8,unknown,Fake,6,,
IL2R_2,IL12R,unknown,Fake,6,,
IL2R_2,IL22,unknown,Fake,6,,
IL2R_2,IL4R_2,unknown,Fake,6,,
IL2R_2,proliferation,unknown,Fake,6,,
IL2R_2,IL15R,unknown,Fake,6,,
IL2R_2,IL17,unknown,Fake,6,,
IL2R_2,GZMB,unknown,Fake,6,,
IL2R_2,THPOK,unknown,Fake,6,,
IL2R_2,IL25R,unknown,Fake,6,,
IL2R_2,IL2R_2,unknown,Fake,6,,
IL2R_2,IFNG,unknown,Fake,6,,
IL2R_2,IL33R,unknown,Fake,6,,
IL2R_2,TBET,unknown,Fake,6,,
IL2R_2,IL4,unknown,Fake,6,,
IL2R_2,IL24,unknown,Fake,6,,
IL2R_2,IRF1,unknown,Fake,6,,
IL2R_2,EOMES,unknown,Fake,6,,
IL2R_2,FOXP3,unknown,Fake,6,,
IL2R_2,IL21,unknown,Fake,6,,
IL2R_2,IL25,unknown,Fake,6,,
IL2R_2,CD28,unknown,Fake,6,,
IL2R_2,STAT6,unknown,Fake,6,,
IL2R_2,IL6,unknown,Fake,6,,
IL2R_2,STAT4,unknown,Fake,6,,
IL2R_2,STAT1,unknown,Fake,6,,
IL2R_2,IFNG_2,unknown,Fake,6,,
IL2R_2,BCL6,unknown,Fake,6,,
IL2R_2,IL13,unknown,Fake,6,,
IL2R_2,TBET_2,unknown,Fake,6,,
IL2R_2,RUNX3,unknown,Fake,6,,
IFNG,NFAT,unknown,Fake,6,,
IFNG,IL27R,unknown,Fake,6,,
IFNG,TCR,unknown,Fake,6,,
IFNG,PRF1,unknown,Fake,6,,
IFNG,STAT3,unknown,Fake,6,,
IFNG,IL10,unknown,Fake,6,,
IFNG,NFKB,unknown,Fake,6,,
IFNG,IFNBR,unknown,Fake,6,,
IFNG,TGFBR,unknown,Fake,6,,
IFNG,IKB,unknown,Fake,6,,
IFNG,IL6R,unknown,Fake,6,,
IFNG,IL23,unknown,Fake,6,,
IFNG,IL35,unknown,Fake,6,,
IFNG,RORGT,unknown,Fake,6,,
IFNG,GATA3,unknown,Fake,6,,
IFNG,IL31,unknown,Fake,6,,
IFNG,CMAF,unknown,Fake,6,,
IFNG,IFNAR,unknown,Fake,6,,
IFNG,IL36R,unknown,Fake,6,,
IFNG,JAK1,unknown,Fake,6,,
IFNG,IL21R,unknown,Fake,6,,
IFNG,IL2RA,unknown,Fake,6,,
IFNG,IRAK,unknown,Fake,6,,
IFNG,IL5,unknown,Fake,6,,
IFNG,IL1R,unknown,Fake,6,,
IFNG,SMAD3,unknown,Fake,6,,
IFNG,IL29R,unknown,Fake,6,,
IFNG,PU1,unknown,Fake,6,,
IFNG,CD4,unknown,Fake,6,,
IFNG,IL10R,unknown,Fake,6,,
IFNG,IL12RB1_2,unknown,Fake,6,,
IFNG,IL4R,unknown,Fake,6,,
IFNG,STAT5,unknown,Fake,6,,
IFNG,IL23R,unknown,Fake,6,,
IFNG,IL12RB2,unknown,Fake,6,,
IFNG,ST2,unknown,Fake,6,,
IFNG,IL4RA_2,unknown,Fake,6,,
IFNG,TGFB,unknown,Fake,6,,
IFNG,IL7R,unknown,Fake,6,,
IFNG,SMAD2,unknown,Fake,6,,
IFNG,IL3,unknown,Fake,6,,
IFNG,IL2,unknown,Fake,6,,
IFNG,IL9,unknown,Fake,6,,
IFNG,NOTCH1,unknown,Fake,6,,
IFNG,STAT1_2,unknown,Fake,6,,
IFNG,IL2R,unknown,Fake,6,,
IFNG,IL18R,unknown,Fake,6,,
IFNG,SOCS1,unknown,Fake,6,,
IFNG,IL1R1,unknown,Fake,6,,
IFNG,CD8,unknown,Fake,6,,
IFNG,STAT5_2,unknown,Fake,6,,
IFNG,IL12R,unknown,Fake,6,,
IFNG,IL22,unknown,Fake,6,,
IFNG,IL4R_2,unknown,Fake,6,,
IFNG,proliferation,unknown,Fake,6,,
IFNG,IL15R,unknown,Fake,6,,
IFNG,IL17,unknown,Fake,6,,
IFNG,GZMB,unknown,Fake,6,,
IFNG,THPOK,unknown,Fake,6,,
IFNG,IL25R,unknown,Fake,6,,
IFNG,IL2R_2,unknown,Fake,6,,
IFNG,IFNG,unknown,Fake,6,,
IFNG,IL33R,unknown,Fake,6,,
IFNG,TBET,unknown,Fake,6,,
IFNG,IL4,unknown,Fake,6,,
IFNG,IL24,unknown,Fake,6,,
IFNG,IRF1,unknown,Fake,6,,
IFNG,EOMES,unknown,Fake,6,,
IFNG,FOXP3,unknown,Fake,6,,
IFNG,IL21,unknown,Fake,6,,
IFNG,IL25,unknown,Fake,6,,
IFNG,CD28,unknown,Fake,6,,
IFNG,STAT6,unknown,Fake,6,,
IFNG,IL6,unknown,Fake,6,,
IFNG,STAT4,unknown,Fake,6,,
IFNG,STAT1,unknown,Fake,6,,
IFNG,BCL6,unknown,Fake,6,,
IFNG,IL13,unknown,Fake,6,,
IFNG,TBET_2,unknown,Fake,6,,
IFNG,RUNX3,unknown,Fake,6,,
IL33R,NFAT,unknown,Fake,6,,
IL33R,IL27R,unknown,Fake,6,,
IL33R,TCR,unknown,Fake,6,,
IL33R,PRF1,unknown,Fake,6,,
IL33R,STAT3,unknown,Fake,6,,
IL33R,IL10,unknown,Fake,6,,
IL33R,NFKB,unknown,Fake,6,,
IL33R,IFNBR,unknown,Fake,6,,
IL33R,TGFBR,unknown,Fake,6,,
IL33R,IKB,unknown,Fake,6,,
IL33R,IL6R,unknown,Fake,6,,
IL33R,IL23,unknown,Fake,6,,
IL33R,IL35,unknown,Fake,6,,
IL33R,RORGT,unknown,Fake,6,,
IL33R,GATA3,unknown,Fake,6,,
IL33R,IL31,unknown,Fake,6,,
IL33R,CMAF,unknown,Fake,6,,
IL33R,IFNAR,unknown,Fake,6,,
IL33R,IL36R,unknown,Fake,6,,
IL33R,JAK1,unknown,Fake,6,,
IL33R,IL21R,unknown,Fake,6,,
IL33R,IL2RA,unknown,Fake,6,,
IL33R,IRAK,unknown,Fake,6,,
IL33R,IL1R,unknown,Fake,6,,
IL33R,SMAD3,unknown,Fake,6,,
IL33R,IL29R,unknown,Fake,6,,
IL33R,PU1,unknown,Fake,6,,
IL33R,CD4,unknown,Fake,6,,
IL33R,IFNGR,unknown,Fake,6,,
IL33R,IL10R,unknown,Fake,6,,
IL33R,IL12RB1_2,unknown,Fake,6,,
IL33R,IL4R,unknown,Fake,6,,
IL33R,STAT5,unknown,Fake,6,,
IL33R,IL23R,unknown,Fake,6,,
IL33R,IL12RB2,unknown,Fake,6,,
IL33R,ST2,unknown,Fake,6,,
IL33R,IL4RA_2,unknown,Fake,6,,
IL33R,IFNGR_2,unknown,Fake,6,,
IL33R,TGFB,unknown,Fake,6,,
IL33R,IL7R,unknown,Fake,6,,
IL33R,SMAD2,unknown,Fake,6,,
IL33R,IL3,unknown,Fake,6,,
IL33R,IL2,unknown,Fake,6,,
IL33R,NOTCH1,unknown,Fake,6,,
IL33R,STAT1_2,unknown,Fake,6,,
IL33R,IL2R,unknown,Fake,6,,
IL33R,IL18R,unknown,Fake,6,,
IL33R,SOCS1,unknown,Fake,6,,
IL33R,IL1R1,unknown,Fake,6,,
IL33R,CD8,unknown,Fake,6,,
IL33R,STAT5_2,unknown,Fake,6,,
IL33R,IL12R,unknown,Fake,6,,
IL33R,IL22,unknown,Fake,6,,
IL33R,IL4R_2,unknown,Fake,6,,
IL33R,proliferation,unknown,Fake,6,,
IL33R,IL15R,unknown,Fake,6,,
IL33R,IL17,unknown,Fake,6,,
IL33R,GZMB,unknown,Fake,6,,
IL33R,THPOK,unknown,Fake,6,,
IL33R,IL25R,unknown,Fake,6,,
IL33R,IL2R_2,unknown,Fake,6,,
IL33R,IFNG,unknown,Fake,6,,
IL33R,IL33R,unknown,Fake,6,,
IL33R,TBET,unknown,Fake,6,,
IL33R,IL4,unknown,Fake,6,,
IL33R,IL24,unknown,Fake,6,,
IL33R,IRF1,unknown,Fake,6,,
IL33R,EOMES,unknown,Fake,6,,
IL33R,FOXP3,unknown,Fake,6,,
IL33R,IL21,unknown,Fake,6,,
IL33R,IL25,unknown,Fake,6,,
IL33R,CD28,unknown,Fake,6,,
IL33R,STAT6,unknown,Fake,6,,
IL33R,IL6,unknown,Fake,6,,
IL33R,STAT4,unknown,Fake,6,,
IL33R,STAT1,unknown,Fake,6,,
IL33R,IFNG_2,unknown,Fake,6,,
IL33R,BCL6,unknown,Fake,6,,
IL33R,TBET_2,unknown,Fake,6,,
IL33R,RUNX3,unknown,Fake,6,,
TBET,NFAT,unknown,Fake,6,,
TBET,IL27R,unknown,Fake,6,,
TBET,TCR,unknown,Fake,6,,
TBET,PRF1,unknown,Fake,6,,
TBET,STAT3,unknown,Fake,6,,
TBET,IL10,unknown,Fake,6,,
TBET,NFKB,unknown,Fake,6,,
TBET,IFNBR,unknown,Fake,6,,
TBET,TGFBR,unknown,Fake,6,,
TBET,IKB,unknown,Fake,6,,
TBET,IL6R,unknown,Fake,6,,
TBET,IL23,unknown,Fake,6,,
TBET,IL35,unknown,Fake,6,,
TBET,IL31,unknown,Fake,6,,
TBET,CMAF,unknown,Fake,6,,
TBET,IFNAR,unknown,Fake,6,,
TBET,IL36R,unknown,Fake,6,,
TBET,JAK1,unknown,Fake,6,,
TBET,IL21R,unknown,Fake,6,,
TBET,IL2RA,unknown,Fake,6,,
TBET,IRAK,unknown,Fake,6,,
TBET,IL5,unknown,Fake,6,,
TBET,IL1R,unknown,Fake,6,,
TBET,SMAD3,unknown,Fake,6,,
TBET,IL29R,unknown,Fake,6,,
TBET,PU1,unknown,Fake,6,,
TBET,CD4,unknown,Fake,6,,
TBET,IFNGR,unknown,Fake,6,,
TBET,IL10R,unknown,Fake,6,,
TBET,IL12RB1_2,unknown,Fake,6,,
TBET,IL4R,unknown,Fake,6,,
TBET,STAT5,unknown,Fake,6,,
TBET,IL12RB2,unknown,Fake,6,,
TBET,ST2,unknown,Fake,6,,
TBET,IL4RA_2,unknown,Fake,6,,
TBET,IFNGR_2,unknown,Fake,6,,
TBET,TGFB,unknown,Fake,6,,
TBET,IL7R,unknown,Fake,6,,
TBET,SMAD2,unknown,Fake,6,,
TBET,IL3,unknown,Fake,6,,
TBET,IL9,unknown,Fake,6,,
TBET,NOTCH1,unknown,Fake,6,,
TBET,STAT1_2,unknown,Fake,6,,
TBET,IL2R,unknown,Fake,6,,
TBET,IL18R,unknown,Fake,6,,
TBET,SOCS1,unknown,Fake,6,,
TBET,IL1R1,unknown,Fake,6,,
TBET,CD8,unknown,Fake,6,,
TBET,STAT5_2,unknown,Fake,6,,
TBET,IL12R,unknown,Fake,6,,
TBET,IL22,unknown,Fake,6,,
TBET,IL4R_2,unknown,Fake,6,,
TBET,proliferation,unknown,Fake,6,,
TBET,IL15R,unknown,Fake,6,,
TBET,IL17,unknown,Fake,6,,
TBET,GZMB,unknown,Fake,6,,
TBET,THPOK,unknown,Fake,6,,
TBET,IL25R,unknown,Fake,6,,
TBET,IL2R_2,unknown,Fake,6,,
TBET,IL33R,unknown,Fake,6,,
TBET,TBET,unknown,Fake,6,,
TBET,IL24,unknown,Fake,6,,
TBET,IRF1,unknown,Fake,6,,
TBET,EOMES,unknown,Fake,6,,
TBET,IL21,unknown,Fake,6,,
TBET,IL25,unknown,Fake,6,,
TBET,CD28,unknown,Fake,6,,
TBET,STAT6,unknown,Fake,6,,
TBET,IL6,unknown,Fake,6,,
TBET,STAT4,unknown,Fake,6,,
TBET,STAT1,unknown,Fake,6,,
TBET,IL13,unknown,Fake,6,,
TBET,RUNX3,unknown,Fake,6,,
IL4,NFAT,unknown,Fake,6,,
IL4,IL27R,unknown,Fake,6,,
IL4,TCR,unknown,Fake,6,,
IL4,PRF1,unknown,Fake,6,,
IL4,STAT3,unknown,Fake,6,,
IL4,IL10,unknown,Fake,6,,
IL4,NFKB,unknown,Fake,6,,
IL4,IFNBR,unknown,Fake,6,,
IL4,TGFBR,unknown,Fake,6,,
IL4,IKB,unknown,Fake,6,,
IL4,IL6R,unknown,Fake,6,,
IL4,IL23,unknown,Fake,6,,
IL4,IL35,unknown,Fake,6,,
IL4,RORGT,unknown,Fake,6,,
IL4,GATA3,unknown,Fake,6,,
IL4,IL31,unknown,Fake,6,,
IL4,CMAF,unknown,Fake,6,,
IL4,IFNAR,unknown,Fake,6,,
IL4,IL36R,unknown,Fake,6,,
IL4,JAK1,unknown,Fake,6,,
IL4,IL21R,unknown,Fake,6,,
IL4,IL2RA,unknown,Fake,6,,
IL4,IRAK,unknown,Fake,6,,
IL4,IL5,unknown,Fake,6,,
IL4,IL1R,unknown,Fake,6,,
IL4,SMAD3,unknown,Fake,6,,
IL4,IL29R,unknown,Fake,6,,
IL4,PU1,unknown,Fake,6,,
IL4,CD4,unknown,Fake,6,,
IL4,IFNGR,unknown,Fake,6,,
IL4,IL10R,unknown,Fake,6,,
IL4,IL12RB1_2,unknown,Fake,6,,
IL4,STAT5,unknown,Fake,6,,
IL4,IL23R,unknown,Fake,6,,
IL4,IL12RB2,unknown,Fake,6,,
IL4,ST2,unknown,Fake,6,,
IL4,IL4RA_2,unknown,Fake,6,,
IL4,IFNGR_2,unknown,Fake,6,,
IL4,TGFB,unknown,Fake,6,,
IL4,IL7R,unknown,Fake,6,,
IL4,SMAD2,unknown,Fake,6,,
IL4,IL3,unknown,Fake,6,,
IL4,IL2,unknown,Fake,6,,
IL4,IL9,unknown,Fake,6,,
IL4,NOTCH1,unknown,Fake,6,,
IL4,STAT1_2,unknown,Fake,6,,
IL4,IL2R,unknown,Fake,6,,
IL4,IL18R,unknown,Fake,6,,
IL4,SOCS1,unknown,Fake,6,,
IL4,IL1R1,unknown,Fake,6,,
IL4,CD8,unknown,Fake,6,,
IL4,STAT5_2,unknown,Fake,6,,
IL4,IL12R,unknown,Fake,6,,
IL4,IL22,unknown,Fake,6,,
IL4,proliferation,unknown,Fake,6,,
IL4,IL15R,unknown,Fake,6,,
IL4,IL17,unknown,Fake,6,,
IL4,GZMB,unknown,Fake,6,,
IL4,THPOK,unknown,Fake,6,,
IL4,IL25R,unknown,Fake,6,,
IL4,IL2R_2,unknown,Fake,6,,
IL4,IFNG,unknown,Fake,6,,
IL4,IL33R,unknown,Fake,6,,
IL4,TBET,unknown,Fake,6,,
IL4,IL4,unknown,Fake,6,,
IL4,IL24,unknown,Fake,6,,
IL4,IRF1,unknown,Fake,6,,
IL4,EOMES,unknown,Fake,6,,
IL4,FOXP3,unknown,Fake,6,,
IL4,IL21,unknown,Fake,6,,
IL4,IL25,unknown,Fake,6,,
IL4,CD28,unknown,Fake,6,,
IL4,STAT6,unknown,Fake,6,,
IL4,IL6,unknown,Fake,6,,
IL4,STAT4,unknown,Fake,6,,
IL4,STAT1,unknown,Fake,6,,
IL4,IFNG_2,unknown,Fake,6,,
IL4,BCL6,unknown,Fake,6,,
IL4,IL13,unknown,Fake,6,,
IL4,TBET_2,unknown,Fake,6,,
IL4,RUNX3,unknown,Fake,6,,
IL24,NFAT,unknown,Fake,6,,
IL24,IL27R,unknown,Fake,6,,
IL24,TCR,unknown,Fake,6,,
IL24,PRF1,unknown,Fake,6,,
IL24,STAT3,unknown,Fake,6,,
IL24,IL10,unknown,Fake,6,,
IL24,NFKB,unknown,Fake,6,,
IL24,IFNBR,unknown,Fake,6,,
IL24,TGFBR,unknown,Fake,6,,
IL24,IKB,unknown,Fake,6,,
IL24,IL6R,unknown,Fake,6,,
IL24,IL23,unknown,Fake,6,,
IL24,IL35,unknown,Fake,6,,
IL24,RORGT,unknown,Fake,6,,
IL24,GATA3,unknown,Fake,6,,
IL24,IL31,unknown,Fake,6,,
IL24,CMAF,unknown,Fake,6,,
IL24,IFNAR,unknown,Fake,6,,
IL24,IL36R,unknown,Fake,6,,
IL24,JAK1,unknown,Fake,6,,
IL24,IL21R,unknown,Fake,6,,
IL24,IL2RA,unknown,Fake,6,,
IL24,IRAK,unknown,Fake,6,,
IL24,IL5,unknown,Fake,6,,
IL24,IL1R,unknown,Fake,6,,
IL24,SMAD3,unknown,Fake,6,,
IL24,IL29R,unknown,Fake,6,,
IL24,PU1,unknown,Fake,6,,
IL24,CD4,unknown,Fake,6,,
IL24,IFNGR,unknown,Fake,6,,
IL24,IL10R,unknown,Fake,6,,
IL24,IL12RB1_2,unknown,Fake,6,,
IL24,IL4R,unknown,Fake,6,,
IL24,STAT5,unknown,Fake,6,,
IL24,IL23R,unknown,Fake,6,,
IL24,IL12RB2,unknown,Fake,6,,
IL24,ST2,unknown,Fake,6,,
IL24,IL4RA_2,unknown,Fake,6,,
IL24,IFNGR_2,unknown,Fake,6,,
IL24,TGFB,unknown,Fake,6,,
IL24,IL7R,unknown,Fake,6,,
IL24,SMAD2,unknown,Fake,6,,
IL24,IL3,unknown,Fake,6,,
IL24,IL2,unknown,Fake,6,,
IL24,IL9,unknown,Fake,6,,
IL24,NOTCH1,unknown,Fake,6,,
IL24,STAT1_2,unknown,Fake,6,,
IL24,IL2R,unknown,Fake,6,,
IL24,IL18R,unknown,Fake,6,,
IL24,SOCS1,unknown,Fake,6,,
IL24,IL1R1,unknown,Fake,6,,
IL24,CD8,unknown,Fake,6,,
IL24,STAT5_2,unknown,Fake,6,,
IL24,IL12R,unknown,Fake,6,,
IL24,IL22,unknown,Fake,6,,
IL24,IL4R_2,unknown,Fake,6,,
IL24,proliferation,unknown,Fake,6,,
IL24,IL15R,unknown,Fake,6,,
IL24,IL17,unknown,Fake,6,,
IL24,GZMB,unknown,Fake,6,,
IL24,THPOK,unknown,Fake,6,,
IL24,IL25R,unknown,Fake,6,,
IL24,IL2R_2,unknown,Fake,6,,
IL24,IFNG,unknown,Fake,6,,
IL24,IL33R,unknown,Fake,6,,
IL24,TBET,unknown,Fake,6,,
IL24,IL4,unknown,Fake,6,,
IL24,IL24,unknown,Fake,6,,
IL24,IRF1,unknown,Fake,6,,
IL24,EOMES,unknown,Fake,6,,
IL24,FOXP3,unknown,Fake,6,,
IL24,IL21,unknown,Fake,6,,
IL24,IL25,unknown,Fake,6,,
IL24,CD28,unknown,Fake,6,,
IL24,STAT6,unknown,Fake,6,,
IL24,IL6,unknown,Fake,6,,
IL24,STAT4,unknown,Fake,6,,
IL24,STAT1,unknown,Fake,6,,
IL24,IFNG_2,unknown,Fake,6,,
IL24,BCL6,unknown,Fake,6,,
IL24,IL13,unknown,Fake,6,,
IL24,TBET_2,unknown,Fake,6,,
IL24,RUNX3,unknown,Fake,6,,
IRF1,NFAT,unknown,Fake,6,,
IRF1,IL27R,unknown,Fake,6,,
IRF1,TCR,unknown,Fake,6,,
IRF1,PRF1,unknown,Fake,6,,
IRF1,STAT3,unknown,Fake,6,,
IRF1,NFKB,unknown,Fake,6,,
IRF1,IFNBR,unknown,Fake,6,,
IRF1,TGFBR,unknown,Fake,6,,
IRF1,IKB,unknown,Fake,6,,
IRF1,IL6R,unknown,Fake,6,,
IRF1,IL23,unknown,Fake,6,,
IRF1,IL35,unknown,Fake,6,,
IRF1,RORGT,unknown,Fake,6,,
IRF1,GATA3,unknown,Fake,6,,
IRF1,IL31,unknown,Fake,6,,
IRF1,CMAF,unknown,Fake,6,,
IRF1,IFNAR,unknown,Fake,6,,
IRF1,IL36R,unknown,Fake,6,,
IRF1,JAK1,unknown,Fake,6,,
IRF1,IL21R,unknown,Fake,6,,
IRF1,IL2RA,unknown,Fake,6,,
IRF1,IRAK,unknown,Fake,6,,
IRF1,IL5,unknown,Fake,6,,
IRF1,IL1R,unknown,Fake,6,,
IRF1,SMAD3,unknown,Fake,6,,
IRF1,IL29R,unknown,Fake,6,,
IRF1,PU1,unknown,Fake,6,,
IRF1,CD4,unknown,Fake,6,,
IRF1,IFNGR,unknown,Fake,6,,
IRF1,IL10R,unknown,Fake,6,,
IRF1,IL4R,unknown,Fake,6,,
IRF1,STAT5,unknown,Fake,6,,
IRF1,IL23R,unknown,Fake,6,,
IRF1,IL12RB2,unknown,Fake,6,,
IRF1,ST2,unknown,Fake,6,,
IRF1,IL4RA_2,unknown,Fake,6,,
IRF1,IFNGR_2,unknown,Fake,6,,
IRF1,TGFB,unknown,Fake,6,,
IRF1,IL7R,unknown,Fake,6,,
IRF1,SMAD2,unknown,Fake,6,,
IRF1,IL3,unknown,Fake,6,,
IRF1,IL2,unknown,Fake,6,,
IRF1,IL9,unknown,Fake,6,,
IRF1,NOTCH1,unknown,Fake,6,,
IRF1,STAT1_2,unknown,Fake,6,,
IRF1,IL2R,unknown,Fake,6,,
IRF1,IL18R,unknown,Fake,6,,
IRF1,SOCS1,unknown,Fake,6,,
IRF1,IL1R1,unknown,Fake,6,,
IRF1,CD8,unknown,Fake,6,,
IRF1,STAT5_2,unknown,Fake,6,,
IRF1,IL12R,unknown,Fake,6,,
IRF1,IL22,unknown,Fake,6,,
IRF1,IL4R_2,unknown,Fake,6,,
IRF1,proliferation,unknown,Fake,6,,
IRF1,IL15R,unknown,Fake,6,,
IRF1,IL17,unknown,Fake,6,,
IRF1,GZMB,unknown,Fake,6,,
IRF1,THPOK,unknown,Fake,6,,
IRF1,IL25R,unknown,Fake,6,,
IRF1,IL2R_2,unknown,Fake,6,,
IRF1,IFNG,unknown,Fake,6,,
IRF1,IL33R,unknown,Fake,6,,
IRF1,TBET,unknown,Fake,6,,
IRF1,IL24,unknown,Fake,6,,
IRF1,IRF1,unknown,Fake,6,,
IRF1,EOMES,unknown,Fake,6,,
IRF1,FOXP3,unknown,Fake,6,,
IRF1,IL21,unknown,Fake,6,,
IRF1,IL25,unknown,Fake,6,,
IRF1,CD28,unknown,Fake,6,,
IRF1,STAT6,unknown,Fake,6,,
IRF1,IL6,unknown,Fake,6,,
IRF1,STAT4,unknown,Fake,6,,
IRF1,STAT1,unknown,Fake,6,,
IRF1,IFNG_2,unknown,Fake,6,,
IRF1,BCL6,unknown,Fake,6,,
IRF1,IL13,unknown,Fake,6,,
IRF1,TBET_2,unknown,Fake,6,,
IRF1,RUNX3,unknown,Fake,6,,
EOMES,NFAT,unknown,Fake,6,,
EOMES,IL27R,unknown,Fake,6,,
EOMES,TCR,unknown,Fake,6,,
EOMES,STAT3,unknown,Fake,6,,
EOMES,IL10,unknown,Fake,6,,
EOMES,NFKB,unknown,Fake,6,,
EOMES,IFNBR,unknown,Fake,6,,
EOMES,TGFBR,unknown,Fake,6,,
EOMES,IKB,unknown,Fake,6,,
EOMES,IL6R,unknown,Fake,6,,
EOMES,IL23,unknown,Fake,6,,
EOMES,IL35,unknown,Fake,6,,
EOMES,RORGT,unknown,Fake,6,,
EOMES,GATA3,unknown,Fake,6,,
EOMES,IL31,unknown,Fake,6,,
EOMES,CMAF,unknown,Fake,6,,
EOMES,IFNAR,unknown,Fake,6,,
EOMES,IL36R,unknown,Fake,6,,
EOMES,JAK1,unknown,Fake,6,,
EOMES,IL21R,unknown,Fake,6,,
EOMES,IL2RA,unknown,Fake,6,,
EOMES,IRAK,unknown,Fake,6,,
EOMES,IL5,unknown,Fake,6,,
EOMES,IL1R,unknown,Fake,6,,
EOMES,SMAD3,unknown,Fake,6,,
EOMES,IL29R,unknown,Fake,6,,
EOMES,PU1,unknown,Fake,6,,
EOMES,CD4,unknown,Fake,6,,
EOMES,IFNGR,unknown,Fake,6,,
EOMES,IL10R,unknown,Fake,6,,
EOMES,IL12RB1_2,unknown,Fake,6,,
EOMES,IL4R,unknown,Fake,6,,
EOMES,STAT5,unknown,Fake,6,,
EOMES,IL23R,unknown,Fake,6,,
EOMES,IL12RB2,unknown,Fake,6,,
EOMES,ST2,unknown,Fake,6,,
EOMES,IL4RA_2,unknown,Fake,6,,
EOMES,IFNGR_2,unknown,Fake,6,,
EOMES,TGFB,unknown,Fake,6,,
EOMES,IL7R,unknown,Fake,6,,
EOMES,SMAD2,unknown,Fake,6,,
EOMES,IL3,unknown,Fake,6,,
EOMES,IL2,unknown,Fake,6,,
EOMES,IL9,unknown,Fake,6,,
EOMES,NOTCH1,unknown,Fake,6,,
EOMES,STAT1_2,unknown,Fake,6,,
EOMES,IL2R,unknown,Fake,6,,
EOMES,IL18R,unknown,Fake,6,,
EOMES,SOCS1,unknown,Fake,6,,
EOMES,IL1R1,unknown,Fake,6,,
EOMES,CD8,unknown,Fake,6,,
EOMES,STAT5_2,unknown,Fake,6,,
EOMES,IL12R,unknown,Fake,6,,
EOMES,IL22,unknown,Fake,6,,
EOMES,IL4R_2,unknown,Fake,6,,
EOMES,proliferation,unknown,Fake,6,,
EOMES,IL15R,unknown,Fake,6,,
EOMES,IL17,unknown,Fake,6,,
EOMES,THPOK,unknown,Fake,6,,
EOMES,IL25R,unknown,Fake,6,,
EOMES,IL2R_2,unknown,Fake,6,,
EOMES,IL33R,unknown,Fake,6,,
EOMES,TBET,unknown,Fake,6,,
EOMES,IL4,unknown,Fake,6,,
EOMES,IL24,unknown,Fake,6,,
EOMES,IRF1,unknown,Fake,6,,
EOMES,EOMES,unknown,Fake,6,,
EOMES,FOXP3,unknown,Fake,6,,
EOMES,IL21,unknown,Fake,6,,
EOMES,IL25,unknown,Fake,6,,
EOMES,CD28,unknown,Fake,6,,
EOMES,STAT6,unknown,Fake,6,,
EOMES,IL6,unknown,Fake,6,,
EOMES,STAT4,unknown,Fake,6,,
EOMES,STAT1,unknown,Fake,6,,
EOMES,BCL6,unknown,Fake,6,,
EOMES,IL13,unknown,Fake,6,,
EOMES,TBET_2,unknown,Fake,6,,
EOMES,RUNX3,unknown,Fake,6,,
FOXP3,IL27R,unknown,Fake,6,,
FOXP3,TCR,unknown,Fake,6,,
FOXP3,PRF1,unknown,Fake,6,,
FOXP3,STAT3,unknown,Fake,6,,
FOXP3,IL10,unknown,Fake,6,,
FOXP3,IFNBR,unknown,Fake,6,,
FOXP3,TGFBR,unknown,Fake,6,,
FOXP3,IKB,unknown,Fake,6,,
FOXP3,IL6R,unknown,Fake,6,,
FOXP3,IL23,unknown,Fake,6,,
FOXP3,IL31,unknown,Fake,6,,
FOXP3,CMAF,unknown,Fake,6,,
FOXP3,IFNAR,unknown,Fake,6,,
FOXP3,IL36R,unknown,Fake,6,,
FOXP3,JAK1,unknown,Fake,6,,
FOXP3,IL21R,unknown,Fake,6,,
FOXP3,IRAK,unknown,Fake,6,,
FOXP3,IL5,unknown,Fake,6,,
FOXP3,IL1R,unknown,Fake,6,,
FOXP3,SMAD3,unknown,Fake,6,,
FOXP3,IL29R,unknown,Fake,6,,
FOXP3,PU1,unknown,Fake,6,,
FOXP3,CD4,unknown,Fake,6,,
FOXP3,IFNGR,unknown,Fake,6,,
FOXP3,IL10R,unknown,Fake,6,,
FOXP3,IL12RB1_2,unknown,Fake,6,,
FOXP3,IL4R,unknown,Fake,6,,
FOXP3,STAT5,unknown,Fake,6,,
FOXP3,IL23R,unknown,Fake,6,,
FOXP3,IL12RB2,unknown,Fake,6,,
FOXP3,ST2,unknown,Fake,6,,
FOXP3,IL4RA_2,unknown,Fake,6,,
FOXP3,IFNGR_2,unknown,Fake,6,,
FOXP3,IL7R,unknown,Fake,6,,
FOXP3,SMAD2,unknown,Fake,6,,
FOXP3,IL3,unknown,Fake,6,,
FOXP3,IL9,unknown,Fake,6,,
FOXP3,NOTCH1,unknown,Fake,6,,
FOXP3,STAT1_2,unknown,Fake,6,,
FOXP3,IL2R,unknown,Fake,6,,
FOXP3,IL18R,unknown,Fake,6,,
FOXP3,SOCS1,unknown,Fake,6,,
FOXP3,IL1R1,unknown,Fake,6,,
FOXP3,CD8,unknown,Fake,6,,
FOXP3,STAT5_2,unknown,Fake,6,,
FOXP3,IL12R,unknown,Fake,6,,
FOXP3,IL22,unknown,Fake,6,,
FOXP3,IL4R_2,unknown,Fake,6,,
FOXP3,proliferation,unknown,Fake,6,,
FOXP3,IL15R,unknown,Fake,6,,
FOXP3,IL17,unknown,Fake,6,,
FOXP3,GZMB,unknown,Fake,6,,
FOXP3,THPOK,unknown,Fake,6,,
FOXP3,IL25R,unknown,Fake,6,,
FOXP3,IL2R_2,unknown,Fake,6,,
FOXP3,IFNG,unknown,Fake,6,,
FOXP3,IL33R,unknown,Fake,6,,
FOXP3,TBET,unknown,Fake,6,,
FOXP3,IL4,unknown,Fake,6,,
FOXP3,IL24,unknown,Fake,6,,
FOXP3,IRF1,unknown,Fake,6,,
FOXP3,EOMES,unknown,Fake,6,,
FOXP3,FOXP3,unknown,Fake,6,,
FOXP3,IL21,unknown,Fake,6,,
FOXP3,IL25,unknown,Fake,6,,
FOXP3,CD28,unknown,Fake,6,,
FOXP3,STAT6,unknown,Fake,6,,
FOXP3,IL6,unknown,Fake,6,,
FOXP3,STAT4,unknown,Fake,6,,
FOXP3,STAT1,unknown,Fake,6,,
FOXP3,IFNG_2,unknown,Fake,6,,
FOXP3,BCL6,unknown,Fake,6,,
FOXP3,IL13,unknown,Fake,6,,
FOXP3,TBET_2,unknown,Fake,6,,
FOXP3,RUNX3,unknown,Fake,6,,
IL27_e,NFAT,unknown,Fake,6,,
IL27_e,TCR,unknown,Fake,6,,
IL27_e,PRF1,unknown,Fake,6,,
IL27_e,STAT3,unknown,Fake,6,,
IL27_e,IL10,unknown,Fake,6,,
IL27_e,NFKB,unknown,Fake,6,,
IL27_e,IFNBR,unknown,Fake,6,,
IL27_e,TGFBR,unknown,Fake,6,,
IL27_e,IKB,unknown,Fake,6,,
IL27_e,IL6R,unknown,Fake,6,,
IL27_e,IL23,unknown,Fake,6,,
IL27_e,IL35,unknown,Fake,6,,
IL27_e,RORGT,unknown,Fake,6,,
IL27_e,GATA3,unknown,Fake,6,,
IL27_e,IL31,unknown,Fake,6,,
IL27_e,CMAF,unknown,Fake,6,,
IL27_e,IFNAR,unknown,Fake,6,,
IL27_e,IL36R,unknown,Fake,6,,
IL27_e,JAK1,unknown,Fake,6,,
IL27_e,IL21R,unknown,Fake,6,,
IL27_e,IL2RA,unknown,Fake,6,,
IL27_e,IRAK,unknown,Fake,6,,
IL27_e,IL5,unknown,Fake,6,,
IL27_e,IL1R,unknown,Fake,6,,
IL27_e,SMAD3,unknown,Fake,6,,
IL27_e,IL29R,unknown,Fake,6,,
IL27_e,PU1,unknown,Fake,6,,
IL27_e,CD4,unknown,Fake,6,,
IL27_e,IFNGR,unknown,Fake,6,,
IL27_e,IL10R,unknown,Fake,6,,
IL27_e,IL12RB1_2,unknown,Fake,6,,
IL27_e,IL4R,unknown,Fake,6,,
IL27_e,STAT5,unknown,Fake,6,,
IL27_e,IL23R,unknown,Fake,6,,
IL27_e,IL12RB2,unknown,Fake,6,,
IL27_e,ST2,unknown,Fake,6,,
IL27_e,IL4RA_2,unknown,Fake,6,,
IL27_e,IFNGR_2,unknown,Fake,6,,
IL27_e,TGFB,unknown,Fake,6,,
IL27_e,IL7R,unknown,Fake,6,,
IL27_e,SMAD2,unknown,Fake,6,,
IL27_e,IL3,unknown,Fake,6,,
IL27_e,IL2,unknown,Fake,6,,
IL27_e,IL9,unknown,Fake,6,,
IL27_e,NOTCH1,unknown,Fake,6,,
IL27_e,STAT1_2,unknown,Fake,6,,
IL27_e,IL2R,unknown,Fake,6,,
IL27_e,IL18R,unknown,Fake,6,,
IL27_e,SOCS1,unknown,Fake,6,,
IL27_e,IL1R1,unknown,Fake,6,,
IL27_e,CD8,unknown,Fake,6,,
IL27_e,STAT5_2,unknown,Fake,6,,
IL27_e,IL12R,unknown,Fake,6,,
IL27_e,IL22,unknown,Fake,6,,
IL27_e,IL4R_2,unknown,Fake,6,,
IL27_e,proliferation,unknown,Fake,6,,
IL27_e,IL15R,unknown,Fake,6,,
IL27_e,IL17,unknown,Fake,6,,
IL27_e,GZMB,unknown,Fake,6,,
IL27_e,THPOK,unknown,Fake,6,,
IL27_e,IL25R,unknown,Fake,6,,
IL27_e,IL2R_2,unknown,Fake,6,,
IL27_e,IFNG,unknown,Fake,6,,
IL27_e,IL33R,unknown,Fake,6,,
IL27_e,TBET,unknown,Fake,6,,
IL27_e,IL4,unknown,Fake,6,,
IL27_e,IL24,unknown,Fake,6,,
IL27_e,IRF1,unknown,Fake,6,,
IL27_e,EOMES,unknown,Fake,6,,
IL27_e,FOXP3,unknown,Fake,6,,
IL27_e,IL21,unknown,Fake,6,,
IL27_e,IL25,unknown,Fake,6,,
IL27_e,CD28,unknown,Fake,6,,
IL27_e,STAT6,unknown,Fake,6,,
IL27_e,IL6,unknown,Fake,6,,
IL27_e,STAT4,unknown,Fake,6,,
IL27_e,STAT1,unknown,Fake,6,,
IL27_e,IFNG_2,unknown,Fake,6,,
IL27_e,BCL6,unknown,Fake,6,,
IL27_e,IL13,unknown,Fake,6,,
IL27_e,TBET_2,unknown,Fake,6,,
IL27_e,RUNX3,unknown,Fake,6,,
IL21,NFAT,unknown,Fake,6,,
IL21,IL27R,unknown,Fake,6,,
IL21,TCR,unknown,Fake,6,,
IL21,PRF1,unknown,Fake,6,,
IL21,STAT3,unknown,Fake,6,,
IL21,IL10,unknown,Fake,6,,
IL21,NFKB,unknown,Fake,6,,
IL21,IFNBR,unknown,Fake,6,,
IL21,TGFBR,unknown,Fake,6,,
IL21,IKB,unknown,Fake,6,,
IL21,IL6R,unknown,Fake,6,,
IL21,IL23,unknown,Fake,6,,
IL21,IL35,unknown,Fake,6,,
IL21,RORGT,unknown,Fake,6,,
IL21,GATA3,unknown,Fake,6,,
IL21,IL31,unknown,Fake,6,,
IL21,CMAF,unknown,Fake,6,,
IL21,IFNAR,unknown,Fake,6,,
IL21,IL36R,unknown,Fake,6,,
IL21,JAK1,unknown,Fake,6,,
IL21,IL2RA,unknown,Fake,6,,
IL21,IRAK,unknown,Fake,6,,
IL21,IL5,unknown,Fake,6,,
IL21,IL1R,unknown,Fake,6,,
IL21,SMAD3,unknown,Fake,6,,
IL21,IL29R,unknown,Fake,6,,
IL21,PU1,unknown,Fake,6,,
IL21,CD4,unknown,Fake,6,,
IL21,IFNGR,unknown,Fake,6,,
IL21,IL10R,unknown,Fake,6,,
IL21,IL12RB1_2,unknown,Fake,6,,
IL21,IL4R,unknown,Fake,6,,
IL21,STAT5,unknown,Fake,6,,
IL21,IL23R,unknown,Fake,6,,
IL21,IL12RB2,unknown,Fake,6,,
IL21,ST2,unknown,Fake,6,,
IL21,IL4RA_2,unknown,Fake,6,,
IL21,IFNGR_2,unknown,Fake,6,,
IL21,TGFB,unknown,Fake,6,,
IL21,IL7R,unknown,Fake,6,,
IL21,SMAD2,unknown,Fake,6,,
IL21,IL3,unknown,Fake,6,,
IL21,IL2,unknown,Fake,6,,
IL21,IL9,unknown,Fake,6,,
IL21,NOTCH1,unknown,Fake,6,,
IL21,STAT1_2,unknown,Fake,6,,
IL21,IL2R,unknown,Fake,6,,
IL21,IL18R,unknown,Fake,6,,
IL21,SOCS1,unknown,Fake,6,,
IL21,IL1R1,unknown,Fake,6,,
IL21,CD8,unknown,Fake,6,,
IL21,STAT5_2,unknown,Fake,6,,
IL21,IL12R,unknown,Fake,6,,
IL21,IL22,unknown,Fake,6,,
IL21,IL4R_2,unknown,Fake,6,,
IL21,proliferation,unknown,Fake,6,,
IL21,IL15R,unknown,Fake,6,,
IL21,IL17,unknown,Fake,6,,
IL21,GZMB,unknown,Fake,6,,
IL21,THPOK,unknown,Fake,6,,
IL21,IL25R,unknown,Fake,6,,
IL21,IL2R_2,unknown,Fake,6,,
IL21,IFNG,unknown,Fake,6,,
IL21,IL33R,unknown,Fake,6,,
IL21,TBET,unknown,Fake,6,,
IL21,IL4,unknown,Fake,6,,
IL21,IL24,unknown,Fake,6,,
IL21,IRF1,unknown,Fake,6,,
IL21,EOMES,unknown,Fake,6,,
IL21,FOXP3,unknown,Fake,6,,
IL21,IL21,unknown,Fake,6,,
IL21,IL25,unknown,Fake,6,,
IL21,CD28,unknown,Fake,6,,
IL21,STAT6,unknown,Fake,6,,
IL21,IL6,unknown,Fake,6,,
IL21,STAT4,unknown,Fake,6,,
IL21,STAT1,unknown,Fake,6,,
IL21,IFNG_2,unknown,Fake,6,,
IL21,BCL6,unknown,Fake,6,,
IL21,IL13,unknown,Fake,6,,
IL21,TBET_2,unknown,Fake,6,,
IL21,RUNX3,unknown,Fake,6,,
IL25,NFAT,unknown,Fake,6,,
IL25,IL27R,unknown,Fake,6,,
IL25,TCR,unknown,Fake,6,,
IL25,PRF1,unknown,Fake,6,,
IL25,STAT3,unknown,Fake,6,,
IL25,IL10,unknown,Fake,6,,
IL25,NFKB,unknown,Fake,6,,
IL25,IFNBR,unknown,Fake,6,,
IL25,TGFBR,unknown,Fake,6,,
IL25,IKB,unknown,Fake,6,,
IL25,IL6R,unknown,Fake,6,,
IL25,IL23,unknown,Fake,6,,
IL25,IL35,unknown,Fake,6,,
IL25,RORGT,unknown,Fake,6,,
IL25,GATA3,unknown,Fake,6,,
IL25,IL31,unknown,Fake,6,,
IL25,CMAF,unknown,Fake,6,,
IL25,IFNAR,unknown,Fake,6,,
IL25,IL36R,unknown,Fake,6,,
IL25,JAK1,unknown,Fake,6,,
IL25,IL21R,unknown,Fake,6,,
IL25,IL2RA,unknown,Fake,6,,
IL25,IRAK,unknown,Fake,6,,
IL25,IL5,unknown,Fake,6,,
IL25,IL1R,unknown,Fake,6,,
IL25,SMAD3,unknown,Fake,6,,
IL25,IL29R,unknown,Fake,6,,
IL25,PU1,unknown,Fake,6,,
IL25,CD4,unknown,Fake,6,,
IL25,IFNGR,unknown,Fake,6,,
IL25,IL10R,unknown,Fake,6,,
IL25,IL12RB1_2,unknown,Fake,6,,
IL25,IL4R,unknown,Fake,6,,
IL25,STAT5,unknown,Fake,6,,
IL25,IL23R,unknown,Fake,6,,
IL25,IL12RB2,unknown,Fake,6,,
IL25,ST2,unknown,Fake,6,,
IL25,IL4RA_2,unknown,Fake,6,,
IL25,IFNGR_2,unknown,Fake,6,,
IL25,TGFB,unknown,Fake,6,,
IL25,IL7R,unknown,Fake,6,,
IL25,SMAD2,unknown,Fake,6,,
IL25,IL3,unknown,Fake,6,,
IL25,IL2,unknown,Fake,6,,
IL25,IL9,unknown,Fake,6,,
IL25,NOTCH1,unknown,Fake,6,,
IL25,STAT1_2,unknown,Fake,6,,
IL25,IL2R,unknown,Fake,6,,
IL25,IL18R,unknown,Fake,6,,
IL25,SOCS1,unknown,Fake,6,,
IL25,IL1R1,unknown,Fake,6,,
IL25,CD8,unknown,Fake,6,,
IL25,STAT5_2,unknown,Fake,6,,
IL25,IL12R,unknown,Fake,6,,
IL25,IL22,unknown,Fake,6,,
IL25,IL4R_2,unknown,Fake,6,,
IL25,proliferation,unknown,Fake,6,,
IL25,IL15R,unknown,Fake,6,,
IL25,IL17,unknown,Fake,6,,
IL25,GZMB,unknown,Fake,6,,
IL25,THPOK,unknown,Fake,6,,
IL25,IL2R_2,unknown,Fake,6,,
IL25,IFNG,unknown,Fake,6,,
IL25,IL33R,unknown,Fake,6,,
IL25,TBET,unknown,Fake,6,,
IL25,IL4,unknown,Fake,6,,
IL25,IL24,unknown,Fake,6,,
IL25,IRF1,unknown,Fake,6,,
IL25,EOMES,unknown,Fake,6,,
IL25,FOXP3,unknown,Fake,6,,
IL25,IL21,unknown,Fake,6,,
IL25,IL25,unknown,Fake,6,,
IL25,CD28,unknown,Fake,6,,
IL25,STAT6,unknown,Fake,6,,
IL25,IL6,unknown,Fake,6,,
IL25,STAT4,unknown,Fake,6,,
IL25,STAT1,unknown,Fake,6,,
IL25,IFNG_2,unknown,Fake,6,,
IL25,BCL6,unknown,Fake,6,,
IL25,IL13,unknown,Fake,6,,
IL25,TBET_2,unknown,Fake,6,,
IL25,RUNX3,unknown,Fake,6,,
CD28,IL27R,unknown,Fake,6,,
CD28,TCR,unknown,Fake,6,,
CD28,PRF1,unknown,Fake,6,,
CD28,STAT3,unknown,Fake,6,,
CD28,IL10,unknown,Fake,6,,
CD28,NFKB,unknown,Fake,6,,
CD28,IFNBR,unknown,Fake,6,,
CD28,TGFBR,unknown,Fake,6,,
CD28,IKB,unknown,Fake,6,,
CD28,IL6R,unknown,Fake,6,,
CD28,IL23,unknown,Fake,6,,
CD28,IL35,unknown,Fake,6,,
CD28,RORGT,unknown,Fake,6,,
CD28,GATA3,unknown,Fake,6,,
CD28,IL31,unknown,Fake,6,,
CD28,CMAF,unknown,Fake,6,,
CD28,IFNAR,unknown,Fake,6,,
CD28,IL36R,unknown,Fake,6,,
CD28,JAK1,unknown,Fake,6,,
CD28,IL21R,unknown,Fake,6,,
CD28,IL2RA,unknown,Fake,6,,
CD28,IRAK,unknown,Fake,6,,
CD28,IL5,unknown,Fake,6,,
CD28,IL1R,unknown,Fake,6,,
CD28,SMAD3,unknown,Fake,6,,
CD28,IL29R,unknown,Fake,6,,
CD28,PU1,unknown,Fake,6,,
CD28,CD4,unknown,Fake,6,,
CD28,IFNGR,unknown,Fake,6,,
CD28,IL10R,unknown,Fake,6,,
CD28,IL12RB1_2,unknown,Fake,6,,
CD28,IL4R,unknown,Fake,6,,
CD28,STAT5,unknown,Fake,6,,
CD28,IL23R,unknown,Fake,6,,
CD28,IL12RB2,unknown,Fake,6,,
CD28,ST2,unknown,Fake,6,,
CD28,IL4RA_2,unknown,Fake,6,,
CD28,IFNGR_2,unknown,Fake,6,,
CD28,TGFB,unknown,Fake,6,,
CD28,IL7R,unknown,Fake,6,,
CD28,SMAD2,unknown,Fake,6,,
CD28,IL3,unknown,Fake,6,,
CD28,IL2,unknown,Fake,6,,
CD28,IL9,unknown,Fake,6,,
CD28,NOTCH1,unknown,Fake,6,,
CD28,STAT1_2,unknown,Fake,6,,
CD28,IL2R,unknown,Fake,6,,
CD28,IL18R,unknown,Fake,6,,
CD28,SOCS1,unknown,Fake,6,,
CD28,IL1R1,unknown,Fake,6,,
CD28,CD8,unknown,Fake,6,,
CD28,STAT5_2,unknown,Fake,6,,
CD28,IL12R,unknown,Fake,6,,
CD28,IL22,unknown,Fake,6,,
CD28,IL4R_2,unknown,Fake,6,,
CD28,proliferation,unknown,Fake,6,,
CD28,IL15R,unknown,Fake,6,,
CD28,IL17,unknown,Fake,6,,
CD28,GZMB,unknown,Fake,6,,
CD28,THPOK,unknown,Fake,6,,
CD28,IL25R,unknown,Fake,6,,
CD28,IL2R_2,unknown,Fake,6,,
CD28,IFNG,unknown,Fake,6,,
CD28,IL33R,unknown,Fake,6,,
CD28,TBET,unknown,Fake,6,,
CD28,IL4,unknown,Fake,6,,
CD28,IL24,unknown,Fake,6,,
CD28,IRF1,unknown,Fake,6,,
CD28,EOMES,unknown,Fake,6,,
CD28,FOXP3,unknown,Fake,6,,
CD28,IL21,unknown,Fake,6,,
CD28,IL25,unknown,Fake,6,,
CD28,CD28,unknown,Fake,6,,
CD28,STAT6,unknown,Fake,6,,
CD28,IL6,unknown,Fake,6,,
CD28,STAT4,unknown,Fake,6,,
CD28,STAT1,unknown,Fake,6,,
CD28,IFNG_2,unknown,Fake,6,,
CD28,BCL6,unknown,Fake,6,,
CD28,IL13,unknown,Fake,6,,
CD28,TBET_2,unknown,Fake,6,,
CD28,RUNX3,unknown,Fake,6,,
STAT6,NFAT,unknown,Fake,6,,
STAT6,IL27R,unknown,Fake,6,,
STAT6,TCR,unknown,Fake,6,,
STAT6,PRF1,unknown,Fake,6,,
STAT6,STAT3,unknown,Fake,6,,
STAT6,IL10,unknown,Fake,6,,
STAT6,NFKB,unknown,Fake,6,,
STAT6,IFNBR,unknown,Fake,6,,
STAT6,TGFBR,unknown,Fake,6,,
STAT6,IKB,unknown,Fake,6,,
STAT6,IL6R,unknown,Fake,6,,
STAT6,IL23,unknown,Fake,6,,
STAT6,IL35,unknown,Fake,6,,
STAT6,RORGT,unknown,Fake,6,,
STAT6,CMAF,unknown,Fake,6,,
STAT6,IFNAR,unknown,Fake,6,,
STAT6,IL36R,unknown,Fake,6,,
STAT6,JAK1,unknown,Fake,6,,
STAT6,IL21R,unknown,Fake,6,,
STAT6,IL2RA,unknown,Fake,6,,
STAT6,IRAK,unknown,Fake,6,,
STAT6,IL5,unknown,Fake,6,,
STAT6,IL1R,unknown,Fake,6,,
STAT6,SMAD3,unknown,Fake,6,,
STAT6,IL29R,unknown,Fake,6,,
STAT6,PU1,unknown,Fake,6,,
STAT6,CD4,unknown,Fake,6,,
STAT6,IFNGR,unknown,Fake,6,,
STAT6,IL10R,unknown,Fake,6,,
STAT6,IL12RB1_2,unknown,Fake,6,,
STAT6,IL4R,unknown,Fake,6,,
STAT6,STAT5,unknown,Fake,6,,
STAT6,IL23R,unknown,Fake,6,,
STAT6,ST2,unknown,Fake,6,,
STAT6,IL4RA_2,unknown,Fake,6,,
STAT6,IFNGR_2,unknown,Fake,6,,
STAT6,TGFB,unknown,Fake,6,,
STAT6,IL7R,unknown,Fake,6,,
STAT6,SMAD2,unknown,Fake,6,,
STAT6,IL3,unknown,Fake,6,,
STAT6,IL2,unknown,Fake,6,,
STAT6,NOTCH1,unknown,Fake,6,,
STAT6,STAT1_2,unknown,Fake,6,,
STAT6,IL2R,unknown,Fake,6,,
STAT6,IL18R,unknown,Fake,6,,
STAT6,SOCS1,unknown,Fake,6,,
STAT6,IL1R1,unknown,Fake,6,,
STAT6,CD8,unknown,Fake,6,,
STAT6,STAT5_2,unknown,Fake,6,,
STAT6,IL12R,unknown,Fake,6,,
STAT6,IL22,unknown,Fake,6,,
STAT6,IL4R_2,unknown,Fake,6,,
STAT6,proliferation,unknown,Fake,6,,
STAT6,IL15R,unknown,Fake,6,,
STAT6,IL17,unknown,Fake,6,,
STAT6,GZMB,unknown,Fake,6,,
STAT6,THPOK,unknown,Fake,6,,
STAT6,IL25R,unknown,Fake,6,,
STAT6,IL2R_2,unknown,Fake,6,,
STAT6,IFNG,unknown,Fake,6,,
STAT6,IL33R,unknown,Fake,6,,
STAT6,TBET,unknown,Fake,6,,
STAT6,IL4,unknown,Fake,6,,
STAT6,IRF1,unknown,Fake,6,,
STAT6,EOMES,unknown,Fake,6,,
STAT6,IL21,unknown,Fake,6,,
STAT6,IL25,unknown,Fake,6,,
STAT6,CD28,unknown,Fake,6,,
STAT6,STAT6,unknown,Fake,6,,
STAT6,IL6,unknown,Fake,6,,
STAT6,STAT4,unknown,Fake,6,,
STAT6,STAT1,unknown,Fake,6,,
STAT6,IFNG_2,unknown,Fake,6,,
STAT6,BCL6,unknown,Fake,6,,
STAT6,IL13,unknown,Fake,6,,
STAT6,TBET_2,unknown,Fake,6,,
STAT6,RUNX3,unknown,Fake,6,,
IL6,NFAT,unknown,Fake,6,,
IL6,IL27R,unknown,Fake,6,,
IL6,TCR,unknown,Fake,6,,
IL6,PRF1,unknown,Fake,6,,
IL6,STAT3,unknown,Fake,6,,
IL6,IL10,unknown,Fake,6,,
IL6,NFKB,unknown,Fake,6,,
IL6,IFNBR,unknown,Fake,6,,
IL6,TGFBR,unknown,Fake,6,,
IL6,IKB,unknown,Fake,6,,
IL6,IL23,unknown,Fake,6,,
IL6,IL35,unknown,Fake,6,,
IL6,RORGT,unknown,Fake,6,,
IL6,GATA3,unknown,Fake,6,,
IL6,IL31,unknown,Fake,6,,
IL6,CMAF,unknown,Fake,6,,
IL6,IFNAR,unknown,Fake,6,,
IL6,IL36R,unknown,Fake,6,,
IL6,JAK1,unknown,Fake,6,,
IL6,IL21R,unknown,Fake,6,,
IL6,IL2RA,unknown,Fake,6,,
IL6,IRAK,unknown,Fake,6,,
IL6,IL5,unknown,Fake,6,,
IL6,IL1R,unknown,Fake,6,,
IL6,SMAD3,unknown,Fake,6,,
IL6,IL29R,unknown,Fake,6,,
IL6,PU1,unknown,Fake,6,,
IL6,CD4,unknown,Fake,6,,
IL6,IFNGR,unknown,Fake,6,,
IL6,IL10R,unknown,Fake,6,,
IL6,IL12RB1_2,unknown,Fake,6,,
IL6,IL4R,unknown,Fake,6,,
IL6,STAT5,unknown,Fake,6,,
IL6,IL23R,unknown,Fake,6,,
IL6,IL12RB2,unknown,Fake,6,,
IL6,ST2,unknown,Fake,6,,
IL6,IL4RA_2,unknown,Fake,6,,
IL6,IFNGR_2,unknown,Fake,6,,
IL6,TGFB,unknown,Fake,6,,
IL6,IL7R,unknown,Fake,6,,
IL6,SMAD2,unknown,Fake,6,,
IL6,IL3,unknown,Fake,6,,
IL6,IL2,unknown,Fake,6,,
IL6,IL9,unknown,Fake,6,,
IL6,NOTCH1,unknown,Fake,6,,
IL6,STAT1_2,unknown,Fake,6,,
IL6,IL2R,unknown,Fake,6,,
IL6,IL18R,unknown,Fake,6,,
IL6,SOCS1,unknown,Fake,6,,
IL6,IL1R1,unknown,Fake,6,,
IL6,CD8,unknown,Fake,6,,
IL6,STAT5_2,unknown,Fake,6,,
IL6,IL12R,unknown,Fake,6,,
IL6,IL22,unknown,Fake,6,,
IL6,IL4R_2,unknown,Fake,6,,
IL6,proliferation,unknown,Fake,6,,
IL6,IL15R,unknown,Fake,6,,
IL6,IL17,unknown,Fake,6,,
IL6,GZMB,unknown,Fake,6,,
IL6,THPOK,unknown,Fake,6,,
IL6,IL25R,unknown,Fake,6,,
IL6,IL2R_2,unknown,Fake,6,,
IL6,IFNG,unknown,Fake,6,,
IL6,IL33R,unknown,Fake,6,,
IL6,TBET,unknown,Fake,6,,
IL6,IL4,unknown,Fake,6,,
IL6,IL24,unknown,Fake,6,,
IL6,IRF1,unknown,Fake,6,,
IL6,EOMES,unknown,Fake,6,,
IL6,FOXP3,unknown,Fake,6,,
IL6,IL21,unknown,Fake,6,,
IL6,IL25,unknown,Fake,6,,
IL6,CD28,unknown,Fake,6,,
IL6,STAT6,unknown,Fake,6,,
IL6,IL6,unknown,Fake,6,,
IL6,STAT4,unknown,Fake,6,,
IL6,STAT1,unknown,Fake,6,,
IL6,IFNG_2,unknown,Fake,6,,
IL6,BCL6,unknown,Fake,6,,
IL6,IL13,unknown,Fake,6,,
IL6,TBET_2,unknown,Fake,6,,
IL6,RUNX3,unknown,Fake,6,,
STAT4,NFAT,unknown,Fake,6,,
STAT4,IL27R,unknown,Fake,6,,
STAT4,TCR,unknown,Fake,6,,
STAT4,PRF1,unknown,Fake,6,,
STAT4,STAT3,unknown,Fake,6,,
STAT4,IL10,unknown,Fake,6,,
STAT4,NFKB,unknown,Fake,6,,
STAT4,IFNBR,unknown,Fake,6,,
STAT4,TGFBR,unknown,Fake,6,,
STAT4,IKB,unknown,Fake,6,,
STAT4,IL6R,unknown,Fake,6,,
STAT4,IL23,unknown,Fake,6,,
STAT4,IL35,unknown,Fake,6,,
STAT4,RORGT,unknown,Fake,6,,
STAT4,GATA3,unknown,Fake,6,,
STAT4,IL31,unknown,Fake,6,,
STAT4,CMAF,unknown,Fake,6,,
STAT4,IFNAR,unknown,Fake,6,,
STAT4,IL36R,unknown,Fake,6,,
STAT4,JAK1,unknown,Fake,6,,
STAT4,IL21R,unknown,Fake,6,,
STAT4,IL2RA,unknown,Fake,6,,
STAT4,IRAK,unknown,Fake,6,,
STAT4,IL5,unknown,Fake,6,,
STAT4,IL1R,unknown,Fake,6,,
STAT4,SMAD3,unknown,Fake,6,,
STAT4,IL29R,unknown,Fake,6,,
STAT4,PU1,unknown,Fake,6,,
STAT4,CD4,unknown,Fake,6,,
STAT4,IFNGR,unknown,Fake,6,,
STAT4,IL10R,unknown,Fake,6,,
STAT4,IL12RB1_2,unknown,Fake,6,,
STAT4,IL4R,unknown,Fake,6,,
STAT4,STAT5,unknown,Fake,6,,
STAT4,IL23R,unknown,Fake,6,,
STAT4,IL12RB2,unknown,Fake,6,,
STAT4,ST2,unknown,Fake,6,,
STAT4,IL4RA_2,unknown,Fake,6,,
STAT4,IFNGR_2,unknown,Fake,6,,
STAT4,TGFB,unknown,Fake,6,,
STAT4,IL7R,unknown,Fake,6,,
STAT4,SMAD2,unknown,Fake,6,,
STAT4,IL3,unknown,Fake,6,,
STAT4,IL2,unknown,Fake,6,,
STAT4,IL9,unknown,Fake,6,,
STAT4,NOTCH1,unknown,Fake,6,,
STAT4,STAT1_2,unknown,Fake,6,,
STAT4,IL2R,unknown,Fake,6,,
STAT4,SOCS1,unknown,Fake,6,,
STAT4,IL1R1,unknown,Fake,6,,
STAT4,CD8,unknown,Fake,6,,
STAT4,STAT5_2,unknown,Fake,6,,
STAT4,IL12R,unknown,Fake,6,,
STAT4,IL22,unknown,Fake,6,,
STAT4,IL4R_2,unknown,Fake,6,,
STAT4,proliferation,unknown,Fake,6,,
STAT4,IL15R,unknown,Fake,6,,
STAT4,IL17,unknown,Fake,6,,
STAT4,GZMB,unknown,Fake,6,,
STAT4,THPOK,unknown,Fake,6,,
STAT4,IL25R,unknown,Fake,6,,
STAT4,IL2R_2,unknown,Fake,6,,
STAT4,IL33R,unknown,Fake,6,,
STAT4,IL4,unknown,Fake,6,,
STAT4,IL24,unknown,Fake,6,,
STAT4,IRF1,unknown,Fake,6,,
STAT4,EOMES,unknown,Fake,6,,
STAT4,FOXP3,unknown,Fake,6,,
STAT4,IL25,unknown,Fake,6,,
STAT4,CD28,unknown,Fake,6,,
STAT4,STAT6,unknown,Fake,6,,
STAT4,IL6,unknown,Fake,6,,
STAT4,STAT4,unknown,Fake,6,,
STAT4,STAT1,unknown,Fake,6,,
STAT4,IL13,unknown,Fake,6,,
STAT4,RUNX3,unknown,Fake,6,,
STAT1,NFAT,unknown,Fake,6,,
STAT1,IL27R,unknown,Fake,6,,
STAT1,TCR,unknown,Fake,6,,
STAT1,PRF1,unknown,Fake,6,,
STAT1,STAT3,unknown,Fake,6,,
STAT1,IL10,unknown,Fake,6,,
STAT1,NFKB,unknown,Fake,6,,
STAT1,IFNBR,unknown,Fake,6,,
STAT1,TGFBR,unknown,Fake,6,,
STAT1,IKB,unknown,Fake,6,,
STAT1,IL6R,unknown,Fake,6,,
STAT1,IL23,unknown,Fake,6,,
STAT1,IL35,unknown,Fake,6,,
STAT1,RORGT,unknown,Fake,6,,
STAT1,GATA3,unknown,Fake,6,,
STAT1,IL31,unknown,Fake,6,,
STAT1,CMAF,unknown,Fake,6,,
STAT1,IFNAR,unknown,Fake,6,,
STAT1,IL36R,unknown,Fake,6,,
STAT1,JAK1,unknown,Fake,6,,
STAT1,IL21R,unknown,Fake,6,,
STAT1,IL2RA,unknown,Fake,6,,
STAT1,IRAK,unknown,Fake,6,,
STAT1,IL5,unknown,Fake,6,,
STAT1,IL1R,unknown,Fake,6,,
STAT1,SMAD3,unknown,Fake,6,,
STAT1,IL29R,unknown,Fake,6,,
STAT1,PU1,unknown,Fake,6,,
STAT1,CD4,unknown,Fake,6,,
STAT1,IFNGR,unknown,Fake,6,,
STAT1,IL10R,unknown,Fake,6,,
STAT1,IL12RB1_2,unknown,Fake,6,,
STAT1,IL4R,unknown,Fake,6,,
STAT1,STAT5,unknown,Fake,6,,
STAT1,IL23R,unknown,Fake,6,,
STAT1,IL12RB2,unknown,Fake,6,,
STAT1,ST2,unknown,Fake,6,,
STAT1,IL4RA_2,unknown,Fake,6,,
STAT1,IFNGR_2,unknown,Fake,6,,
STAT1,TGFB,unknown,Fake,6,,
STAT1,IL7R,unknown,Fake,6,,
STAT1,SMAD2,unknown,Fake,6,,
STAT1,IL3,unknown,Fake,6,,
STAT1,IL2,unknown,Fake,6,,
STAT1,IL9,unknown,Fake,6,,
STAT1,NOTCH1,unknown,Fake,6,,
STAT1,IL2R,unknown,Fake,6,,
STAT1,IL18R,unknown,Fake,6,,
STAT1,IL1R1,unknown,Fake,6,,
STAT1,CD8,unknown,Fake,6,,
STAT1,STAT5_2,unknown,Fake,6,,
STAT1,IL12R,unknown,Fake,6,,
STAT1,IL22,unknown,Fake,6,,
STAT1,IL4R_2,unknown,Fake,6,,
STAT1,proliferation,unknown,Fake,6,,
STAT1,IL15R,unknown,Fake,6,,
STAT1,IL17,unknown,Fake,6,,
STAT1,GZMB,unknown,Fake,6,,
STAT1,THPOK,unknown,Fake,6,,
STAT1,IL25R,unknown,Fake,6,,
STAT1,IL2R_2,unknown,Fake,6,,
STAT1,IFNG,unknown,Fake,6,,
STAT1,IL33R,unknown,Fake,6,,
STAT1,IL4,unknown,Fake,6,,
STAT1,IL24,unknown,Fake,6,,
STAT1,EOMES,unknown,Fake,6,,
STAT1,FOXP3,unknown,Fake,6,,
STAT1,IL21,unknown,Fake,6,,
STAT1,IL25,unknown,Fake,6,,
STAT1,CD28,unknown,Fake,6,,
STAT1,STAT6,unknown,Fake,6,,
STAT1,IL6,unknown,Fake,6,,
STAT1,STAT4,unknown,Fake,6,,
STAT1,IFNG_2,unknown,Fake,6,,
STAT1,IL13,unknown,Fake,6,,
STAT1,RUNX3,unknown,Fake,6,,
BCL6,NFAT,unknown,Fake,6,,
BCL6,IL27R,unknown,Fake,6,,
BCL6,TCR,unknown,Fake,6,,
BCL6,PRF1,unknown,Fake,6,,
BCL6,STAT3,unknown,Fake,6,,
BCL6,IL10,unknown,Fake,6,,
BCL6,NFKB,unknown,Fake,6,,
BCL6,IFNBR,unknown,Fake,6,,
BCL6,TGFBR,unknown,Fake,6,,
BCL6,IKB,unknown,Fake,6,,
BCL6,IL6R,unknown,Fake,6,,
BCL6,IL23,unknown,Fake,6,,
BCL6,IL35,unknown,Fake,6,,
BCL6,RORGT,unknown,Fake,6,,
BCL6,IL31,unknown,Fake,6,,
BCL6,CMAF,unknown,Fake,6,,
BCL6,IFNAR,unknown,Fake,6,,
BCL6,IL36R,unknown,Fake,6,,
BCL6,JAK1,unknown,Fake,6,,
BCL6,IL21R,unknown,Fake,6,,
BCL6,IL2RA,unknown,Fake,6,,
BCL6,IRAK,unknown,Fake,6,,
BCL6,IL5,unknown,Fake,6,,
BCL6,IL1R,unknown,Fake,6,,
BCL6,SMAD3,unknown,Fake,6,,
BCL6,IL29R,unknown,Fake,6,,
BCL6,PU1,unknown,Fake,6,,
BCL6,CD4,unknown,Fake,6,,
BCL6,IFNGR,unknown,Fake,6,,
BCL6,IL10R,unknown,Fake,6,,
BCL6,IL12RB1_2,unknown,Fake,6,,
BCL6,IL4R,unknown,Fake,6,,
BCL6,STAT5,unknown,Fake,6,,
BCL6,IL23R,unknown,Fake,6,,
BCL6,IL12RB2,unknown,Fake,6,,
BCL6,ST2,unknown,Fake,6,,
BCL6,IL4RA_2,unknown,Fake,6,,
BCL6,IFNGR_2,unknown,Fake,6,,
BCL6,TGFB,unknown,Fake,6,,
BCL6,IL7R,unknown,Fake,6,,
BCL6,SMAD2,unknown,Fake,6,,
BCL6,IL3,unknown,Fake,6,,
BCL6,IL2,unknown,Fake,6,,
BCL6,IL9,unknown,Fake,6,,
BCL6,NOTCH1,unknown,Fake,6,,
BCL6,STAT1_2,unknown,Fake,6,,
BCL6,IL2R,unknown,Fake,6,,
BCL6,IL18R,unknown,Fake,6,,
BCL6,SOCS1,unknown,Fake,6,,
BCL6,IL1R1,unknown,Fake,6,,
BCL6,CD8,unknown,Fake,6,,
BCL6,STAT5_2,unknown,Fake,6,,
BCL6,IL12R,unknown,Fake,6,,
BCL6,IL22,unknown,Fake,6,,
BCL6,IL4R_2,unknown,Fake,6,,
BCL6,proliferation,unknown,Fake,6,,
BCL6,IL15R,unknown,Fake,6,,
BCL6,IL17,unknown,Fake,6,,
BCL6,GZMB,unknown,Fake,6,,
BCL6,THPOK,unknown,Fake,6,,
BCL6,IL25R,unknown,Fake,6,,
BCL6,IL2R_2,unknown,Fake,6,,
BCL6,IL33R,unknown,Fake,6,,
BCL6,IL4,unknown,Fake,6,,
BCL6,IL24,unknown,Fake,6,,
BCL6,IRF1,unknown,Fake,6,,
BCL6,EOMES,unknown,Fake,6,,
BCL6,FOXP3,unknown,Fake,6,,
BCL6,IL25,unknown,Fake,6,,
BCL6,CD28,unknown,Fake,6,,
BCL6,STAT6,unknown,Fake,6,,
BCL6,IL6,unknown,Fake,6,,
BCL6,STAT4,unknown,Fake,6,,
BCL6,STAT1,unknown,Fake,6,,
BCL6,BCL6,unknown,Fake,6,,
BCL6,IL13,unknown,Fake,6,,
BCL6,RUNX3,unknown,Fake,6,,
IFNG_2,NFAT,unknown,Fake,6,,
IFNG_2,IL27R,unknown,Fake,6,,
IFNG_2,TCR,unknown,Fake,6,,
IFNG_2,PRF1,unknown,Fake,6,,
IFNG_2,STAT3,unknown,Fake,6,,
IFNG_2,IL10,unknown,Fake,6,,
IFNG_2,NFKB,unknown,Fake,6,,
IFNG_2,IFNBR,unknown,Fake,6,,
IFNG_2,TGFBR,unknown,Fake,6,,
IFNG_2,IKB,unknown,Fake,6,,
IFNG_2,IL6R,unknown,Fake,6,,
IFNG_2,IL23,unknown,Fake,6,,
IFNG_2,IL35,unknown,Fake,6,,
IFNG_2,RORGT,unknown,Fake,6,,
IFNG_2,GATA3,unknown,Fake,6,,
IFNG_2,IL31,unknown,Fake,6,,
IFNG_2,CMAF,unknown,Fake,6,,
IFNG_2,IFNAR,unknown,Fake,6,,
IFNG_2,IL36R,unknown,Fake,6,,
IFNG_2,JAK1,unknown,Fake,6,,
IFNG_2,IL21R,unknown,Fake,6,,
IFNG_2,IL2RA,unknown,Fake,6,,
IFNG_2,IRAK,unknown,Fake,6,,
IFNG_2,IL5,unknown,Fake,6,,
IFNG_2,IL1R,unknown,Fake,6,,
IFNG_2,SMAD3,unknown,Fake,6,,
IFNG_2,IL29R,unknown,Fake,6,,
IFNG_2,PU1,unknown,Fake,6,,
IFNG_2,CD4,unknown,Fake,6,,
IFNG_2,IL10R,unknown,Fake,6,,
IFNG_2,IL12RB1_2,unknown,Fake,6,,
IFNG_2,IL4R,unknown,Fake,6,,
IFNG_2,STAT5,unknown,Fake,6,,
IFNG_2,IL23R,unknown,Fake,6,,
IFNG_2,IL12RB2,unknown,Fake,6,,
IFNG_2,ST2,unknown,Fake,6,,
IFNG_2,IL4RA_2,unknown,Fake,6,,
IFNG_2,TGFB,unknown,Fake,6,,
IFNG_2,IL7R,unknown,Fake,6,,
IFNG_2,SMAD2,unknown,Fake,6,,
IFNG_2,IL3,unknown,Fake,6,,
IFNG_2,IL2,unknown,Fake,6,,
IFNG_2,IL9,unknown,Fake,6,,
IFNG_2,NOTCH1,unknown,Fake,6,,
IFNG_2,STAT1_2,unknown,Fake,6,,
IFNG_2,IL2R,unknown,Fake,6,,
IFNG_2,IL18R,unknown,Fake,6,,
IFNG_2,SOCS1,unknown,Fake,6,,
IFNG_2,IL1R1,unknown,Fake,6,,
IFNG_2,CD8,unknown,Fake,6,,
IFNG_2,STAT5_2,unknown,Fake,6,,
IFNG_2,IL12R,unknown,Fake,6,,
IFNG_2,IL22,unknown,Fake,6,,
IFNG_2,IL4R_2,unknown,Fake,6,,
IFNG_2,proliferation,unknown,Fake,6,,
IFNG_2,IL15R,unknown,Fake,6,,
IFNG_2,IL17,unknown,Fake,6,,
IFNG_2,GZMB,unknown,Fake,6,,
IFNG_2,THPOK,unknown,Fake,6,,
IFNG_2,IL25R,unknown,Fake,6,,
IFNG_2,IL2R_2,unknown,Fake,6,,
IFNG_2,IFNG,unknown,Fake,6,,
IFNG_2,IL33R,unknown,Fake,6,,
IFNG_2,TBET,unknown,Fake,6,,
IFNG_2,IL4,unknown,Fake,6,,
IFNG_2,IL24,unknown,Fake,6,,
IFNG_2,IRF1,unknown,Fake,6,,
IFNG_2,EOMES,unknown,Fake,6,,
IFNG_2,FOXP3,unknown,Fake,6,,
IFNG_2,IL21,unknown,Fake,6,,
IFNG_2,IL25,unknown,Fake,6,,
IFNG_2,CD28,unknown,Fake,6,,
IFNG_2,STAT6,unknown,Fake,6,,
IFNG_2,IL6,unknown,Fake,6,,
IFNG_2,STAT4,unknown,Fake,6,,
IFNG_2,STAT1,unknown,Fake,6,,
IFNG_2,IFNG_2,unknown,Fake,6,,
IFNG_2,BCL6,unknown,Fake,6,,
IFNG_2,IL13,unknown,Fake,6,,
IFNG_2,TBET_2,unknown,Fake,6,,
IFNG_2,RUNX3,unknown,Fake,6,,
IL13,NFAT,unknown,Fake,6,,
IL13,IL27R,unknown,Fake,6,,
IL13,TCR,unknown,Fake,6,,
IL13,PRF1,unknown,Fake,6,,
IL13,STAT3,unknown,Fake,6,,
IL13,IL10,unknown,Fake,6,,
IL13,NFKB,unknown,Fake,6,,
IL13,IFNBR,unknown,Fake,6,,
IL13,TGFBR,unknown,Fake,6,,
IL13,IKB,unknown,Fake,6,,
IL13,IL6R,unknown,Fake,6,,
IL13,IL23,unknown,Fake,6,,
IL13,IL35,unknown,Fake,6,,
IL13,RORGT,unknown,Fake,6,,
IL13,GATA3,unknown,Fake,6,,
IL13,IL31,unknown,Fake,6,,
IL13,CMAF,unknown,Fake,6,,
IL13,IFNAR,unknown,Fake,6,,
IL13,IL36R,unknown,Fake,6,,
IL13,JAK1,unknown,Fake,6,,
IL13,IL21R,unknown,Fake,6,,
IL13,IL2RA,unknown,Fake,6,,
IL13,IRAK,unknown,Fake,6,,
IL13,IL5,unknown,Fake,6,,
IL13,IL1R,unknown,Fake,6,,
IL13,SMAD3,unknown,Fake,6,,
IL13,IL29R,unknown,Fake,6,,
IL13,PU1,unknown,Fake,6,,
IL13,CD4,unknown,Fake,6,,
IL13,IFNGR,unknown,Fake,6,,
IL13,IL10R,unknown,Fake,6,,
IL13,IL12RB1_2,unknown,Fake,6,,
IL13,IL4R,unknown,Fake,6,,
IL13,STAT5,unknown,Fake,6,,
IL13,IL23R,unknown,Fake,6,,
IL13,IL12RB2,unknown,Fake,6,,
IL13,ST2,unknown,Fake,6,,
IL13,IL4RA_2,unknown,Fake,6,,
IL13,IFNGR_2,unknown,Fake,6,,
IL13,TGFB,unknown,Fake,6,,
IL13,IL7R,unknown,Fake,6,,
IL13,SMAD2,unknown,Fake,6,,
IL13,IL3,unknown,Fake,6,,
IL13,IL2,unknown,Fake,6,,
IL13,IL9,unknown,Fake,6,,
IL13,NOTCH1,unknown,Fake,6,,
IL13,STAT1_2,unknown,Fake,6,,
IL13,IL2R,unknown,Fake,6,,
IL13,IL18R,unknown,Fake,6,,
IL13,SOCS1,unknown,Fake,6,,
IL13,IL1R1,unknown,Fake,6,,
IL13,CD8,unknown,Fake,6,,
IL13,STAT5_2,unknown,Fake,6,,
IL13,IL12R,unknown,Fake,6,,
IL13,IL22,unknown,Fake,6,,
IL13,IL4R_2,unknown,Fake,6,,
IL13,proliferation,unknown,Fake,6,,
IL13,IL15R,unknown,Fake,6,,
IL13,IL17,unknown,Fake,6,,
IL13,GZMB,unknown,Fake,6,,
IL13,THPOK,unknown,Fake,6,,
IL13,IL25R,unknown,Fake,6,,
IL13,IL2R_2,unknown,Fake,6,,
IL13,IFNG,unknown,Fake,6,,
IL13,IL33R,unknown,Fake,6,,
IL13,TBET,unknown,Fake,6,,
IL13,IL4,unknown,Fake,6,,
IL13,IL24,unknown,Fake,6,,
IL13,IRF1,unknown,Fake,6,,
IL13,EOMES,unknown,Fake,6,,
IL13,FOXP3,unknown,Fake,6,,
IL13,IL21,unknown,Fake,6,,
IL13,IL25,unknown,Fake,6,,
IL13,CD28,unknown,Fake,6,,
IL13,STAT6,unknown,Fake,6,,
IL13,IL6,unknown,Fake,6,,
IL13,STAT4,unknown,Fake,6,,
IL13,STAT1,unknown,Fake,6,,
IL13,IFNG_2,unknown,Fake,6,,
IL13,BCL6,unknown,Fake,6,,
IL13,IL13,unknown,Fake,6,,
IL13,TBET_2,unknown,Fake,6,,
IL13,RUNX3,unknown,Fake,6,,
TBET_2,NFAT,unknown,Fake,6,,
TBET_2,IL27R,unknown,Fake,6,,
TBET_2,TCR,unknown,Fake,6,,
TBET_2,PRF1,unknown,Fake,6,,
TBET_2,STAT3,unknown,Fake,6,,
TBET_2,IL10,unknown,Fake,6,,
TBET_2,NFKB,unknown,Fake,6,,
TBET_2,IFNBR,unknown,Fake,6,,
TBET_2,TGFBR,unknown,Fake,6,,
TBET_2,IKB,unknown,Fake,6,,
TBET_2,IL6R,unknown,Fake,6,,
TBET_2,IL23,unknown,Fake,6,,
TBET_2,IL35,unknown,Fake,6,,
TBET_2,IL31,unknown,Fake,6,,
TBET_2,CMAF,unknown,Fake,6,,
TBET_2,IFNAR,unknown,Fake,6,,
TBET_2,IL36R,unknown,Fake,6,,
TBET_2,JAK1,unknown,Fake,6,,
TBET_2,IL21R,unknown,Fake,6,,
TBET_2,IL2RA,unknown,Fake,6,,
TBET_2,IRAK,unknown,Fake,6,,
TBET_2,IL5,unknown,Fake,6,,
TBET_2,IL1R,unknown,Fake,6,,
TBET_2,SMAD3,unknown,Fake,6,,
TBET_2,IL29R,unknown,Fake,6,,
TBET_2,PU1,unknown,Fake,6,,
TBET_2,CD4,unknown,Fake,6,,
TBET_2,IFNGR,unknown,Fake,6,,
TBET_2,IL10R,unknown,Fake,6,,
TBET_2,IL12RB1_2,unknown,Fake,6,,
TBET_2,IL4R,unknown,Fake,6,,
TBET_2,STAT5,unknown,Fake,6,,
TBET_2,IL12RB2,unknown,Fake,6,,
TBET_2,ST2,unknown,Fake,6,,
TBET_2,IL4RA_2,unknown,Fake,6,,
TBET_2,IFNGR_2,unknown,Fake,6,,
TBET_2,TGFB,unknown,Fake,6,,
TBET_2,IL7R,unknown,Fake,6,,
TBET_2,SMAD2,unknown,Fake,6,,
TBET_2,IL3,unknown,Fake,6,,
TBET_2,IL9,unknown,Fake,6,,
TBET_2,NOTCH1,unknown,Fake,6,,
TBET_2,STAT1_2,unknown,Fake,6,,
TBET_2,IL2R,unknown,Fake,6,,
TBET_2,IL18R,unknown,Fake,6,,
TBET_2,SOCS1,unknown,Fake,6,,
TBET_2,IL1R1,unknown,Fake,6,,
TBET_2,CD8,unknown,Fake,6,,
TBET_2,STAT5_2,unknown,Fake,6,,
TBET_2,IL12R,unknown,Fake,6,,
TBET_2,IL22,unknown,Fake,6,,
TBET_2,IL4R_2,unknown,Fake,6,,
TBET_2,proliferation,unknown,Fake,6,,
TBET_2,IL15R,unknown,Fake,6,,
TBET_2,IL17,unknown,Fake,6,,
TBET_2,GZMB,unknown,Fake,6,,
TBET_2,THPOK,unknown,Fake,6,,
TBET_2,IL25R,unknown,Fake,6,,
TBET_2,IL2R_2,unknown,Fake,6,,
TBET_2,IL33R,unknown,Fake,6,,
TBET_2,TBET,unknown,Fake,6,,
TBET_2,IL24,unknown,Fake,6,,
TBET_2,IRF1,unknown,Fake,6,,
TBET_2,EOMES,unknown,Fake,6,,
TBET_2,IL21,unknown,Fake,6,,
TBET_2,IL25,unknown,Fake,6,,
TBET_2,CD28,unknown,Fake,6,,
TBET_2,STAT6,unknown,Fake,6,,
TBET_2,IL6,unknown,Fake,6,,
TBET_2,STAT4,unknown,Fake,6,,
TBET_2,STAT1,unknown,Fake,6,,
TBET_2,IL13,unknown,Fake,6,,
TBET_2,TBET_2,unknown,Fake,6,,
TBET_2,RUNX3,unknown,Fake,6,,
RUNX3,NFAT,unknown,Fake,6,,
RUNX3,IL27R,unknown,Fake,6,,
RUNX3,TCR,unknown,Fake,6,,
RUNX3,PRF1,unknown,Fake,6,,
RUNX3,STAT3,unknown,Fake,6,,
RUNX3,IL10,unknown,Fake,6,,
RUNX3,NFKB,unknown,Fake,6,,
RUNX3,IFNBR,unknown,Fake,6,,
RUNX3,TGFBR,unknown,Fake,6,,
RUNX3,IKB,unknown,Fake,6,,
RUNX3,IL6R,unknown,Fake,6,,
RUNX3,IL23,unknown,Fake,6,,
RUNX3,IL35,unknown,Fake,6,,
RUNX3,RORGT,unknown,Fake,6,,
RUNX3,GATA3,unknown,Fake,6,,
RUNX3,IL31,unknown,Fake,6,,
RUNX3,CMAF,unknown,Fake,6,,
RUNX3,IFNAR,unknown,Fake,6,,
RUNX3,IL36R,unknown,Fake,6,,
RUNX3,JAK1,unknown,Fake,6,,
RUNX3,IL21R,unknown,Fake,6,,
RUNX3,IL2RA,unknown,Fake,6,,
RUNX3,IRAK,unknown,Fake,6,,
RUNX3,IL5,unknown,Fake,6,,
RUNX3,IL1R,unknown,Fake,6,,
RUNX3,SMAD3,unknown,Fake,6,,
RUNX3,IL29R,unknown,Fake,6,,
RUNX3,PU1,unknown,Fake,6,,
RUNX3,IFNGR,unknown,Fake,6,,
RUNX3,IL10R,unknown,Fake,6,,
RUNX3,IL12RB1_2,unknown,Fake,6,,
RUNX3,IL4R,unknown,Fake,6,,
RUNX3,STAT5,unknown,Fake,6,,
RUNX3,IL23R,unknown,Fake,6,,
RUNX3,IL12RB2,unknown,Fake,6,,
RUNX3,ST2,unknown,Fake,6,,
RUNX3,IL4RA_2,unknown,Fake,6,,
RUNX3,IFNGR_2,unknown,Fake,6,,
RUNX3,TGFB,unknown,Fake,6,,
RUNX3,IL7R,unknown,Fake,6,,
RUNX3,SMAD2,unknown,Fake,6,,
RUNX3,IL3,unknown,Fake,6,,
RUNX3,IL2,unknown,Fake,6,,
RUNX3,IL9,unknown,Fake,6,,
RUNX3,NOTCH1,unknown,Fake,6,,
RUNX3,STAT1_2,unknown,Fake,6,,
RUNX3,IL2R,unknown,Fake,6,,
RUNX3,IL18R,unknown,Fake,6,,
RUNX3,SOCS1,unknown,Fake,6,,
RUNX3,IL1R1,unknown,Fake,6,,
RUNX3,STAT5_2,unknown,Fake,6,,
RUNX3,IL12R,unknown,Fake,6,,
RUNX3,IL22,unknown,Fake,6,,
RUNX3,IL4R_2,unknown,Fake,6,,
RUNX3,proliferation,unknown,Fake,6,,
RUNX3,IL15R,unknown,Fake,6,,
RUNX3,IL17,unknown,Fake,6,,
RUNX3,GZMB,unknown,Fake,6,,
RUNX3,IL25R,unknown,Fake,6,,
RUNX3,IL2R_2,unknown,Fake,6,,
RUNX3,IL33R,unknown,Fake,6,,
RUNX3,TBET,unknown,Fake,6,,
RUNX3,IL24,unknown,Fake,6,,
RUNX3,IRF1,unknown,Fake,6,,
RUNX3,FOXP3,unknown,Fake,6,,
RUNX3,IL21,unknown,Fake,6,,
RUNX3,IL25,unknown,Fake,6,,
RUNX3,CD28,unknown,Fake,6,,
RUNX3,STAT6,unknown,Fake,6,,
RUNX3,IL6,unknown,Fake,6,,
RUNX3,STAT4,unknown,Fake,6,,
RUNX3,STAT1,unknown,Fake,6,,
RUNX3,BCL6,unknown,Fake,6,,
RUNX3,IL13,unknown,Fake,6,,
RUNX3,TBET_2,unknown,Fake,6,,
RUNX3,RUNX3,unknown,Fake,6,,
