Regulator,Target,Sign,Model,Confidence Rank,Constraint,Direct,is_kept
APC,CD28,positive,"AJ, N10",1,regulates,direct,KEPT
APC,TCR,positive,"AJ, N10",1,necessary,direct,KEPT
BCL6,GATA3,negative,"AJ, MS15",1,regulates,direct,KEPT
BCL6,IFNG,negative,MS15,1,regulates,direct,KEPT
BCL6,IFNG_2,negative,MS15,1,regulates,direct,KEPT
BCL6,IL21,positive,MS15,1,regulates,direct in the network sense,KEPT
BCL6,TBET,negative,"AJ, MS15",1,regulates,direct,KEPT
BCL6,TBET_2,negative,"AJ, MS15",1,regulates,direct,KEPT
CD28,NFAT,positive,"AJ, N10",1,regulates,direct in the network sense,KEPT
CD4,THPOK,positive,MSM,2,,indirect,KEPT
CD8,RUNX3,positive,MSM,2,,indirect,KEPT
CMAF,IL10,positive,AJ,1,regulates,direct,KEPT
CMAF,IL21,positive,AJ,1,regulates,direct,KEPT
CMAF,IL22,negative,AJ,1,regulates,direct,KEPT
CMAF,IL4,positive,AJ,1,regulates,direct,KEPT
DLL1,NOTCH1,positive,MSM,1,regulates,direct,KEPT
EOMES,GZMB,positive,MSM,1,regulates,direct,KEPT
EOMES,IFNG,positive,MSM,1,regulates,direct,KEPT
EOMES,IFNG_2,positive,MSM,1,regulates,direct,KEPT
EOMES,PRF1,positive,MSM,1,regulates,direct,KEPT
FOXP3,GATA3,negative,"MSM, P18",1,regulates,direct,KEPT
FOXP3,IL2,negative,"AJ, MS15, N10",1,regulates,direct,KEPT
FOXP3,IL2RA,positive,"AJ, N10",1,regulates,direct,KEPT
FOXP3,IL35,positive,AJ,2,,indirect,KEPT
FOXP3,NFAT,negative,P18,1,regulates,direct,KEPT
FOXP3,NFKB,negative,"AJ, N10, P18",1,regulates,direct,KEPT
FOXP3,RORGT,negative,"AJ, MS15, MSM, P18",1,regulates,direct,KEPT
FOXP3,TGFB,positive,"AJ, MS15, MSM, N10",3,,correlation,KEPT
GATA3,GATA3,positive,"AJ, MS15, MSM, MX, N10, P18",1,regulates,direct,KEPT
GATA3,IFNG,negative,MS15,1,regulates,direct,KEPT
GATA3,IFNG_2,negative,MS15,1,regulates,direct,KEPT
GATA3,IL13,positive,AJ,1,regulates,direct,KEPT
GATA3,IL25,positive,AJ,4,,assumption,KEPT
GATA3,IL3,positive,AJ,1,regulates,direct,KEPT
GATA3,IL4,positive,"AJ, M06, MS15, MSM, MX, N10, P18",1,regulates,direct,KEPT
GATA3,IL5,positive,AJ,1,regulates,direct,KEPT
GATA3,RORGT,negative,"MS15, MSM, P18",1,regulates,direct in the network sense,KEPT
GATA3,ST2,positive,AJ,1,regulates,direct,KEPT
GATA3,STAT4,negative,"AJ, M06, MSM, MX, N10, P18",1,regulates,direct,KEPT
GATA3,TBET,negative,"M06, MS15, MSM, MX, N10",1,regulates,direct,KEPT
GATA3,TBET_2,negative,"M06, MS15, MSM, MX, N10",1,regulates,direct,KEPT
GATA3,THPOK,positive,MSM,1,regulates,direct,KEPT
IFNAR,STAT1,positive,AJ,1,regulates,direct,KEPT
IFNAR,STAT1_2,positive,AJ,1,regulates,direct,KEPT
IFNA_e,IFNAR,positive,AJ,1,regulates,direct,KEPT
IFNBR,STAT1,positive,"M06, MSM, MX, N10",1,regulates,direct,KEPT
IFNBR,STAT1_2,positive,"MSM, MX, N10",1,regulates,direct,KEPT
IFNB_e,IFNAR,positive,AJ,1,regulates,direct,KEPT
IFNB_e,IFNBR,positive,"M06, MSM, MX, N10",1,regulates,direct,KEPT
IFNG,IFNGR,positive,"AJ, M06, MSM, MX, N10, P18",1,regulates,direct,KEPT
IFNG,IFNGR_2,positive,"AJ, M06, MSM, MX, N10, P18",1,regulates,direct,KEPT
IFNG,IFNG_2,positive,"M06, MS15",0,necessary,,KEPT
IFNGR,IFNGR_2,positive,M06,0,necessary,,KEPT
IFNGR,JAK1,positive,"MSM, MX, P18",1,regulates,direct,KEPT
IFNGR,STAT1,positive,"AJ, M06, N10",1,regulates,direct,KEPT
IFNGR,STAT1_2,positive,"AJ, M06, N10",1,regulates,direct,KEPT
IFNGR_2,JAK1,positive,"MSM, MX, P18",1,regulates,direct,KEPT
IFNGR_2,STAT1,positive,"AJ, N10",1,regulates,direct,KEPT
IFNGR_2,STAT1_2,positive,"AJ, M06, N10",1,regulates,direct,KEPT
IFNG_2,IFNGR,positive,"AJ, MSM, MX, N10, P18",1,regulates,direct,KEPT
IFNG_2,IFNGR_2,positive,"AJ, M06, MSM, MX, N10, P18",1,regulates,direct,KEPT
IFNG_e,IFNGR,positive,"AJ, N10, P18",1,regulates,direct,KEPT
IFNG_e,IFNGR_2,positive,"AJ, N10, P18",1,regulates,direct,KEPT
IKB,NFKB,negative,"AJ, N10",1,regulates,direct,KEPT
IL10,IL10R,positive,"AJ, MSM, MX, N10",1,regulates,direct,KEPT
IL10R,STAT3,positive,"MSM, MX, N10",1,regulates,direct,KEPT
IL10_e,IL10R,positive,"AJ, N10",1,regulates,direct,KEPT
IL12R,STAT4,positive,"AJ, M06, MSM, MX, N10, P18",1,regulates,direct,KEPT
IL12RB1_2,IL12R,positive,N10,0,regulates,direct,KEPT
IL12RB2,IL12R,positive,"AJ, N10",0,necessary,direct,KEPT
IL12_e,IL12R,positive,"AJ, M06, MSM, MX, N10, P18",1,regulates,direct,KEPT
IL15R,STAT5,positive,"AJ, N10",1,regulates,direct,KEPT
IL15_e,IL15R,positive,"AJ, N10",1,regulates,direct,KEPT
IL18R,IFNG,positive,AJ,2,,indirect,KEPT
IL18R,IFNG_2,positive,AJ,2,,indirect,KEPT
IL18R,IRAK,positive,"M06, MSM, MX, P18",1,regulates,direct in the network sense,KEPT
IL18_e,IL18R,positive,"AJ, M06, MSM, MX, P18",1,regulates,direct,KEPT
IL1R,STAT3,positive,AJ,2,,indirect,KEPT
IL1R1,IL1R,positive,AJ,0,necessary,direct,KEPT
IL1_e,IL1R,positive,AJ,1,regulates,direct,KEPT
IL2,IL2R,positive,"AJ, N10, P18",1,regulates,direct,KEPT
IL2,IL2R_2,positive,"AJ, N10, P18",1,regulates,direct,KEPT
IL21,IL21R,positive,"AJ, N10, P18",1,regulates,direct,KEPT
IL21R,STAT3,positive,"AJ, N10, P18",1,regulates,direct,KEPT
IL21_e,IL21R,positive,"AJ, N10",1,regulates,direct,KEPT
IL23,IL23R,positive,N10,1,regulates,direct,KEPT
IL23R,STAT3,positive,"AJ, MSM, N10, P18",1,regulates,direct,KEPT
IL23_e,IL23R,positive,"AJ, MSM, N10, P18",1,regulates,direct,KEPT
IL25,IL25R,positive,AJ,1,regulates,direct,KEPT
IL25R,GATA3,positive,AJ,2,,indirect,KEPT
IL25_e,IL25R,positive,AJ,1,regulates,direct,KEPT
IL27R,STAT1,positive,"AJ, MSM, N10",1,regulates,direct,KEPT
IL27R,STAT1_2,positive,"AJ, MSM, N10",1,regulates,direct,KEPT
IL27R,STAT3,positive,"AJ, N10",1,regulates,direct,KEPT
IL27_e,IL27R,positive,"AJ, MSM, N10",1,regulates,direct,KEPT
IL29R,GATA3,negative,AJ,2,,indirect,KEPT
IL29_e,IL29R,positive,AJ,1,regulates,direct,KEPT
IL2R,IL2R_2,positive,"AJ, N10",0,necessary,,KEPT
IL2R,STAT5,positive,"AJ, MSM, N10, P18",1,regulates,direct,KEPT
IL2R,STAT5_2,positive,"AJ, MSM, N10, P18",1,regulates,direct,KEPT
IL2RA,IL2R_2,positive,"AJ, N10",0,necessary,direct,KEPT
IL2R_2,STAT5,positive,"MSM, P18",1,regulates,direct,KEPT
IL2R_2,STAT5_2,positive,"AJ, MSM, N10, P18",1,regulates,direct,KEPT
IL2_e,IL2R,positive,"AJ, MSM, N10",1,regulates,direct,KEPT
IL2_e,IL2R_2,positive,"AJ, MSM, N10",1,regulates,direct,KEPT
IL33R,IL13,positive,AJ,2,,indirect,KEPT
IL33R,IL5,positive,AJ,2,,indirect,KEPT
IL33R,IL9,positive,AJ,2,,indirect,KEPT
IL33_e,IL33R,positive,AJ,1,regulates,direct,KEPT
IL36R,TBET,positive,AJ,2,,indirect,KEPT
IL36R,TBET_2,positive,AJ,2,,indirect,KEPT
IL36_e,IL36R,positive,AJ,1,regulates,direct,KEPT
IL4,IL4R,positive,"AJ, M06, MSM, MX, N10, P18",1,regulates,direct,KEPT
IL4,IL4R_2,positive,"AJ, M06, MSM, MX, N10, P18",1,regulates,direct,KEPT
IL4R,IL4R_2,positive,N10,0,necessary,,KEPT
IL4R,STAT5,positive,N10,1,regulates,direct,KEPT
IL4R,STAT5_2,positive,N10,1,regulates,direct,KEPT
IL4R,STAT6,positive,"AJ, M06, MSM, MX, N10, P18",1,regulates,direct,KEPT
IL4RA_2,IL4R_2,positive,N10,0,regulates,direct,KEPT
IL4R_2,STAT5_2,positive,N10,1,regulates,direct,KEPT
IL4R_2,STAT6,positive,"AJ, M06, MSM, MX, P18",1,regulates,direct,KEPT
IL4_e,IL4R,positive,"AJ, N10, P18",1,regulates,direct,KEPT
IL4_e,IL4R_2,positive,"AJ, N10, P18",1,regulates,direct,KEPT
IL6,IL6R,positive,"AJ, MSM, P18",1,regulates,direct,KEPT
IL6R,STAT3,positive,"AJ, N10, P18",1,regulates,direct,KEPT
IL6_e,IL6R,positive,"AJ, N10, P18",1,regulates,direct,KEPT
IL7R,STAT5,positive,MSM,1,regulates,direct,KEPT
IL7R,STAT5_2,positive,MSM,1,regulates,direct,KEPT
IL7_e,IL7R,positive,MSM,1,regulates,direct,KEPT
IL9,IFNG,negative,MS15,3,,correlation,KEPT
IL9,IFNG_2,negative,MS15,3,,correlation,KEPT
IL9,TBET,negative,MS15,3,,correlation,KEPT
IL9,TBET_2,negative,MS15,3,,correlation,KEPT
IRAK,IFNG,positive,"MSM, MX",2,,indirect,KEPT
IRAK,IFNG_2,positive,"M06, MSM, MX",2,,indirect,KEPT
IRAK,NFKB,positive,P18,2,,indirect,KEPT
IRF1,IL10,positive,AJ,1,regulates,direct,KEPT
IRF1,IL12RB1_2,positive,N10,1,regulates,direct,KEPT
IRF1,IL4,negative,"AJ, N10",1,regulates,direct,KEPT
JAK1,STAT1,positive,"MSM, MX, P18",1,regulates,direct,KEPT
JAK1,STAT1_2,positive,"MSM, MX, P18",1,regulates,direct,KEPT
JAK3,STAT3,positive,MSM,1,regulates,direct,KEPT
NFAT,FOXP3,positive,"AJ, N10",1,regulates,direct,KEPT
NFAT,GATA3,positive,P18,1,regulates,direct,KEPT
NFAT,IFNG,positive,"AJ, MX, N10, P18",1,regulates,direct,KEPT
NFAT,IFNG_2,positive,"AJ, MX, N10, P18",1,regulates,direct,KEPT
NFAT,IL10,positive,"AJ, N10",1,regulates,direct,KEPT
NFAT,IL13,positive,AJ,1,regulates,direct,KEPT
NFAT,IL17,positive,"AJ, N10",1,regulates,direct,KEPT
NFAT,IL2,positive,"AJ, N10, P18",1,necessary,direct,KEPT
NFAT,IL21,positive,"AJ, N10, P18",1,necessary,direct,KEPT
NFAT,IL22,positive,AJ,1,regulates,direct,KEPT
NFAT,IL2RA,positive,"AJ, N10",1,regulates,direct,KEPT
NFAT,IL3,positive,AJ,1,regulates,direct,KEPT
NFAT,IL31,positive,AJ,1,regulates,direct,KEPT
NFAT,IL4,positive,"AJ, N10, P18",1,necessary,direct,KEPT
NFAT,IL5,positive,AJ,1,regulates,direct,KEPT
NFAT,IL9,positive,AJ,1,regulates,direct,KEPT
NFAT,TGFB,positive,"AJ, N10",1,regulates,direct,KEPT
NFKB,IFNG,positive,P18,1,regulates,direct,KEPT
NFKB,IFNG_2,positive,P18,1,regulates,direct,KEPT
NFKB,IL17,positive,"AJ, N10",1,regulates,direct,KEPT
NFKB,IL2,positive,"AJ, N10, P18",1,regulates,direct,KEPT
NFKB,IL2RA,positive,"AJ, N10",1,regulates,direct,KEPT
NFKB,IL9,positive,AJ,1,regulates,direct,KEPT
NOTCH1,CD4,positive,MSM,2,,indirect,KEPT
NOTCH1,CD8,positive,MSM,2,,indirect,KEPT
PU1,GATA3,negative,AJ,1,regulates,direct,KEPT
PU1,IL9,positive,AJ,1,regulates,direct,KEPT
RORGT,IL17,positive,"AJ, MSM, N10, P18",1,regulates,direct,KEPT
RORGT,IL23R,positive,"AJ, N10",1,regulates,direct,KEPT
RORGT,RORGT,positive,"MSM, N10",1,regulates,direct,KEPT
RUNX3,CD4,negative,MSM,1,regulates,direct,KEPT
RUNX3,CD8,positive,MSM,1,regulates,direct,KEPT
RUNX3,EOMES,positive,MSM,1,regulates,direct,KEPT
RUNX3,IFNG,positive,"AJ, N10",1,regulates,direct,KEPT
RUNX3,IFNG_2,positive,"AJ, N10",1,regulates,direct,KEPT
RUNX3,IL4,negative,"AJ, N10",1,regulates,direct,KEPT
RUNX3,THPOK,negative,MSM,1,regulates,direct,KEPT
SMAD2,FOXP3,positive,MSM,1,regulates,direct,KEPT
SMAD2,RORGT,positive,MSM,1,regulates,direct,KEPT
SMAD3,FOXP3,positive,"AJ, N10",1,regulates,direct,KEPT
SMAD3,IL2RA,positive,"AJ, N10",1,regulates,direct,KEPT
SMAD3,IL9,positive,AJ,1,regulates,direct,KEPT
SOCS1,JAK1,negative,"MX, P18",1,regulates,direct,KEPT
SOCS1,STAT5,negative,MSM,1,regulates,direct,KEPT
SOCS1,STAT5_2,negative,MSM,1,regulates,direct,KEPT
SOCS1,STAT6,negative,P18,1,regulates,direct,KEPT
ST2,IL33R,positive,AJ,0,necessary,direct,KEPT
STAT1,BCL6,positive,AJ,1,regulates,direct,KEPT
STAT1,IRF1,positive,"AJ, N10",1,regulates,direct,KEPT
STAT1,SOCS1,positive,"M06, MSM, MX, P18",1,regulates,direct,KEPT
STAT1,STAT1,positive,M06,1,regulates,direct,KEPT
STAT1,STAT1_2,positive,M06,0,necessary,,KEPT
STAT1,TBET,positive,"AJ, M06, MSM, MX, N10, P18",1,regulates,direct,KEPT
STAT1,TBET_2,positive,"AJ, M06, MSM, MX, N10, P18",1,regulates,direct,KEPT
STAT1_2,BCL6,positive,AJ,1,regulates,direct,KEPT
STAT1_2,IRF1,positive,"AJ, N10",1,regulates,direct,KEPT
STAT1_2,SOCS1,positive,"MSM, MX, P18",1,regulates,direct,KEPT
STAT1_2,TBET,positive,"AJ, MSM, MX, N10, P18",1,regulates,direct,KEPT
STAT1_2,TBET_2,positive,"AJ, M06, MSM, MX, N10, P18",1,regulates,direct,KEPT
STAT3,BCL6,positive,AJ,1,regulates,direct,KEPT
STAT3,CMAF,positive,AJ,1,regulates,direct,KEPT
STAT3,IL10,positive,"AJ, N10",1,regulates,direct,KEPT
STAT3,IL17,positive,"AJ, N10, P18",1,regulates,direct,KEPT
STAT3,IL1R1,positive,AJ,4,,assumption ,KEPT
STAT3,IL21,positive,"AJ, N10, P18",1,regulates,direct,KEPT
STAT3,IL22,positive,AJ,1,regulates,direct,KEPT
STAT3,IL23,positive,N10,1,regulates,direct in the network sense,KEPT
STAT3,IL23R,positive,"AJ, N10, P18",1,regulates,direct,KEPT
STAT3,IL6,positive,AJ,1,regulates,direct,KEPT
STAT3,RORGT,positive,"AJ, MSM, N10, P18",1,regulates,direct,KEPT
STAT4,BCL6,positive,AJ,1,regulates,direct,KEPT
STAT4,IFNG,positive,"AJ, M06, MSM, MX, N10, P18",1,regulates,direct,KEPT
STAT4,IFNG_2,positive,"AJ, M06, MSM, MX, N10, P18",1,regulates,direct,KEPT
STAT4,IL18R,positive,AJ,1,regulates,direct in the network sense,KEPT
STAT4,IL21,positive,AJ,1,regulates,direct,KEPT
STAT4,TBET,positive,P18,1,regulates,direct,KEPT
STAT4,TBET_2,positive,P18,1,regulates,direct,KEPT
STAT5,BCL6,negative,AJ,1,regulates,direct,KEPT
STAT5,FOXP3,positive,"AJ, N10, P18",1,regulates,direct,KEPT
STAT5,GATA3,positive,P18,1,regulates,direct,KEPT
STAT5,IL17,negative,"AJ, N10, P18",1,regulates,direct,KEPT
STAT5,IL2RA,positive,"AJ, N10",1,regulates,direct,KEPT
STAT5,IL4,positive,AJ,1,regulates,direct,KEPT
STAT5,IL4RA_2,positive,N10,2,,indirect,KEPT
STAT5,RUNX3,positive,MSM,1,regulates,direct,KEPT
STAT5,STAT5_2,positive,"AJ, N10",0,necessary,,KEPT
STAT5,proliferation,positive,"AJ, N10",1,regulates,direct in the network sense,KEPT
STAT5_2,FOXP3,positive,P18,1,regulates,direct,KEPT
STAT5_2,GATA3,positive,P18,1,regulates,direct,KEPT
STAT5_2,IL17,negative,P18,1,regulates,direct,KEPT
STAT5_2,IL4RA_2,positive,N10,2,,indirect,KEPT
STAT5_2,RUNX3,positive,MSM,1,regulates,direct,KEPT
STAT5_2,proliferation,positive,"AJ, N10",1,regulates,direct in the network sense,KEPT
STAT6,FOXP3,negative,AJ,1,regulates,direct,KEPT
STAT6,GATA3,positive,"AJ, M06, MSM, MX, N10, P18",1,regulates,direct,KEPT
STAT6,IL12RB2,negative,"AJ, N10",2,,indirect,KEPT
STAT6,IL24,positive,AJ,1,regulates,direct,KEPT
STAT6,IL31,positive,AJ,1,regulates,direct,KEPT
STAT6,IL9,positive,AJ,1,regulates,direct,KEPT
TBET,BCL6,negative,"AJ, MS15",1,regulates,direct,KEPT
TBET,FOXP3,negative,MSM,1,regulates,direct,KEPT
TBET,GATA3,negative,"AJ, M06, MS15, MSM, MX, N10, P18",1,regulates,direct,KEPT
TBET,IFNG,positive,"AJ, M06, MS15, MSM, MX, N10, P18",1,regulates,direct,KEPT
TBET,IFNG_2,positive,"AJ, M06, MS15, MSM, MX, N10, P18",1,regulates,direct,KEPT
TBET,IL2,negative,"AJ, N10, P18",1,regulates,direct,KEPT
TBET,IL23R,negative,P18,1,regulates,direct,KEPT
TBET,IL4,negative,"AJ, MS15, N10",1,regulates,direct,KEPT
TBET,RORGT,negative,"MS15, MSM, P18",1,regulates,direct in the network sense,KEPT
TBET,TBET_2,positive,"AJ, M06, MS15, MSM, MX, N10, P18",0,necessary,,KEPT
TBET_2,BCL6,negative,"AJ, MS15",1,regulates,direct,KEPT
TBET_2,FOXP3,negative,MSM,1,regulates,direct,KEPT
TBET_2,GATA3,negative,"AJ, MS15, MSM, MX, N10, P18",1,regulates,direct,KEPT
TBET_2,IFNG,positive,"AJ, MS15, MSM, MX, N10, P18",1,regulates,direct,KEPT
TBET_2,IFNG_2,positive,"AJ, M06, MS15, MSM, MX, N10, P18",1,regulates,direct,KEPT
TBET_2,IL2,negative,"AJ, N10, P18",1,regulates,direct,KEPT
TBET_2,IL23R,negative,P18,1,regulates,direct,KEPT
TBET_2,IL4,negative,"AJ, MS15, N10",1,regulates,direct,KEPT
TBET_2,RORGT,negative,"MS15, MSM, P18",1,regulates,direct in the network sense,KEPT
TCR,IKB,negative,"AJ, N10",1,regulates,direct in the network sense,KEPT
TCR,IL7R,negative,MSM,1,regulates,direct in the network sense,KEPT
TCR,NFAT,positive,"AJ, MSM, MX, N10, P18",1,regulates,direct in the network sense,KEPT
TGFB,BCL6,negative,MS15,1,regulates,direct in the network sense,KEPT
TGFB,TGFBR,positive,"AJ, MSM, N10",1,regulates,direct,KEPT
TGFBR,PU1,positive,AJ,2,,indirect,KEPT
TGFBR,SMAD2,positive,MSM,1,regulates,direct,KEPT
TGFBR,SMAD3,positive,"AJ, N10",1,regulates,direct,KEPT
TGFB_e,TGFBR,positive,"AJ, N10, P18",1,regulates,direct,KEPT
THPOK,CD4,positive,MSM,1,regulates,direct,KEPT
THPOK,CD8,negative,MSM,1,regulates,direct,KEPT
THPOK,RUNX3,negative,MSM,1,regulates,direct,KEPT
THPOK,THPOK,positive,MSM,1,regulates,direct,KEPT
proliferation,IFNG,positive,"AJ, N10",4,,assumption,KEPT
proliferation,IFNG_2,positive,"AJ, N10",4,,assumption,KEPT
proliferation,IL10,positive,"AJ, N10",4,,assumption,KEPT
proliferation,IL13,positive,AJ,4,,assumption,KEPT
proliferation,IL17,positive,"AJ, N10",4,,assumption,KEPT
proliferation,IL21,positive,"AJ, N10",4,,assumption,KEPT
proliferation,IL22,positive,AJ,4,,assumption,KEPT
proliferation,IL23,positive,N10,4,,assumption,KEPT
proliferation,IL24,positive,AJ,4,,assumption,KEPT
proliferation,IL25,positive,AJ,4,,assumption,KEPT
proliferation,IL3,positive,AJ,4,,assumption,KEPT
proliferation,IL31,positive,AJ,4,,assumption,KEPT
proliferation,IL35,positive,AJ,4,,assumption,KEPT
proliferation,IL4,positive,"AJ, N10",4,,assumption,KEPT
proliferation,IL5,positive,AJ,4,,assumption,KEPT
proliferation,IL6,positive,AJ,4,,assumption,KEPT
proliferation,IL9,positive,AJ,4,,assumption,KEPT
proliferation,TGFB,positive,"AJ, N10",4,,assumption,KEPT
proliferation,proliferation,positive,"AJ, N10",4,,assumption,KEPT
IL21R,IL21R,unknown,Fake,6,,,TAKEN_OUT
IL21R,IL12R,unknown,Fake,6,,,TAKEN_OUT
IL21R,IL18R,unknown,Fake,6,,,TAKEN_OUT
IL21R,IL12RB2,unknown,Fake,6,,,TAKEN_OUT
IL21R,JAK1,unknown,Fake,6,,,TAKEN_OUT
IL21R,IL21,unknown,Fake,6,,,TAKEN_OUT
IL21R,IL23,unknown,Fake,6,,,TAKEN_OUT
IL21R,TBET,unknown,Fake,6,,,TAKEN_OUT
IL21R,THPOK,unknown,Fake,6,,,TAKEN_OUT
IL21R,IL4RA_2,unknown,Fake,6,,,TAKEN_OUT
IL21R,STAT1,unknown,Fake,6,,,TAKEN_OUT
IL21R,IL33R,unknown,Fake,6,,,TAKEN_OUT
IL21R,IL22,unknown,Fake,6,,,TAKEN_OUT
IL21R,IFNGR_2,unknown,Fake,6,,,TAKEN_OUT
IL21R,IRF1,unknown,Fake,6,,,TAKEN_OUT
IL21R,STAT4,unknown,Fake,6,,,TAKEN_OUT
IL21R,IFNGR,unknown,Fake,6,,,TAKEN_OUT
IL21R,PU1,unknown,Fake,6,,,TAKEN_OUT
IL21R,EOMES,unknown,Fake,6,,,TAKEN_OUT
IL21R,CD8,unknown,Fake,6,,,TAKEN_OUT
IL21R,TBET_2,unknown,Fake,6,,,TAKEN_OUT
IL21R,NFKB,unknown,Fake,6,,,TAKEN_OUT
IL21R,STAT6,unknown,Fake,6,,,TAKEN_OUT
IL21R,SMAD3,unknown,Fake,6,,,TAKEN_OUT
IL21R,STAT1_2,unknown,Fake,6,,,TAKEN_OUT
IL21R,IL4,unknown,Fake,6,,,TAKEN_OUT
IL21R,IL25,unknown,Fake,6,,,TAKEN_OUT
IL21R,IL9,unknown,Fake,6,,,TAKEN_OUT
IL21R,TGFBR,unknown,Fake,6,,,TAKEN_OUT
IL21R,IL5,unknown,Fake,6,,,TAKEN_OUT
IL21R,IL1R,unknown,Fake,6,,,TAKEN_OUT
IL21R,IL6,unknown,Fake,6,,,TAKEN_OUT
IL21R,IL12RB1_2,unknown,Fake,6,,,TAKEN_OUT
IL21R,RUNX3,unknown,Fake,6,,,TAKEN_OUT
IL21R,IL17,unknown,Fake,6,,,TAKEN_OUT
IL21R,IL4R,unknown,Fake,6,,,TAKEN_OUT
IL21R,CD4,unknown,Fake,6,,,TAKEN_OUT
IL21R,SMAD2,unknown,Fake,6,,,TAKEN_OUT
IL21R,proliferation,unknown,Fake,6,,,TAKEN_OUT
IL21R,NFAT,unknown,Fake,6,,,TAKEN_OUT
IL21R,STAT5_2,unknown,Fake,6,,,TAKEN_OUT
IL21R,IRAK,unknown,Fake,6,,,TAKEN_OUT
IL21R,IL2,unknown,Fake,6,,,TAKEN_OUT
IL21R,IL2RA,unknown,Fake,6,,,TAKEN_OUT
IL21R,IL13,unknown,Fake,6,,,TAKEN_OUT
IL21R,FOXP3,unknown,Fake,6,,,TAKEN_OUT
IL21R,IL31,unknown,Fake,6,,,TAKEN_OUT
IL21R,PRF1,unknown,Fake,6,,,TAKEN_OUT
IL21R,ST2,unknown,Fake,6,,,TAKEN_OUT
IL21R,GZMB,unknown,Fake,6,,,TAKEN_OUT
IL21R,SOCS1,unknown,Fake,6,,,TAKEN_OUT
IL21R,STAT5,unknown,Fake,6,,,TAKEN_OUT
IL21R,TGFB,unknown,Fake,6,,,TAKEN_OUT
IL21R,IL4R_2,unknown,Fake,6,,,TAKEN_OUT
IL21R,IL2R_2,unknown,Fake,6,,,TAKEN_OUT
IL21R,IL3,unknown,Fake,6,,,TAKEN_OUT
IL21R,IL24,unknown,Fake,6,,,TAKEN_OUT
IL21R,IFNG_2,unknown,Fake,6,,,TAKEN_OUT
IL21R,GATA3,unknown,Fake,6,,,TAKEN_OUT
IL21R,RORGT,unknown,Fake,6,,,TAKEN_OUT
IL21R,IL10,unknown,Fake,6,,,TAKEN_OUT
IL21R,IL23R,unknown,Fake,6,,,TAKEN_OUT
IL21R,BCL6,unknown,Fake,6,,,TAKEN_OUT
IL21R,IL6R,unknown,Fake,6,,,TAKEN_OUT
IL21R,IL35,unknown,Fake,6,,,TAKEN_OUT
IL21R,IL25R,unknown,Fake,6,,,TAKEN_OUT
IL21R,IL2R,unknown,Fake,6,,,TAKEN_OUT
IL21R,CMAF,unknown,Fake,6,,,TAKEN_OUT
IL21R,IFNG,unknown,Fake,6,,,TAKEN_OUT
IL21R,IL1R1,unknown,Fake,6,,,TAKEN_OUT
IL21R,IL10R,unknown,Fake,6,,,TAKEN_OUT
IL12R,IL21R,unknown,Fake,6,,,TAKEN_OUT
IL12R,IL12R,unknown,Fake,6,,,TAKEN_OUT
IL12R,IL18R,unknown,Fake,6,,,TAKEN_OUT
IL12R,IL12RB2,unknown,Fake,6,,,TAKEN_OUT
IL12R,JAK1,unknown,Fake,6,,,TAKEN_OUT
IL12R,IL21,unknown,Fake,6,,,TAKEN_OUT
IL12R,IL23,unknown,Fake,6,,,TAKEN_OUT
IL12R,TBET,unknown,Fake,6,,,TAKEN_OUT
IL12R,THPOK,unknown,Fake,6,,,TAKEN_OUT
IL12R,IL4RA_2,unknown,Fake,6,,,TAKEN_OUT
IL12R,STAT1,unknown,Fake,6,,,TAKEN_OUT
IL12R,IL33R,unknown,Fake,6,,,TAKEN_OUT
IL12R,IL22,unknown,Fake,6,,,TAKEN_OUT
IL12R,IFNGR_2,unknown,Fake,6,,,TAKEN_OUT
IL12R,IRF1,unknown,Fake,6,,,TAKEN_OUT
IL12R,IFNGR,unknown,Fake,6,,,TAKEN_OUT
IL12R,PU1,unknown,Fake,6,,,TAKEN_OUT
IL12R,EOMES,unknown,Fake,6,,,TAKEN_OUT
IL12R,CD8,unknown,Fake,6,,,TAKEN_OUT
IL12R,TBET_2,unknown,Fake,6,,,TAKEN_OUT
IL12R,NFKB,unknown,Fake,6,,,TAKEN_OUT
IL12R,STAT6,unknown,Fake,6,,,TAKEN_OUT
IL12R,SMAD3,unknown,Fake,6,,,TAKEN_OUT
IL12R,STAT1_2,unknown,Fake,6,,,TAKEN_OUT
IL12R,IL4,unknown,Fake,6,,,TAKEN_OUT
IL12R,STAT3,unknown,Fake,6,,,TAKEN_OUT
IL12R,IL25,unknown,Fake,6,,,TAKEN_OUT
IL12R,IL9,unknown,Fake,6,,,TAKEN_OUT
IL12R,TGFBR,unknown,Fake,6,,,TAKEN_OUT
IL12R,IL5,unknown,Fake,6,,,TAKEN_OUT
IL12R,IL1R,unknown,Fake,6,,,TAKEN_OUT
IL12R,IL6,unknown,Fake,6,,,TAKEN_OUT
IL12R,IL12RB1_2,unknown,Fake,6,,,TAKEN_OUT
IL12R,RUNX3,unknown,Fake,6,,,TAKEN_OUT
IL12R,IL17,unknown,Fake,6,,,TAKEN_OUT
IL12R,IL4R,unknown,Fake,6,,,TAKEN_OUT
IL12R,CD4,unknown,Fake,6,,,TAKEN_OUT
IL12R,SMAD2,unknown,Fake,6,,,TAKEN_OUT
IL12R,proliferation,unknown,Fake,6,,,TAKEN_OUT
IL12R,NFAT,unknown,Fake,6,,,TAKEN_OUT
IL12R,STAT5_2,unknown,Fake,6,,,TAKEN_OUT
IL12R,IRAK,unknown,Fake,6,,,TAKEN_OUT
IL12R,IL2,unknown,Fake,6,,,TAKEN_OUT
IL12R,IL2RA,unknown,Fake,6,,,TAKEN_OUT
IL12R,IL13,unknown,Fake,6,,,TAKEN_OUT
IL12R,FOXP3,unknown,Fake,6,,,TAKEN_OUT
IL12R,IL31,unknown,Fake,6,,,TAKEN_OUT
IL12R,PRF1,unknown,Fake,6,,,TAKEN_OUT
IL12R,ST2,unknown,Fake,6,,,TAKEN_OUT
IL12R,GZMB,unknown,Fake,6,,,TAKEN_OUT
IL12R,SOCS1,unknown,Fake,6,,,TAKEN_OUT
IL12R,STAT5,unknown,Fake,6,,,TAKEN_OUT
IL12R,TGFB,unknown,Fake,6,,,TAKEN_OUT
IL12R,IL4R_2,unknown,Fake,6,,,TAKEN_OUT
IL12R,IL2R_2,unknown,Fake,6,,,TAKEN_OUT
IL12R,IL3,unknown,Fake,6,,,TAKEN_OUT
IL12R,IL24,unknown,Fake,6,,,TAKEN_OUT
IL12R,IFNG_2,unknown,Fake,6,,,TAKEN_OUT
IL12R,GATA3,unknown,Fake,6,,,TAKEN_OUT
IL12R,RORGT,unknown,Fake,6,,,TAKEN_OUT
IL12R,IL10,unknown,Fake,6,,,TAKEN_OUT
IL12R,IL23R,unknown,Fake,6,,,TAKEN_OUT
IL12R,BCL6,unknown,Fake,6,,,TAKEN_OUT
IL12R,IL6R,unknown,Fake,6,,,TAKEN_OUT
IL12R,IL35,unknown,Fake,6,,,TAKEN_OUT
IL12R,IL25R,unknown,Fake,6,,,TAKEN_OUT
IL12R,IL2R,unknown,Fake,6,,,TAKEN_OUT
IL12R,CMAF,unknown,Fake,6,,,TAKEN_OUT
IL12R,IFNG,unknown,Fake,6,,,TAKEN_OUT
IL12R,IL1R1,unknown,Fake,6,,,TAKEN_OUT
IL12R,IL10R,unknown,Fake,6,,,TAKEN_OUT
IL18R,IL21R,unknown,Fake,6,,,TAKEN_OUT
IL18R,IL12R,unknown,Fake,6,,,TAKEN_OUT
IL18R,IL18R,unknown,Fake,6,,,TAKEN_OUT
IL18R,IL12RB2,unknown,Fake,6,,,TAKEN_OUT
IL18R,JAK1,unknown,Fake,6,,,TAKEN_OUT
IL18R,IL21,unknown,Fake,6,,,TAKEN_OUT
IL18R,IL23,unknown,Fake,6,,,TAKEN_OUT
IL18R,TBET,unknown,Fake,6,,,TAKEN_OUT
IL18R,THPOK,unknown,Fake,6,,,TAKEN_OUT
IL18R,IL4RA_2,unknown,Fake,6,,,TAKEN_OUT
IL18R,STAT1,unknown,Fake,6,,,TAKEN_OUT
IL18R,IL33R,unknown,Fake,6,,,TAKEN_OUT
IL18R,IL22,unknown,Fake,6,,,TAKEN_OUT
IL18R,IFNGR_2,unknown,Fake,6,,,TAKEN_OUT
IL18R,IRF1,unknown,Fake,6,,,TAKEN_OUT
IL18R,STAT4,unknown,Fake,6,,,TAKEN_OUT
IL18R,IFNGR,unknown,Fake,6,,,TAKEN_OUT
IL18R,PU1,unknown,Fake,6,,,TAKEN_OUT
IL18R,EOMES,unknown,Fake,6,,,TAKEN_OUT
IL18R,CD8,unknown,Fake,6,,,TAKEN_OUT
IL18R,TBET_2,unknown,Fake,6,,,TAKEN_OUT
IL18R,NFKB,unknown,Fake,6,,,TAKEN_OUT
IL18R,STAT6,unknown,Fake,6,,,TAKEN_OUT
IL18R,SMAD3,unknown,Fake,6,,,TAKEN_OUT
IL18R,STAT1_2,unknown,Fake,6,,,TAKEN_OUT
IL18R,IL4,unknown,Fake,6,,,TAKEN_OUT
IL18R,STAT3,unknown,Fake,6,,,TAKEN_OUT
IL18R,IL25,unknown,Fake,6,,,TAKEN_OUT
IL18R,IL9,unknown,Fake,6,,,TAKEN_OUT
IL18R,TGFBR,unknown,Fake,6,,,TAKEN_OUT
IL18R,IL5,unknown,Fake,6,,,TAKEN_OUT
IL18R,IL1R,unknown,Fake,6,,,TAKEN_OUT
IL18R,IL6,unknown,Fake,6,,,TAKEN_OUT
IL18R,IL12RB1_2,unknown,Fake,6,,,TAKEN_OUT
IL18R,RUNX3,unknown,Fake,6,,,TAKEN_OUT
IL18R,IL17,unknown,Fake,6,,,TAKEN_OUT
IL18R,IL4R,unknown,Fake,6,,,TAKEN_OUT
IL18R,CD4,unknown,Fake,6,,,TAKEN_OUT
IL18R,SMAD2,unknown,Fake,6,,,TAKEN_OUT
IL18R,proliferation,unknown,Fake,6,,,TAKEN_OUT
IL18R,NFAT,unknown,Fake,6,,,TAKEN_OUT
IL18R,STAT5_2,unknown,Fake,6,,,TAKEN_OUT
IL18R,IL2,unknown,Fake,6,,,TAKEN_OUT
IL18R,IL2RA,unknown,Fake,6,,,TAKEN_OUT
IL18R,IL13,unknown,Fake,6,,,TAKEN_OUT
IL18R,FOXP3,unknown,Fake,6,,,TAKEN_OUT
IL18R,IL31,unknown,Fake,6,,,TAKEN_OUT
IL18R,PRF1,unknown,Fake,6,,,TAKEN_OUT
IL18R,ST2,unknown,Fake,6,,,TAKEN_OUT
IL18R,GZMB,unknown,Fake,6,,,TAKEN_OUT
IL18R,SOCS1,unknown,Fake,6,,,TAKEN_OUT
IL18R,STAT5,unknown,Fake,6,,,TAKEN_OUT
IL18R,TGFB,unknown,Fake,6,,,TAKEN_OUT
IL18R,IL4R_2,unknown,Fake,6,,,TAKEN_OUT
IL18R,IL2R_2,unknown,Fake,6,,,TAKEN_OUT
IL18R,IL3,unknown,Fake,6,,,TAKEN_OUT
IL18R,IL24,unknown,Fake,6,,,TAKEN_OUT
IL18R,GATA3,unknown,Fake,6,,,TAKEN_OUT
IL18R,RORGT,unknown,Fake,6,,,TAKEN_OUT
IL18R,IL10,unknown,Fake,6,,,TAKEN_OUT
IL18R,IL23R,unknown,Fake,6,,,TAKEN_OUT
IL18R,BCL6,unknown,Fake,6,,,TAKEN_OUT
IL18R,IL6R,unknown,Fake,6,,,TAKEN_OUT
IL18R,IL35,unknown,Fake,6,,,TAKEN_OUT
IL18R,IL25R,unknown,Fake,6,,,TAKEN_OUT
IL18R,IL2R,unknown,Fake,6,,,TAKEN_OUT
IL18R,CMAF,unknown,Fake,6,,,TAKEN_OUT
IL18R,IL1R1,unknown,Fake,6,,,TAKEN_OUT
IL18R,IL10R,unknown,Fake,6,,,TAKEN_OUT
IL12RB2,IL21R,unknown,Fake,6,,,TAKEN_OUT
IL12RB2,IL18R,unknown,Fake,6,,,TAKEN_OUT
IL12RB2,IL12RB2,unknown,Fake,6,,,TAKEN_OUT
IL12RB2,JAK1,unknown,Fake,6,,,TAKEN_OUT
IL12RB2,IL21,unknown,Fake,6,,,TAKEN_OUT
IL12RB2,IL23,unknown,Fake,6,,,TAKEN_OUT
IL12RB2,TBET,unknown,Fake,6,,,TAKEN_OUT
IL12RB2,THPOK,unknown,Fake,6,,,TAKEN_OUT
IL12RB2,IL4RA_2,unknown,Fake,6,,,TAKEN_OUT
IL12RB2,STAT1,unknown,Fake,6,,,TAKEN_OUT
IL12RB2,IL33R,unknown,Fake,6,,,TAKEN_OUT
IL12RB2,IL22,unknown,Fake,6,,,TAKEN_OUT
IL12RB2,IFNGR_2,unknown,Fake,6,,,TAKEN_OUT
IL12RB2,IRF1,unknown,Fake,6,,,TAKEN_OUT
IL12RB2,STAT4,unknown,Fake,6,,,TAKEN_OUT
IL12RB2,IFNGR,unknown,Fake,6,,,TAKEN_OUT
IL12RB2,PU1,unknown,Fake,6,,,TAKEN_OUT
IL12RB2,EOMES,unknown,Fake,6,,,TAKEN_OUT
IL12RB2,CD8,unknown,Fake,6,,,TAKEN_OUT
IL12RB2,TBET_2,unknown,Fake,6,,,TAKEN_OUT
IL12RB2,NFKB,unknown,Fake,6,,,TAKEN_OUT
IL12RB2,STAT6,unknown,Fake,6,,,TAKEN_OUT
IL12RB2,SMAD3,unknown,Fake,6,,,TAKEN_OUT
IL12RB2,STAT1_2,unknown,Fake,6,,,TAKEN_OUT
IL12RB2,IL4,unknown,Fake,6,,,TAKEN_OUT
IL12RB2,STAT3,unknown,Fake,6,,,TAKEN_OUT
IL12RB2,IL25,unknown,Fake,6,,,TAKEN_OUT
IL12RB2,IL9,unknown,Fake,6,,,TAKEN_OUT
IL12RB2,TGFBR,unknown,Fake,6,,,TAKEN_OUT
IL12RB2,IL5,unknown,Fake,6,,,TAKEN_OUT
IL12RB2,IL1R,unknown,Fake,6,,,TAKEN_OUT
IL12RB2,IL6,unknown,Fake,6,,,TAKEN_OUT
IL12RB2,IL12RB1_2,unknown,Fake,6,,,TAKEN_OUT
IL12RB2,RUNX3,unknown,Fake,6,,,TAKEN_OUT
IL12RB2,IL17,unknown,Fake,6,,,TAKEN_OUT
IL12RB2,IL4R,unknown,Fake,6,,,TAKEN_OUT
IL12RB2,CD4,unknown,Fake,6,,,TAKEN_OUT
IL12RB2,SMAD2,unknown,Fake,6,,,TAKEN_OUT
IL12RB2,proliferation,unknown,Fake,6,,,TAKEN_OUT
IL12RB2,NFAT,unknown,Fake,6,,,TAKEN_OUT
IL12RB2,STAT5_2,unknown,Fake,6,,,TAKEN_OUT
IL12RB2,IRAK,unknown,Fake,6,,,TAKEN_OUT
IL12RB2,IL2,unknown,Fake,6,,,TAKEN_OUT
IL12RB2,IL2RA,unknown,Fake,6,,,TAKEN_OUT
IL12RB2,IL13,unknown,Fake,6,,,TAKEN_OUT
IL12RB2,FOXP3,unknown,Fake,6,,,TAKEN_OUT
IL12RB2,IL31,unknown,Fake,6,,,TAKEN_OUT
IL12RB2,PRF1,unknown,Fake,6,,,TAKEN_OUT
IL12RB2,ST2,unknown,Fake,6,,,TAKEN_OUT
IL12RB2,GZMB,unknown,Fake,6,,,TAKEN_OUT
IL12RB2,SOCS1,unknown,Fake,6,,,TAKEN_OUT
IL12RB2,STAT5,unknown,Fake,6,,,TAKEN_OUT
IL12RB2,TGFB,unknown,Fake,6,,,TAKEN_OUT
IL12RB2,IL4R_2,unknown,Fake,6,,,TAKEN_OUT
IL12RB2,IL2R_2,unknown,Fake,6,,,TAKEN_OUT
IL12RB2,IL3,unknown,Fake,6,,,TAKEN_OUT
IL12RB2,IL24,unknown,Fake,6,,,TAKEN_OUT
IL12RB2,IFNG_2,unknown,Fake,6,,,TAKEN_OUT
IL12RB2,GATA3,unknown,Fake,6,,,TAKEN_OUT
IL12RB2,RORGT,unknown,Fake,6,,,TAKEN_OUT
IL12RB2,IL10,unknown,Fake,6,,,TAKEN_OUT
IL12RB2,IL23R,unknown,Fake,6,,,TAKEN_OUT
IL12RB2,BCL6,unknown,Fake,6,,,TAKEN_OUT
IL12RB2,IL6R,unknown,Fake,6,,,TAKEN_OUT
IL12RB2,IL35,unknown,Fake,6,,,TAKEN_OUT
IL12RB2,IL25R,unknown,Fake,6,,,TAKEN_OUT
IL12RB2,IL2R,unknown,Fake,6,,,TAKEN_OUT
IL12RB2,CMAF,unknown,Fake,6,,,TAKEN_OUT
IL12RB2,IFNG,unknown,Fake,6,,,TAKEN_OUT
IL12RB2,IL1R1,unknown,Fake,6,,,TAKEN_OUT
IL12RB2,IL10R,unknown,Fake,6,,,TAKEN_OUT
IL21,IL12R,unknown,Fake,6,,,TAKEN_OUT
IL21,IL18R,unknown,Fake,6,,,TAKEN_OUT
IL21,IL12RB2,unknown,Fake,6,,,TAKEN_OUT
IL21,JAK1,unknown,Fake,6,,,TAKEN_OUT
IL21,IL21,unknown,Fake,6,,,TAKEN_OUT
IL21,IL23,unknown,Fake,6,,,TAKEN_OUT
IL21,TBET,unknown,Fake,6,,,TAKEN_OUT
IL21,THPOK,unknown,Fake,6,,,TAKEN_OUT
IL21,IL4RA_2,unknown,Fake,6,,,TAKEN_OUT
IL21,STAT1,unknown,Fake,6,,,TAKEN_OUT
IL21,IL33R,unknown,Fake,6,,,TAKEN_OUT
IL21,IL22,unknown,Fake,6,,,TAKEN_OUT
IL21,IFNGR_2,unknown,Fake,6,,,TAKEN_OUT
IL21,IRF1,unknown,Fake,6,,,TAKEN_OUT
IL21,STAT4,unknown,Fake,6,,,TAKEN_OUT
IL21,IFNGR,unknown,Fake,6,,,TAKEN_OUT
IL21,PU1,unknown,Fake,6,,,TAKEN_OUT
IL21,EOMES,unknown,Fake,6,,,TAKEN_OUT
IL21,CD8,unknown,Fake,6,,,TAKEN_OUT
IL21,TBET_2,unknown,Fake,6,,,TAKEN_OUT
IL21,NFKB,unknown,Fake,6,,,TAKEN_OUT
IL21,STAT6,unknown,Fake,6,,,TAKEN_OUT
IL21,SMAD3,unknown,Fake,6,,,TAKEN_OUT
IL21,STAT1_2,unknown,Fake,6,,,TAKEN_OUT
IL21,IL4,unknown,Fake,6,,,TAKEN_OUT
IL21,STAT3,unknown,Fake,6,,,TAKEN_OUT
IL21,IL25,unknown,Fake,6,,,TAKEN_OUT
IL21,IL9,unknown,Fake,6,,,TAKEN_OUT
IL21,TGFBR,unknown,Fake,6,,,TAKEN_OUT
IL21,IL5,unknown,Fake,6,,,TAKEN_OUT
IL21,IL1R,unknown,Fake,6,,,TAKEN_OUT
IL21,IL6,unknown,Fake,6,,,TAKEN_OUT
IL21,IL12RB1_2,unknown,Fake,6,,,TAKEN_OUT
IL21,RUNX3,unknown,Fake,6,,,TAKEN_OUT
IL21,IL17,unknown,Fake,6,,,TAKEN_OUT
IL21,IL4R,unknown,Fake,6,,,TAKEN_OUT
IL21,CD4,unknown,Fake,6,,,TAKEN_OUT
IL21,SMAD2,unknown,Fake,6,,,TAKEN_OUT
IL21,proliferation,unknown,Fake,6,,,TAKEN_OUT
IL21,NFAT,unknown,Fake,6,,,TAKEN_OUT
IL21,STAT5_2,unknown,Fake,6,,,TAKEN_OUT
IL21,IRAK,unknown,Fake,6,,,TAKEN_OUT
IL21,IL2,unknown,Fake,6,,,TAKEN_OUT
IL21,IL2RA,unknown,Fake,6,,,TAKEN_OUT
IL21,IL13,unknown,Fake,6,,,TAKEN_OUT
IL21,FOXP3,unknown,Fake,6,,,TAKEN_OUT
IL21,IL31,unknown,Fake,6,,,TAKEN_OUT
IL21,PRF1,unknown,Fake,6,,,TAKEN_OUT
IL21,ST2,unknown,Fake,6,,,TAKEN_OUT
IL21,GZMB,unknown,Fake,6,,,TAKEN_OUT
IL21,SOCS1,unknown,Fake,6,,,TAKEN_OUT
IL21,STAT5,unknown,Fake,6,,,TAKEN_OUT
IL21,TGFB,unknown,Fake,6,,,TAKEN_OUT
IL21,IL4R_2,unknown,Fake,6,,,TAKEN_OUT
IL21,IL2R_2,unknown,Fake,6,,,TAKEN_OUT
IL21,IL3,unknown,Fake,6,,,TAKEN_OUT
IL21,IL24,unknown,Fake,6,,,TAKEN_OUT
IL21,IFNG_2,unknown,Fake,6,,,TAKEN_OUT
IL21,GATA3,unknown,Fake,6,,,TAKEN_OUT
IL21,RORGT,unknown,Fake,6,,,TAKEN_OUT
IL21,IL10,unknown,Fake,6,,,TAKEN_OUT
IL21,IL23R,unknown,Fake,6,,,TAKEN_OUT
IL21,BCL6,unknown,Fake,6,,,TAKEN_OUT
IL21,IL6R,unknown,Fake,6,,,TAKEN_OUT
IL21,IL35,unknown,Fake,6,,,TAKEN_OUT
IL21,IL25R,unknown,Fake,6,,,TAKEN_OUT
IL21,IL2R,unknown,Fake,6,,,TAKEN_OUT
IL21,CMAF,unknown,Fake,6,,,TAKEN_OUT
IL21,IFNG,unknown,Fake,6,,,TAKEN_OUT
IL21,IL1R1,unknown,Fake,6,,,TAKEN_OUT
IL21,IL10R,unknown,Fake,6,,,TAKEN_OUT
TBET,IL21R,unknown,Fake,6,,,TAKEN_OUT
TBET,IL12R,unknown,Fake,6,,,TAKEN_OUT
TBET,IL18R,unknown,Fake,6,,,TAKEN_OUT
TBET,IL12RB2,unknown,Fake,6,,,TAKEN_OUT
TBET,JAK1,unknown,Fake,6,,,TAKEN_OUT
TBET,IL21,unknown,Fake,6,,,TAKEN_OUT
TBET,IL23,unknown,Fake,6,,,TAKEN_OUT
TBET,TBET,unknown,Fake,6,,,TAKEN_OUT
TBET,THPOK,unknown,Fake,6,,,TAKEN_OUT
TBET,IL4RA_2,unknown,Fake,6,,,TAKEN_OUT
TBET,STAT1,unknown,Fake,6,,,TAKEN_OUT
TBET,IL33R,unknown,Fake,6,,,TAKEN_OUT
TBET,IL22,unknown,Fake,6,,,TAKEN_OUT
TBET,IFNGR_2,unknown,Fake,6,,,TAKEN_OUT
TBET,IRF1,unknown,Fake,6,,,TAKEN_OUT
TBET,STAT4,unknown,Fake,6,,,TAKEN_OUT
TBET,IFNGR,unknown,Fake,6,,,TAKEN_OUT
TBET,PU1,unknown,Fake,6,,,TAKEN_OUT
TBET,EOMES,unknown,Fake,6,,,TAKEN_OUT
TBET,CD8,unknown,Fake,6,,,TAKEN_OUT
TBET,NFKB,unknown,Fake,6,,,TAKEN_OUT
TBET,STAT6,unknown,Fake,6,,,TAKEN_OUT
TBET,SMAD3,unknown,Fake,6,,,TAKEN_OUT
TBET,STAT1_2,unknown,Fake,6,,,TAKEN_OUT
TBET,STAT3,unknown,Fake,6,,,TAKEN_OUT
TBET,IL25,unknown,Fake,6,,,TAKEN_OUT
TBET,IL9,unknown,Fake,6,,,TAKEN_OUT
TBET,TGFBR,unknown,Fake,6,,,TAKEN_OUT
TBET,IL5,unknown,Fake,6,,,TAKEN_OUT
TBET,IL1R,unknown,Fake,6,,,TAKEN_OUT
TBET,IL6,unknown,Fake,6,,,TAKEN_OUT
TBET,IL12RB1_2,unknown,Fake,6,,,TAKEN_OUT
TBET,RUNX3,unknown,Fake,6,,,TAKEN_OUT
TBET,IL17,unknown,Fake,6,,,TAKEN_OUT
TBET,IL4R,unknown,Fake,6,,,TAKEN_OUT
TBET,CD4,unknown,Fake,6,,,TAKEN_OUT
TBET,SMAD2,unknown,Fake,6,,,TAKEN_OUT
TBET,proliferation,unknown,Fake,6,,,TAKEN_OUT
TBET,NFAT,unknown,Fake,6,,,TAKEN_OUT
TBET,STAT5_2,unknown,Fake,6,,,TAKEN_OUT
TBET,IRAK,unknown,Fake,6,,,TAKEN_OUT
TBET,IL2RA,unknown,Fake,6,,,TAKEN_OUT
TBET,IL13,unknown,Fake,6,,,TAKEN_OUT
TBET,IL31,unknown,Fake,6,,,TAKEN_OUT
TBET,PRF1,unknown,Fake,6,,,TAKEN_OUT
TBET,ST2,unknown,Fake,6,,,TAKEN_OUT
TBET,GZMB,unknown,Fake,6,,,TAKEN_OUT
TBET,SOCS1,unknown,Fake,6,,,TAKEN_OUT
TBET,STAT5,unknown,Fake,6,,,TAKEN_OUT
TBET,TGFB,unknown,Fake,6,,,TAKEN_OUT
TBET,IL4R_2,unknown,Fake,6,,,TAKEN_OUT
TBET,IL2R_2,unknown,Fake,6,,,TAKEN_OUT
TBET,IL3,unknown,Fake,6,,,TAKEN_OUT
TBET,IL24,unknown,Fake,6,,,TAKEN_OUT
TBET,IL10,unknown,Fake,6,,,TAKEN_OUT
TBET,IL6R,unknown,Fake,6,,,TAKEN_OUT
TBET,IL35,unknown,Fake,6,,,TAKEN_OUT
TBET,IL25R,unknown,Fake,6,,,TAKEN_OUT
TBET,IL2R,unknown,Fake,6,,,TAKEN_OUT
TBET,CMAF,unknown,Fake,6,,,TAKEN_OUT
TBET,IL1R1,unknown,Fake,6,,,TAKEN_OUT
TBET,IL10R,unknown,Fake,6,,,TAKEN_OUT
IL33R,IL21R,unknown,Fake,6,,,TAKEN_OUT
IL33R,IL12R,unknown,Fake,6,,,TAKEN_OUT
IL33R,IL18R,unknown,Fake,6,,,TAKEN_OUT
IL33R,IL12RB2,unknown,Fake,6,,,TAKEN_OUT
IL33R,JAK1,unknown,Fake,6,,,TAKEN_OUT
IL33R,IL21,unknown,Fake,6,,,TAKEN_OUT
IL33R,IL23,unknown,Fake,6,,,TAKEN_OUT
IL33R,TBET,unknown,Fake,6,,,TAKEN_OUT
IL33R,THPOK,unknown,Fake,6,,,TAKEN_OUT
IL33R,IL4RA_2,unknown,Fake,6,,,TAKEN_OUT
IL33R,STAT1,unknown,Fake,6,,,TAKEN_OUT
IL33R,IL33R,unknown,Fake,6,,,TAKEN_OUT
IL33R,IL22,unknown,Fake,6,,,TAKEN_OUT
IL33R,IFNGR_2,unknown,Fake,6,,,TAKEN_OUT
IL33R,IRF1,unknown,Fake,6,,,TAKEN_OUT
IL33R,STAT4,unknown,Fake,6,,,TAKEN_OUT
IL33R,IFNGR,unknown,Fake,6,,,TAKEN_OUT
IL33R,PU1,unknown,Fake,6,,,TAKEN_OUT
IL33R,EOMES,unknown,Fake,6,,,TAKEN_OUT
IL33R,CD8,unknown,Fake,6,,,TAKEN_OUT
IL33R,TBET_2,unknown,Fake,6,,,TAKEN_OUT
IL33R,NFKB,unknown,Fake,6,,,TAKEN_OUT
IL33R,STAT6,unknown,Fake,6,,,TAKEN_OUT
IL33R,SMAD3,unknown,Fake,6,,,TAKEN_OUT
IL33R,STAT1_2,unknown,Fake,6,,,TAKEN_OUT
IL33R,IL4,unknown,Fake,6,,,TAKEN_OUT
IL33R,STAT3,unknown,Fake,6,,,TAKEN_OUT
IL33R,IL25,unknown,Fake,6,,,TAKEN_OUT
IL33R,TGFBR,unknown,Fake,6,,,TAKEN_OUT
IL33R,IL1R,unknown,Fake,6,,,TAKEN_OUT
IL33R,IL6,unknown,Fake,6,,,TAKEN_OUT
IL33R,IL12RB1_2,unknown,Fake,6,,,TAKEN_OUT
IL33R,RUNX3,unknown,Fake,6,,,TAKEN_OUT
IL33R,IL17,unknown,Fake,6,,,TAKEN_OUT
IL33R,IL4R,unknown,Fake,6,,,TAKEN_OUT
IL33R,CD4,unknown,Fake,6,,,TAKEN_OUT
IL33R,SMAD2,unknown,Fake,6,,,TAKEN_OUT
IL33R,proliferation,unknown,Fake,6,,,TAKEN_OUT
IL33R,NFAT,unknown,Fake,6,,,TAKEN_OUT
IL33R,STAT5_2,unknown,Fake,6,,,TAKEN_OUT
IL33R,IRAK,unknown,Fake,6,,,TAKEN_OUT
IL33R,IL2,unknown,Fake,6,,,TAKEN_OUT
IL33R,IL2RA,unknown,Fake,6,,,TAKEN_OUT
IL33R,FOXP3,unknown,Fake,6,,,TAKEN_OUT
IL33R,IL31,unknown,Fake,6,,,TAKEN_OUT
IL33R,PRF1,unknown,Fake,6,,,TAKEN_OUT
IL33R,ST2,unknown,Fake,6,,,TAKEN_OUT
IL33R,GZMB,unknown,Fake,6,,,TAKEN_OUT
IL33R,SOCS1,unknown,Fake,6,,,TAKEN_OUT
IL33R,STAT5,unknown,Fake,6,,,TAKEN_OUT
IL33R,TGFB,unknown,Fake,6,,,TAKEN_OUT
IL33R,IL4R_2,unknown,Fake,6,,,TAKEN_OUT
IL33R,IL2R_2,unknown,Fake,6,,,TAKEN_OUT
IL33R,IL3,unknown,Fake,6,,,TAKEN_OUT
IL33R,IL24,unknown,Fake,6,,,TAKEN_OUT
IL33R,IFNG_2,unknown,Fake,6,,,TAKEN_OUT
IL33R,GATA3,unknown,Fake,6,,,TAKEN_OUT
IL33R,RORGT,unknown,Fake,6,,,TAKEN_OUT
IL33R,IL10,unknown,Fake,6,,,TAKEN_OUT
IL33R,IL23R,unknown,Fake,6,,,TAKEN_OUT
IL33R,BCL6,unknown,Fake,6,,,TAKEN_OUT
IL33R,IL6R,unknown,Fake,6,,,TAKEN_OUT
IL33R,IL35,unknown,Fake,6,,,TAKEN_OUT
IL33R,IL25R,unknown,Fake,6,,,TAKEN_OUT
IL33R,IL2R,unknown,Fake,6,,,TAKEN_OUT
IL33R,CMAF,unknown,Fake,6,,,TAKEN_OUT
IL33R,IFNG,unknown,Fake,6,,,TAKEN_OUT
IL33R,IL1R1,unknown,Fake,6,,,TAKEN_OUT
IL33R,IL10R,unknown,Fake,6,,,TAKEN_OUT
IFNGR_2,IL21R,unknown,Fake,6,,,TAKEN_OUT
IFNGR_2,IL12R,unknown,Fake,6,,,TAKEN_OUT
IFNGR_2,IL18R,unknown,Fake,6,,,TAKEN_OUT
IFNGR_2,IL12RB2,unknown,Fake,6,,,TAKEN_OUT
IFNGR_2,IL21,unknown,Fake,6,,,TAKEN_OUT
IFNGR_2,IL23,unknown,Fake,6,,,TAKEN_OUT
IFNGR_2,TBET,unknown,Fake,6,,,TAKEN_OUT
IFNGR_2,THPOK,unknown,Fake,6,,,TAKEN_OUT
IFNGR_2,IL4RA_2,unknown,Fake,6,,,TAKEN_OUT
IFNGR_2,IL33R,unknown,Fake,6,,,TAKEN_OUT
IFNGR_2,IL22,unknown,Fake,6,,,TAKEN_OUT
IFNGR_2,IFNGR_2,unknown,Fake,6,,,TAKEN_OUT
IFNGR_2,IRF1,unknown,Fake,6,,,TAKEN_OUT
IFNGR_2,STAT4,unknown,Fake,6,,,TAKEN_OUT
IFNGR_2,IFNGR,unknown,Fake,6,,,TAKEN_OUT
IFNGR_2,PU1,unknown,Fake,6,,,TAKEN_OUT
IFNGR_2,EOMES,unknown,Fake,6,,,TAKEN_OUT
IFNGR_2,CD8,unknown,Fake,6,,,TAKEN_OUT
IFNGR_2,TBET_2,unknown,Fake,6,,,TAKEN_OUT
IFNGR_2,NFKB,unknown,Fake,6,,,TAKEN_OUT
IFNGR_2,STAT6,unknown,Fake,6,,,TAKEN_OUT
IFNGR_2,SMAD3,unknown,Fake,6,,,TAKEN_OUT
IFNGR_2,IL4,unknown,Fake,6,,,TAKEN_OUT
IFNGR_2,STAT3,unknown,Fake,6,,,TAKEN_OUT
IFNGR_2,IL25,unknown,Fake,6,,,TAKEN_OUT
IFNGR_2,IL9,unknown,Fake,6,,,TAKEN_OUT
IFNGR_2,TGFBR,unknown,Fake,6,,,TAKEN_OUT
IFNGR_2,IL5,unknown,Fake,6,,,TAKEN_OUT
IFNGR_2,IL1R,unknown,Fake,6,,,TAKEN_OUT
IFNGR_2,IL6,unknown,Fake,6,,,TAKEN_OUT
IFNGR_2,IL12RB1_2,unknown,Fake,6,,,TAKEN_OUT
IFNGR_2,RUNX3,unknown,Fake,6,,,TAKEN_OUT
IFNGR_2,IL17,unknown,Fake,6,,,TAKEN_OUT
IFNGR_2,IL4R,unknown,Fake,6,,,TAKEN_OUT
IFNGR_2,CD4,unknown,Fake,6,,,TAKEN_OUT
IFNGR_2,SMAD2,unknown,Fake,6,,,TAKEN_OUT
IFNGR_2,proliferation,unknown,Fake,6,,,TAKEN_OUT
IFNGR_2,NFAT,unknown,Fake,6,,,TAKEN_OUT
IFNGR_2,STAT5_2,unknown,Fake,6,,,TAKEN_OUT
IFNGR_2,IRAK,unknown,Fake,6,,,TAKEN_OUT
IFNGR_2,IL2,unknown,Fake,6,,,TAKEN_OUT
IFNGR_2,IL2RA,unknown,Fake,6,,,TAKEN_OUT
IFNGR_2,IL13,unknown,Fake,6,,,TAKEN_OUT
IFNGR_2,FOXP3,unknown,Fake,6,,,TAKEN_OUT
IFNGR_2,IL31,unknown,Fake,6,,,TAKEN_OUT
IFNGR_2,PRF1,unknown,Fake,6,,,TAKEN_OUT
IFNGR_2,ST2,unknown,Fake,6,,,TAKEN_OUT
IFNGR_2,GZMB,unknown,Fake,6,,,TAKEN_OUT
IFNGR_2,SOCS1,unknown,Fake,6,,,TAKEN_OUT
IFNGR_2,STAT5,unknown,Fake,6,,,TAKEN_OUT
IFNGR_2,TGFB,unknown,Fake,6,,,TAKEN_OUT
IFNGR_2,IL4R_2,unknown,Fake,6,,,TAKEN_OUT
IFNGR_2,IL2R_2,unknown,Fake,6,,,TAKEN_OUT
IFNGR_2,IL3,unknown,Fake,6,,,TAKEN_OUT
IFNGR_2,IL24,unknown,Fake,6,,,TAKEN_OUT
IFNGR_2,IFNG_2,unknown,Fake,6,,,TAKEN_OUT
IFNGR_2,GATA3,unknown,Fake,6,,,TAKEN_OUT
IFNGR_2,RORGT,unknown,Fake,6,,,TAKEN_OUT
IFNGR_2,IL10,unknown,Fake,6,,,TAKEN_OUT
IFNGR_2,IL23R,unknown,Fake,6,,,TAKEN_OUT
IFNGR_2,BCL6,unknown,Fake,6,,,TAKEN_OUT
IFNGR_2,IL6R,unknown,Fake,6,,,TAKEN_OUT
IFNGR_2,IL35,unknown,Fake,6,,,TAKEN_OUT
IFNGR_2,IL25R,unknown,Fake,6,,,TAKEN_OUT
IFNGR_2,IL2R,unknown,Fake,6,,,TAKEN_OUT
IFNGR_2,CMAF,unknown,Fake,6,,,TAKEN_OUT
IFNGR_2,IFNG,unknown,Fake,6,,,TAKEN_OUT
IFNGR_2,IL1R1,unknown,Fake,6,,,TAKEN_OUT
IFNGR_2,IL10R,unknown,Fake,6,,,TAKEN_OUT
STAT4,IL21R,unknown,Fake,6,,,TAKEN_OUT
STAT4,IL12R,unknown,Fake,6,,,TAKEN_OUT
STAT4,IL12RB2,unknown,Fake,6,,,TAKEN_OUT
STAT4,JAK1,unknown,Fake,6,,,TAKEN_OUT
STAT4,IL23,unknown,Fake,6,,,TAKEN_OUT
STAT4,THPOK,unknown,Fake,6,,,TAKEN_OUT
STAT4,IL4RA_2,unknown,Fake,6,,,TAKEN_OUT
STAT4,STAT1,unknown,Fake,6,,,TAKEN_OUT
STAT4,IL33R,unknown,Fake,6,,,TAKEN_OUT
STAT4,IL22,unknown,Fake,6,,,TAKEN_OUT
STAT4,IFNGR_2,unknown,Fake,6,,,TAKEN_OUT
STAT4,IRF1,unknown,Fake,6,,,TAKEN_OUT
STAT4,STAT4,unknown,Fake,6,,,TAKEN_OUT
STAT4,IFNGR,unknown,Fake,6,,,TAKEN_OUT
STAT4,PU1,unknown,Fake,6,,,TAKEN_OUT
STAT4,EOMES,unknown,Fake,6,,,TAKEN_OUT
STAT4,CD8,unknown,Fake,6,,,TAKEN_OUT
STAT4,NFKB,unknown,Fake,6,,,TAKEN_OUT
STAT4,STAT6,unknown,Fake,6,,,TAKEN_OUT
STAT4,SMAD3,unknown,Fake,6,,,TAKEN_OUT
STAT4,STAT1_2,unknown,Fake,6,,,TAKEN_OUT
STAT4,IL4,unknown,Fake,6,,,TAKEN_OUT
STAT4,STAT3,unknown,Fake,6,,,TAKEN_OUT
STAT4,IL25,unknown,Fake,6,,,TAKEN_OUT
STAT4,IL9,unknown,Fake,6,,,TAKEN_OUT
STAT4,TGFBR,unknown,Fake,6,,,TAKEN_OUT
STAT4,IL5,unknown,Fake,6,,,TAKEN_OUT
STAT4,IL1R,unknown,Fake,6,,,TAKEN_OUT
STAT4,IL6,unknown,Fake,6,,,TAKEN_OUT
STAT4,IL12RB1_2,unknown,Fake,6,,,TAKEN_OUT
STAT4,RUNX3,unknown,Fake,6,,,TAKEN_OUT
STAT4,IL17,unknown,Fake,6,,,TAKEN_OUT
STAT4,IL4R,unknown,Fake,6,,,TAKEN_OUT
STAT4,CD4,unknown,Fake,6,,,TAKEN_OUT
STAT4,SMAD2,unknown,Fake,6,,,TAKEN_OUT
STAT4,proliferation,unknown,Fake,6,,,TAKEN_OUT
STAT4,NFAT,unknown,Fake,6,,,TAKEN_OUT
STAT4,STAT5_2,unknown,Fake,6,,,TAKEN_OUT
STAT4,IRAK,unknown,Fake,6,,,TAKEN_OUT
STAT4,IL2,unknown,Fake,6,,,TAKEN_OUT
STAT4,IL2RA,unknown,Fake,6,,,TAKEN_OUT
STAT4,IL13,unknown,Fake,6,,,TAKEN_OUT
STAT4,FOXP3,unknown,Fake,6,,,TAKEN_OUT
STAT4,IL31,unknown,Fake,6,,,TAKEN_OUT
STAT4,PRF1,unknown,Fake,6,,,TAKEN_OUT
STAT4,ST2,unknown,Fake,6,,,TAKEN_OUT
STAT4,GZMB,unknown,Fake,6,,,TAKEN_OUT
STAT4,SOCS1,unknown,Fake,6,,,TAKEN_OUT
STAT4,STAT5,unknown,Fake,6,,,TAKEN_OUT
STAT4,TGFB,unknown,Fake,6,,,TAKEN_OUT
STAT4,IL4R_2,unknown,Fake,6,,,TAKEN_OUT
STAT4,IL2R_2,unknown,Fake,6,,,TAKEN_OUT
STAT4,IL3,unknown,Fake,6,,,TAKEN_OUT
STAT4,IL24,unknown,Fake,6,,,TAKEN_OUT
STAT4,GATA3,unknown,Fake,6,,,TAKEN_OUT
STAT4,RORGT,unknown,Fake,6,,,TAKEN_OUT
STAT4,IL10,unknown,Fake,6,,,TAKEN_OUT
STAT4,IL23R,unknown,Fake,6,,,TAKEN_OUT
STAT4,IL6R,unknown,Fake,6,,,TAKEN_OUT
STAT4,IL35,unknown,Fake,6,,,TAKEN_OUT
STAT4,IL25R,unknown,Fake,6,,,TAKEN_OUT
STAT4,IL2R,unknown,Fake,6,,,TAKEN_OUT
STAT4,CMAF,unknown,Fake,6,,,TAKEN_OUT
STAT4,IL1R1,unknown,Fake,6,,,TAKEN_OUT
STAT4,IL10R,unknown,Fake,6,,,TAKEN_OUT
IFNGR,IL21R,unknown,Fake,6,,,TAKEN_OUT
IFNGR,IL12R,unknown,Fake,6,,,TAKEN_OUT
IFNGR,IL18R,unknown,Fake,6,,,TAKEN_OUT
IFNGR,IL12RB2,unknown,Fake,6,,,TAKEN_OUT
IFNGR,IL21,unknown,Fake,6,,,TAKEN_OUT
IFNGR,IL23,unknown,Fake,6,,,TAKEN_OUT
IFNGR,TBET,unknown,Fake,6,,,TAKEN_OUT
IFNGR,THPOK,unknown,Fake,6,,,TAKEN_OUT
IFNGR,IL4RA_2,unknown,Fake,6,,,TAKEN_OUT
IFNGR,IL33R,unknown,Fake,6,,,TAKEN_OUT
IFNGR,IL22,unknown,Fake,6,,,TAKEN_OUT
IFNGR,IRF1,unknown,Fake,6,,,TAKEN_OUT
IFNGR,STAT4,unknown,Fake,6,,,TAKEN_OUT
IFNGR,IFNGR,unknown,Fake,6,,,TAKEN_OUT
IFNGR,PU1,unknown,Fake,6,,,TAKEN_OUT
IFNGR,EOMES,unknown,Fake,6,,,TAKEN_OUT
IFNGR,CD8,unknown,Fake,6,,,TAKEN_OUT
IFNGR,TBET_2,unknown,Fake,6,,,TAKEN_OUT
IFNGR,NFKB,unknown,Fake,6,,,TAKEN_OUT
IFNGR,STAT6,unknown,Fake,6,,,TAKEN_OUT
IFNGR,SMAD3,unknown,Fake,6,,,TAKEN_OUT
IFNGR,IL4,unknown,Fake,6,,,TAKEN_OUT
IFNGR,STAT3,unknown,Fake,6,,,TAKEN_OUT
IFNGR,IL25,unknown,Fake,6,,,TAKEN_OUT
IFNGR,IL9,unknown,Fake,6,,,TAKEN_OUT
IFNGR,TGFBR,unknown,Fake,6,,,TAKEN_OUT
IFNGR,IL5,unknown,Fake,6,,,TAKEN_OUT
IFNGR,IL1R,unknown,Fake,6,,,TAKEN_OUT
IFNGR,IL6,unknown,Fake,6,,,TAKEN_OUT
IFNGR,IL12RB1_2,unknown,Fake,6,,,TAKEN_OUT
IFNGR,RUNX3,unknown,Fake,6,,,TAKEN_OUT
IFNGR,IL17,unknown,Fake,6,,,TAKEN_OUT
IFNGR,IL4R,unknown,Fake,6,,,TAKEN_OUT
IFNGR,CD4,unknown,Fake,6,,,TAKEN_OUT
IFNGR,SMAD2,unknown,Fake,6,,,TAKEN_OUT
IFNGR,proliferation,unknown,Fake,6,,,TAKEN_OUT
IFNGR,NFAT,unknown,Fake,6,,,TAKEN_OUT
IFNGR,STAT5_2,unknown,Fake,6,,,TAKEN_OUT
IFNGR,IRAK,unknown,Fake,6,,,TAKEN_OUT
IFNGR,IL2,unknown,Fake,6,,,TAKEN_OUT
IFNGR,IL2RA,unknown,Fake,6,,,TAKEN_OUT
IFNGR,IL13,unknown,Fake,6,,,TAKEN_OUT
IFNGR,FOXP3,unknown,Fake,6,,,TAKEN_OUT
IFNGR,IL31,unknown,Fake,6,,,TAKEN_OUT
IFNGR,PRF1,unknown,Fake,6,,,TAKEN_OUT
IFNGR,ST2,unknown,Fake,6,,,TAKEN_OUT
IFNGR,GZMB,unknown,Fake,6,,,TAKEN_OUT
IFNGR,SOCS1,unknown,Fake,6,,,TAKEN_OUT
IFNGR,STAT5,unknown,Fake,6,,,TAKEN_OUT
IFNGR,TGFB,unknown,Fake,6,,,TAKEN_OUT
IFNGR,IL4R_2,unknown,Fake,6,,,TAKEN_OUT
IFNGR,IL2R_2,unknown,Fake,6,,,TAKEN_OUT
IFNGR,IL3,unknown,Fake,6,,,TAKEN_OUT
IFNGR,IL24,unknown,Fake,6,,,TAKEN_OUT
IFNGR,IFNG_2,unknown,Fake,6,,,TAKEN_OUT
IFNGR,GATA3,unknown,Fake,6,,,TAKEN_OUT
IFNGR,RORGT,unknown,Fake,6,,,TAKEN_OUT
IFNGR,IL10,unknown,Fake,6,,,TAKEN_OUT
IFNGR,IL23R,unknown,Fake,6,,,TAKEN_OUT
IFNGR,BCL6,unknown,Fake,6,,,TAKEN_OUT
IFNGR,IL6R,unknown,Fake,6,,,TAKEN_OUT
IFNGR,IL35,unknown,Fake,6,,,TAKEN_OUT
IFNGR,IL25R,unknown,Fake,6,,,TAKEN_OUT
IFNGR,IL2R,unknown,Fake,6,,,TAKEN_OUT
IFNGR,CMAF,unknown,Fake,6,,,TAKEN_OUT
IFNGR,IFNG,unknown,Fake,6,,,TAKEN_OUT
IFNGR,IL1R1,unknown,Fake,6,,,TAKEN_OUT
IFNGR,IL10R,unknown,Fake,6,,,TAKEN_OUT
TCR,IL21R,unknown,Fake,6,,,TAKEN_OUT
TCR,IL12R,unknown,Fake,6,,,TAKEN_OUT
TCR,IL18R,unknown,Fake,6,,,TAKEN_OUT
TCR,IL12RB2,unknown,Fake,6,,,TAKEN_OUT
TCR,JAK1,unknown,Fake,6,,,TAKEN_OUT
TCR,IL21,unknown,Fake,6,,,TAKEN_OUT
TCR,IL23,unknown,Fake,6,,,TAKEN_OUT
TCR,TBET,unknown,Fake,6,,,TAKEN_OUT
TCR,THPOK,unknown,Fake,6,,,TAKEN_OUT
TCR,IL4RA_2,unknown,Fake,6,,,TAKEN_OUT
TCR,STAT1,unknown,Fake,6,,,TAKEN_OUT
TCR,IL33R,unknown,Fake,6,,,TAKEN_OUT
TCR,IL22,unknown,Fake,6,,,TAKEN_OUT
TCR,IFNGR_2,unknown,Fake,6,,,TAKEN_OUT
TCR,IRF1,unknown,Fake,6,,,TAKEN_OUT
TCR,STAT4,unknown,Fake,6,,,TAKEN_OUT
TCR,IFNGR,unknown,Fake,6,,,TAKEN_OUT
TCR,PU1,unknown,Fake,6,,,TAKEN_OUT
TCR,EOMES,unknown,Fake,6,,,TAKEN_OUT
TCR,CD8,unknown,Fake,6,,,TAKEN_OUT
TCR,TBET_2,unknown,Fake,6,,,TAKEN_OUT
TCR,NFKB,unknown,Fake,6,,,TAKEN_OUT
TCR,STAT6,unknown,Fake,6,,,TAKEN_OUT
TCR,SMAD3,unknown,Fake,6,,,TAKEN_OUT
TCR,STAT1_2,unknown,Fake,6,,,TAKEN_OUT
TCR,IL4,unknown,Fake,6,,,TAKEN_OUT
TCR,STAT3,unknown,Fake,6,,,TAKEN_OUT
TCR,IL25,unknown,Fake,6,,,TAKEN_OUT
TCR,IL9,unknown,Fake,6,,,TAKEN_OUT
TCR,TGFBR,unknown,Fake,6,,,TAKEN_OUT
TCR,IL5,unknown,Fake,6,,,TAKEN_OUT
TCR,IL1R,unknown,Fake,6,,,TAKEN_OUT
TCR,IL6,unknown,Fake,6,,,TAKEN_OUT
TCR,IL12RB1_2,unknown,Fake,6,,,TAKEN_OUT
TCR,RUNX3,unknown,Fake,6,,,TAKEN_OUT
TCR,IL17,unknown,Fake,6,,,TAKEN_OUT
TCR,IL4R,unknown,Fake,6,,,TAKEN_OUT
TCR,CD4,unknown,Fake,6,,,TAKEN_OUT
TCR,SMAD2,unknown,Fake,6,,,TAKEN_OUT
TCR,proliferation,unknown,Fake,6,,,TAKEN_OUT
TCR,STAT5_2,unknown,Fake,6,,,TAKEN_OUT
TCR,IRAK,unknown,Fake,6,,,TAKEN_OUT
TCR,IL2,unknown,Fake,6,,,TAKEN_OUT
TCR,IL2RA,unknown,Fake,6,,,TAKEN_OUT
TCR,IL13,unknown,Fake,6,,,TAKEN_OUT
TCR,FOXP3,unknown,Fake,6,,,TAKEN_OUT
TCR,IL31,unknown,Fake,6,,,TAKEN_OUT
TCR,PRF1,unknown,Fake,6,,,TAKEN_OUT
TCR,ST2,unknown,Fake,6,,,TAKEN_OUT
TCR,GZMB,unknown,Fake,6,,,TAKEN_OUT
TCR,SOCS1,unknown,Fake,6,,,TAKEN_OUT
TCR,STAT5,unknown,Fake,6,,,TAKEN_OUT
TCR,TGFB,unknown,Fake,6,,,TAKEN_OUT
TCR,IL4R_2,unknown,Fake,6,,,TAKEN_OUT
TCR,IL2R_2,unknown,Fake,6,,,TAKEN_OUT
TCR,IL3,unknown,Fake,6,,,TAKEN_OUT
TCR,IL24,unknown,Fake,6,,,TAKEN_OUT
TCR,IFNG_2,unknown,Fake,6,,,TAKEN_OUT
TCR,GATA3,unknown,Fake,6,,,TAKEN_OUT
TCR,RORGT,unknown,Fake,6,,,TAKEN_OUT
TCR,IL10,unknown,Fake,6,,,TAKEN_OUT
TCR,IL23R,unknown,Fake,6,,,TAKEN_OUT
TCR,BCL6,unknown,Fake,6,,,TAKEN_OUT
TCR,IL6R,unknown,Fake,6,,,TAKEN_OUT
TCR,IL35,unknown,Fake,6,,,TAKEN_OUT
TCR,IL25R,unknown,Fake,6,,,TAKEN_OUT
TCR,IL2R,unknown,Fake,6,,,TAKEN_OUT
TCR,CMAF,unknown,Fake,6,,,TAKEN_OUT
TCR,IFNG,unknown,Fake,6,,,TAKEN_OUT
TCR,IL1R1,unknown,Fake,6,,,TAKEN_OUT
TCR,IL10R,unknown,Fake,6,,,TAKEN_OUT
EOMES,IL21R,unknown,Fake,6,,,TAKEN_OUT
EOMES,IL12R,unknown,Fake,6,,,TAKEN_OUT
EOMES,IL18R,unknown,Fake,6,,,TAKEN_OUT
EOMES,IL12RB2,unknown,Fake,6,,,TAKEN_OUT
EOMES,JAK1,unknown,Fake,6,,,TAKEN_OUT
EOMES,IL21,unknown,Fake,6,,,TAKEN_OUT
EOMES,IL23,unknown,Fake,6,,,TAKEN_OUT
EOMES,TBET,unknown,Fake,6,,,TAKEN_OUT
EOMES,THPOK,unknown,Fake,6,,,TAKEN_OUT
EOMES,IL4RA_2,unknown,Fake,6,,,TAKEN_OUT
EOMES,STAT1,unknown,Fake,6,,,TAKEN_OUT
EOMES,IL33R,unknown,Fake,6,,,TAKEN_OUT
EOMES,IL22,unknown,Fake,6,,,TAKEN_OUT
EOMES,IFNGR_2,unknown,Fake,6,,,TAKEN_OUT
EOMES,IRF1,unknown,Fake,6,,,TAKEN_OUT
EOMES,STAT4,unknown,Fake,6,,,TAKEN_OUT
EOMES,IFNGR,unknown,Fake,6,,,TAKEN_OUT
EOMES,PU1,unknown,Fake,6,,,TAKEN_OUT
EOMES,EOMES,unknown,Fake,6,,,TAKEN_OUT
EOMES,CD8,unknown,Fake,6,,,TAKEN_OUT
EOMES,TBET_2,unknown,Fake,6,,,TAKEN_OUT
EOMES,NFKB,unknown,Fake,6,,,TAKEN_OUT
EOMES,STAT6,unknown,Fake,6,,,TAKEN_OUT
EOMES,SMAD3,unknown,Fake,6,,,TAKEN_OUT
EOMES,STAT1_2,unknown,Fake,6,,,TAKEN_OUT
EOMES,IL4,unknown,Fake,6,,,TAKEN_OUT
EOMES,STAT3,unknown,Fake,6,,,TAKEN_OUT
EOMES,IL25,unknown,Fake,6,,,TAKEN_OUT
EOMES,IL9,unknown,Fake,6,,,TAKEN_OUT
EOMES,TGFBR,unknown,Fake,6,,,TAKEN_OUT
EOMES,IL5,unknown,Fake,6,,,TAKEN_OUT
EOMES,IL1R,unknown,Fake,6,,,TAKEN_OUT
EOMES,IL6,unknown,Fake,6,,,TAKEN_OUT
EOMES,IL12RB1_2,unknown,Fake,6,,,TAKEN_OUT
EOMES,RUNX3,unknown,Fake,6,,,TAKEN_OUT
EOMES,IL17,unknown,Fake,6,,,TAKEN_OUT
EOMES,IL4R,unknown,Fake,6,,,TAKEN_OUT
EOMES,CD4,unknown,Fake,6,,,TAKEN_OUT
EOMES,SMAD2,unknown,Fake,6,,,TAKEN_OUT
EOMES,proliferation,unknown,Fake,6,,,TAKEN_OUT
EOMES,NFAT,unknown,Fake,6,,,TAKEN_OUT
EOMES,STAT5_2,unknown,Fake,6,,,TAKEN_OUT
EOMES,IRAK,unknown,Fake,6,,,TAKEN_OUT
EOMES,IL2,unknown,Fake,6,,,TAKEN_OUT
EOMES,IL2RA,unknown,Fake,6,,,TAKEN_OUT
EOMES,IL13,unknown,Fake,6,,,TAKEN_OUT
EOMES,FOXP3,unknown,Fake,6,,,TAKEN_OUT
EOMES,IL31,unknown,Fake,6,,,TAKEN_OUT
EOMES,ST2,unknown,Fake,6,,,TAKEN_OUT
EOMES,SOCS1,unknown,Fake,6,,,TAKEN_OUT
EOMES,STAT5,unknown,Fake,6,,,TAKEN_OUT
EOMES,TGFB,unknown,Fake,6,,,TAKEN_OUT
EOMES,IL4R_2,unknown,Fake,6,,,TAKEN_OUT
EOMES,IL2R_2,unknown,Fake,6,,,TAKEN_OUT
EOMES,IL3,unknown,Fake,6,,,TAKEN_OUT
EOMES,IL24,unknown,Fake,6,,,TAKEN_OUT
EOMES,GATA3,unknown,Fake,6,,,TAKEN_OUT
EOMES,RORGT,unknown,Fake,6,,,TAKEN_OUT
EOMES,IL10,unknown,Fake,6,,,TAKEN_OUT
EOMES,IL23R,unknown,Fake,6,,,TAKEN_OUT
EOMES,BCL6,unknown,Fake,6,,,TAKEN_OUT
EOMES,IL6R,unknown,Fake,6,,,TAKEN_OUT
EOMES,IL35,unknown,Fake,6,,,TAKEN_OUT
EOMES,IL25R,unknown,Fake,6,,,TAKEN_OUT
EOMES,IL2R,unknown,Fake,6,,,TAKEN_OUT
EOMES,CMAF,unknown,Fake,6,,,TAKEN_OUT
EOMES,IL1R1,unknown,Fake,6,,,TAKEN_OUT
EOMES,IL10R,unknown,Fake,6,,,TAKEN_OUT
CD8,IL21R,unknown,Fake,6,,,TAKEN_OUT
CD8,IL12R,unknown,Fake,6,,,TAKEN_OUT
CD8,IL18R,unknown,Fake,6,,,TAKEN_OUT
CD8,IL12RB2,unknown,Fake,6,,,TAKEN_OUT
CD8,JAK1,unknown,Fake,6,,,TAKEN_OUT
CD8,IL21,unknown,Fake,6,,,TAKEN_OUT
CD8,IL23,unknown,Fake,6,,,TAKEN_OUT
CD8,TBET,unknown,Fake,6,,,TAKEN_OUT
CD8,THPOK,unknown,Fake,6,,,TAKEN_OUT
CD8,IL4RA_2,unknown,Fake,6,,,TAKEN_OUT
CD8,STAT1,unknown,Fake,6,,,TAKEN_OUT
CD8,IL33R,unknown,Fake,6,,,TAKEN_OUT
CD8,IL22,unknown,Fake,6,,,TAKEN_OUT
CD8,IFNGR_2,unknown,Fake,6,,,TAKEN_OUT
CD8,IRF1,unknown,Fake,6,,,TAKEN_OUT
CD8,STAT4,unknown,Fake,6,,,TAKEN_OUT
CD8,IFNGR,unknown,Fake,6,,,TAKEN_OUT
CD8,PU1,unknown,Fake,6,,,TAKEN_OUT
CD8,EOMES,unknown,Fake,6,,,TAKEN_OUT
CD8,CD8,unknown,Fake,6,,,TAKEN_OUT
CD8,TBET_2,unknown,Fake,6,,,TAKEN_OUT
CD8,NFKB,unknown,Fake,6,,,TAKEN_OUT
CD8,STAT6,unknown,Fake,6,,,TAKEN_OUT
CD8,SMAD3,unknown,Fake,6,,,TAKEN_OUT
CD8,STAT1_2,unknown,Fake,6,,,TAKEN_OUT
CD8,IL4,unknown,Fake,6,,,TAKEN_OUT
CD8,STAT3,unknown,Fake,6,,,TAKEN_OUT
CD8,IL25,unknown,Fake,6,,,TAKEN_OUT
CD8,IL9,unknown,Fake,6,,,TAKEN_OUT
CD8,TGFBR,unknown,Fake,6,,,TAKEN_OUT
CD8,IL5,unknown,Fake,6,,,TAKEN_OUT
CD8,IL1R,unknown,Fake,6,,,TAKEN_OUT
CD8,IL6,unknown,Fake,6,,,TAKEN_OUT
CD8,IL12RB1_2,unknown,Fake,6,,,TAKEN_OUT
CD8,IL17,unknown,Fake,6,,,TAKEN_OUT
CD8,IL4R,unknown,Fake,6,,,TAKEN_OUT
CD8,CD4,unknown,Fake,6,,,TAKEN_OUT
CD8,SMAD2,unknown,Fake,6,,,TAKEN_OUT
CD8,proliferation,unknown,Fake,6,,,TAKEN_OUT
CD8,NFAT,unknown,Fake,6,,,TAKEN_OUT
CD8,STAT5_2,unknown,Fake,6,,,TAKEN_OUT
CD8,IRAK,unknown,Fake,6,,,TAKEN_OUT
CD8,IL2,unknown,Fake,6,,,TAKEN_OUT
CD8,IL2RA,unknown,Fake,6,,,TAKEN_OUT
CD8,IL13,unknown,Fake,6,,,TAKEN_OUT
CD8,FOXP3,unknown,Fake,6,,,TAKEN_OUT
CD8,IL31,unknown,Fake,6,,,TAKEN_OUT
CD8,PRF1,unknown,Fake,6,,,TAKEN_OUT
CD8,ST2,unknown,Fake,6,,,TAKEN_OUT
CD8,GZMB,unknown,Fake,6,,,TAKEN_OUT
CD8,SOCS1,unknown,Fake,6,,,TAKEN_OUT
CD8,STAT5,unknown,Fake,6,,,TAKEN_OUT
CD8,TGFB,unknown,Fake,6,,,TAKEN_OUT
CD8,IL4R_2,unknown,Fake,6,,,TAKEN_OUT
CD8,IL2R_2,unknown,Fake,6,,,TAKEN_OUT
CD8,IL3,unknown,Fake,6,,,TAKEN_OUT
CD8,IL24,unknown,Fake,6,,,TAKEN_OUT
CD8,IFNG_2,unknown,Fake,6,,,TAKEN_OUT
CD8,GATA3,unknown,Fake,6,,,TAKEN_OUT
CD8,RORGT,unknown,Fake,6,,,TAKEN_OUT
CD8,IL10,unknown,Fake,6,,,TAKEN_OUT
CD8,IL23R,unknown,Fake,6,,,TAKEN_OUT
CD8,BCL6,unknown,Fake,6,,,TAKEN_OUT
CD8,IL6R,unknown,Fake,6,,,TAKEN_OUT
CD8,IL35,unknown,Fake,6,,,TAKEN_OUT
CD8,IL25R,unknown,Fake,6,,,TAKEN_OUT
CD8,IL2R,unknown,Fake,6,,,TAKEN_OUT
CD8,CMAF,unknown,Fake,6,,,TAKEN_OUT
CD8,IFNG,unknown,Fake,6,,,TAKEN_OUT
CD8,IL1R1,unknown,Fake,6,,,TAKEN_OUT
CD8,IL10R,unknown,Fake,6,,,TAKEN_OUT
IL1_e,IL21R,unknown,Fake,6,,,TAKEN_OUT
IL1_e,IL12R,unknown,Fake,6,,,TAKEN_OUT
IL1_e,IL18R,unknown,Fake,6,,,TAKEN_OUT
IL1_e,IL12RB2,unknown,Fake,6,,,TAKEN_OUT
IL1_e,JAK1,unknown,Fake,6,,,TAKEN_OUT
IL1_e,IL21,unknown,Fake,6,,,TAKEN_OUT
IL1_e,IL23,unknown,Fake,6,,,TAKEN_OUT
IL1_e,TBET,unknown,Fake,6,,,TAKEN_OUT
IL1_e,THPOK,unknown,Fake,6,,,TAKEN_OUT
IL1_e,IL4RA_2,unknown,Fake,6,,,TAKEN_OUT
IL1_e,STAT1,unknown,Fake,6,,,TAKEN_OUT
IL1_e,IL33R,unknown,Fake,6,,,TAKEN_OUT
IL1_e,IL22,unknown,Fake,6,,,TAKEN_OUT
IL1_e,IFNGR_2,unknown,Fake,6,,,TAKEN_OUT
IL1_e,IRF1,unknown,Fake,6,,,TAKEN_OUT
IL1_e,STAT4,unknown,Fake,6,,,TAKEN_OUT
IL1_e,IFNGR,unknown,Fake,6,,,TAKEN_OUT
IL1_e,PU1,unknown,Fake,6,,,TAKEN_OUT
IL1_e,EOMES,unknown,Fake,6,,,TAKEN_OUT
IL1_e,CD8,unknown,Fake,6,,,TAKEN_OUT
IL1_e,TBET_2,unknown,Fake,6,,,TAKEN_OUT
IL1_e,NFKB,unknown,Fake,6,,,TAKEN_OUT
IL1_e,STAT6,unknown,Fake,6,,,TAKEN_OUT
IL1_e,SMAD3,unknown,Fake,6,,,TAKEN_OUT
IL1_e,STAT1_2,unknown,Fake,6,,,TAKEN_OUT
IL1_e,IL4,unknown,Fake,6,,,TAKEN_OUT
IL1_e,STAT3,unknown,Fake,6,,,TAKEN_OUT
IL1_e,IL25,unknown,Fake,6,,,TAKEN_OUT
IL1_e,IL9,unknown,Fake,6,,,TAKEN_OUT
IL1_e,TGFBR,unknown,Fake,6,,,TAKEN_OUT
IL1_e,IL5,unknown,Fake,6,,,TAKEN_OUT
IL1_e,IL6,unknown,Fake,6,,,TAKEN_OUT
IL1_e,IL12RB1_2,unknown,Fake,6,,,TAKEN_OUT
IL1_e,RUNX3,unknown,Fake,6,,,TAKEN_OUT
IL1_e,IL17,unknown,Fake,6,,,TAKEN_OUT
IL1_e,IL4R,unknown,Fake,6,,,TAKEN_OUT
IL1_e,CD4,unknown,Fake,6,,,TAKEN_OUT
IL1_e,SMAD2,unknown,Fake,6,,,TAKEN_OUT
IL1_e,proliferation,unknown,Fake,6,,,TAKEN_OUT
IL1_e,NFAT,unknown,Fake,6,,,TAKEN_OUT
IL1_e,STAT5_2,unknown,Fake,6,,,TAKEN_OUT
IL1_e,IRAK,unknown,Fake,6,,,TAKEN_OUT
IL1_e,IL2,unknown,Fake,6,,,TAKEN_OUT
IL1_e,IL2RA,unknown,Fake,6,,,TAKEN_OUT
IL1_e,IL13,unknown,Fake,6,,,TAKEN_OUT
IL1_e,FOXP3,unknown,Fake,6,,,TAKEN_OUT
IL1_e,IL31,unknown,Fake,6,,,TAKEN_OUT
IL1_e,PRF1,unknown,Fake,6,,,TAKEN_OUT
IL1_e,ST2,unknown,Fake,6,,,TAKEN_OUT
IL1_e,GZMB,unknown,Fake,6,,,TAKEN_OUT
IL1_e,SOCS1,unknown,Fake,6,,,TAKEN_OUT
IL1_e,STAT5,unknown,Fake,6,,,TAKEN_OUT
IL1_e,TGFB,unknown,Fake,6,,,TAKEN_OUT
IL1_e,IL4R_2,unknown,Fake,6,,,TAKEN_OUT
IL1_e,IL2R_2,unknown,Fake,6,,,TAKEN_OUT
IL1_e,IL3,unknown,Fake,6,,,TAKEN_OUT
IL1_e,IL24,unknown,Fake,6,,,TAKEN_OUT
IL1_e,IFNG_2,unknown,Fake,6,,,TAKEN_OUT
IL1_e,GATA3,unknown,Fake,6,,,TAKEN_OUT
IL1_e,RORGT,unknown,Fake,6,,,TAKEN_OUT
IL1_e,IL10,unknown,Fake,6,,,TAKEN_OUT
IL1_e,IL23R,unknown,Fake,6,,,TAKEN_OUT
IL1_e,BCL6,unknown,Fake,6,,,TAKEN_OUT
IL1_e,IL6R,unknown,Fake,6,,,TAKEN_OUT
IL1_e,IL35,unknown,Fake,6,,,TAKEN_OUT
IL1_e,IL25R,unknown,Fake,6,,,TAKEN_OUT
IL1_e,IL2R,unknown,Fake,6,,,TAKEN_OUT
IL1_e,CMAF,unknown,Fake,6,,,TAKEN_OUT
IL1_e,IFNG,unknown,Fake,6,,,TAKEN_OUT
IL1_e,IL1R1,unknown,Fake,6,,,TAKEN_OUT
IL1_e,IL10R,unknown,Fake,6,,,TAKEN_OUT
IL27_e,IL21R,unknown,Fake,6,,,TAKEN_OUT
IL27_e,IL12R,unknown,Fake,6,,,TAKEN_OUT
IL27_e,IL18R,unknown,Fake,6,,,TAKEN_OUT
IL27_e,IL12RB2,unknown,Fake,6,,,TAKEN_OUT
IL27_e,JAK1,unknown,Fake,6,,,TAKEN_OUT
IL27_e,IL21,unknown,Fake,6,,,TAKEN_OUT
IL27_e,IL23,unknown,Fake,6,,,TAKEN_OUT
IL27_e,TBET,unknown,Fake,6,,,TAKEN_OUT
IL27_e,THPOK,unknown,Fake,6,,,TAKEN_OUT
IL27_e,IL4RA_2,unknown,Fake,6,,,TAKEN_OUT
IL27_e,STAT1,unknown,Fake,6,,,TAKEN_OUT
IL27_e,IL33R,unknown,Fake,6,,,TAKEN_OUT
IL27_e,IL22,unknown,Fake,6,,,TAKEN_OUT
IL27_e,IFNGR_2,unknown,Fake,6,,,TAKEN_OUT
IL27_e,IRF1,unknown,Fake,6,,,TAKEN_OUT
IL27_e,STAT4,unknown,Fake,6,,,TAKEN_OUT
IL27_e,IFNGR,unknown,Fake,6,,,TAKEN_OUT
IL27_e,PU1,unknown,Fake,6,,,TAKEN_OUT
IL27_e,EOMES,unknown,Fake,6,,,TAKEN_OUT
IL27_e,CD8,unknown,Fake,6,,,TAKEN_OUT
IL27_e,TBET_2,unknown,Fake,6,,,TAKEN_OUT
IL27_e,NFKB,unknown,Fake,6,,,TAKEN_OUT
IL27_e,STAT6,unknown,Fake,6,,,TAKEN_OUT
IL27_e,SMAD3,unknown,Fake,6,,,TAKEN_OUT
IL27_e,STAT1_2,unknown,Fake,6,,,TAKEN_OUT
IL27_e,IL4,unknown,Fake,6,,,TAKEN_OUT
IL27_e,STAT3,unknown,Fake,6,,,TAKEN_OUT
IL27_e,IL25,unknown,Fake,6,,,TAKEN_OUT
IL27_e,IL9,unknown,Fake,6,,,TAKEN_OUT
IL27_e,TGFBR,unknown,Fake,6,,,TAKEN_OUT
IL27_e,IL5,unknown,Fake,6,,,TAKEN_OUT
IL27_e,IL1R,unknown,Fake,6,,,TAKEN_OUT
IL27_e,IL6,unknown,Fake,6,,,TAKEN_OUT
IL27_e,IL12RB1_2,unknown,Fake,6,,,TAKEN_OUT
IL27_e,RUNX3,unknown,Fake,6,,,TAKEN_OUT
IL27_e,IL17,unknown,Fake,6,,,TAKEN_OUT
IL27_e,IL4R,unknown,Fake,6,,,TAKEN_OUT
IL27_e,CD4,unknown,Fake,6,,,TAKEN_OUT
IL27_e,SMAD2,unknown,Fake,6,,,TAKEN_OUT
IL27_e,proliferation,unknown,Fake,6,,,TAKEN_OUT
IL27_e,NFAT,unknown,Fake,6,,,TAKEN_OUT
IL27_e,STAT5_2,unknown,Fake,6,,,TAKEN_OUT
IL27_e,IRAK,unknown,Fake,6,,,TAKEN_OUT
IL27_e,IL2,unknown,Fake,6,,,TAKEN_OUT
IL27_e,IL2RA,unknown,Fake,6,,,TAKEN_OUT
IL27_e,IL13,unknown,Fake,6,,,TAKEN_OUT
IL27_e,FOXP3,unknown,Fake,6,,,TAKEN_OUT
IL27_e,IL31,unknown,Fake,6,,,TAKEN_OUT
IL27_e,PRF1,unknown,Fake,6,,,TAKEN_OUT
IL27_e,ST2,unknown,Fake,6,,,TAKEN_OUT
IL27_e,GZMB,unknown,Fake,6,,,TAKEN_OUT
IL27_e,SOCS1,unknown,Fake,6,,,TAKEN_OUT
IL27_e,STAT5,unknown,Fake,6,,,TAKEN_OUT
IL27_e,TGFB,unknown,Fake,6,,,TAKEN_OUT
IL27_e,IL4R_2,unknown,Fake,6,,,TAKEN_OUT
IL27_e,IL2R_2,unknown,Fake,6,,,TAKEN_OUT
IL27_e,IL3,unknown,Fake,6,,,TAKEN_OUT
IL27_e,IL24,unknown,Fake,6,,,TAKEN_OUT
IL27_e,IFNG_2,unknown,Fake,6,,,TAKEN_OUT
IL27_e,GATA3,unknown,Fake,6,,,TAKEN_OUT
IL27_e,RORGT,unknown,Fake,6,,,TAKEN_OUT
IL27_e,IL10,unknown,Fake,6,,,TAKEN_OUT
IL27_e,IL23R,unknown,Fake,6,,,TAKEN_OUT
IL27_e,BCL6,unknown,Fake,6,,,TAKEN_OUT
IL27_e,IL6R,unknown,Fake,6,,,TAKEN_OUT
IL27_e,IL35,unknown,Fake,6,,,TAKEN_OUT
IL27_e,IL25R,unknown,Fake,6,,,TAKEN_OUT
IL27_e,IL2R,unknown,Fake,6,,,TAKEN_OUT
IL27_e,CMAF,unknown,Fake,6,,,TAKEN_OUT
IL27_e,IFNG,unknown,Fake,6,,,TAKEN_OUT
IL27_e,IL1R1,unknown,Fake,6,,,TAKEN_OUT
IL27_e,IL10R,unknown,Fake,6,,,TAKEN_OUT
SMAD3,IL21R,unknown,Fake,6,,,TAKEN_OUT
SMAD3,IL12R,unknown,Fake,6,,,TAKEN_OUT
SMAD3,IL18R,unknown,Fake,6,,,TAKEN_OUT
SMAD3,IL12RB2,unknown,Fake,6,,,TAKEN_OUT
SMAD3,JAK1,unknown,Fake,6,,,TAKEN_OUT
SMAD3,IL21,unknown,Fake,6,,,TAKEN_OUT
SMAD3,IL23,unknown,Fake,6,,,TAKEN_OUT
SMAD3,TBET,unknown,Fake,6,,,TAKEN_OUT
SMAD3,THPOK,unknown,Fake,6,,,TAKEN_OUT
SMAD3,IL4RA_2,unknown,Fake,6,,,TAKEN_OUT
SMAD3,STAT1,unknown,Fake,6,,,TAKEN_OUT
SMAD3,IL33R,unknown,Fake,6,,,TAKEN_OUT
SMAD3,IL22,unknown,Fake,6,,,TAKEN_OUT
SMAD3,IFNGR_2,unknown,Fake,6,,,TAKEN_OUT
SMAD3,IRF1,unknown,Fake,6,,,TAKEN_OUT
SMAD3,STAT4,unknown,Fake,6,,,TAKEN_OUT
SMAD3,IFNGR,unknown,Fake,6,,,TAKEN_OUT
SMAD3,PU1,unknown,Fake,6,,,TAKEN_OUT
SMAD3,EOMES,unknown,Fake,6,,,TAKEN_OUT
SMAD3,CD8,unknown,Fake,6,,,TAKEN_OUT
SMAD3,TBET_2,unknown,Fake,6,,,TAKEN_OUT
SMAD3,NFKB,unknown,Fake,6,,,TAKEN_OUT
SMAD3,STAT6,unknown,Fake,6,,,TAKEN_OUT
SMAD3,SMAD3,unknown,Fake,6,,,TAKEN_OUT
SMAD3,STAT1_2,unknown,Fake,6,,,TAKEN_OUT
SMAD3,IL4,unknown,Fake,6,,,TAKEN_OUT
SMAD3,STAT3,unknown,Fake,6,,,TAKEN_OUT
SMAD3,IL25,unknown,Fake,6,,,TAKEN_OUT
SMAD3,TGFBR,unknown,Fake,6,,,TAKEN_OUT
SMAD3,IL5,unknown,Fake,6,,,TAKEN_OUT
SMAD3,IL1R,unknown,Fake,6,,,TAKEN_OUT
SMAD3,IL6,unknown,Fake,6,,,TAKEN_OUT
SMAD3,IL12RB1_2,unknown,Fake,6,,,TAKEN_OUT
SMAD3,RUNX3,unknown,Fake,6,,,TAKEN_OUT
SMAD3,IL17,unknown,Fake,6,,,TAKEN_OUT
SMAD3,IL4R,unknown,Fake,6,,,TAKEN_OUT
SMAD3,CD4,unknown,Fake,6,,,TAKEN_OUT
SMAD3,SMAD2,unknown,Fake,6,,,TAKEN_OUT
SMAD3,proliferation,unknown,Fake,6,,,TAKEN_OUT
SMAD3,NFAT,unknown,Fake,6,,,TAKEN_OUT
SMAD3,STAT5_2,unknown,Fake,6,,,TAKEN_OUT
SMAD3,IRAK,unknown,Fake,6,,,TAKEN_OUT
SMAD3,IL2,unknown,Fake,6,,,TAKEN_OUT
SMAD3,IL13,unknown,Fake,6,,,TAKEN_OUT
SMAD3,IL31,unknown,Fake,6,,,TAKEN_OUT
SMAD3,PRF1,unknown,Fake,6,,,TAKEN_OUT
SMAD3,ST2,unknown,Fake,6,,,TAKEN_OUT
SMAD3,GZMB,unknown,Fake,6,,,TAKEN_OUT
SMAD3,SOCS1,unknown,Fake,6,,,TAKEN_OUT
SMAD3,STAT5,unknown,Fake,6,,,TAKEN_OUT
SMAD3,TGFB,unknown,Fake,6,,,TAKEN_OUT
SMAD3,IL4R_2,unknown,Fake,6,,,TAKEN_OUT
SMAD3,IL2R_2,unknown,Fake,6,,,TAKEN_OUT
SMAD3,IL3,unknown,Fake,6,,,TAKEN_OUT
SMAD3,IL24,unknown,Fake,6,,,TAKEN_OUT
SMAD3,IFNG_2,unknown,Fake,6,,,TAKEN_OUT
SMAD3,GATA3,unknown,Fake,6,,,TAKEN_OUT
SMAD3,RORGT,unknown,Fake,6,,,TAKEN_OUT
SMAD3,IL10,unknown,Fake,6,,,TAKEN_OUT
SMAD3,IL23R,unknown,Fake,6,,,TAKEN_OUT
SMAD3,BCL6,unknown,Fake,6,,,TAKEN_OUT
SMAD3,IL6R,unknown,Fake,6,,,TAKEN_OUT
SMAD3,IL35,unknown,Fake,6,,,TAKEN_OUT
SMAD3,IL25R,unknown,Fake,6,,,TAKEN_OUT
SMAD3,IL2R,unknown,Fake,6,,,TAKEN_OUT
SMAD3,CMAF,unknown,Fake,6,,,TAKEN_OUT
SMAD3,IFNG,unknown,Fake,6,,,TAKEN_OUT
SMAD3,IL1R1,unknown,Fake,6,,,TAKEN_OUT
SMAD3,IL10R,unknown,Fake,6,,,TAKEN_OUT
STAT1_2,IL21R,unknown,Fake,6,,,TAKEN_OUT
STAT1_2,IL12R,unknown,Fake,6,,,TAKEN_OUT
STAT1_2,IL18R,unknown,Fake,6,,,TAKEN_OUT
STAT1_2,IL12RB2,unknown,Fake,6,,,TAKEN_OUT
STAT1_2,JAK1,unknown,Fake,6,,,TAKEN_OUT
STAT1_2,IL21,unknown,Fake,6,,,TAKEN_OUT
STAT1_2,IL23,unknown,Fake,6,,,TAKEN_OUT
STAT1_2,THPOK,unknown,Fake,6,,,TAKEN_OUT
STAT1_2,IL4RA_2,unknown,Fake,6,,,TAKEN_OUT
STAT1_2,STAT1,unknown,Fake,6,,,TAKEN_OUT
STAT1_2,IL33R,unknown,Fake,6,,,TAKEN_OUT
STAT1_2,IL22,unknown,Fake,6,,,TAKEN_OUT
STAT1_2,IFNGR_2,unknown,Fake,6,,,TAKEN_OUT
STAT1_2,STAT4,unknown,Fake,6,,,TAKEN_OUT
STAT1_2,IFNGR,unknown,Fake,6,,,TAKEN_OUT
STAT1_2,PU1,unknown,Fake,6,,,TAKEN_OUT
STAT1_2,EOMES,unknown,Fake,6,,,TAKEN_OUT
STAT1_2,CD8,unknown,Fake,6,,,TAKEN_OUT
STAT1_2,NFKB,unknown,Fake,6,,,TAKEN_OUT
STAT1_2,STAT6,unknown,Fake,6,,,TAKEN_OUT
STAT1_2,SMAD3,unknown,Fake,6,,,TAKEN_OUT
STAT1_2,STAT1_2,unknown,Fake,6,,,TAKEN_OUT
STAT1_2,IL4,unknown,Fake,6,,,TAKEN_OUT
STAT1_2,STAT3,unknown,Fake,6,,,TAKEN_OUT
STAT1_2,IL25,unknown,Fake,6,,,TAKEN_OUT
STAT1_2,IL9,unknown,Fake,6,,,TAKEN_OUT
STAT1_2,TGFBR,unknown,Fake,6,,,TAKEN_OUT
STAT1_2,IL5,unknown,Fake,6,,,TAKEN_OUT
STAT1_2,IL1R,unknown,Fake,6,,,TAKEN_OUT
STAT1_2,IL6,unknown,Fake,6,,,TAKEN_OUT
STAT1_2,IL12RB1_2,unknown,Fake,6,,,TAKEN_OUT
STAT1_2,RUNX3,unknown,Fake,6,,,TAKEN_OUT
STAT1_2,IL17,unknown,Fake,6,,,TAKEN_OUT
STAT1_2,IL4R,unknown,Fake,6,,,TAKEN_OUT
STAT1_2,CD4,unknown,Fake,6,,,TAKEN_OUT
STAT1_2,SMAD2,unknown,Fake,6,,,TAKEN_OUT
STAT1_2,proliferation,unknown,Fake,6,,,TAKEN_OUT
STAT1_2,NFAT,unknown,Fake,6,,,TAKEN_OUT
STAT1_2,STAT5_2,unknown,Fake,6,,,TAKEN_OUT
STAT1_2,IRAK,unknown,Fake,6,,,TAKEN_OUT
STAT1_2,IL2,unknown,Fake,6,,,TAKEN_OUT
STAT1_2,IL2RA,unknown,Fake,6,,,TAKEN_OUT
STAT1_2,IL13,unknown,Fake,6,,,TAKEN_OUT
STAT1_2,FOXP3,unknown,Fake,6,,,TAKEN_OUT
STAT1_2,IL31,unknown,Fake,6,,,TAKEN_OUT
STAT1_2,PRF1,unknown,Fake,6,,,TAKEN_OUT
STAT1_2,ST2,unknown,Fake,6,,,TAKEN_OUT
STAT1_2,GZMB,unknown,Fake,6,,,TAKEN_OUT
STAT1_2,STAT5,unknown,Fake,6,,,TAKEN_OUT
STAT1_2,TGFB,unknown,Fake,6,,,TAKEN_OUT
STAT1_2,IL4R_2,unknown,Fake,6,,,TAKEN_OUT
STAT1_2,IL2R_2,unknown,Fake,6,,,TAKEN_OUT
STAT1_2,IL3,unknown,Fake,6,,,TAKEN_OUT
STAT1_2,IL24,unknown,Fake,6,,,TAKEN_OUT
STAT1_2,IFNG_2,unknown,Fake,6,,,TAKEN_OUT
STAT1_2,GATA3,unknown,Fake,6,,,TAKEN_OUT
STAT1_2,RORGT,unknown,Fake,6,,,TAKEN_OUT
STAT1_2,IL10,unknown,Fake,6,,,TAKEN_OUT
STAT1_2,IL23R,unknown,Fake,6,,,TAKEN_OUT
STAT1_2,IL6R,unknown,Fake,6,,,TAKEN_OUT
STAT1_2,IL35,unknown,Fake,6,,,TAKEN_OUT
STAT1_2,IL25R,unknown,Fake,6,,,TAKEN_OUT
STAT1_2,IL2R,unknown,Fake,6,,,TAKEN_OUT
STAT1_2,CMAF,unknown,Fake,6,,,TAKEN_OUT
STAT1_2,IFNG,unknown,Fake,6,,,TAKEN_OUT
STAT1_2,IL1R1,unknown,Fake,6,,,TAKEN_OUT
STAT1_2,IL10R,unknown,Fake,6,,,TAKEN_OUT
TGFB_e,IL21R,unknown,Fake,6,,,TAKEN_OUT
TGFB_e,IL12R,unknown,Fake,6,,,TAKEN_OUT
TGFB_e,IL18R,unknown,Fake,6,,,TAKEN_OUT
TGFB_e,IL12RB2,unknown,Fake,6,,,TAKEN_OUT
TGFB_e,JAK1,unknown,Fake,6,,,TAKEN_OUT
TGFB_e,IL21,unknown,Fake,6,,,TAKEN_OUT
TGFB_e,IL23,unknown,Fake,6,,,TAKEN_OUT
TGFB_e,TBET,unknown,Fake,6,,,TAKEN_OUT
TGFB_e,THPOK,unknown,Fake,6,,,TAKEN_OUT
TGFB_e,IL4RA_2,unknown,Fake,6,,,TAKEN_OUT
TGFB_e,STAT1,unknown,Fake,6,,,TAKEN_OUT
TGFB_e,IL33R,unknown,Fake,6,,,TAKEN_OUT
TGFB_e,IL22,unknown,Fake,6,,,TAKEN_OUT
TGFB_e,IFNGR_2,unknown,Fake,6,,,TAKEN_OUT
TGFB_e,IRF1,unknown,Fake,6,,,TAKEN_OUT
TGFB_e,STAT4,unknown,Fake,6,,,TAKEN_OUT
TGFB_e,IFNGR,unknown,Fake,6,,,TAKEN_OUT
TGFB_e,PU1,unknown,Fake,6,,,TAKEN_OUT
TGFB_e,EOMES,unknown,Fake,6,,,TAKEN_OUT
TGFB_e,CD8,unknown,Fake,6,,,TAKEN_OUT
TGFB_e,TBET_2,unknown,Fake,6,,,TAKEN_OUT
TGFB_e,NFKB,unknown,Fake,6,,,TAKEN_OUT
TGFB_e,STAT6,unknown,Fake,6,,,TAKEN_OUT
TGFB_e,SMAD3,unknown,Fake,6,,,TAKEN_OUT
TGFB_e,STAT1_2,unknown,Fake,6,,,TAKEN_OUT
TGFB_e,IL4,unknown,Fake,6,,,TAKEN_OUT
TGFB_e,STAT3,unknown,Fake,6,,,TAKEN_OUT
TGFB_e,IL25,unknown,Fake,6,,,TAKEN_OUT
TGFB_e,IL9,unknown,Fake,6,,,TAKEN_OUT
TGFB_e,IL5,unknown,Fake,6,,,TAKEN_OUT
TGFB_e,IL1R,unknown,Fake,6,,,TAKEN_OUT
TGFB_e,IL6,unknown,Fake,6,,,TAKEN_OUT
TGFB_e,IL12RB1_2,unknown,Fake,6,,,TAKEN_OUT
TGFB_e,RUNX3,unknown,Fake,6,,,TAKEN_OUT
TGFB_e,IL17,unknown,Fake,6,,,TAKEN_OUT
TGFB_e,IL4R,unknown,Fake,6,,,TAKEN_OUT
TGFB_e,CD4,unknown,Fake,6,,,TAKEN_OUT
TGFB_e,SMAD2,unknown,Fake,6,,,TAKEN_OUT
TGFB_e,proliferation,unknown,Fake,6,,,TAKEN_OUT
TGFB_e,NFAT,unknown,Fake,6,,,TAKEN_OUT
TGFB_e,STAT5_2,unknown,Fake,6,,,TAKEN_OUT
TGFB_e,IRAK,unknown,Fake,6,,,TAKEN_OUT
TGFB_e,IL2,unknown,Fake,6,,,TAKEN_OUT
TGFB_e,IL2RA,unknown,Fake,6,,,TAKEN_OUT
TGFB_e,IL13,unknown,Fake,6,,,TAKEN_OUT
TGFB_e,FOXP3,unknown,Fake,6,,,TAKEN_OUT
TGFB_e,IL31,unknown,Fake,6,,,TAKEN_OUT
TGFB_e,PRF1,unknown,Fake,6,,,TAKEN_OUT
TGFB_e,ST2,unknown,Fake,6,,,TAKEN_OUT
TGFB_e,GZMB,unknown,Fake,6,,,TAKEN_OUT
TGFB_e,SOCS1,unknown,Fake,6,,,TAKEN_OUT
TGFB_e,STAT5,unknown,Fake,6,,,TAKEN_OUT
TGFB_e,TGFB,unknown,Fake,6,,,TAKEN_OUT
TGFB_e,IL4R_2,unknown,Fake,6,,,TAKEN_OUT
TGFB_e,IL2R_2,unknown,Fake,6,,,TAKEN_OUT
TGFB_e,IL3,unknown,Fake,6,,,TAKEN_OUT
TGFB_e,IL24,unknown,Fake,6,,,TAKEN_OUT
TGFB_e,IFNG_2,unknown,Fake,6,,,TAKEN_OUT
TGFB_e,GATA3,unknown,Fake,6,,,TAKEN_OUT
TGFB_e,RORGT,unknown,Fake,6,,,TAKEN_OUT
TGFB_e,IL10,unknown,Fake,6,,,TAKEN_OUT
TGFB_e,IL23R,unknown,Fake,6,,,TAKEN_OUT
TGFB_e,BCL6,unknown,Fake,6,,,TAKEN_OUT
TGFB_e,IL6R,unknown,Fake,6,,,TAKEN_OUT
TGFB_e,IL35,unknown,Fake,6,,,TAKEN_OUT
TGFB_e,IL25R,unknown,Fake,6,,,TAKEN_OUT
TGFB_e,IL2R,unknown,Fake,6,,,TAKEN_OUT
TGFB_e,CMAF,unknown,Fake,6,,,TAKEN_OUT
TGFB_e,IFNG,unknown,Fake,6,,,TAKEN_OUT
TGFB_e,IL1R1,unknown,Fake,6,,,TAKEN_OUT
TGFB_e,IL10R,unknown,Fake,6,,,TAKEN_OUT
IL4,IL21R,unknown,Fake,6,,,TAKEN_OUT
IL4,IL12R,unknown,Fake,6,,,TAKEN_OUT
IL4,IL18R,unknown,Fake,6,,,TAKEN_OUT
IL4,IL12RB2,unknown,Fake,6,,,TAKEN_OUT
IL4,JAK1,unknown,Fake,6,,,TAKEN_OUT
IL4,IL21,unknown,Fake,6,,,TAKEN_OUT
IL4,IL23,unknown,Fake,6,,,TAKEN_OUT
IL4,TBET,unknown,Fake,6,,,TAKEN_OUT
IL4,THPOK,unknown,Fake,6,,,TAKEN_OUT
IL4,IL4RA_2,unknown,Fake,6,,,TAKEN_OUT
IL4,STAT1,unknown,Fake,6,,,TAKEN_OUT
IL4,IL33R,unknown,Fake,6,,,TAKEN_OUT
IL4,IL22,unknown,Fake,6,,,TAKEN_OUT
IL4,IFNGR_2,unknown,Fake,6,,,TAKEN_OUT
IL4,IRF1,unknown,Fake,6,,,TAKEN_OUT
IL4,STAT4,unknown,Fake,6,,,TAKEN_OUT
IL4,IFNGR,unknown,Fake,6,,,TAKEN_OUT
IL4,PU1,unknown,Fake,6,,,TAKEN_OUT
IL4,EOMES,unknown,Fake,6,,,TAKEN_OUT
IL4,CD8,unknown,Fake,6,,,TAKEN_OUT
IL4,TBET_2,unknown,Fake,6,,,TAKEN_OUT
IL4,NFKB,unknown,Fake,6,,,TAKEN_OUT
IL4,STAT6,unknown,Fake,6,,,TAKEN_OUT
IL4,SMAD3,unknown,Fake,6,,,TAKEN_OUT
IL4,STAT1_2,unknown,Fake,6,,,TAKEN_OUT
IL4,IL4,unknown,Fake,6,,,TAKEN_OUT
IL4,STAT3,unknown,Fake,6,,,TAKEN_OUT
IL4,IL25,unknown,Fake,6,,,TAKEN_OUT
IL4,IL9,unknown,Fake,6,,,TAKEN_OUT
IL4,TGFBR,unknown,Fake,6,,,TAKEN_OUT
IL4,IL5,unknown,Fake,6,,,TAKEN_OUT
IL4,IL1R,unknown,Fake,6,,,TAKEN_OUT
IL4,IL6,unknown,Fake,6,,,TAKEN_OUT
IL4,IL12RB1_2,unknown,Fake,6,,,TAKEN_OUT
IL4,RUNX3,unknown,Fake,6,,,TAKEN_OUT
IL4,IL17,unknown,Fake,6,,,TAKEN_OUT
IL4,CD4,unknown,Fake,6,,,TAKEN_OUT
IL4,SMAD2,unknown,Fake,6,,,TAKEN_OUT
IL4,proliferation,unknown,Fake,6,,,TAKEN_OUT
IL4,NFAT,unknown,Fake,6,,,TAKEN_OUT
IL4,STAT5_2,unknown,Fake,6,,,TAKEN_OUT
IL4,IRAK,unknown,Fake,6,,,TAKEN_OUT
IL4,IL2,unknown,Fake,6,,,TAKEN_OUT
IL4,IL2RA,unknown,Fake,6,,,TAKEN_OUT
IL4,IL13,unknown,Fake,6,,,TAKEN_OUT
IL4,FOXP3,unknown,Fake,6,,,TAKEN_OUT
IL4,IL31,unknown,Fake,6,,,TAKEN_OUT
IL4,PRF1,unknown,Fake,6,,,TAKEN_OUT
IL4,ST2,unknown,Fake,6,,,TAKEN_OUT
IL4,GZMB,unknown,Fake,6,,,TAKEN_OUT
IL4,SOCS1,unknown,Fake,6,,,TAKEN_OUT
IL4,STAT5,unknown,Fake,6,,,TAKEN_OUT
IL4,TGFB,unknown,Fake,6,,,TAKEN_OUT
IL4,IL2R_2,unknown,Fake,6,,,TAKEN_OUT
IL4,IL3,unknown,Fake,6,,,TAKEN_OUT
IL4,IL24,unknown,Fake,6,,,TAKEN_OUT
IL4,IFNG_2,unknown,Fake,6,,,TAKEN_OUT
IL4,GATA3,unknown,Fake,6,,,TAKEN_OUT
IL4,RORGT,unknown,Fake,6,,,TAKEN_OUT
IL4,IL10,unknown,Fake,6,,,TAKEN_OUT
IL4,IL23R,unknown,Fake,6,,,TAKEN_OUT
IL4,BCL6,unknown,Fake,6,,,TAKEN_OUT
IL4,IL6R,unknown,Fake,6,,,TAKEN_OUT
IL4,IL35,unknown,Fake,6,,,TAKEN_OUT
IL4,IL25R,unknown,Fake,6,,,TAKEN_OUT
IL4,IL2R,unknown,Fake,6,,,TAKEN_OUT
IL4,CMAF,unknown,Fake,6,,,TAKEN_OUT
IL4,IFNG,unknown,Fake,6,,,TAKEN_OUT
IL4,IL1R1,unknown,Fake,6,,,TAKEN_OUT
IL4,IL10R,unknown,Fake,6,,,TAKEN_OUT
STAT3,IL21R,unknown,Fake,6,,,TAKEN_OUT
STAT3,IL12R,unknown,Fake,6,,,TAKEN_OUT
STAT3,IL18R,unknown,Fake,6,,,TAKEN_OUT
STAT3,IL12RB2,unknown,Fake,6,,,TAKEN_OUT
STAT3,JAK1,unknown,Fake,6,,,TAKEN_OUT
STAT3,TBET,unknown,Fake,6,,,TAKEN_OUT
STAT3,THPOK,unknown,Fake,6,,,TAKEN_OUT
STAT3,IL4RA_2,unknown,Fake,6,,,TAKEN_OUT
STAT3,STAT1,unknown,Fake,6,,,TAKEN_OUT
STAT3,IL33R,unknown,Fake,6,,,TAKEN_OUT
STAT3,IFNGR_2,unknown,Fake,6,,,TAKEN_OUT
STAT3,IRF1,unknown,Fake,6,,,TAKEN_OUT
STAT3,STAT4,unknown,Fake,6,,,TAKEN_OUT
STAT3,IFNGR,unknown,Fake,6,,,TAKEN_OUT
STAT3,PU1,unknown,Fake,6,,,TAKEN_OUT
STAT3,EOMES,unknown,Fake,6,,,TAKEN_OUT
STAT3,CD8,unknown,Fake,6,,,TAKEN_OUT
STAT3,TBET_2,unknown,Fake,6,,,TAKEN_OUT
STAT3,NFKB,unknown,Fake,6,,,TAKEN_OUT
STAT3,STAT6,unknown,Fake,6,,,TAKEN_OUT
STAT3,SMAD3,unknown,Fake,6,,,TAKEN_OUT
STAT3,STAT1_2,unknown,Fake,6,,,TAKEN_OUT
STAT3,IL4,unknown,Fake,6,,,TAKEN_OUT
STAT3,STAT3,unknown,Fake,6,,,TAKEN_OUT
STAT3,IL25,unknown,Fake,6,,,TAKEN_OUT
STAT3,IL9,unknown,Fake,6,,,TAKEN_OUT
STAT3,TGFBR,unknown,Fake,6,,,TAKEN_OUT
STAT3,IL5,unknown,Fake,6,,,TAKEN_OUT
STAT3,IL1R,unknown,Fake,6,,,TAKEN_OUT
STAT3,IL12RB1_2,unknown,Fake,6,,,TAKEN_OUT
STAT3,RUNX3,unknown,Fake,6,,,TAKEN_OUT
STAT3,IL4R,unknown,Fake,6,,,TAKEN_OUT
STAT3,CD4,unknown,Fake,6,,,TAKEN_OUT
STAT3,SMAD2,unknown,Fake,6,,,TAKEN_OUT
STAT3,proliferation,unknown,Fake,6,,,TAKEN_OUT
STAT3,NFAT,unknown,Fake,6,,,TAKEN_OUT
STAT3,STAT5_2,unknown,Fake,6,,,TAKEN_OUT
STAT3,IRAK,unknown,Fake,6,,,TAKEN_OUT
STAT3,IL2,unknown,Fake,6,,,TAKEN_OUT
STAT3,IL2RA,unknown,Fake,6,,,TAKEN_OUT
STAT3,IL13,unknown,Fake,6,,,TAKEN_OUT
STAT3,FOXP3,unknown,Fake,6,,,TAKEN_OUT
STAT3,IL31,unknown,Fake,6,,,TAKEN_OUT
STAT3,PRF1,unknown,Fake,6,,,TAKEN_OUT
STAT3,ST2,unknown,Fake,6,,,TAKEN_OUT
STAT3,GZMB,unknown,Fake,6,,,TAKEN_OUT
STAT3,SOCS1,unknown,Fake,6,,,TAKEN_OUT
STAT3,STAT5,unknown,Fake,6,,,TAKEN_OUT
STAT3,TGFB,unknown,Fake,6,,,TAKEN_OUT
STAT3,IL4R_2,unknown,Fake,6,,,TAKEN_OUT
STAT3,IL2R_2,unknown,Fake,6,,,TAKEN_OUT
STAT3,IL3,unknown,Fake,6,,,TAKEN_OUT
STAT3,IL24,unknown,Fake,6,,,TAKEN_OUT
STAT3,IFNG_2,unknown,Fake,6,,,TAKEN_OUT
STAT3,GATA3,unknown,Fake,6,,,TAKEN_OUT
STAT3,IL6R,unknown,Fake,6,,,TAKEN_OUT
STAT3,IL35,unknown,Fake,6,,,TAKEN_OUT
STAT3,IL25R,unknown,Fake,6,,,TAKEN_OUT
STAT3,IL2R,unknown,Fake,6,,,TAKEN_OUT
STAT3,IFNG,unknown,Fake,6,,,TAKEN_OUT
STAT3,IL10R,unknown,Fake,6,,,TAKEN_OUT
IL36R,IL21R,unknown,Fake,6,,,TAKEN_OUT
IL36R,IL12R,unknown,Fake,6,,,TAKEN_OUT
IL36R,IL18R,unknown,Fake,6,,,TAKEN_OUT
IL36R,IL12RB2,unknown,Fake,6,,,TAKEN_OUT
IL36R,JAK1,unknown,Fake,6,,,TAKEN_OUT
IL36R,IL21,unknown,Fake,6,,,TAKEN_OUT
IL36R,IL23,unknown,Fake,6,,,TAKEN_OUT
IL36R,THPOK,unknown,Fake,6,,,TAKEN_OUT
IL36R,IL4RA_2,unknown,Fake,6,,,TAKEN_OUT
IL36R,STAT1,unknown,Fake,6,,,TAKEN_OUT
IL36R,IL33R,unknown,Fake,6,,,TAKEN_OUT
IL36R,IL22,unknown,Fake,6,,,TAKEN_OUT
IL36R,IFNGR_2,unknown,Fake,6,,,TAKEN_OUT
IL36R,IRF1,unknown,Fake,6,,,TAKEN_OUT
IL36R,STAT4,unknown,Fake,6,,,TAKEN_OUT
IL36R,IFNGR,unknown,Fake,6,,,TAKEN_OUT
IL36R,PU1,unknown,Fake,6,,,TAKEN_OUT
IL36R,EOMES,unknown,Fake,6,,,TAKEN_OUT
IL36R,CD8,unknown,Fake,6,,,TAKEN_OUT
IL36R,NFKB,unknown,Fake,6,,,TAKEN_OUT
IL36R,STAT6,unknown,Fake,6,,,TAKEN_OUT
IL36R,SMAD3,unknown,Fake,6,,,TAKEN_OUT
IL36R,STAT1_2,unknown,Fake,6,,,TAKEN_OUT
IL36R,IL4,unknown,Fake,6,,,TAKEN_OUT
IL36R,STAT3,unknown,Fake,6,,,TAKEN_OUT
IL36R,IL25,unknown,Fake,6,,,TAKEN_OUT
IL36R,IL9,unknown,Fake,6,,,TAKEN_OUT
IL36R,TGFBR,unknown,Fake,6,,,TAKEN_OUT
IL36R,IL5,unknown,Fake,6,,,TAKEN_OUT
IL36R,IL1R,unknown,Fake,6,,,TAKEN_OUT
IL36R,IL6,unknown,Fake,6,,,TAKEN_OUT
IL36R,IL12RB1_2,unknown,Fake,6,,,TAKEN_OUT
IL36R,RUNX3,unknown,Fake,6,,,TAKEN_OUT
IL36R,IL17,unknown,Fake,6,,,TAKEN_OUT
IL36R,IL4R,unknown,Fake,6,,,TAKEN_OUT
IL36R,CD4,unknown,Fake,6,,,TAKEN_OUT
IL36R,SMAD2,unknown,Fake,6,,,TAKEN_OUT
IL36R,proliferation,unknown,Fake,6,,,TAKEN_OUT
IL36R,NFAT,unknown,Fake,6,,,TAKEN_OUT
IL36R,STAT5_2,unknown,Fake,6,,,TAKEN_OUT
IL36R,IRAK,unknown,Fake,6,,,TAKEN_OUT
IL36R,IL2,unknown,Fake,6,,,TAKEN_OUT
IL36R,IL2RA,unknown,Fake,6,,,TAKEN_OUT
IL36R,IL13,unknown,Fake,6,,,TAKEN_OUT
IL36R,FOXP3,unknown,Fake,6,,,TAKEN_OUT
IL36R,IL31,unknown,Fake,6,,,TAKEN_OUT
IL36R,PRF1,unknown,Fake,6,,,TAKEN_OUT
IL36R,ST2,unknown,Fake,6,,,TAKEN_OUT
IL36R,GZMB,unknown,Fake,6,,,TAKEN_OUT
IL36R,SOCS1,unknown,Fake,6,,,TAKEN_OUT
IL36R,STAT5,unknown,Fake,6,,,TAKEN_OUT
IL36R,TGFB,unknown,Fake,6,,,TAKEN_OUT
IL36R,IL4R_2,unknown,Fake,6,,,TAKEN_OUT
IL36R,IL2R_2,unknown,Fake,6,,,TAKEN_OUT
IL36R,IL3,unknown,Fake,6,,,TAKEN_OUT
IL36R,IL24,unknown,Fake,6,,,TAKEN_OUT
IL36R,IFNG_2,unknown,Fake,6,,,TAKEN_OUT
IL36R,GATA3,unknown,Fake,6,,,TAKEN_OUT
IL36R,RORGT,unknown,Fake,6,,,TAKEN_OUT
IL36R,IL10,unknown,Fake,6,,,TAKEN_OUT
IL36R,IL23R,unknown,Fake,6,,,TAKEN_OUT
IL36R,BCL6,unknown,Fake,6,,,TAKEN_OUT
IL36R,IL6R,unknown,Fake,6,,,TAKEN_OUT
IL36R,IL35,unknown,Fake,6,,,TAKEN_OUT
IL36R,IL25R,unknown,Fake,6,,,TAKEN_OUT
IL36R,IL2R,unknown,Fake,6,,,TAKEN_OUT
IL36R,CMAF,unknown,Fake,6,,,TAKEN_OUT
IL36R,IFNG,unknown,Fake,6,,,TAKEN_OUT
IL36R,IL1R1,unknown,Fake,6,,,TAKEN_OUT
IL36R,IL10R,unknown,Fake,6,,,TAKEN_OUT
IFNAR,IL21R,unknown,Fake,6,,,TAKEN_OUT
IFNAR,IL12R,unknown,Fake,6,,,TAKEN_OUT
IFNAR,IL18R,unknown,Fake,6,,,TAKEN_OUT
IFNAR,IL12RB2,unknown,Fake,6,,,TAKEN_OUT
IFNAR,JAK1,unknown,Fake,6,,,TAKEN_OUT
IFNAR,IL21,unknown,Fake,6,,,TAKEN_OUT
IFNAR,IL23,unknown,Fake,6,,,TAKEN_OUT
IFNAR,TBET,unknown,Fake,6,,,TAKEN_OUT
IFNAR,THPOK,unknown,Fake,6,,,TAKEN_OUT
IFNAR,IL4RA_2,unknown,Fake,6,,,TAKEN_OUT
IFNAR,IL33R,unknown,Fake,6,,,TAKEN_OUT
IFNAR,IL22,unknown,Fake,6,,,TAKEN_OUT
IFNAR,IFNGR_2,unknown,Fake,6,,,TAKEN_OUT
IFNAR,IRF1,unknown,Fake,6,,,TAKEN_OUT
IFNAR,STAT4,unknown,Fake,6,,,TAKEN_OUT
IFNAR,IFNGR,unknown,Fake,6,,,TAKEN_OUT
IFNAR,PU1,unknown,Fake,6,,,TAKEN_OUT
IFNAR,EOMES,unknown,Fake,6,,,TAKEN_OUT
IFNAR,CD8,unknown,Fake,6,,,TAKEN_OUT
IFNAR,TBET_2,unknown,Fake,6,,,TAKEN_OUT
IFNAR,NFKB,unknown,Fake,6,,,TAKEN_OUT
IFNAR,STAT6,unknown,Fake,6,,,TAKEN_OUT
IFNAR,SMAD3,unknown,Fake,6,,,TAKEN_OUT
IFNAR,IL4,unknown,Fake,6,,,TAKEN_OUT
IFNAR,STAT3,unknown,Fake,6,,,TAKEN_OUT
IFNAR,IL25,unknown,Fake,6,,,TAKEN_OUT
IFNAR,IL9,unknown,Fake,6,,,TAKEN_OUT
IFNAR,TGFBR,unknown,Fake,6,,,TAKEN_OUT
IFNAR,IL5,unknown,Fake,6,,,TAKEN_OUT
IFNAR,IL1R,unknown,Fake,6,,,TAKEN_OUT
IFNAR,IL6,unknown,Fake,6,,,TAKEN_OUT
IFNAR,IL12RB1_2,unknown,Fake,6,,,TAKEN_OUT
IFNAR,RUNX3,unknown,Fake,6,,,TAKEN_OUT
IFNAR,IL17,unknown,Fake,6,,,TAKEN_OUT
IFNAR,IL4R,unknown,Fake,6,,,TAKEN_OUT
IFNAR,CD4,unknown,Fake,6,,,TAKEN_OUT
IFNAR,SMAD2,unknown,Fake,6,,,TAKEN_OUT
IFNAR,proliferation,unknown,Fake,6,,,TAKEN_OUT
IFNAR,NFAT,unknown,Fake,6,,,TAKEN_OUT
IFNAR,STAT5_2,unknown,Fake,6,,,TAKEN_OUT
IFNAR,IRAK,unknown,Fake,6,,,TAKEN_OUT
IFNAR,IL2,unknown,Fake,6,,,TAKEN_OUT
IFNAR,IL2RA,unknown,Fake,6,,,TAKEN_OUT
IFNAR,IL13,unknown,Fake,6,,,TAKEN_OUT
IFNAR,FOXP3,unknown,Fake,6,,,TAKEN_OUT
IFNAR,IL31,unknown,Fake,6,,,TAKEN_OUT
IFNAR,PRF1,unknown,Fake,6,,,TAKEN_OUT
IFNAR,ST2,unknown,Fake,6,,,TAKEN_OUT
IFNAR,GZMB,unknown,Fake,6,,,TAKEN_OUT
IFNAR,SOCS1,unknown,Fake,6,,,TAKEN_OUT
IFNAR,STAT5,unknown,Fake,6,,,TAKEN_OUT
IFNAR,TGFB,unknown,Fake,6,,,TAKEN_OUT
IFNAR,IL4R_2,unknown,Fake,6,,,TAKEN_OUT
IFNAR,IL2R_2,unknown,Fake,6,,,TAKEN_OUT
IFNAR,IL3,unknown,Fake,6,,,TAKEN_OUT
IFNAR,IL24,unknown,Fake,6,,,TAKEN_OUT
IFNAR,IFNG_2,unknown,Fake,6,,,TAKEN_OUT
IFNAR,GATA3,unknown,Fake,6,,,TAKEN_OUT
IFNAR,RORGT,unknown,Fake,6,,,TAKEN_OUT
IFNAR,IL10,unknown,Fake,6,,,TAKEN_OUT
IFNAR,IL23R,unknown,Fake,6,,,TAKEN_OUT
IFNAR,BCL6,unknown,Fake,6,,,TAKEN_OUT
IFNAR,IL6R,unknown,Fake,6,,,TAKEN_OUT
IFNAR,IL35,unknown,Fake,6,,,TAKEN_OUT
IFNAR,IL25R,unknown,Fake,6,,,TAKEN_OUT
IFNAR,IL2R,unknown,Fake,6,,,TAKEN_OUT
IFNAR,CMAF,unknown,Fake,6,,,TAKEN_OUT
IFNAR,IFNG,unknown,Fake,6,,,TAKEN_OUT
IFNAR,IL1R1,unknown,Fake,6,,,TAKEN_OUT
IFNAR,IL10R,unknown,Fake,6,,,TAKEN_OUT
IL25,IL21R,unknown,Fake,6,,,TAKEN_OUT
IL25,IL12R,unknown,Fake,6,,,TAKEN_OUT
IL25,IL18R,unknown,Fake,6,,,TAKEN_OUT
IL25,IL12RB2,unknown,Fake,6,,,TAKEN_OUT
IL25,JAK1,unknown,Fake,6,,,TAKEN_OUT
IL25,IL21,unknown,Fake,6,,,TAKEN_OUT
IL25,IL23,unknown,Fake,6,,,TAKEN_OUT
IL25,TBET,unknown,Fake,6,,,TAKEN_OUT
IL25,THPOK,unknown,Fake,6,,,TAKEN_OUT
IL25,IL4RA_2,unknown,Fake,6,,,TAKEN_OUT
IL25,STAT1,unknown,Fake,6,,,TAKEN_OUT
IL25,IL33R,unknown,Fake,6,,,TAKEN_OUT
IL25,IL22,unknown,Fake,6,,,TAKEN_OUT
IL25,IFNGR_2,unknown,Fake,6,,,TAKEN_OUT
IL25,IRF1,unknown,Fake,6,,,TAKEN_OUT
IL25,STAT4,unknown,Fake,6,,,TAKEN_OUT
IL25,IFNGR,unknown,Fake,6,,,TAKEN_OUT
IL25,PU1,unknown,Fake,6,,,TAKEN_OUT
IL25,EOMES,unknown,Fake,6,,,TAKEN_OUT
IL25,CD8,unknown,Fake,6,,,TAKEN_OUT
IL25,TBET_2,unknown,Fake,6,,,TAKEN_OUT
IL25,NFKB,unknown,Fake,6,,,TAKEN_OUT
IL25,STAT6,unknown,Fake,6,,,TAKEN_OUT
IL25,SMAD3,unknown,Fake,6,,,TAKEN_OUT
IL25,STAT1_2,unknown,Fake,6,,,TAKEN_OUT
IL25,IL4,unknown,Fake,6,,,TAKEN_OUT
IL25,STAT3,unknown,Fake,6,,,TAKEN_OUT
IL25,IL25,unknown,Fake,6,,,TAKEN_OUT
IL25,IL9,unknown,Fake,6,,,TAKEN_OUT
IL25,TGFBR,unknown,Fake,6,,,TAKEN_OUT
IL25,IL5,unknown,Fake,6,,,TAKEN_OUT
IL25,IL1R,unknown,Fake,6,,,TAKEN_OUT
IL25,IL6,unknown,Fake,6,,,TAKEN_OUT
IL25,IL12RB1_2,unknown,Fake,6,,,TAKEN_OUT
IL25,RUNX3,unknown,Fake,6,,,TAKEN_OUT
IL25,IL17,unknown,Fake,6,,,TAKEN_OUT
IL25,IL4R,unknown,Fake,6,,,TAKEN_OUT
IL25,CD4,unknown,Fake,6,,,TAKEN_OUT
IL25,SMAD2,unknown,Fake,6,,,TAKEN_OUT
IL25,proliferation,unknown,Fake,6,,,TAKEN_OUT
IL25,NFAT,unknown,Fake,6,,,TAKEN_OUT
IL25,STAT5_2,unknown,Fake,6,,,TAKEN_OUT
IL25,IRAK,unknown,Fake,6,,,TAKEN_OUT
IL25,IL2,unknown,Fake,6,,,TAKEN_OUT
IL25,IL2RA,unknown,Fake,6,,,TAKEN_OUT
IL25,IL13,unknown,Fake,6,,,TAKEN_OUT
IL25,FOXP3,unknown,Fake,6,,,TAKEN_OUT
IL25,IL31,unknown,Fake,6,,,TAKEN_OUT
IL25,PRF1,unknown,Fake,6,,,TAKEN_OUT
IL25,ST2,unknown,Fake,6,,,TAKEN_OUT
IL25,GZMB,unknown,Fake,6,,,TAKEN_OUT
IL25,SOCS1,unknown,Fake,6,,,TAKEN_OUT
IL25,STAT5,unknown,Fake,6,,,TAKEN_OUT
IL25,TGFB,unknown,Fake,6,,,TAKEN_OUT
IL25,IL4R_2,unknown,Fake,6,,,TAKEN_OUT
IL25,IL2R_2,unknown,Fake,6,,,TAKEN_OUT
IL25,IL3,unknown,Fake,6,,,TAKEN_OUT
IL25,IL24,unknown,Fake,6,,,TAKEN_OUT
IL25,IFNG_2,unknown,Fake,6,,,TAKEN_OUT
IL25,GATA3,unknown,Fake,6,,,TAKEN_OUT
IL25,RORGT,unknown,Fake,6,,,TAKEN_OUT
IL25,IL10,unknown,Fake,6,,,TAKEN_OUT
IL25,IL23R,unknown,Fake,6,,,TAKEN_OUT
IL25,BCL6,unknown,Fake,6,,,TAKEN_OUT
IL25,IL6R,unknown,Fake,6,,,TAKEN_OUT
IL25,IL35,unknown,Fake,6,,,TAKEN_OUT
IL25,IL2R,unknown,Fake,6,,,TAKEN_OUT
IL25,CMAF,unknown,Fake,6,,,TAKEN_OUT
IL25,IFNG,unknown,Fake,6,,,TAKEN_OUT
IL25,IL1R1,unknown,Fake,6,,,TAKEN_OUT
IL25,IL10R,unknown,Fake,6,,,TAKEN_OUT
IL15R,IL21R,unknown,Fake,6,,,TAKEN_OUT
IL15R,IL12R,unknown,Fake,6,,,TAKEN_OUT
IL15R,IL18R,unknown,Fake,6,,,TAKEN_OUT
IL15R,IL12RB2,unknown,Fake,6,,,TAKEN_OUT
IL15R,JAK1,unknown,Fake,6,,,TAKEN_OUT
IL15R,IL21,unknown,Fake,6,,,TAKEN_OUT
IL15R,IL23,unknown,Fake,6,,,TAKEN_OUT
IL15R,TBET,unknown,Fake,6,,,TAKEN_OUT
IL15R,THPOK,unknown,Fake,6,,,TAKEN_OUT
IL15R,IL4RA_2,unknown,Fake,6,,,TAKEN_OUT
IL15R,STAT1,unknown,Fake,6,,,TAKEN_OUT
IL15R,IL33R,unknown,Fake,6,,,TAKEN_OUT
IL15R,IL22,unknown,Fake,6,,,TAKEN_OUT
IL15R,IFNGR_2,unknown,Fake,6,,,TAKEN_OUT
IL15R,IRF1,unknown,Fake,6,,,TAKEN_OUT
IL15R,STAT4,unknown,Fake,6,,,TAKEN_OUT
IL15R,IFNGR,unknown,Fake,6,,,TAKEN_OUT
IL15R,PU1,unknown,Fake,6,,,TAKEN_OUT
IL15R,EOMES,unknown,Fake,6,,,TAKEN_OUT
IL15R,CD8,unknown,Fake,6,,,TAKEN_OUT
IL15R,TBET_2,unknown,Fake,6,,,TAKEN_OUT
IL15R,NFKB,unknown,Fake,6,,,TAKEN_OUT
IL15R,STAT6,unknown,Fake,6,,,TAKEN_OUT
IL15R,SMAD3,unknown,Fake,6,,,TAKEN_OUT
IL15R,STAT1_2,unknown,Fake,6,,,TAKEN_OUT
IL15R,IL4,unknown,Fake,6,,,TAKEN_OUT
IL15R,STAT3,unknown,Fake,6,,,TAKEN_OUT
IL15R,IL25,unknown,Fake,6,,,TAKEN_OUT
IL15R,IL9,unknown,Fake,6,,,TAKEN_OUT
IL15R,TGFBR,unknown,Fake,6,,,TAKEN_OUT
IL15R,IL5,unknown,Fake,6,,,TAKEN_OUT
IL15R,IL1R,unknown,Fake,6,,,TAKEN_OUT
IL15R,IL6,unknown,Fake,6,,,TAKEN_OUT
IL15R,IL12RB1_2,unknown,Fake,6,,,TAKEN_OUT
IL15R,RUNX3,unknown,Fake,6,,,TAKEN_OUT
IL15R,IL17,unknown,Fake,6,,,TAKEN_OUT
IL15R,IL4R,unknown,Fake,6,,,TAKEN_OUT
IL15R,CD4,unknown,Fake,6,,,TAKEN_OUT
IL15R,SMAD2,unknown,Fake,6,,,TAKEN_OUT
IL15R,proliferation,unknown,Fake,6,,,TAKEN_OUT
IL15R,NFAT,unknown,Fake,6,,,TAKEN_OUT
IL15R,STAT5_2,unknown,Fake,6,,,TAKEN_OUT
IL15R,IRAK,unknown,Fake,6,,,TAKEN_OUT
IL15R,IL2,unknown,Fake,6,,,TAKEN_OUT
IL15R,IL2RA,unknown,Fake,6,,,TAKEN_OUT
IL15R,IL13,unknown,Fake,6,,,TAKEN_OUT
IL15R,FOXP3,unknown,Fake,6,,,TAKEN_OUT
IL15R,IL31,unknown,Fake,6,,,TAKEN_OUT
IL15R,PRF1,unknown,Fake,6,,,TAKEN_OUT
IL15R,ST2,unknown,Fake,6,,,TAKEN_OUT
IL15R,GZMB,unknown,Fake,6,,,TAKEN_OUT
IL15R,SOCS1,unknown,Fake,6,,,TAKEN_OUT
IL15R,TGFB,unknown,Fake,6,,,TAKEN_OUT
IL15R,IL4R_2,unknown,Fake,6,,,TAKEN_OUT
IL15R,IL2R_2,unknown,Fake,6,,,TAKEN_OUT
IL15R,IL3,unknown,Fake,6,,,TAKEN_OUT
IL15R,IL24,unknown,Fake,6,,,TAKEN_OUT
IL15R,IFNG_2,unknown,Fake,6,,,TAKEN_OUT
IL15R,GATA3,unknown,Fake,6,,,TAKEN_OUT
IL15R,RORGT,unknown,Fake,6,,,TAKEN_OUT
IL15R,IL10,unknown,Fake,6,,,TAKEN_OUT
IL15R,IL23R,unknown,Fake,6,,,TAKEN_OUT
IL15R,BCL6,unknown,Fake,6,,,TAKEN_OUT
IL15R,IL6R,unknown,Fake,6,,,TAKEN_OUT
IL15R,IL35,unknown,Fake,6,,,TAKEN_OUT
IL15R,IL25R,unknown,Fake,6,,,TAKEN_OUT
IL15R,IL2R,unknown,Fake,6,,,TAKEN_OUT
IL15R,CMAF,unknown,Fake,6,,,TAKEN_OUT
IL15R,IFNG,unknown,Fake,6,,,TAKEN_OUT
IL15R,IL1R1,unknown,Fake,6,,,TAKEN_OUT
IL15R,IL10R,unknown,Fake,6,,,TAKEN_OUT
IL9,IL21R,unknown,Fake,6,,,TAKEN_OUT
IL9,IL12R,unknown,Fake,6,,,TAKEN_OUT
IL9,IL18R,unknown,Fake,6,,,TAKEN_OUT
IL9,IL12RB2,unknown,Fake,6,,,TAKEN_OUT
IL9,JAK1,unknown,Fake,6,,,TAKEN_OUT
IL9,IL21,unknown,Fake,6,,,TAKEN_OUT
IL9,IL23,unknown,Fake,6,,,TAKEN_OUT
IL9,THPOK,unknown,Fake,6,,,TAKEN_OUT
IL9,IL4RA_2,unknown,Fake,6,,,TAKEN_OUT
IL9,STAT1,unknown,Fake,6,,,TAKEN_OUT
IL9,IL33R,unknown,Fake,6,,,TAKEN_OUT
IL9,IL22,unknown,Fake,6,,,TAKEN_OUT
IL9,IFNGR_2,unknown,Fake,6,,,TAKEN_OUT
IL9,IRF1,unknown,Fake,6,,,TAKEN_OUT
IL9,STAT4,unknown,Fake,6,,,TAKEN_OUT
IL9,IFNGR,unknown,Fake,6,,,TAKEN_OUT
IL9,PU1,unknown,Fake,6,,,TAKEN_OUT
IL9,EOMES,unknown,Fake,6,,,TAKEN_OUT
IL9,CD8,unknown,Fake,6,,,TAKEN_OUT
IL9,NFKB,unknown,Fake,6,,,TAKEN_OUT
IL9,STAT6,unknown,Fake,6,,,TAKEN_OUT
IL9,SMAD3,unknown,Fake,6,,,TAKEN_OUT
IL9,STAT1_2,unknown,Fake,6,,,TAKEN_OUT
IL9,IL4,unknown,Fake,6,,,TAKEN_OUT
IL9,STAT3,unknown,Fake,6,,,TAKEN_OUT
IL9,IL25,unknown,Fake,6,,,TAKEN_OUT
IL9,IL9,unknown,Fake,6,,,TAKEN_OUT
IL9,TGFBR,unknown,Fake,6,,,TAKEN_OUT
IL9,IL5,unknown,Fake,6,,,TAKEN_OUT
IL9,IL1R,unknown,Fake,6,,,TAKEN_OUT
IL9,IL6,unknown,Fake,6,,,TAKEN_OUT
IL9,IL12RB1_2,unknown,Fake,6,,,TAKEN_OUT
IL9,RUNX3,unknown,Fake,6,,,TAKEN_OUT
IL9,IL17,unknown,Fake,6,,,TAKEN_OUT
IL9,IL4R,unknown,Fake,6,,,TAKEN_OUT
IL9,CD4,unknown,Fake,6,,,TAKEN_OUT
IL9,SMAD2,unknown,Fake,6,,,TAKEN_OUT
IL9,proliferation,unknown,Fake,6,,,TAKEN_OUT
IL9,NFAT,unknown,Fake,6,,,TAKEN_OUT
IL9,STAT5_2,unknown,Fake,6,,,TAKEN_OUT
IL9,IRAK,unknown,Fake,6,,,TAKEN_OUT
IL9,IL2,unknown,Fake,6,,,TAKEN_OUT
IL9,IL2RA,unknown,Fake,6,,,TAKEN_OUT
IL9,IL13,unknown,Fake,6,,,TAKEN_OUT
IL9,FOXP3,unknown,Fake,6,,,TAKEN_OUT
IL9,IL31,unknown,Fake,6,,,TAKEN_OUT
IL9,PRF1,unknown,Fake,6,,,TAKEN_OUT
IL9,ST2,unknown,Fake,6,,,TAKEN_OUT
IL9,GZMB,unknown,Fake,6,,,TAKEN_OUT
IL9,SOCS1,unknown,Fake,6,,,TAKEN_OUT
IL9,STAT5,unknown,Fake,6,,,TAKEN_OUT
IL9,TGFB,unknown,Fake,6,,,TAKEN_OUT
IL9,IL4R_2,unknown,Fake,6,,,TAKEN_OUT
IL9,IL2R_2,unknown,Fake,6,,,TAKEN_OUT
IL9,IL3,unknown,Fake,6,,,TAKEN_OUT
IL9,IL24,unknown,Fake,6,,,TAKEN_OUT
IL9,GATA3,unknown,Fake,6,,,TAKEN_OUT
IL9,RORGT,unknown,Fake,6,,,TAKEN_OUT
IL9,IL10,unknown,Fake,6,,,TAKEN_OUT
IL9,IL23R,unknown,Fake,6,,,TAKEN_OUT
IL9,BCL6,unknown,Fake,6,,,TAKEN_OUT
IL9,IL6R,unknown,Fake,6,,,TAKEN_OUT
IL9,IL35,unknown,Fake,6,,,TAKEN_OUT
IL9,IL25R,unknown,Fake,6,,,TAKEN_OUT
IL9,IL2R,unknown,Fake,6,,,TAKEN_OUT
IL9,CMAF,unknown,Fake,6,,,TAKEN_OUT
IL9,IL1R1,unknown,Fake,6,,,TAKEN_OUT
IL9,IL10R,unknown,Fake,6,,,TAKEN_OUT
TGFBR,IL21R,unknown,Fake,6,,,TAKEN_OUT
TGFBR,IL12R,unknown,Fake,6,,,TAKEN_OUT
TGFBR,IL18R,unknown,Fake,6,,,TAKEN_OUT
TGFBR,IL12RB2,unknown,Fake,6,,,TAKEN_OUT
TGFBR,JAK1,unknown,Fake,6,,,TAKEN_OUT
TGFBR,IL21,unknown,Fake,6,,,TAKEN_OUT
TGFBR,IL23,unknown,Fake,6,,,TAKEN_OUT
TGFBR,TBET,unknown,Fake,6,,,TAKEN_OUT
TGFBR,THPOK,unknown,Fake,6,,,TAKEN_OUT
TGFBR,IL4RA_2,unknown,Fake,6,,,TAKEN_OUT
TGFBR,STAT1,unknown,Fake,6,,,TAKEN_OUT
TGFBR,IL33R,unknown,Fake,6,,,TAKEN_OUT
TGFBR,IL22,unknown,Fake,6,,,TAKEN_OUT
TGFBR,IFNGR_2,unknown,Fake,6,,,TAKEN_OUT
TGFBR,IRF1,unknown,Fake,6,,,TAKEN_OUT
TGFBR,STAT4,unknown,Fake,6,,,TAKEN_OUT
TGFBR,IFNGR,unknown,Fake,6,,,TAKEN_OUT
TGFBR,EOMES,unknown,Fake,6,,,TAKEN_OUT
TGFBR,CD8,unknown,Fake,6,,,TAKEN_OUT
TGFBR,TBET_2,unknown,Fake,6,,,TAKEN_OUT
TGFBR,NFKB,unknown,Fake,6,,,TAKEN_OUT
TGFBR,STAT6,unknown,Fake,6,,,TAKEN_OUT
TGFBR,STAT1_2,unknown,Fake,6,,,TAKEN_OUT
TGFBR,IL4,unknown,Fake,6,,,TAKEN_OUT
TGFBR,STAT3,unknown,Fake,6,,,TAKEN_OUT
TGFBR,IL25,unknown,Fake,6,,,TAKEN_OUT
TGFBR,IL9,unknown,Fake,6,,,TAKEN_OUT
TGFBR,TGFBR,unknown,Fake,6,,,TAKEN_OUT
TGFBR,IL5,unknown,Fake,6,,,TAKEN_OUT
TGFBR,IL1R,unknown,Fake,6,,,TAKEN_OUT
TGFBR,IL6,unknown,Fake,6,,,TAKEN_OUT
TGFBR,IL12RB1_2,unknown,Fake,6,,,TAKEN_OUT
TGFBR,RUNX3,unknown,Fake,6,,,TAKEN_OUT
TGFBR,IL17,unknown,Fake,6,,,TAKEN_OUT
TGFBR,IL4R,unknown,Fake,6,,,TAKEN_OUT
TGFBR,CD4,unknown,Fake,6,,,TAKEN_OUT
TGFBR,proliferation,unknown,Fake,6,,,TAKEN_OUT
TGFBR,NFAT,unknown,Fake,6,,,TAKEN_OUT
TGFBR,STAT5_2,unknown,Fake,6,,,TAKEN_OUT
TGFBR,IRAK,unknown,Fake,6,,,TAKEN_OUT
TGFBR,IL2,unknown,Fake,6,,,TAKEN_OUT
TGFBR,IL2RA,unknown,Fake,6,,,TAKEN_OUT
TGFBR,IL13,unknown,Fake,6,,,TAKEN_OUT
TGFBR,FOXP3,unknown,Fake,6,,,TAKEN_OUT
TGFBR,IL31,unknown,Fake,6,,,TAKEN_OUT
TGFBR,PRF1,unknown,Fake,6,,,TAKEN_OUT
TGFBR,ST2,unknown,Fake,6,,,TAKEN_OUT
TGFBR,GZMB,unknown,Fake,6,,,TAKEN_OUT
TGFBR,SOCS1,unknown,Fake,6,,,TAKEN_OUT
TGFBR,STAT5,unknown,Fake,6,,,TAKEN_OUT
TGFBR,TGFB,unknown,Fake,6,,,TAKEN_OUT
TGFBR,IL4R_2,unknown,Fake,6,,,TAKEN_OUT
TGFBR,IL2R_2,unknown,Fake,6,,,TAKEN_OUT
TGFBR,IL3,unknown,Fake,6,,,TAKEN_OUT
TGFBR,IL24,unknown,Fake,6,,,TAKEN_OUT
TGFBR,IFNG_2,unknown,Fake,6,,,TAKEN_OUT
TGFBR,GATA3,unknown,Fake,6,,,TAKEN_OUT
TGFBR,RORGT,unknown,Fake,6,,,TAKEN_OUT
TGFBR,IL10,unknown,Fake,6,,,TAKEN_OUT
TGFBR,IL23R,unknown,Fake,6,,,TAKEN_OUT
TGFBR,BCL6,unknown,Fake,6,,,TAKEN_OUT
TGFBR,IL6R,unknown,Fake,6,,,TAKEN_OUT
TGFBR,IL35,unknown,Fake,6,,,TAKEN_OUT
TGFBR,IL25R,unknown,Fake,6,,,TAKEN_OUT
TGFBR,IL2R,unknown,Fake,6,,,TAKEN_OUT
TGFBR,CMAF,unknown,Fake,6,,,TAKEN_OUT
TGFBR,IFNG,unknown,Fake,6,,,TAKEN_OUT
TGFBR,IL1R1,unknown,Fake,6,,,TAKEN_OUT
TGFBR,IL10R,unknown,Fake,6,,,TAKEN_OUT
APC,IL21R,unknown,Fake,6,,,TAKEN_OUT
APC,IL12R,unknown,Fake,6,,,TAKEN_OUT
APC,IL18R,unknown,Fake,6,,,TAKEN_OUT
APC,IL12RB2,unknown,Fake,6,,,TAKEN_OUT
APC,JAK1,unknown,Fake,6,,,TAKEN_OUT
APC,IL21,unknown,Fake,6,,,TAKEN_OUT
APC,IL23,unknown,Fake,6,,,TAKEN_OUT
APC,TBET,unknown,Fake,6,,,TAKEN_OUT
APC,THPOK,unknown,Fake,6,,,TAKEN_OUT
APC,IL4RA_2,unknown,Fake,6,,,TAKEN_OUT
APC,STAT1,unknown,Fake,6,,,TAKEN_OUT
APC,IL33R,unknown,Fake,6,,,TAKEN_OUT
APC,IL22,unknown,Fake,6,,,TAKEN_OUT
APC,IFNGR_2,unknown,Fake,6,,,TAKEN_OUT
APC,IRF1,unknown,Fake,6,,,TAKEN_OUT
APC,STAT4,unknown,Fake,6,,,TAKEN_OUT
APC,IFNGR,unknown,Fake,6,,,TAKEN_OUT
APC,PU1,unknown,Fake,6,,,TAKEN_OUT
APC,EOMES,unknown,Fake,6,,,TAKEN_OUT
APC,CD8,unknown,Fake,6,,,TAKEN_OUT
APC,TBET_2,unknown,Fake,6,,,TAKEN_OUT
APC,NFKB,unknown,Fake,6,,,TAKEN_OUT
APC,STAT6,unknown,Fake,6,,,TAKEN_OUT
APC,SMAD3,unknown,Fake,6,,,TAKEN_OUT
APC,STAT1_2,unknown,Fake,6,,,TAKEN_OUT
APC,IL4,unknown,Fake,6,,,TAKEN_OUT
APC,STAT3,unknown,Fake,6,,,TAKEN_OUT
APC,IL25,unknown,Fake,6,,,TAKEN_OUT
APC,IL9,unknown,Fake,6,,,TAKEN_OUT
APC,TGFBR,unknown,Fake,6,,,TAKEN_OUT
APC,IL5,unknown,Fake,6,,,TAKEN_OUT
APC,IL1R,unknown,Fake,6,,,TAKEN_OUT
APC,IL6,unknown,Fake,6,,,TAKEN_OUT
APC,IL12RB1_2,unknown,Fake,6,,,TAKEN_OUT
APC,RUNX3,unknown,Fake,6,,,TAKEN_OUT
APC,IL17,unknown,Fake,6,,,TAKEN_OUT
APC,IL4R,unknown,Fake,6,,,TAKEN_OUT
APC,CD4,unknown,Fake,6,,,TAKEN_OUT
APC,SMAD2,unknown,Fake,6,,,TAKEN_OUT
APC,proliferation,unknown,Fake,6,,,TAKEN_OUT
APC,NFAT,unknown,Fake,6,,,TAKEN_OUT
APC,STAT5_2,unknown,Fake,6,,,TAKEN_OUT
APC,IRAK,unknown,Fake,6,,,TAKEN_OUT
APC,IL2,unknown,Fake,6,,,TAKEN_OUT
APC,IL2RA,unknown,Fake,6,,,TAKEN_OUT
APC,IL13,unknown,Fake,6,,,TAKEN_OUT
APC,FOXP3,unknown,Fake,6,,,TAKEN_OUT
APC,IL31,unknown,Fake,6,,,TAKEN_OUT
APC,PRF1,unknown,Fake,6,,,TAKEN_OUT
APC,ST2,unknown,Fake,6,,,TAKEN_OUT
APC,GZMB,unknown,Fake,6,,,TAKEN_OUT
APC,SOCS1,unknown,Fake,6,,,TAKEN_OUT
APC,STAT5,unknown,Fake,6,,,TAKEN_OUT
APC,TGFB,unknown,Fake,6,,,TAKEN_OUT
APC,IL4R_2,unknown,Fake,6,,,TAKEN_OUT
APC,IL2R_2,unknown,Fake,6,,,TAKEN_OUT
APC,IL3,unknown,Fake,6,,,TAKEN_OUT
APC,IL24,unknown,Fake,6,,,TAKEN_OUT
APC,IFNG_2,unknown,Fake,6,,,TAKEN_OUT
APC,GATA3,unknown,Fake,6,,,TAKEN_OUT
APC,RORGT,unknown,Fake,6,,,TAKEN_OUT
APC,IL10,unknown,Fake,6,,,TAKEN_OUT
APC,IL23R,unknown,Fake,6,,,TAKEN_OUT
APC,BCL6,unknown,Fake,6,,,TAKEN_OUT
APC,IL6R,unknown,Fake,6,,,TAKEN_OUT
APC,IL35,unknown,Fake,6,,,TAKEN_OUT
APC,IL25R,unknown,Fake,6,,,TAKEN_OUT
APC,IL2R,unknown,Fake,6,,,TAKEN_OUT
APC,CMAF,unknown,Fake,6,,,TAKEN_OUT
APC,IFNG,unknown,Fake,6,,,TAKEN_OUT
APC,IL1R1,unknown,Fake,6,,,TAKEN_OUT
APC,IL10R,unknown,Fake,6,,,TAKEN_OUT
IL5,IL21R,unknown,Fake,6,,,KEPT
IL5,IL12R,unknown,Fake,6,,,KEPT
IL5,IL18R,unknown,Fake,6,,,KEPT
IL5,IL12RB2,unknown,Fake,6,,,KEPT
IL5,JAK1,unknown,Fake,6,,,KEPT
IL5,IL21,unknown,Fake,6,,,KEPT
IL5,IL23,unknown,Fake,6,,,KEPT
IL5,TBET,unknown,Fake,6,,,KEPT
IL5,THPOK,unknown,Fake,6,,,KEPT
IL5,IL4RA_2,unknown,Fake,6,,,KEPT
IL5,STAT1,unknown,Fake,6,,,KEPT
IL5,IL33R,unknown,Fake,6,,,KEPT
IL5,IL22,unknown,Fake,6,,,KEPT
IL5,IFNGR_2,unknown,Fake,6,,,KEPT
IL5,IRF1,unknown,Fake,6,,,KEPT
IL5,STAT4,unknown,Fake,6,,,KEPT
IL5,IFNGR,unknown,Fake,6,,,KEPT
IL5,PU1,unknown,Fake,6,,,KEPT
IL5,EOMES,unknown,Fake,6,,,KEPT
IL5,CD8,unknown,Fake,6,,,KEPT
IL5,TBET_2,unknown,Fake,6,,,KEPT
IL5,NFKB,unknown,Fake,6,,,KEPT
IL5,STAT6,unknown,Fake,6,,,KEPT
IL5,SMAD3,unknown,Fake,6,,,KEPT
IL5,STAT1_2,unknown,Fake,6,,,KEPT
IL5,IL4,unknown,Fake,6,,,KEPT
IL5,STAT3,unknown,Fake,6,,,KEPT
IL5,IL25,unknown,Fake,6,,,KEPT
IL5,IL9,unknown,Fake,6,,,KEPT
IL5,TGFBR,unknown,Fake,6,,,KEPT
IL5,IL5,unknown,Fake,6,,,KEPT
IL5,IL1R,unknown,Fake,6,,,KEPT
IL5,IL6,unknown,Fake,6,,,KEPT
IL5,IL12RB1_2,unknown,Fake,6,,,KEPT
IL5,RUNX3,unknown,Fake,6,,,KEPT
IL5,IL17,unknown,Fake,6,,,KEPT
IL5,IL4R,unknown,Fake,6,,,KEPT
IL5,CD4,unknown,Fake,6,,,KEPT
IL5,SMAD2,unknown,Fake,6,,,KEPT
IL5,proliferation,unknown,Fake,6,,,KEPT
IL5,NFAT,unknown,Fake,6,,,KEPT
IL5,STAT5_2,unknown,Fake,6,,,KEPT
IL5,IRAK,unknown,Fake,6,,,KEPT
IL5,IL2,unknown,Fake,6,,,KEPT
IL5,IL2RA,unknown,Fake,6,,,KEPT
IL5,IL13,unknown,Fake,6,,,KEPT
IL5,FOXP3,unknown,Fake,6,,,KEPT
IL5,IL31,unknown,Fake,6,,,KEPT
IL5,PRF1,unknown,Fake,6,,,KEPT
IL5,ST2,unknown,Fake,6,,,KEPT
IL5,GZMB,unknown,Fake,6,,,KEPT
IL5,SOCS1,unknown,Fake,6,,,KEPT
IL5,STAT5,unknown,Fake,6,,,KEPT
IL5,TGFB,unknown,Fake,6,,,KEPT
IL5,IL4R_2,unknown,Fake,6,,,KEPT
IL5,IL2R_2,unknown,Fake,6,,,KEPT
IL5,IL3,unknown,Fake,6,,,KEPT
IL5,IL24,unknown,Fake,6,,,KEPT
IL5,IFNG_2,unknown,Fake,6,,,KEPT
IL5,GATA3,unknown,Fake,6,,,KEPT
IL5,RORGT,unknown,Fake,6,,,KEPT
IL5,IL10,unknown,Fake,6,,,KEPT
IL5,IL23R,unknown,Fake,6,,,KEPT
IL5,BCL6,unknown,Fake,6,,,KEPT
IL5,IL6R,unknown,Fake,6,,,KEPT
IL5,IL35,unknown,Fake,6,,,KEPT
IL5,IL25R,unknown,Fake,6,,,KEPT
IL5,IL2R,unknown,Fake,6,,,KEPT
IL5,CMAF,unknown,Fake,6,,,KEPT
IL5,IFNG,unknown,Fake,6,,,KEPT
IL5,IL1R1,unknown,Fake,6,,,KEPT
IL5,IL10R,unknown,Fake,6,,,KEPT
IL1R,IL21R,unknown,Fake,6,,,TAKEN_OUT
IL1R,IL12R,unknown,Fake,6,,,TAKEN_OUT
IL1R,IL18R,unknown,Fake,6,,,TAKEN_OUT
IL1R,IL12RB2,unknown,Fake,6,,,TAKEN_OUT
IL1R,JAK1,unknown,Fake,6,,,TAKEN_OUT
IL1R,IL21,unknown,Fake,6,,,TAKEN_OUT
IL1R,IL23,unknown,Fake,6,,,TAKEN_OUT
IL1R,TBET,unknown,Fake,6,,,TAKEN_OUT
IL1R,THPOK,unknown,Fake,6,,,TAKEN_OUT
IL1R,IL4RA_2,unknown,Fake,6,,,TAKEN_OUT
IL1R,STAT1,unknown,Fake,6,,,TAKEN_OUT
IL1R,IL33R,unknown,Fake,6,,,TAKEN_OUT
IL1R,IL22,unknown,Fake,6,,,TAKEN_OUT
IL1R,IFNGR_2,unknown,Fake,6,,,TAKEN_OUT
IL1R,IRF1,unknown,Fake,6,,,TAKEN_OUT
IL1R,STAT4,unknown,Fake,6,,,TAKEN_OUT
IL1R,IFNGR,unknown,Fake,6,,,TAKEN_OUT
IL1R,PU1,unknown,Fake,6,,,TAKEN_OUT
IL1R,EOMES,unknown,Fake,6,,,TAKEN_OUT
IL1R,CD8,unknown,Fake,6,,,TAKEN_OUT
IL1R,TBET_2,unknown,Fake,6,,,TAKEN_OUT
IL1R,NFKB,unknown,Fake,6,,,TAKEN_OUT
IL1R,STAT6,unknown,Fake,6,,,TAKEN_OUT
IL1R,SMAD3,unknown,Fake,6,,,TAKEN_OUT
IL1R,STAT1_2,unknown,Fake,6,,,TAKEN_OUT
IL1R,IL4,unknown,Fake,6,,,TAKEN_OUT
IL1R,IL25,unknown,Fake,6,,,TAKEN_OUT
IL1R,IL9,unknown,Fake,6,,,TAKEN_OUT
IL1R,TGFBR,unknown,Fake,6,,,TAKEN_OUT
IL1R,IL5,unknown,Fake,6,,,TAKEN_OUT
IL1R,IL1R,unknown,Fake,6,,,TAKEN_OUT
IL1R,IL6,unknown,Fake,6,,,TAKEN_OUT
IL1R,IL12RB1_2,unknown,Fake,6,,,TAKEN_OUT
IL1R,RUNX3,unknown,Fake,6,,,TAKEN_OUT
IL1R,IL17,unknown,Fake,6,,,TAKEN_OUT
IL1R,IL4R,unknown,Fake,6,,,TAKEN_OUT
IL1R,CD4,unknown,Fake,6,,,TAKEN_OUT
IL1R,SMAD2,unknown,Fake,6,,,TAKEN_OUT
IL1R,proliferation,unknown,Fake,6,,,TAKEN_OUT
IL1R,NFAT,unknown,Fake,6,,,TAKEN_OUT
IL1R,STAT5_2,unknown,Fake,6,,,TAKEN_OUT
IL1R,IRAK,unknown,Fake,6,,,TAKEN_OUT
IL1R,IL2,unknown,Fake,6,,,TAKEN_OUT
IL1R,IL2RA,unknown,Fake,6,,,TAKEN_OUT
IL1R,IL13,unknown,Fake,6,,,TAKEN_OUT
IL1R,FOXP3,unknown,Fake,6,,,TAKEN_OUT
IL1R,IL31,unknown,Fake,6,,,TAKEN_OUT
IL1R,PRF1,unknown,Fake,6,,,TAKEN_OUT
IL1R,ST2,unknown,Fake,6,,,TAKEN_OUT
IL1R,GZMB,unknown,Fake,6,,,TAKEN_OUT
IL1R,SOCS1,unknown,Fake,6,,,TAKEN_OUT
IL1R,STAT5,unknown,Fake,6,,,TAKEN_OUT
IL1R,TGFB,unknown,Fake,6,,,TAKEN_OUT
IL1R,IL4R_2,unknown,Fake,6,,,TAKEN_OUT
IL1R,IL2R_2,unknown,Fake,6,,,TAKEN_OUT
IL1R,IL3,unknown,Fake,6,,,TAKEN_OUT
IL1R,IL24,unknown,Fake,6,,,TAKEN_OUT
IL1R,IFNG_2,unknown,Fake,6,,,TAKEN_OUT
IL1R,GATA3,unknown,Fake,6,,,TAKEN_OUT
IL1R,RORGT,unknown,Fake,6,,,TAKEN_OUT
IL1R,IL10,unknown,Fake,6,,,TAKEN_OUT
IL1R,IL23R,unknown,Fake,6,,,TAKEN_OUT
IL1R,BCL6,unknown,Fake,6,,,TAKEN_OUT
IL1R,IL6R,unknown,Fake,6,,,TAKEN_OUT
IL1R,IL35,unknown,Fake,6,,,TAKEN_OUT
IL1R,IL25R,unknown,Fake,6,,,TAKEN_OUT
IL1R,IL2R,unknown,Fake,6,,,TAKEN_OUT
IL1R,CMAF,unknown,Fake,6,,,TAKEN_OUT
IL1R,IFNG,unknown,Fake,6,,,TAKEN_OUT
IL1R,IL1R1,unknown,Fake,6,,,TAKEN_OUT
IL1R,IL10R,unknown,Fake,6,,,TAKEN_OUT
IL6,IL21R,unknown,Fake,6,,,TAKEN_OUT
IL6,IL12R,unknown,Fake,6,,,TAKEN_OUT
IL6,IL18R,unknown,Fake,6,,,TAKEN_OUT
IL6,IL12RB2,unknown,Fake,6,,,TAKEN_OUT
IL6,JAK1,unknown,Fake,6,,,TAKEN_OUT
IL6,IL21,unknown,Fake,6,,,TAKEN_OUT
IL6,IL23,unknown,Fake,6,,,TAKEN_OUT
IL6,TBET,unknown,Fake,6,,,TAKEN_OUT
IL6,THPOK,unknown,Fake,6,,,TAKEN_OUT
IL6,IL4RA_2,unknown,Fake,6,,,TAKEN_OUT
IL6,STAT1,unknown,Fake,6,,,TAKEN_OUT
IL6,IL33R,unknown,Fake,6,,,TAKEN_OUT
IL6,IL22,unknown,Fake,6,,,TAKEN_OUT
IL6,IFNGR_2,unknown,Fake,6,,,TAKEN_OUT
IL6,IRF1,unknown,Fake,6,,,TAKEN_OUT
IL6,STAT4,unknown,Fake,6,,,TAKEN_OUT
IL6,IFNGR,unknown,Fake,6,,,TAKEN_OUT
IL6,PU1,unknown,Fake,6,,,TAKEN_OUT
IL6,EOMES,unknown,Fake,6,,,TAKEN_OUT
IL6,CD8,unknown,Fake,6,,,TAKEN_OUT
IL6,TBET_2,unknown,Fake,6,,,TAKEN_OUT
IL6,NFKB,unknown,Fake,6,,,TAKEN_OUT
IL6,STAT6,unknown,Fake,6,,,TAKEN_OUT
IL6,SMAD3,unknown,Fake,6,,,TAKEN_OUT
IL6,STAT1_2,unknown,Fake,6,,,TAKEN_OUT
IL6,IL4,unknown,Fake,6,,,TAKEN_OUT
IL6,STAT3,unknown,Fake,6,,,TAKEN_OUT
IL6,IL25,unknown,Fake,6,,,TAKEN_OUT
IL6,IL9,unknown,Fake,6,,,TAKEN_OUT
IL6,TGFBR,unknown,Fake,6,,,TAKEN_OUT
IL6,IL5,unknown,Fake,6,,,TAKEN_OUT
IL6,IL1R,unknown,Fake,6,,,TAKEN_OUT
IL6,IL6,unknown,Fake,6,,,TAKEN_OUT
IL6,IL12RB1_2,unknown,Fake,6,,,TAKEN_OUT
IL6,RUNX3,unknown,Fake,6,,,TAKEN_OUT
IL6,IL17,unknown,Fake,6,,,TAKEN_OUT
IL6,IL4R,unknown,Fake,6,,,TAKEN_OUT
IL6,CD4,unknown,Fake,6,,,TAKEN_OUT
IL6,SMAD2,unknown,Fake,6,,,TAKEN_OUT
IL6,proliferation,unknown,Fake,6,,,TAKEN_OUT
IL6,NFAT,unknown,Fake,6,,,TAKEN_OUT
IL6,STAT5_2,unknown,Fake,6,,,TAKEN_OUT
IL6,IRAK,unknown,Fake,6,,,TAKEN_OUT
IL6,IL2,unknown,Fake,6,,,TAKEN_OUT
IL6,IL2RA,unknown,Fake,6,,,TAKEN_OUT
IL6,IL13,unknown,Fake,6,,,TAKEN_OUT
IL6,FOXP3,unknown,Fake,6,,,TAKEN_OUT
IL6,IL31,unknown,Fake,6,,,TAKEN_OUT
IL6,PRF1,unknown,Fake,6,,,TAKEN_OUT
IL6,ST2,unknown,Fake,6,,,TAKEN_OUT
IL6,GZMB,unknown,Fake,6,,,TAKEN_OUT
IL6,SOCS1,unknown,Fake,6,,,TAKEN_OUT
IL6,STAT5,unknown,Fake,6,,,TAKEN_OUT
IL6,TGFB,unknown,Fake,6,,,TAKEN_OUT
IL6,IL4R_2,unknown,Fake,6,,,TAKEN_OUT
IL6,IL2R_2,unknown,Fake,6,,,TAKEN_OUT
IL6,IL3,unknown,Fake,6,,,TAKEN_OUT
IL6,IL24,unknown,Fake,6,,,TAKEN_OUT
IL6,IFNG_2,unknown,Fake,6,,,TAKEN_OUT
IL6,GATA3,unknown,Fake,6,,,TAKEN_OUT
IL6,RORGT,unknown,Fake,6,,,TAKEN_OUT
IL6,IL10,unknown,Fake,6,,,TAKEN_OUT
IL6,IL23R,unknown,Fake,6,,,TAKEN_OUT
IL6,BCL6,unknown,Fake,6,,,TAKEN_OUT
IL6,IL35,unknown,Fake,6,,,TAKEN_OUT
IL6,IL25R,unknown,Fake,6,,,TAKEN_OUT
IL6,IL2R,unknown,Fake,6,,,TAKEN_OUT
IL6,CMAF,unknown,Fake,6,,,TAKEN_OUT
IL6,IFNG,unknown,Fake,6,,,TAKEN_OUT
IL6,IL1R1,unknown,Fake,6,,,TAKEN_OUT
IL6,IL10R,unknown,Fake,6,,,TAKEN_OUT
RUNX3,IL21R,unknown,Fake,6,,,TAKEN_OUT
RUNX3,IL12R,unknown,Fake,6,,,TAKEN_OUT
RUNX3,IL18R,unknown,Fake,6,,,TAKEN_OUT
RUNX3,IL12RB2,unknown,Fake,6,,,TAKEN_OUT
RUNX3,JAK1,unknown,Fake,6,,,TAKEN_OUT
RUNX3,IL21,unknown,Fake,6,,,TAKEN_OUT
RUNX3,IL23,unknown,Fake,6,,,TAKEN_OUT
RUNX3,TBET,unknown,Fake,6,,,TAKEN_OUT
RUNX3,IL4RA_2,unknown,Fake,6,,,TAKEN_OUT
RUNX3,STAT1,unknown,Fake,6,,,TAKEN_OUT
RUNX3,IL33R,unknown,Fake,6,,,TAKEN_OUT
RUNX3,IL22,unknown,Fake,6,,,TAKEN_OUT
RUNX3,IFNGR_2,unknown,Fake,6,,,TAKEN_OUT
RUNX3,IRF1,unknown,Fake,6,,,TAKEN_OUT
RUNX3,STAT4,unknown,Fake,6,,,TAKEN_OUT
RUNX3,IFNGR,unknown,Fake,6,,,TAKEN_OUT
RUNX3,PU1,unknown,Fake,6,,,TAKEN_OUT
RUNX3,TBET_2,unknown,Fake,6,,,TAKEN_OUT
RUNX3,NFKB,unknown,Fake,6,,,TAKEN_OUT
RUNX3,STAT6,unknown,Fake,6,,,TAKEN_OUT
RUNX3,SMAD3,unknown,Fake,6,,,TAKEN_OUT
RUNX3,STAT1_2,unknown,Fake,6,,,TAKEN_OUT
RUNX3,STAT3,unknown,Fake,6,,,TAKEN_OUT
RUNX3,IL25,unknown,Fake,6,,,TAKEN_OUT
RUNX3,IL9,unknown,Fake,6,,,TAKEN_OUT
RUNX3,TGFBR,unknown,Fake,6,,,TAKEN_OUT
RUNX3,IL5,unknown,Fake,6,,,TAKEN_OUT
RUNX3,IL1R,unknown,Fake,6,,,TAKEN_OUT
RUNX3,IL6,unknown,Fake,6,,,TAKEN_OUT
RUNX3,IL12RB1_2,unknown,Fake,6,,,TAKEN_OUT
RUNX3,RUNX3,unknown,Fake,6,,,TAKEN_OUT
RUNX3,IL17,unknown,Fake,6,,,TAKEN_OUT
RUNX3,IL4R,unknown,Fake,6,,,TAKEN_OUT
RUNX3,SMAD2,unknown,Fake,6,,,TAKEN_OUT
RUNX3,proliferation,unknown,Fake,6,,,TAKEN_OUT
RUNX3,NFAT,unknown,Fake,6,,,TAKEN_OUT
RUNX3,STAT5_2,unknown,Fake,6,,,TAKEN_OUT
RUNX3,IRAK,unknown,Fake,6,,,TAKEN_OUT
RUNX3,IL2,unknown,Fake,6,,,TAKEN_OUT
RUNX3,IL2RA,unknown,Fake,6,,,TAKEN_OUT
RUNX3,IL13,unknown,Fake,6,,,TAKEN_OUT
RUNX3,FOXP3,unknown,Fake,6,,,TAKEN_OUT
RUNX3,IL31,unknown,Fake,6,,,TAKEN_OUT
RUNX3,PRF1,unknown,Fake,6,,,TAKEN_OUT
RUNX3,ST2,unknown,Fake,6,,,TAKEN_OUT
RUNX3,GZMB,unknown,Fake,6,,,TAKEN_OUT
RUNX3,SOCS1,unknown,Fake,6,,,TAKEN_OUT
RUNX3,STAT5,unknown,Fake,6,,,TAKEN_OUT
RUNX3,TGFB,unknown,Fake,6,,,TAKEN_OUT
RUNX3,IL4R_2,unknown,Fake,6,,,TAKEN_OUT
RUNX3,IL2R_2,unknown,Fake,6,,,TAKEN_OUT
RUNX3,IL3,unknown,Fake,6,,,TAKEN_OUT
RUNX3,IL24,unknown,Fake,6,,,TAKEN_OUT
RUNX3,GATA3,unknown,Fake,6,,,TAKEN_OUT
RUNX3,RORGT,unknown,Fake,6,,,TAKEN_OUT
RUNX3,IL10,unknown,Fake,6,,,TAKEN_OUT
RUNX3,IL23R,unknown,Fake,6,,,TAKEN_OUT
RUNX3,BCL6,unknown,Fake,6,,,TAKEN_OUT
RUNX3,IL6R,unknown,Fake,6,,,TAKEN_OUT
RUNX3,IL35,unknown,Fake,6,,,TAKEN_OUT
RUNX3,IL25R,unknown,Fake,6,,,TAKEN_OUT
RUNX3,IL2R,unknown,Fake,6,,,TAKEN_OUT
RUNX3,CMAF,unknown,Fake,6,,,TAKEN_OUT
RUNX3,IL1R1,unknown,Fake,6,,,TAKEN_OUT
RUNX3,IL10R,unknown,Fake,6,,,TAKEN_OUT
IL29_e,IL21R,unknown,Fake,6,,,TAKEN_OUT
IL29_e,IL12R,unknown,Fake,6,,,TAKEN_OUT
IL29_e,IL18R,unknown,Fake,6,,,TAKEN_OUT
IL29_e,IL12RB2,unknown,Fake,6,,,TAKEN_OUT
IL29_e,JAK1,unknown,Fake,6,,,TAKEN_OUT
IL29_e,IL21,unknown,Fake,6,,,TAKEN_OUT
IL29_e,IL23,unknown,Fake,6,,,TAKEN_OUT
IL29_e,TBET,unknown,Fake,6,,,TAKEN_OUT
IL29_e,THPOK,unknown,Fake,6,,,TAKEN_OUT
IL29_e,IL4RA_2,unknown,Fake,6,,,TAKEN_OUT
IL29_e,STAT1,unknown,Fake,6,,,TAKEN_OUT
IL29_e,IL33R,unknown,Fake,6,,,TAKEN_OUT
IL29_e,IL22,unknown,Fake,6,,,TAKEN_OUT
IL29_e,IFNGR_2,unknown,Fake,6,,,TAKEN_OUT
IL29_e,IRF1,unknown,Fake,6,,,TAKEN_OUT
IL29_e,STAT4,unknown,Fake,6,,,TAKEN_OUT
IL29_e,IFNGR,unknown,Fake,6,,,TAKEN_OUT
IL29_e,PU1,unknown,Fake,6,,,TAKEN_OUT
IL29_e,EOMES,unknown,Fake,6,,,TAKEN_OUT
IL29_e,CD8,unknown,Fake,6,,,TAKEN_OUT
IL29_e,TBET_2,unknown,Fake,6,,,TAKEN_OUT
IL29_e,NFKB,unknown,Fake,6,,,TAKEN_OUT
IL29_e,STAT6,unknown,Fake,6,,,TAKEN_OUT
IL29_e,SMAD3,unknown,Fake,6,,,TAKEN_OUT
IL29_e,STAT1_2,unknown,Fake,6,,,TAKEN_OUT
IL29_e,IL4,unknown,Fake,6,,,TAKEN_OUT
IL29_e,STAT3,unknown,Fake,6,,,TAKEN_OUT
IL29_e,IL25,unknown,Fake,6,,,TAKEN_OUT
IL29_e,IL9,unknown,Fake,6,,,TAKEN_OUT
IL29_e,TGFBR,unknown,Fake,6,,,TAKEN_OUT
IL29_e,IL5,unknown,Fake,6,,,TAKEN_OUT
IL29_e,IL1R,unknown,Fake,6,,,TAKEN_OUT
IL29_e,IL6,unknown,Fake,6,,,TAKEN_OUT
IL29_e,IL12RB1_2,unknown,Fake,6,,,TAKEN_OUT
IL29_e,RUNX3,unknown,Fake,6,,,TAKEN_OUT
IL29_e,IL17,unknown,Fake,6,,,TAKEN_OUT
IL29_e,IL4R,unknown,Fake,6,,,TAKEN_OUT
IL29_e,CD4,unknown,Fake,6,,,TAKEN_OUT
IL29_e,SMAD2,unknown,Fake,6,,,TAKEN_OUT
IL29_e,proliferation,unknown,Fake,6,,,TAKEN_OUT
IL29_e,NFAT,unknown,Fake,6,,,TAKEN_OUT
IL29_e,STAT5_2,unknown,Fake,6,,,TAKEN_OUT
IL29_e,IRAK,unknown,Fake,6,,,TAKEN_OUT
IL29_e,IL2,unknown,Fake,6,,,TAKEN_OUT
IL29_e,IL2RA,unknown,Fake,6,,,TAKEN_OUT
IL29_e,IL13,unknown,Fake,6,,,TAKEN_OUT
IL29_e,FOXP3,unknown,Fake,6,,,TAKEN_OUT
IL29_e,IL31,unknown,Fake,6,,,TAKEN_OUT
IL29_e,PRF1,unknown,Fake,6,,,TAKEN_OUT
IL29_e,ST2,unknown,Fake,6,,,TAKEN_OUT
IL29_e,GZMB,unknown,Fake,6,,,TAKEN_OUT
IL29_e,SOCS1,unknown,Fake,6,,,TAKEN_OUT
IL29_e,STAT5,unknown,Fake,6,,,TAKEN_OUT
IL29_e,TGFB,unknown,Fake,6,,,TAKEN_OUT
IL29_e,IL4R_2,unknown,Fake,6,,,TAKEN_OUT
IL29_e,IL2R_2,unknown,Fake,6,,,TAKEN_OUT
IL29_e,IL3,unknown,Fake,6,,,TAKEN_OUT
IL29_e,IL24,unknown,Fake,6,,,TAKEN_OUT
IL29_e,IFNG_2,unknown,Fake,6,,,TAKEN_OUT
IL29_e,GATA3,unknown,Fake,6,,,TAKEN_OUT
IL29_e,RORGT,unknown,Fake,6,,,TAKEN_OUT
IL29_e,IL10,unknown,Fake,6,,,TAKEN_OUT
IL29_e,IL23R,unknown,Fake,6,,,TAKEN_OUT
IL29_e,BCL6,unknown,Fake,6,,,TAKEN_OUT
IL29_e,IL6R,unknown,Fake,6,,,TAKEN_OUT
IL29_e,IL35,unknown,Fake,6,,,TAKEN_OUT
IL29_e,IL25R,unknown,Fake,6,,,TAKEN_OUT
IL29_e,IL2R,unknown,Fake,6,,,TAKEN_OUT
IL29_e,CMAF,unknown,Fake,6,,,TAKEN_OUT
IL29_e,IFNG,unknown,Fake,6,,,TAKEN_OUT
IL29_e,IL1R1,unknown,Fake,6,,,TAKEN_OUT
IL29_e,IL10R,unknown,Fake,6,,,TAKEN_OUT
IL25_e,IL21R,unknown,Fake,6,,,TAKEN_OUT
IL25_e,IL12R,unknown,Fake,6,,,TAKEN_OUT
IL25_e,IL18R,unknown,Fake,6,,,TAKEN_OUT
IL25_e,IL12RB2,unknown,Fake,6,,,TAKEN_OUT
IL25_e,JAK1,unknown,Fake,6,,,TAKEN_OUT
IL25_e,IL21,unknown,Fake,6,,,TAKEN_OUT
IL25_e,IL23,unknown,Fake,6,,,TAKEN_OUT
IL25_e,TBET,unknown,Fake,6,,,TAKEN_OUT
IL25_e,THPOK,unknown,Fake,6,,,TAKEN_OUT
IL25_e,IL4RA_2,unknown,Fake,6,,,TAKEN_OUT
IL25_e,STAT1,unknown,Fake,6,,,TAKEN_OUT
IL25_e,IL33R,unknown,Fake,6,,,TAKEN_OUT
IL25_e,IL22,unknown,Fake,6,,,TAKEN_OUT
IL25_e,IFNGR_2,unknown,Fake,6,,,TAKEN_OUT
IL25_e,IRF1,unknown,Fake,6,,,TAKEN_OUT
IL25_e,STAT4,unknown,Fake,6,,,TAKEN_OUT
IL25_e,IFNGR,unknown,Fake,6,,,TAKEN_OUT
IL25_e,PU1,unknown,Fake,6,,,TAKEN_OUT
IL25_e,EOMES,unknown,Fake,6,,,TAKEN_OUT
IL25_e,CD8,unknown,Fake,6,,,TAKEN_OUT
IL25_e,TBET_2,unknown,Fake,6,,,TAKEN_OUT
IL25_e,NFKB,unknown,Fake,6,,,TAKEN_OUT
IL25_e,STAT6,unknown,Fake,6,,,TAKEN_OUT
IL25_e,SMAD3,unknown,Fake,6,,,TAKEN_OUT
IL25_e,STAT1_2,unknown,Fake,6,,,TAKEN_OUT
IL25_e,IL4,unknown,Fake,6,,,TAKEN_OUT
IL25_e,STAT3,unknown,Fake,6,,,TAKEN_OUT
IL25_e,IL25,unknown,Fake,6,,,TAKEN_OUT
IL25_e,IL9,unknown,Fake,6,,,TAKEN_OUT
IL25_e,TGFBR,unknown,Fake,6,,,TAKEN_OUT
IL25_e,IL5,unknown,Fake,6,,,TAKEN_OUT
IL25_e,IL1R,unknown,Fake,6,,,TAKEN_OUT
IL25_e,IL6,unknown,Fake,6,,,TAKEN_OUT
IL25_e,IL12RB1_2,unknown,Fake,6,,,TAKEN_OUT
IL25_e,RUNX3,unknown,Fake,6,,,TAKEN_OUT
IL25_e,IL17,unknown,Fake,6,,,TAKEN_OUT
IL25_e,IL4R,unknown,Fake,6,,,TAKEN_OUT
IL25_e,CD4,unknown,Fake,6,,,TAKEN_OUT
IL25_e,SMAD2,unknown,Fake,6,,,TAKEN_OUT
IL25_e,proliferation,unknown,Fake,6,,,TAKEN_OUT
IL25_e,NFAT,unknown,Fake,6,,,TAKEN_OUT
IL25_e,STAT5_2,unknown,Fake,6,,,TAKEN_OUT
IL25_e,IRAK,unknown,Fake,6,,,TAKEN_OUT
IL25_e,IL2,unknown,Fake,6,,,TAKEN_OUT
IL25_e,IL2RA,unknown,Fake,6,,,TAKEN_OUT
IL25_e,IL13,unknown,Fake,6,,,TAKEN_OUT
IL25_e,FOXP3,unknown,Fake,6,,,TAKEN_OUT
IL25_e,IL31,unknown,Fake,6,,,TAKEN_OUT
IL25_e,PRF1,unknown,Fake,6,,,TAKEN_OUT
IL25_e,ST2,unknown,Fake,6,,,TAKEN_OUT
IL25_e,GZMB,unknown,Fake,6,,,TAKEN_OUT
IL25_e,SOCS1,unknown,Fake,6,,,TAKEN_OUT
IL25_e,STAT5,unknown,Fake,6,,,TAKEN_OUT
IL25_e,TGFB,unknown,Fake,6,,,TAKEN_OUT
IL25_e,IL4R_2,unknown,Fake,6,,,TAKEN_OUT
IL25_e,IL2R_2,unknown,Fake,6,,,TAKEN_OUT
IL25_e,IL3,unknown,Fake,6,,,TAKEN_OUT
IL25_e,IL24,unknown,Fake,6,,,TAKEN_OUT
IL25_e,IFNG_2,unknown,Fake,6,,,TAKEN_OUT
IL25_e,GATA3,unknown,Fake,6,,,TAKEN_OUT
IL25_e,RORGT,unknown,Fake,6,,,TAKEN_OUT
IL25_e,IL10,unknown,Fake,6,,,TAKEN_OUT
IL25_e,IL23R,unknown,Fake,6,,,TAKEN_OUT
IL25_e,BCL6,unknown,Fake,6,,,TAKEN_OUT
IL25_e,IL6R,unknown,Fake,6,,,TAKEN_OUT
IL25_e,IL35,unknown,Fake,6,,,TAKEN_OUT
IL25_e,IL2R,unknown,Fake,6,,,TAKEN_OUT
IL25_e,CMAF,unknown,Fake,6,,,TAKEN_OUT
IL25_e,IFNG,unknown,Fake,6,,,TAKEN_OUT
IL25_e,IL1R1,unknown,Fake,6,,,TAKEN_OUT
IL25_e,IL10R,unknown,Fake,6,,,TAKEN_OUT
STAT5_2,IL21R,unknown,Fake,6,,,TAKEN_OUT
STAT5_2,IL12R,unknown,Fake,6,,,TAKEN_OUT
STAT5_2,IL18R,unknown,Fake,6,,,TAKEN_OUT
STAT5_2,IL12RB2,unknown,Fake,6,,,TAKEN_OUT
STAT5_2,JAK1,unknown,Fake,6,,,TAKEN_OUT
STAT5_2,IL21,unknown,Fake,6,,,TAKEN_OUT
STAT5_2,IL23,unknown,Fake,6,,,TAKEN_OUT
STAT5_2,TBET,unknown,Fake,6,,,TAKEN_OUT
STAT5_2,THPOK,unknown,Fake,6,,,TAKEN_OUT
STAT5_2,STAT1,unknown,Fake,6,,,TAKEN_OUT
STAT5_2,IL33R,unknown,Fake,6,,,TAKEN_OUT
STAT5_2,IL22,unknown,Fake,6,,,TAKEN_OUT
STAT5_2,IFNGR_2,unknown,Fake,6,,,TAKEN_OUT
STAT5_2,IRF1,unknown,Fake,6,,,TAKEN_OUT
STAT5_2,STAT4,unknown,Fake,6,,,TAKEN_OUT
STAT5_2,IFNGR,unknown,Fake,6,,,TAKEN_OUT
STAT5_2,PU1,unknown,Fake,6,,,TAKEN_OUT
STAT5_2,EOMES,unknown,Fake,6,,,TAKEN_OUT
STAT5_2,CD8,unknown,Fake,6,,,TAKEN_OUT
STAT5_2,TBET_2,unknown,Fake,6,,,TAKEN_OUT
STAT5_2,NFKB,unknown,Fake,6,,,TAKEN_OUT
STAT5_2,STAT6,unknown,Fake,6,,,TAKEN_OUT
STAT5_2,SMAD3,unknown,Fake,6,,,TAKEN_OUT
STAT5_2,STAT1_2,unknown,Fake,6,,,TAKEN_OUT
STAT5_2,IL4,unknown,Fake,6,,,TAKEN_OUT
STAT5_2,STAT3,unknown,Fake,6,,,TAKEN_OUT
STAT5_2,IL25,unknown,Fake,6,,,TAKEN_OUT
STAT5_2,IL9,unknown,Fake,6,,,TAKEN_OUT
STAT5_2,TGFBR,unknown,Fake,6,,,TAKEN_OUT
STAT5_2,IL5,unknown,Fake,6,,,TAKEN_OUT
STAT5_2,IL1R,unknown,Fake,6,,,TAKEN_OUT
STAT5_2,IL6,unknown,Fake,6,,,TAKEN_OUT
STAT5_2,IL12RB1_2,unknown,Fake,6,,,TAKEN_OUT
STAT5_2,IL4R,unknown,Fake,6,,,TAKEN_OUT
STAT5_2,CD4,unknown,Fake,6,,,TAKEN_OUT
STAT5_2,SMAD2,unknown,Fake,6,,,TAKEN_OUT
STAT5_2,NFAT,unknown,Fake,6,,,TAKEN_OUT
STAT5_2,STAT5_2,unknown,Fake,6,,,TAKEN_OUT
STAT5_2,IRAK,unknown,Fake,6,,,TAKEN_OUT
STAT5_2,IL2,unknown,Fake,6,,,TAKEN_OUT
STAT5_2,IL2RA,unknown,Fake,6,,,TAKEN_OUT
STAT5_2,IL13,unknown,Fake,6,,,TAKEN_OUT
STAT5_2,IL31,unknown,Fake,6,,,TAKEN_OUT
STAT5_2,PRF1,unknown,Fake,6,,,TAKEN_OUT
STAT5_2,ST2,unknown,Fake,6,,,TAKEN_OUT
STAT5_2,GZMB,unknown,Fake,6,,,TAKEN_OUT
STAT5_2,SOCS1,unknown,Fake,6,,,TAKEN_OUT
STAT5_2,STAT5,unknown,Fake,6,,,TAKEN_OUT
STAT5_2,TGFB,unknown,Fake,6,,,TAKEN_OUT
STAT5_2,IL4R_2,unknown,Fake,6,,,TAKEN_OUT
STAT5_2,IL2R_2,unknown,Fake,6,,,TAKEN_OUT
STAT5_2,IL3,unknown,Fake,6,,,TAKEN_OUT
STAT5_2,IL24,unknown,Fake,6,,,TAKEN_OUT
STAT5_2,IFNG_2,unknown,Fake,6,,,TAKEN_OUT
STAT5_2,RORGT,unknown,Fake,6,,,TAKEN_OUT
STAT5_2,IL10,unknown,Fake,6,,,TAKEN_OUT
STAT5_2,IL23R,unknown,Fake,6,,,TAKEN_OUT
STAT5_2,BCL6,unknown,Fake,6,,,TAKEN_OUT
STAT5_2,IL6R,unknown,Fake,6,,,TAKEN_OUT
STAT5_2,IL35,unknown,Fake,6,,,TAKEN_OUT
STAT5_2,IL25R,unknown,Fake,6,,,TAKEN_OUT
STAT5_2,IL2R,unknown,Fake,6,,,TAKEN_OUT
STAT5_2,CMAF,unknown,Fake,6,,,TAKEN_OUT
STAT5_2,IFNG,unknown,Fake,6,,,TAKEN_OUT
STAT5_2,IL1R1,unknown,Fake,6,,,TAKEN_OUT
STAT5_2,IL10R,unknown,Fake,6,,,TAKEN_OUT
IRAK,IL21R,unknown,Fake,6,,,TAKEN_OUT
IRAK,IL12R,unknown,Fake,6,,,TAKEN_OUT
IRAK,IL18R,unknown,Fake,6,,,TAKEN_OUT
IRAK,IL12RB2,unknown,Fake,6,,,TAKEN_OUT
IRAK,JAK1,unknown,Fake,6,,,TAKEN_OUT
IRAK,IL21,unknown,Fake,6,,,TAKEN_OUT
IRAK,IL23,unknown,Fake,6,,,TAKEN_OUT
IRAK,TBET,unknown,Fake,6,,,TAKEN_OUT
IRAK,THPOK,unknown,Fake,6,,,TAKEN_OUT
IRAK,IL4RA_2,unknown,Fake,6,,,TAKEN_OUT
IRAK,STAT1,unknown,Fake,6,,,TAKEN_OUT
IRAK,IL33R,unknown,Fake,6,,,TAKEN_OUT
IRAK,IL22,unknown,Fake,6,,,TAKEN_OUT
IRAK,IFNGR_2,unknown,Fake,6,,,TAKEN_OUT
IRAK,IRF1,unknown,Fake,6,,,TAKEN_OUT
IRAK,STAT4,unknown,Fake,6,,,TAKEN_OUT
IRAK,IFNGR,unknown,Fake,6,,,TAKEN_OUT
IRAK,PU1,unknown,Fake,6,,,TAKEN_OUT
IRAK,EOMES,unknown,Fake,6,,,TAKEN_OUT
IRAK,CD8,unknown,Fake,6,,,TAKEN_OUT
IRAK,TBET_2,unknown,Fake,6,,,TAKEN_OUT
IRAK,STAT6,unknown,Fake,6,,,TAKEN_OUT
IRAK,SMAD3,unknown,Fake,6,,,TAKEN_OUT
IRAK,STAT1_2,unknown,Fake,6,,,TAKEN_OUT
IRAK,IL4,unknown,Fake,6,,,TAKEN_OUT
IRAK,STAT3,unknown,Fake,6,,,TAKEN_OUT
IRAK,IL25,unknown,Fake,6,,,TAKEN_OUT
IRAK,IL9,unknown,Fake,6,,,TAKEN_OUT
IRAK,TGFBR,unknown,Fake,6,,,TAKEN_OUT
IRAK,IL5,unknown,Fake,6,,,TAKEN_OUT
IRAK,IL1R,unknown,Fake,6,,,TAKEN_OUT
IRAK,IL6,unknown,Fake,6,,,TAKEN_OUT
IRAK,IL12RB1_2,unknown,Fake,6,,,TAKEN_OUT
IRAK,RUNX3,unknown,Fake,6,,,TAKEN_OUT
IRAK,IL17,unknown,Fake,6,,,TAKEN_OUT
IRAK,IL4R,unknown,Fake,6,,,TAKEN_OUT
IRAK,CD4,unknown,Fake,6,,,TAKEN_OUT
IRAK,SMAD2,unknown,Fake,6,,,TAKEN_OUT
IRAK,proliferation,unknown,Fake,6,,,TAKEN_OUT
IRAK,NFAT,unknown,Fake,6,,,TAKEN_OUT
IRAK,STAT5_2,unknown,Fake,6,,,TAKEN_OUT
IRAK,IRAK,unknown,Fake,6,,,TAKEN_OUT
IRAK,IL2,unknown,Fake,6,,,TAKEN_OUT
IRAK,IL2RA,unknown,Fake,6,,,TAKEN_OUT
IRAK,IL13,unknown,Fake,6,,,TAKEN_OUT
IRAK,FOXP3,unknown,Fake,6,,,TAKEN_OUT
IRAK,IL31,unknown,Fake,6,,,TAKEN_OUT
IRAK,PRF1,unknown,Fake,6,,,TAKEN_OUT
IRAK,ST2,unknown,Fake,6,,,TAKEN_OUT
IRAK,GZMB,unknown,Fake,6,,,TAKEN_OUT
IRAK,SOCS1,unknown,Fake,6,,,TAKEN_OUT
IRAK,STAT5,unknown,Fake,6,,,TAKEN_OUT
IRAK,TGFB,unknown,Fake,6,,,TAKEN_OUT
IRAK,IL4R_2,unknown,Fake,6,,,TAKEN_OUT
IRAK,IL2R_2,unknown,Fake,6,,,TAKEN_OUT
IRAK,IL3,unknown,Fake,6,,,TAKEN_OUT
IRAK,IL24,unknown,Fake,6,,,TAKEN_OUT
IRAK,GATA3,unknown,Fake,6,,,TAKEN_OUT
IRAK,RORGT,unknown,Fake,6,,,TAKEN_OUT
IRAK,IL10,unknown,Fake,6,,,TAKEN_OUT
IRAK,IL23R,unknown,Fake,6,,,TAKEN_OUT
IRAK,BCL6,unknown,Fake,6,,,TAKEN_OUT
IRAK,IL6R,unknown,Fake,6,,,TAKEN_OUT
IRAK,IL35,unknown,Fake,6,,,TAKEN_OUT
IRAK,IL25R,unknown,Fake,6,,,TAKEN_OUT
IRAK,IL2R,unknown,Fake,6,,,TAKEN_OUT
IRAK,CMAF,unknown,Fake,6,,,TAKEN_OUT
IRAK,IL1R1,unknown,Fake,6,,,TAKEN_OUT
IRAK,IL10R,unknown,Fake,6,,,TAKEN_OUT
IL2,IL21R,unknown,Fake,6,,,TAKEN_OUT
IL2,IL12R,unknown,Fake,6,,,TAKEN_OUT
IL2,IL18R,unknown,Fake,6,,,TAKEN_OUT
IL2,IL12RB2,unknown,Fake,6,,,TAKEN_OUT
IL2,JAK1,unknown,Fake,6,,,TAKEN_OUT
IL2,IL21,unknown,Fake,6,,,TAKEN_OUT
IL2,IL23,unknown,Fake,6,,,TAKEN_OUT
IL2,TBET,unknown,Fake,6,,,TAKEN_OUT
IL2,THPOK,unknown,Fake,6,,,TAKEN_OUT
IL2,IL4RA_2,unknown,Fake,6,,,TAKEN_OUT
IL2,STAT1,unknown,Fake,6,,,TAKEN_OUT
IL2,IL33R,unknown,Fake,6,,,TAKEN_OUT
IL2,IL22,unknown,Fake,6,,,TAKEN_OUT
IL2,IFNGR_2,unknown,Fake,6,,,TAKEN_OUT
IL2,IRF1,unknown,Fake,6,,,TAKEN_OUT
IL2,STAT4,unknown,Fake,6,,,TAKEN_OUT
IL2,IFNGR,unknown,Fake,6,,,TAKEN_OUT
IL2,PU1,unknown,Fake,6,,,TAKEN_OUT
IL2,EOMES,unknown,Fake,6,,,TAKEN_OUT
IL2,CD8,unknown,Fake,6,,,TAKEN_OUT
IL2,TBET_2,unknown,Fake,6,,,TAKEN_OUT
IL2,NFKB,unknown,Fake,6,,,TAKEN_OUT
IL2,STAT6,unknown,Fake,6,,,TAKEN_OUT
IL2,SMAD3,unknown,Fake,6,,,TAKEN_OUT
IL2,STAT1_2,unknown,Fake,6,,,TAKEN_OUT
IL2,IL4,unknown,Fake,6,,,TAKEN_OUT
IL2,STAT3,unknown,Fake,6,,,TAKEN_OUT
IL2,IL25,unknown,Fake,6,,,TAKEN_OUT
IL2,IL9,unknown,Fake,6,,,TAKEN_OUT
IL2,TGFBR,unknown,Fake,6,,,TAKEN_OUT
IL2,IL5,unknown,Fake,6,,,TAKEN_OUT
IL2,IL1R,unknown,Fake,6,,,TAKEN_OUT
IL2,IL6,unknown,Fake,6,,,TAKEN_OUT
IL2,IL12RB1_2,unknown,Fake,6,,,TAKEN_OUT
IL2,RUNX3,unknown,Fake,6,,,TAKEN_OUT
IL2,IL17,unknown,Fake,6,,,TAKEN_OUT
IL2,IL4R,unknown,Fake,6,,,TAKEN_OUT
IL2,CD4,unknown,Fake,6,,,TAKEN_OUT
IL2,SMAD2,unknown,Fake,6,,,TAKEN_OUT
IL2,proliferation,unknown,Fake,6,,,TAKEN_OUT
IL2,NFAT,unknown,Fake,6,,,TAKEN_OUT
IL2,STAT5_2,unknown,Fake,6,,,TAKEN_OUT
IL2,IRAK,unknown,Fake,6,,,TAKEN_OUT
IL2,IL2,unknown,Fake,6,,,TAKEN_OUT
IL2,IL2RA,unknown,Fake,6,,,TAKEN_OUT
IL2,IL13,unknown,Fake,6,,,TAKEN_OUT
IL2,FOXP3,unknown,Fake,6,,,TAKEN_OUT
IL2,IL31,unknown,Fake,6,,,TAKEN_OUT
IL2,PRF1,unknown,Fake,6,,,TAKEN_OUT
IL2,ST2,unknown,Fake,6,,,TAKEN_OUT
IL2,GZMB,unknown,Fake,6,,,TAKEN_OUT
IL2,SOCS1,unknown,Fake,6,,,TAKEN_OUT
IL2,STAT5,unknown,Fake,6,,,TAKEN_OUT
IL2,TGFB,unknown,Fake,6,,,TAKEN_OUT
IL2,IL4R_2,unknown,Fake,6,,,TAKEN_OUT
IL2,IL3,unknown,Fake,6,,,TAKEN_OUT
IL2,IL24,unknown,Fake,6,,,TAKEN_OUT
IL2,IFNG_2,unknown,Fake,6,,,TAKEN_OUT
IL2,GATA3,unknown,Fake,6,,,TAKEN_OUT
IL2,RORGT,unknown,Fake,6,,,TAKEN_OUT
IL2,IL10,unknown,Fake,6,,,TAKEN_OUT
IL2,IL23R,unknown,Fake,6,,,TAKEN_OUT
IL2,BCL6,unknown,Fake,6,,,TAKEN_OUT
IL2,IL6R,unknown,Fake,6,,,TAKEN_OUT
IL2,IL35,unknown,Fake,6,,,TAKEN_OUT
IL2,IL25R,unknown,Fake,6,,,TAKEN_OUT
IL2,CMAF,unknown,Fake,6,,,TAKEN_OUT
IL2,IFNG,unknown,Fake,6,,,TAKEN_OUT
IL2,IL1R1,unknown,Fake,6,,,TAKEN_OUT
IL2,IL10R,unknown,Fake,6,,,TAKEN_OUT
IL2RA,IL21R,unknown,Fake,6,,,TAKEN_OUT
IL2RA,IL12R,unknown,Fake,6,,,TAKEN_OUT
IL2RA,IL18R,unknown,Fake,6,,,TAKEN_OUT
IL2RA,IL12RB2,unknown,Fake,6,,,TAKEN_OUT
IL2RA,JAK1,unknown,Fake,6,,,TAKEN_OUT
IL2RA,IL21,unknown,Fake,6,,,TAKEN_OUT
IL2RA,IL23,unknown,Fake,6,,,TAKEN_OUT
IL2RA,TBET,unknown,Fake,6,,,TAKEN_OUT
IL2RA,THPOK,unknown,Fake,6,,,TAKEN_OUT
IL2RA,IL4RA_2,unknown,Fake,6,,,TAKEN_OUT
IL2RA,STAT1,unknown,Fake,6,,,TAKEN_OUT
IL2RA,IL33R,unknown,Fake,6,,,TAKEN_OUT
IL2RA,IL22,unknown,Fake,6,,,TAKEN_OUT
IL2RA,IFNGR_2,unknown,Fake,6,,,TAKEN_OUT
IL2RA,IRF1,unknown,Fake,6,,,TAKEN_OUT
IL2RA,STAT4,unknown,Fake,6,,,TAKEN_OUT
IL2RA,IFNGR,unknown,Fake,6,,,TAKEN_OUT
IL2RA,PU1,unknown,Fake,6,,,TAKEN_OUT
IL2RA,EOMES,unknown,Fake,6,,,TAKEN_OUT
IL2RA,CD8,unknown,Fake,6,,,TAKEN_OUT
IL2RA,TBET_2,unknown,Fake,6,,,TAKEN_OUT
IL2RA,NFKB,unknown,Fake,6,,,TAKEN_OUT
IL2RA,STAT6,unknown,Fake,6,,,TAKEN_OUT
IL2RA,SMAD3,unknown,Fake,6,,,TAKEN_OUT
IL2RA,STAT1_2,unknown,Fake,6,,,TAKEN_OUT
IL2RA,IL4,unknown,Fake,6,,,TAKEN_OUT
IL2RA,STAT3,unknown,Fake,6,,,TAKEN_OUT
IL2RA,IL25,unknown,Fake,6,,,TAKEN_OUT
IL2RA,IL9,unknown,Fake,6,,,TAKEN_OUT
IL2RA,TGFBR,unknown,Fake,6,,,TAKEN_OUT
IL2RA,IL5,unknown,Fake,6,,,TAKEN_OUT
IL2RA,IL1R,unknown,Fake,6,,,TAKEN_OUT
IL2RA,IL6,unknown,Fake,6,,,TAKEN_OUT
IL2RA,IL12RB1_2,unknown,Fake,6,,,TAKEN_OUT
IL2RA,RUNX3,unknown,Fake,6,,,TAKEN_OUT
IL2RA,IL17,unknown,Fake,6,,,TAKEN_OUT
IL2RA,IL4R,unknown,Fake,6,,,TAKEN_OUT
IL2RA,CD4,unknown,Fake,6,,,TAKEN_OUT
IL2RA,SMAD2,unknown,Fake,6,,,TAKEN_OUT
IL2RA,proliferation,unknown,Fake,6,,,TAKEN_OUT
IL2RA,NFAT,unknown,Fake,6,,,TAKEN_OUT
IL2RA,STAT5_2,unknown,Fake,6,,,TAKEN_OUT
IL2RA,IRAK,unknown,Fake,6,,,TAKEN_OUT
IL2RA,IL2,unknown,Fake,6,,,TAKEN_OUT
IL2RA,IL2RA,unknown,Fake,6,,,TAKEN_OUT
IL2RA,IL13,unknown,Fake,6,,,TAKEN_OUT
IL2RA,FOXP3,unknown,Fake,6,,,TAKEN_OUT
IL2RA,IL31,unknown,Fake,6,,,TAKEN_OUT
IL2RA,PRF1,unknown,Fake,6,,,TAKEN_OUT
IL2RA,ST2,unknown,Fake,6,,,TAKEN_OUT
IL2RA,GZMB,unknown,Fake,6,,,TAKEN_OUT
IL2RA,SOCS1,unknown,Fake,6,,,TAKEN_OUT
IL2RA,STAT5,unknown,Fake,6,,,TAKEN_OUT
IL2RA,TGFB,unknown,Fake,6,,,TAKEN_OUT
IL2RA,IL4R_2,unknown,Fake,6,,,TAKEN_OUT
IL2RA,IL3,unknown,Fake,6,,,TAKEN_OUT
IL2RA,IL24,unknown,Fake,6,,,TAKEN_OUT
IL2RA,IFNG_2,unknown,Fake,6,,,TAKEN_OUT
IL2RA,GATA3,unknown,Fake,6,,,TAKEN_OUT
IL2RA,RORGT,unknown,Fake,6,,,TAKEN_OUT
IL2RA,IL10,unknown,Fake,6,,,TAKEN_OUT
IL2RA,IL23R,unknown,Fake,6,,,TAKEN_OUT
IL2RA,BCL6,unknown,Fake,6,,,TAKEN_OUT
IL2RA,IL6R,unknown,Fake,6,,,TAKEN_OUT
IL2RA,IL35,unknown,Fake,6,,,TAKEN_OUT
IL2RA,IL25R,unknown,Fake,6,,,TAKEN_OUT
IL2RA,IL2R,unknown,Fake,6,,,TAKEN_OUT
IL2RA,CMAF,unknown,Fake,6,,,TAKEN_OUT
IL2RA,IFNG,unknown,Fake,6,,,TAKEN_OUT
IL2RA,IL1R1,unknown,Fake,6,,,TAKEN_OUT
IL2RA,IL10R,unknown,Fake,6,,,TAKEN_OUT
FOXP3,IL21R,unknown,Fake,6,,,TAKEN_OUT
FOXP3,IL12R,unknown,Fake,6,,,TAKEN_OUT
FOXP3,IL18R,unknown,Fake,6,,,TAKEN_OUT
FOXP3,IL12RB2,unknown,Fake,6,,,TAKEN_OUT
FOXP3,JAK1,unknown,Fake,6,,,TAKEN_OUT
FOXP3,IL21,unknown,Fake,6,,,TAKEN_OUT
FOXP3,IL23,unknown,Fake,6,,,TAKEN_OUT
FOXP3,TBET,unknown,Fake,6,,,TAKEN_OUT
FOXP3,THPOK,unknown,Fake,6,,,TAKEN_OUT
FOXP3,IL4RA_2,unknown,Fake,6,,,TAKEN_OUT
FOXP3,STAT1,unknown,Fake,6,,,TAKEN_OUT
FOXP3,IL33R,unknown,Fake,6,,,TAKEN_OUT
FOXP3,IL22,unknown,Fake,6,,,TAKEN_OUT
FOXP3,IFNGR_2,unknown,Fake,6,,,TAKEN_OUT
FOXP3,IRF1,unknown,Fake,6,,,TAKEN_OUT
FOXP3,STAT4,unknown,Fake,6,,,TAKEN_OUT
FOXP3,IFNGR,unknown,Fake,6,,,TAKEN_OUT
FOXP3,PU1,unknown,Fake,6,,,TAKEN_OUT
FOXP3,EOMES,unknown,Fake,6,,,TAKEN_OUT
FOXP3,CD8,unknown,Fake,6,,,TAKEN_OUT
FOXP3,TBET_2,unknown,Fake,6,,,TAKEN_OUT
FOXP3,STAT6,unknown,Fake,6,,,TAKEN_OUT
FOXP3,SMAD3,unknown,Fake,6,,,TAKEN_OUT
FOXP3,STAT1_2,unknown,Fake,6,,,TAKEN_OUT
FOXP3,IL4,unknown,Fake,6,,,TAKEN_OUT
FOXP3,STAT3,unknown,Fake,6,,,TAKEN_OUT
FOXP3,IL25,unknown,Fake,6,,,TAKEN_OUT
FOXP3,IL9,unknown,Fake,6,,,TAKEN_OUT
FOXP3,TGFBR,unknown,Fake,6,,,TAKEN_OUT
FOXP3,IL5,unknown,Fake,6,,,TAKEN_OUT
FOXP3,IL1R,unknown,Fake,6,,,TAKEN_OUT
FOXP3,IL6,unknown,Fake,6,,,TAKEN_OUT
FOXP3,IL12RB1_2,unknown,Fake,6,,,TAKEN_OUT
FOXP3,RUNX3,unknown,Fake,6,,,TAKEN_OUT
FOXP3,IL17,unknown,Fake,6,,,TAKEN_OUT
FOXP3,IL4R,unknown,Fake,6,,,TAKEN_OUT
FOXP3,CD4,unknown,Fake,6,,,TAKEN_OUT
FOXP3,SMAD2,unknown,Fake,6,,,TAKEN_OUT
FOXP3,proliferation,unknown,Fake,6,,,TAKEN_OUT
FOXP3,STAT5_2,unknown,Fake,6,,,TAKEN_OUT
FOXP3,IRAK,unknown,Fake,6,,,TAKEN_OUT
FOXP3,IL13,unknown,Fake,6,,,TAKEN_OUT
FOXP3,FOXP3,unknown,Fake,6,,,TAKEN_OUT
FOXP3,IL31,unknown,Fake,6,,,TAKEN_OUT
FOXP3,PRF1,unknown,Fake,6,,,TAKEN_OUT
FOXP3,ST2,unknown,Fake,6,,,TAKEN_OUT
FOXP3,GZMB,unknown,Fake,6,,,TAKEN_OUT
FOXP3,SOCS1,unknown,Fake,6,,,TAKEN_OUT
FOXP3,STAT5,unknown,Fake,6,,,TAKEN_OUT
FOXP3,IL4R_2,unknown,Fake,6,,,TAKEN_OUT
FOXP3,IL2R_2,unknown,Fake,6,,,TAKEN_OUT
FOXP3,IL3,unknown,Fake,6,,,TAKEN_OUT
FOXP3,IL24,unknown,Fake,6,,,TAKEN_OUT
FOXP3,IFNG_2,unknown,Fake,6,,,TAKEN_OUT
FOXP3,IL10,unknown,Fake,6,,,TAKEN_OUT
FOXP3,IL23R,unknown,Fake,6,,,TAKEN_OUT
FOXP3,BCL6,unknown,Fake,6,,,TAKEN_OUT
FOXP3,IL6R,unknown,Fake,6,,,TAKEN_OUT
FOXP3,IL25R,unknown,Fake,6,,,TAKEN_OUT
FOXP3,IL2R,unknown,Fake,6,,,TAKEN_OUT
FOXP3,CMAF,unknown,Fake,6,,,TAKEN_OUT
FOXP3,IFNG,unknown,Fake,6,,,TAKEN_OUT
FOXP3,IL1R1,unknown,Fake,6,,,TAKEN_OUT
FOXP3,IL10R,unknown,Fake,6,,,TAKEN_OUT
IL31,IL21R,unknown,Fake,6,,,KEPT
IL31,IL12R,unknown,Fake,6,,,KEPT
IL31,IL18R,unknown,Fake,6,,,KEPT
IL31,IL12RB2,unknown,Fake,6,,,KEPT
IL31,JAK1,unknown,Fake,6,,,KEPT
IL31,IL21,unknown,Fake,6,,,KEPT
IL31,IL23,unknown,Fake,6,,,KEPT
IL31,TBET,unknown,Fake,6,,,KEPT
IL31,THPOK,unknown,Fake,6,,,KEPT
IL31,IL4RA_2,unknown,Fake,6,,,KEPT
IL31,STAT1,unknown,Fake,6,,,KEPT
IL31,IL33R,unknown,Fake,6,,,KEPT
IL31,IL22,unknown,Fake,6,,,KEPT
IL31,IFNGR_2,unknown,Fake,6,,,KEPT
IL31,IRF1,unknown,Fake,6,,,KEPT
IL31,STAT4,unknown,Fake,6,,,KEPT
IL31,IFNGR,unknown,Fake,6,,,KEPT
IL31,PU1,unknown,Fake,6,,,KEPT
IL31,EOMES,unknown,Fake,6,,,KEPT
IL31,CD8,unknown,Fake,6,,,KEPT
IL31,TBET_2,unknown,Fake,6,,,KEPT
IL31,NFKB,unknown,Fake,6,,,KEPT
IL31,STAT6,unknown,Fake,6,,,KEPT
IL31,SMAD3,unknown,Fake,6,,,KEPT
IL31,STAT1_2,unknown,Fake,6,,,KEPT
IL31,IL4,unknown,Fake,6,,,KEPT
IL31,STAT3,unknown,Fake,6,,,KEPT
IL31,IL25,unknown,Fake,6,,,KEPT
IL31,IL9,unknown,Fake,6,,,KEPT
IL31,TGFBR,unknown,Fake,6,,,KEPT
IL31,IL5,unknown,Fake,6,,,KEPT
IL31,IL1R,unknown,Fake,6,,,KEPT
IL31,IL6,unknown,Fake,6,,,KEPT
IL31,IL12RB1_2,unknown,Fake,6,,,KEPT
IL31,RUNX3,unknown,Fake,6,,,KEPT
IL31,IL17,unknown,Fake,6,,,KEPT
IL31,IL4R,unknown,Fake,6,,,KEPT
IL31,CD4,unknown,Fake,6,,,KEPT
IL31,SMAD2,unknown,Fake,6,,,KEPT
IL31,proliferation,unknown,Fake,6,,,KEPT
IL31,NFAT,unknown,Fake,6,,,KEPT
IL31,STAT5_2,unknown,Fake,6,,,KEPT
IL31,IRAK,unknown,Fake,6,,,KEPT
IL31,IL2,unknown,Fake,6,,,KEPT
IL31,IL2RA,unknown,Fake,6,,,KEPT
IL31,IL13,unknown,Fake,6,,,KEPT
IL31,FOXP3,unknown,Fake,6,,,KEPT
IL31,IL31,unknown,Fake,6,,,KEPT
IL31,PRF1,unknown,Fake,6,,,KEPT
IL31,ST2,unknown,Fake,6,,,KEPT
IL31,GZMB,unknown,Fake,6,,,KEPT
IL31,SOCS1,unknown,Fake,6,,,KEPT
IL31,STAT5,unknown,Fake,6,,,KEPT
IL31,TGFB,unknown,Fake,6,,,KEPT
IL31,IL4R_2,unknown,Fake,6,,,KEPT
IL31,IL2R_2,unknown,Fake,6,,,KEPT
IL31,IL3,unknown,Fake,6,,,KEPT
IL31,IL24,unknown,Fake,6,,,KEPT
IL31,IFNG_2,unknown,Fake,6,,,KEPT
IL31,GATA3,unknown,Fake,6,,,KEPT
IL31,RORGT,unknown,Fake,6,,,KEPT
IL31,IL10,unknown,Fake,6,,,KEPT
IL31,IL23R,unknown,Fake,6,,,KEPT
IL31,BCL6,unknown,Fake,6,,,KEPT
IL31,IL6R,unknown,Fake,6,,,KEPT
IL31,IL35,unknown,Fake,6,,,KEPT
IL31,IL25R,unknown,Fake,6,,,KEPT
IL31,IL2R,unknown,Fake,6,,,KEPT
IL31,CMAF,unknown,Fake,6,,,KEPT
IL31,IFNG,unknown,Fake,6,,,KEPT
IL31,IL1R1,unknown,Fake,6,,,KEPT
IL31,IL10R,unknown,Fake,6,,,KEPT
IL36_e,IL21R,unknown,Fake,6,,,TAKEN_OUT
IL36_e,IL12R,unknown,Fake,6,,,TAKEN_OUT
IL36_e,IL18R,unknown,Fake,6,,,TAKEN_OUT
IL36_e,IL12RB2,unknown,Fake,6,,,TAKEN_OUT
IL36_e,JAK1,unknown,Fake,6,,,TAKEN_OUT
IL36_e,IL21,unknown,Fake,6,,,TAKEN_OUT
IL36_e,IL23,unknown,Fake,6,,,TAKEN_OUT
IL36_e,TBET,unknown,Fake,6,,,TAKEN_OUT
IL36_e,THPOK,unknown,Fake,6,,,TAKEN_OUT
IL36_e,IL4RA_2,unknown,Fake,6,,,TAKEN_OUT
IL36_e,STAT1,unknown,Fake,6,,,TAKEN_OUT
IL36_e,IL33R,unknown,Fake,6,,,TAKEN_OUT
IL36_e,IL22,unknown,Fake,6,,,TAKEN_OUT
IL36_e,IFNGR_2,unknown,Fake,6,,,TAKEN_OUT
IL36_e,IRF1,unknown,Fake,6,,,TAKEN_OUT
IL36_e,STAT4,unknown,Fake,6,,,TAKEN_OUT
IL36_e,IFNGR,unknown,Fake,6,,,TAKEN_OUT
IL36_e,PU1,unknown,Fake,6,,,TAKEN_OUT
IL36_e,EOMES,unknown,Fake,6,,,TAKEN_OUT
IL36_e,CD8,unknown,Fake,6,,,TAKEN_OUT
IL36_e,TBET_2,unknown,Fake,6,,,TAKEN_OUT
IL36_e,NFKB,unknown,Fake,6,,,TAKEN_OUT
IL36_e,STAT6,unknown,Fake,6,,,TAKEN_OUT
IL36_e,SMAD3,unknown,Fake,6,,,TAKEN_OUT
IL36_e,STAT1_2,unknown,Fake,6,,,TAKEN_OUT
IL36_e,IL4,unknown,Fake,6,,,TAKEN_OUT
IL36_e,STAT3,unknown,Fake,6,,,TAKEN_OUT
IL36_e,IL25,unknown,Fake,6,,,TAKEN_OUT
IL36_e,IL9,unknown,Fake,6,,,TAKEN_OUT
IL36_e,TGFBR,unknown,Fake,6,,,TAKEN_OUT
IL36_e,IL5,unknown,Fake,6,,,TAKEN_OUT
IL36_e,IL1R,unknown,Fake,6,,,TAKEN_OUT
IL36_e,IL6,unknown,Fake,6,,,TAKEN_OUT
IL36_e,IL12RB1_2,unknown,Fake,6,,,TAKEN_OUT
IL36_e,RUNX3,unknown,Fake,6,,,TAKEN_OUT
IL36_e,IL17,unknown,Fake,6,,,TAKEN_OUT
IL36_e,IL4R,unknown,Fake,6,,,TAKEN_OUT
IL36_e,CD4,unknown,Fake,6,,,TAKEN_OUT
IL36_e,SMAD2,unknown,Fake,6,,,TAKEN_OUT
IL36_e,proliferation,unknown,Fake,6,,,TAKEN_OUT
IL36_e,NFAT,unknown,Fake,6,,,TAKEN_OUT
IL36_e,STAT5_2,unknown,Fake,6,,,TAKEN_OUT
IL36_e,IRAK,unknown,Fake,6,,,TAKEN_OUT
IL36_e,IL2,unknown,Fake,6,,,TAKEN_OUT
IL36_e,IL2RA,unknown,Fake,6,,,TAKEN_OUT
IL36_e,IL13,unknown,Fake,6,,,TAKEN_OUT
IL36_e,FOXP3,unknown,Fake,6,,,TAKEN_OUT
IL36_e,IL31,unknown,Fake,6,,,TAKEN_OUT
IL36_e,PRF1,unknown,Fake,6,,,TAKEN_OUT
IL36_e,ST2,unknown,Fake,6,,,TAKEN_OUT
IL36_e,GZMB,unknown,Fake,6,,,TAKEN_OUT
IL36_e,SOCS1,unknown,Fake,6,,,TAKEN_OUT
IL36_e,STAT5,unknown,Fake,6,,,TAKEN_OUT
IL36_e,TGFB,unknown,Fake,6,,,TAKEN_OUT
IL36_e,IL4R_2,unknown,Fake,6,,,TAKEN_OUT
IL36_e,IL2R_2,unknown,Fake,6,,,TAKEN_OUT
IL36_e,IL3,unknown,Fake,6,,,TAKEN_OUT
IL36_e,IL24,unknown,Fake,6,,,TAKEN_OUT
IL36_e,IFNG_2,unknown,Fake,6,,,TAKEN_OUT
IL36_e,GATA3,unknown,Fake,6,,,TAKEN_OUT
IL36_e,RORGT,unknown,Fake,6,,,TAKEN_OUT
IL36_e,IL10,unknown,Fake,6,,,TAKEN_OUT
IL36_e,IL23R,unknown,Fake,6,,,TAKEN_OUT
IL36_e,BCL6,unknown,Fake,6,,,TAKEN_OUT
IL36_e,IL6R,unknown,Fake,6,,,TAKEN_OUT
IL36_e,IL35,unknown,Fake,6,,,TAKEN_OUT
IL36_e,IL25R,unknown,Fake,6,,,TAKEN_OUT
IL36_e,IL2R,unknown,Fake,6,,,TAKEN_OUT
IL36_e,CMAF,unknown,Fake,6,,,TAKEN_OUT
IL36_e,IFNG,unknown,Fake,6,,,TAKEN_OUT
IL36_e,IL1R1,unknown,Fake,6,,,TAKEN_OUT
IL36_e,IL10R,unknown,Fake,6,,,TAKEN_OUT
SOCS1,IL21R,unknown,Fake,6,,,TAKEN_OUT
SOCS1,IL12R,unknown,Fake,6,,,TAKEN_OUT
SOCS1,IL18R,unknown,Fake,6,,,TAKEN_OUT
SOCS1,IL12RB2,unknown,Fake,6,,,TAKEN_OUT
SOCS1,IL21,unknown,Fake,6,,,TAKEN_OUT
SOCS1,IL23,unknown,Fake,6,,,TAKEN_OUT
SOCS1,TBET,unknown,Fake,6,,,TAKEN_OUT
SOCS1,THPOK,unknown,Fake,6,,,TAKEN_OUT
SOCS1,IL4RA_2,unknown,Fake,6,,,TAKEN_OUT
SOCS1,STAT1,unknown,Fake,6,,,TAKEN_OUT
SOCS1,IL33R,unknown,Fake,6,,,TAKEN_OUT
SOCS1,IL22,unknown,Fake,6,,,TAKEN_OUT
SOCS1,IFNGR_2,unknown,Fake,6,,,TAKEN_OUT
SOCS1,IRF1,unknown,Fake,6,,,TAKEN_OUT
SOCS1,STAT4,unknown,Fake,6,,,TAKEN_OUT
SOCS1,IFNGR,unknown,Fake,6,,,TAKEN_OUT
SOCS1,PU1,unknown,Fake,6,,,TAKEN_OUT
SOCS1,EOMES,unknown,Fake,6,,,TAKEN_OUT
SOCS1,CD8,unknown,Fake,6,,,TAKEN_OUT
SOCS1,TBET_2,unknown,Fake,6,,,TAKEN_OUT
SOCS1,NFKB,unknown,Fake,6,,,TAKEN_OUT
SOCS1,SMAD3,unknown,Fake,6,,,TAKEN_OUT
SOCS1,STAT1_2,unknown,Fake,6,,,TAKEN_OUT
SOCS1,IL4,unknown,Fake,6,,,TAKEN_OUT
SOCS1,STAT3,unknown,Fake,6,,,TAKEN_OUT
SOCS1,IL25,unknown,Fake,6,,,TAKEN_OUT
SOCS1,IL9,unknown,Fake,6,,,TAKEN_OUT
SOCS1,TGFBR,unknown,Fake,6,,,TAKEN_OUT
SOCS1,IL5,unknown,Fake,6,,,TAKEN_OUT
SOCS1,IL1R,unknown,Fake,6,,,TAKEN_OUT
SOCS1,IL6,unknown,Fake,6,,,TAKEN_OUT
SOCS1,IL12RB1_2,unknown,Fake,6,,,TAKEN_OUT
SOCS1,RUNX3,unknown,Fake,6,,,TAKEN_OUT
SOCS1,IL17,unknown,Fake,6,,,TAKEN_OUT
SOCS1,IL4R,unknown,Fake,6,,,TAKEN_OUT
SOCS1,CD4,unknown,Fake,6,,,TAKEN_OUT
SOCS1,SMAD2,unknown,Fake,6,,,TAKEN_OUT
SOCS1,proliferation,unknown,Fake,6,,,TAKEN_OUT
SOCS1,NFAT,unknown,Fake,6,,,TAKEN_OUT
SOCS1,IRAK,unknown,Fake,6,,,TAKEN_OUT
SOCS1,IL2,unknown,Fake,6,,,TAKEN_OUT
SOCS1,IL2RA,unknown,Fake,6,,,TAKEN_OUT
SOCS1,IL13,unknown,Fake,6,,,TAKEN_OUT
SOCS1,FOXP3,unknown,Fake,6,,,TAKEN_OUT
SOCS1,IL31,unknown,Fake,6,,,TAKEN_OUT
SOCS1,PRF1,unknown,Fake,6,,,TAKEN_OUT
SOCS1,ST2,unknown,Fake,6,,,TAKEN_OUT
SOCS1,GZMB,unknown,Fake,6,,,TAKEN_OUT
SOCS1,SOCS1,unknown,Fake,6,,,TAKEN_OUT
SOCS1,TGFB,unknown,Fake,6,,,TAKEN_OUT
SOCS1,IL4R_2,unknown,Fake,6,,,TAKEN_OUT
SOCS1,IL2R_2,unknown,Fake,6,,,TAKEN_OUT
SOCS1,IL3,unknown,Fake,6,,,TAKEN_OUT
SOCS1,IL24,unknown,Fake,6,,,TAKEN_OUT
SOCS1,IFNG_2,unknown,Fake,6,,,TAKEN_OUT
SOCS1,GATA3,unknown,Fake,6,,,TAKEN_OUT
SOCS1,RORGT,unknown,Fake,6,,,TAKEN_OUT
SOCS1,IL10,unknown,Fake,6,,,TAKEN_OUT
SOCS1,IL23R,unknown,Fake,6,,,TAKEN_OUT
SOCS1,BCL6,unknown,Fake,6,,,TAKEN_OUT
SOCS1,IL6R,unknown,Fake,6,,,TAKEN_OUT
SOCS1,IL35,unknown,Fake,6,,,TAKEN_OUT
SOCS1,IL25R,unknown,Fake,6,,,TAKEN_OUT
SOCS1,IL2R,unknown,Fake,6,,,TAKEN_OUT
SOCS1,CMAF,unknown,Fake,6,,,TAKEN_OUT
SOCS1,IFNG,unknown,Fake,6,,,TAKEN_OUT
SOCS1,IL1R1,unknown,Fake,6,,,TAKEN_OUT
SOCS1,IL10R,unknown,Fake,6,,,TAKEN_OUT
STAT5,IL21R,unknown,Fake,6,,,TAKEN_OUT
STAT5,IL12R,unknown,Fake,6,,,TAKEN_OUT
STAT5,IL18R,unknown,Fake,6,,,TAKEN_OUT
STAT5,IL12RB2,unknown,Fake,6,,,TAKEN_OUT
STAT5,JAK1,unknown,Fake,6,,,TAKEN_OUT
STAT5,IL21,unknown,Fake,6,,,TAKEN_OUT
STAT5,IL23,unknown,Fake,6,,,TAKEN_OUT
STAT5,TBET,unknown,Fake,6,,,TAKEN_OUT
STAT5,THPOK,unknown,Fake,6,,,TAKEN_OUT
STAT5,STAT1,unknown,Fake,6,,,TAKEN_OUT
STAT5,IL33R,unknown,Fake,6,,,TAKEN_OUT
STAT5,IL22,unknown,Fake,6,,,TAKEN_OUT
STAT5,IFNGR_2,unknown,Fake,6,,,TAKEN_OUT
STAT5,IRF1,unknown,Fake,6,,,TAKEN_OUT
STAT5,STAT4,unknown,Fake,6,,,TAKEN_OUT
STAT5,IFNGR,unknown,Fake,6,,,TAKEN_OUT
STAT5,PU1,unknown,Fake,6,,,TAKEN_OUT
STAT5,EOMES,unknown,Fake,6,,,TAKEN_OUT
STAT5,CD8,unknown,Fake,6,,,TAKEN_OUT
STAT5,TBET_2,unknown,Fake,6,,,TAKEN_OUT
STAT5,NFKB,unknown,Fake,6,,,TAKEN_OUT
STAT5,STAT6,unknown,Fake,6,,,TAKEN_OUT
STAT5,SMAD3,unknown,Fake,6,,,TAKEN_OUT
STAT5,STAT1_2,unknown,Fake,6,,,TAKEN_OUT
STAT5,STAT3,unknown,Fake,6,,,TAKEN_OUT
STAT5,IL25,unknown,Fake,6,,,TAKEN_OUT
STAT5,IL9,unknown,Fake,6,,,TAKEN_OUT
STAT5,TGFBR,unknown,Fake,6,,,TAKEN_OUT
STAT5,IL5,unknown,Fake,6,,,TAKEN_OUT
STAT5,IL1R,unknown,Fake,6,,,TAKEN_OUT
STAT5,IL6,unknown,Fake,6,,,TAKEN_OUT
STAT5,IL12RB1_2,unknown,Fake,6,,,TAKEN_OUT
STAT5,IL4R,unknown,Fake,6,,,TAKEN_OUT
STAT5,CD4,unknown,Fake,6,,,TAKEN_OUT
STAT5,SMAD2,unknown,Fake,6,,,TAKEN_OUT
STAT5,NFAT,unknown,Fake,6,,,TAKEN_OUT
STAT5,IRAK,unknown,Fake,6,,,TAKEN_OUT
STAT5,IL2,unknown,Fake,6,,,TAKEN_OUT
STAT5,IL13,unknown,Fake,6,,,TAKEN_OUT
STAT5,IL31,unknown,Fake,6,,,TAKEN_OUT
STAT5,PRF1,unknown,Fake,6,,,TAKEN_OUT
STAT5,ST2,unknown,Fake,6,,,TAKEN_OUT
STAT5,GZMB,unknown,Fake,6,,,TAKEN_OUT
STAT5,SOCS1,unknown,Fake,6,,,TAKEN_OUT
STAT5,STAT5,unknown,Fake,6,,,TAKEN_OUT
STAT5,TGFB,unknown,Fake,6,,,TAKEN_OUT
STAT5,IL4R_2,unknown,Fake,6,,,TAKEN_OUT
STAT5,IL2R_2,unknown,Fake,6,,,TAKEN_OUT
STAT5,IL3,unknown,Fake,6,,,TAKEN_OUT
STAT5,IL24,unknown,Fake,6,,,TAKEN_OUT
STAT5,IFNG_2,unknown,Fake,6,,,TAKEN_OUT
STAT5,RORGT,unknown,Fake,6,,,TAKEN_OUT
STAT5,IL10,unknown,Fake,6,,,TAKEN_OUT
STAT5,IL23R,unknown,Fake,6,,,TAKEN_OUT
STAT5,IL6R,unknown,Fake,6,,,TAKEN_OUT
STAT5,IL35,unknown,Fake,6,,,TAKEN_OUT
STAT5,IL25R,unknown,Fake,6,,,TAKEN_OUT
STAT5,IL2R,unknown,Fake,6,,,TAKEN_OUT
STAT5,CMAF,unknown,Fake,6,,,TAKEN_OUT
STAT5,IFNG,unknown,Fake,6,,,TAKEN_OUT
STAT5,IL1R1,unknown,Fake,6,,,TAKEN_OUT
STAT5,IL10R,unknown,Fake,6,,,TAKEN_OUT
TGFB,IL21R,unknown,Fake,6,,,TAKEN_OUT
TGFB,IL12R,unknown,Fake,6,,,TAKEN_OUT
TGFB,IL18R,unknown,Fake,6,,,TAKEN_OUT
TGFB,IL12RB2,unknown,Fake,6,,,TAKEN_OUT
TGFB,JAK1,unknown,Fake,6,,,TAKEN_OUT
TGFB,IL21,unknown,Fake,6,,,TAKEN_OUT
TGFB,IL23,unknown,Fake,6,,,TAKEN_OUT
TGFB,TBET,unknown,Fake,6,,,TAKEN_OUT
TGFB,THPOK,unknown,Fake,6,,,TAKEN_OUT
TGFB,IL4RA_2,unknown,Fake,6,,,TAKEN_OUT
TGFB,STAT1,unknown,Fake,6,,,TAKEN_OUT
TGFB,IL33R,unknown,Fake,6,,,TAKEN_OUT
TGFB,IL22,unknown,Fake,6,,,TAKEN_OUT
TGFB,IFNGR_2,unknown,Fake,6,,,TAKEN_OUT
TGFB,IRF1,unknown,Fake,6,,,TAKEN_OUT
TGFB,STAT4,unknown,Fake,6,,,TAKEN_OUT
TGFB,IFNGR,unknown,Fake,6,,,TAKEN_OUT
TGFB,PU1,unknown,Fake,6,,,TAKEN_OUT
TGFB,EOMES,unknown,Fake,6,,,TAKEN_OUT
TGFB,CD8,unknown,Fake,6,,,TAKEN_OUT
TGFB,TBET_2,unknown,Fake,6,,,TAKEN_OUT
TGFB,NFKB,unknown,Fake,6,,,TAKEN_OUT
TGFB,STAT6,unknown,Fake,6,,,TAKEN_OUT
TGFB,SMAD3,unknown,Fake,6,,,TAKEN_OUT
TGFB,STAT1_2,unknown,Fake,6,,,TAKEN_OUT
TGFB,IL4,unknown,Fake,6,,,TAKEN_OUT
TGFB,STAT3,unknown,Fake,6,,,TAKEN_OUT
TGFB,IL25,unknown,Fake,6,,,TAKEN_OUT
TGFB,IL9,unknown,Fake,6,,,TAKEN_OUT
TGFB,IL5,unknown,Fake,6,,,TAKEN_OUT
TGFB,IL1R,unknown,Fake,6,,,TAKEN_OUT
TGFB,IL6,unknown,Fake,6,,,TAKEN_OUT
TGFB,IL12RB1_2,unknown,Fake,6,,,TAKEN_OUT
TGFB,RUNX3,unknown,Fake,6,,,TAKEN_OUT
TGFB,IL17,unknown,Fake,6,,,TAKEN_OUT
TGFB,IL4R,unknown,Fake,6,,,TAKEN_OUT
TGFB,CD4,unknown,Fake,6,,,TAKEN_OUT
TGFB,SMAD2,unknown,Fake,6,,,TAKEN_OUT
TGFB,proliferation,unknown,Fake,6,,,TAKEN_OUT
TGFB,NFAT,unknown,Fake,6,,,TAKEN_OUT
TGFB,STAT5_2,unknown,Fake,6,,,TAKEN_OUT
TGFB,IRAK,unknown,Fake,6,,,TAKEN_OUT
TGFB,IL2,unknown,Fake,6,,,TAKEN_OUT
TGFB,IL2RA,unknown,Fake,6,,,TAKEN_OUT
TGFB,IL13,unknown,Fake,6,,,TAKEN_OUT
TGFB,FOXP3,unknown,Fake,6,,,TAKEN_OUT
TGFB,IL31,unknown,Fake,6,,,TAKEN_OUT
TGFB,PRF1,unknown,Fake,6,,,TAKEN_OUT
TGFB,ST2,unknown,Fake,6,,,TAKEN_OUT
TGFB,GZMB,unknown,Fake,6,,,TAKEN_OUT
TGFB,SOCS1,unknown,Fake,6,,,TAKEN_OUT
TGFB,STAT5,unknown,Fake,6,,,TAKEN_OUT
TGFB,TGFB,unknown,Fake,6,,,TAKEN_OUT
TGFB,IL4R_2,unknown,Fake,6,,,TAKEN_OUT
TGFB,IL2R_2,unknown,Fake,6,,,TAKEN_OUT
TGFB,IL3,unknown,Fake,6,,,TAKEN_OUT
TGFB,IL24,unknown,Fake,6,,,TAKEN_OUT
TGFB,IFNG_2,unknown,Fake,6,,,TAKEN_OUT
TGFB,GATA3,unknown,Fake,6,,,TAKEN_OUT
TGFB,RORGT,unknown,Fake,6,,,TAKEN_OUT
TGFB,IL10,unknown,Fake,6,,,TAKEN_OUT
TGFB,IL23R,unknown,Fake,6,,,TAKEN_OUT
TGFB,IL6R,unknown,Fake,6,,,TAKEN_OUT
TGFB,IL35,unknown,Fake,6,,,TAKEN_OUT
TGFB,IL25R,unknown,Fake,6,,,TAKEN_OUT
TGFB,IL2R,unknown,Fake,6,,,TAKEN_OUT
TGFB,CMAF,unknown,Fake,6,,,TAKEN_OUT
TGFB,IFNG,unknown,Fake,6,,,TAKEN_OUT
TGFB,IL1R1,unknown,Fake,6,,,TAKEN_OUT
TGFB,IL10R,unknown,Fake,6,,,TAKEN_OUT
IL2R_2,IL21R,unknown,Fake,6,,,TAKEN_OUT
IL2R_2,IL12R,unknown,Fake,6,,,TAKEN_OUT
IL2R_2,IL18R,unknown,Fake,6,,,TAKEN_OUT
IL2R_2,IL12RB2,unknown,Fake,6,,,TAKEN_OUT
IL2R_2,JAK1,unknown,Fake,6,,,TAKEN_OUT
IL2R_2,IL21,unknown,Fake,6,,,TAKEN_OUT
IL2R_2,IL23,unknown,Fake,6,,,TAKEN_OUT
IL2R_2,TBET,unknown,Fake,6,,,TAKEN_OUT
IL2R_2,THPOK,unknown,Fake,6,,,TAKEN_OUT
IL2R_2,IL4RA_2,unknown,Fake,6,,,TAKEN_OUT
IL2R_2,STAT1,unknown,Fake,6,,,TAKEN_OUT
IL2R_2,IL33R,unknown,Fake,6,,,TAKEN_OUT
IL2R_2,IL22,unknown,Fake,6,,,TAKEN_OUT
IL2R_2,IFNGR_2,unknown,Fake,6,,,TAKEN_OUT
IL2R_2,IRF1,unknown,Fake,6,,,TAKEN_OUT
IL2R_2,STAT4,unknown,Fake,6,,,TAKEN_OUT
IL2R_2,IFNGR,unknown,Fake,6,,,TAKEN_OUT
IL2R_2,PU1,unknown,Fake,6,,,TAKEN_OUT
IL2R_2,EOMES,unknown,Fake,6,,,TAKEN_OUT
IL2R_2,CD8,unknown,Fake,6,,,TAKEN_OUT
IL2R_2,TBET_2,unknown,Fake,6,,,TAKEN_OUT
IL2R_2,NFKB,unknown,Fake,6,,,TAKEN_OUT
IL2R_2,STAT6,unknown,Fake,6,,,TAKEN_OUT
IL2R_2,SMAD3,unknown,Fake,6,,,TAKEN_OUT
IL2R_2,STAT1_2,unknown,Fake,6,,,TAKEN_OUT
IL2R_2,IL4,unknown,Fake,6,,,TAKEN_OUT
IL2R_2,STAT3,unknown,Fake,6,,,TAKEN_OUT
IL2R_2,IL25,unknown,Fake,6,,,TAKEN_OUT
IL2R_2,IL9,unknown,Fake,6,,,TAKEN_OUT
IL2R_2,TGFBR,unknown,Fake,6,,,TAKEN_OUT
IL2R_2,IL5,unknown,Fake,6,,,TAKEN_OUT
IL2R_2,IL1R,unknown,Fake,6,,,TAKEN_OUT
IL2R_2,IL6,unknown,Fake,6,,,TAKEN_OUT
IL2R_2,IL12RB1_2,unknown,Fake,6,,,TAKEN_OUT
IL2R_2,RUNX3,unknown,Fake,6,,,TAKEN_OUT
IL2R_2,IL17,unknown,Fake,6,,,TAKEN_OUT
IL2R_2,IL4R,unknown,Fake,6,,,TAKEN_OUT
IL2R_2,CD4,unknown,Fake,6,,,TAKEN_OUT
IL2R_2,SMAD2,unknown,Fake,6,,,TAKEN_OUT
IL2R_2,proliferation,unknown,Fake,6,,,TAKEN_OUT
IL2R_2,NFAT,unknown,Fake,6,,,TAKEN_OUT
IL2R_2,IRAK,unknown,Fake,6,,,TAKEN_OUT
IL2R_2,IL2,unknown,Fake,6,,,TAKEN_OUT
IL2R_2,IL2RA,unknown,Fake,6,,,TAKEN_OUT
IL2R_2,IL13,unknown,Fake,6,,,TAKEN_OUT
IL2R_2,FOXP3,unknown,Fake,6,,,TAKEN_OUT
IL2R_2,IL31,unknown,Fake,6,,,TAKEN_OUT
IL2R_2,PRF1,unknown,Fake,6,,,TAKEN_OUT
IL2R_2,ST2,unknown,Fake,6,,,TAKEN_OUT
IL2R_2,GZMB,unknown,Fake,6,,,TAKEN_OUT
IL2R_2,SOCS1,unknown,Fake,6,,,TAKEN_OUT
IL2R_2,TGFB,unknown,Fake,6,,,TAKEN_OUT
IL2R_2,IL4R_2,unknown,Fake,6,,,TAKEN_OUT
IL2R_2,IL2R_2,unknown,Fake,6,,,TAKEN_OUT
IL2R_2,IL3,unknown,Fake,6,,,TAKEN_OUT
IL2R_2,IL24,unknown,Fake,6,,,TAKEN_OUT
IL2R_2,IFNG_2,unknown,Fake,6,,,TAKEN_OUT
IL2R_2,GATA3,unknown,Fake,6,,,TAKEN_OUT
IL2R_2,RORGT,unknown,Fake,6,,,TAKEN_OUT
IL2R_2,IL10,unknown,Fake,6,,,TAKEN_OUT
IL2R_2,IL23R,unknown,Fake,6,,,TAKEN_OUT
IL2R_2,BCL6,unknown,Fake,6,,,TAKEN_OUT
IL2R_2,IL6R,unknown,Fake,6,,,TAKEN_OUT
IL2R_2,IL35,unknown,Fake,6,,,TAKEN_OUT
IL2R_2,IL25R,unknown,Fake,6,,,TAKEN_OUT
IL2R_2,IL2R,unknown,Fake,6,,,TAKEN_OUT
IL2R_2,CMAF,unknown,Fake,6,,,TAKEN_OUT
IL2R_2,IFNG,unknown,Fake,6,,,TAKEN_OUT
IL2R_2,IL1R1,unknown,Fake,6,,,TAKEN_OUT
IL2R_2,IL10R,unknown,Fake,6,,,TAKEN_OUT
IL24,IL21R,unknown,Fake,6,,,KEPT
IL24,IL12R,unknown,Fake,6,,,KEPT
IL24,IL18R,unknown,Fake,6,,,KEPT
IL24,IL12RB2,unknown,Fake,6,,,KEPT
IL24,JAK1,unknown,Fake,6,,,KEPT
IL24,IL21,unknown,Fake,6,,,KEPT
IL24,IL23,unknown,Fake,6,,,KEPT
IL24,TBET,unknown,Fake,6,,,KEPT
IL24,THPOK,unknown,Fake,6,,,KEPT
IL24,IL4RA_2,unknown,Fake,6,,,KEPT
IL24,STAT1,unknown,Fake,6,,,KEPT
IL24,IL33R,unknown,Fake,6,,,KEPT
IL24,IL22,unknown,Fake,6,,,KEPT
IL24,IFNGR_2,unknown,Fake,6,,,KEPT
IL24,IRF1,unknown,Fake,6,,,KEPT
IL24,STAT4,unknown,Fake,6,,,KEPT
IL24,IFNGR,unknown,Fake,6,,,KEPT
IL24,PU1,unknown,Fake,6,,,KEPT
IL24,EOMES,unknown,Fake,6,,,KEPT
IL24,CD8,unknown,Fake,6,,,KEPT
IL24,TBET_2,unknown,Fake,6,,,KEPT
IL24,NFKB,unknown,Fake,6,,,KEPT
IL24,STAT6,unknown,Fake,6,,,KEPT
IL24,SMAD3,unknown,Fake,6,,,KEPT
IL24,STAT1_2,unknown,Fake,6,,,KEPT
IL24,IL4,unknown,Fake,6,,,KEPT
IL24,STAT3,unknown,Fake,6,,,KEPT
IL24,IL25,unknown,Fake,6,,,KEPT
IL24,IL9,unknown,Fake,6,,,KEPT
IL24,TGFBR,unknown,Fake,6,,,KEPT
IL24,IL5,unknown,Fake,6,,,KEPT
IL24,IL1R,unknown,Fake,6,,,KEPT
IL24,IL6,unknown,Fake,6,,,KEPT
IL24,IL12RB1_2,unknown,Fake,6,,,KEPT
IL24,RUNX3,unknown,Fake,6,,,KEPT
IL24,IL17,unknown,Fake,6,,,KEPT
IL24,IL4R,unknown,Fake,6,,,KEPT
IL24,CD4,unknown,Fake,6,,,KEPT
IL24,SMAD2,unknown,Fake,6,,,KEPT
IL24,proliferation,unknown,Fake,6,,,KEPT
IL24,NFAT,unknown,Fake,6,,,KEPT
IL24,STAT5_2,unknown,Fake,6,,,KEPT
IL24,IRAK,unknown,Fake,6,,,KEPT
IL24,IL2,unknown,Fake,6,,,KEPT
IL24,IL2RA,unknown,Fake,6,,,KEPT
IL24,IL13,unknown,Fake,6,,,KEPT
IL24,FOXP3,unknown,Fake,6,,,KEPT
IL24,IL31,unknown,Fake,6,,,KEPT
IL24,PRF1,unknown,Fake,6,,,KEPT
IL24,ST2,unknown,Fake,6,,,KEPT
IL24,GZMB,unknown,Fake,6,,,KEPT
IL24,SOCS1,unknown,Fake,6,,,KEPT
IL24,STAT5,unknown,Fake,6,,,KEPT
IL24,TGFB,unknown,Fake,6,,,KEPT
IL24,IL4R_2,unknown,Fake,6,,,KEPT
IL24,IL2R_2,unknown,Fake,6,,,KEPT
IL24,IL3,unknown,Fake,6,,,KEPT
IL24,IL24,unknown,Fake,6,,,KEPT
IL24,IFNG_2,unknown,Fake,6,,,KEPT
IL24,GATA3,unknown,Fake,6,,,KEPT
IL24,RORGT,unknown,Fake,6,,,KEPT
IL24,IL10,unknown,Fake,6,,,KEPT
IL24,IL23R,unknown,Fake,6,,,KEPT
IL24,BCL6,unknown,Fake,6,,,KEPT
IL24,IL6R,unknown,Fake,6,,,KEPT
IL24,IL35,unknown,Fake,6,,,KEPT
IL24,IL25R,unknown,Fake,6,,,KEPT
IL24,IL2R,unknown,Fake,6,,,KEPT
IL24,CMAF,unknown,Fake,6,,,KEPT
IL24,IFNG,unknown,Fake,6,,,KEPT
IL24,IL1R1,unknown,Fake,6,,,KEPT
IL24,IL10R,unknown,Fake,6,,,KEPT
NOTCH1,IL21R,unknown,Fake,6,,,TAKEN_OUT
NOTCH1,IL12R,unknown,Fake,6,,,TAKEN_OUT
NOTCH1,IL18R,unknown,Fake,6,,,TAKEN_OUT
NOTCH1,IL12RB2,unknown,Fake,6,,,TAKEN_OUT
NOTCH1,JAK1,unknown,Fake,6,,,TAKEN_OUT
NOTCH1,IL21,unknown,Fake,6,,,TAKEN_OUT
NOTCH1,IL23,unknown,Fake,6,,,TAKEN_OUT
NOTCH1,TBET,unknown,Fake,6,,,TAKEN_OUT
NOTCH1,THPOK,unknown,Fake,6,,,TAKEN_OUT
NOTCH1,IL4RA_2,unknown,Fake,6,,,TAKEN_OUT
NOTCH1,STAT1,unknown,Fake,6,,,TAKEN_OUT
NOTCH1,IL33R,unknown,Fake,6,,,TAKEN_OUT
NOTCH1,IL22,unknown,Fake,6,,,TAKEN_OUT
NOTCH1,IFNGR_2,unknown,Fake,6,,,TAKEN_OUT
NOTCH1,IRF1,unknown,Fake,6,,,TAKEN_OUT
NOTCH1,STAT4,unknown,Fake,6,,,TAKEN_OUT
NOTCH1,IFNGR,unknown,Fake,6,,,TAKEN_OUT
NOTCH1,PU1,unknown,Fake,6,,,TAKEN_OUT
NOTCH1,EOMES,unknown,Fake,6,,,TAKEN_OUT
NOTCH1,TBET_2,unknown,Fake,6,,,TAKEN_OUT
NOTCH1,NFKB,unknown,Fake,6,,,TAKEN_OUT
NOTCH1,STAT6,unknown,Fake,6,,,TAKEN_OUT
NOTCH1,SMAD3,unknown,Fake,6,,,TAKEN_OUT
NOTCH1,STAT1_2,unknown,Fake,6,,,TAKEN_OUT
NOTCH1,IL4,unknown,Fake,6,,,TAKEN_OUT
NOTCH1,STAT3,unknown,Fake,6,,,TAKEN_OUT
NOTCH1,IL25,unknown,Fake,6,,,TAKEN_OUT
NOTCH1,IL9,unknown,Fake,6,,,TAKEN_OUT
NOTCH1,TGFBR,unknown,Fake,6,,,TAKEN_OUT
NOTCH1,IL5,unknown,Fake,6,,,TAKEN_OUT
NOTCH1,IL1R,unknown,Fake,6,,,TAKEN_OUT
NOTCH1,IL6,unknown,Fake,6,,,TAKEN_OUT
NOTCH1,IL12RB1_2,unknown,Fake,6,,,TAKEN_OUT
NOTCH1,RUNX3,unknown,Fake,6,,,TAKEN_OUT
NOTCH1,IL17,unknown,Fake,6,,,TAKEN_OUT
NOTCH1,IL4R,unknown,Fake,6,,,TAKEN_OUT
NOTCH1,SMAD2,unknown,Fake,6,,,TAKEN_OUT
NOTCH1,proliferation,unknown,Fake,6,,,TAKEN_OUT
NOTCH1,NFAT,unknown,Fake,6,,,TAKEN_OUT
NOTCH1,STAT5_2,unknown,Fake,6,,,TAKEN_OUT
NOTCH1,IRAK,unknown,Fake,6,,,TAKEN_OUT
NOTCH1,IL2,unknown,Fake,6,,,TAKEN_OUT
NOTCH1,IL2RA,unknown,Fake,6,,,TAKEN_OUT
NOTCH1,IL13,unknown,Fake,6,,,TAKEN_OUT
NOTCH1,FOXP3,unknown,Fake,6,,,TAKEN_OUT
NOTCH1,IL31,unknown,Fake,6,,,TAKEN_OUT
NOTCH1,PRF1,unknown,Fake,6,,,TAKEN_OUT
NOTCH1,ST2,unknown,Fake,6,,,TAKEN_OUT
NOTCH1,GZMB,unknown,Fake,6,,,TAKEN_OUT
NOTCH1,SOCS1,unknown,Fake,6,,,TAKEN_OUT
NOTCH1,STAT5,unknown,Fake,6,,,TAKEN_OUT
NOTCH1,TGFB,unknown,Fake,6,,,TAKEN_OUT
NOTCH1,IL4R_2,unknown,Fake,6,,,TAKEN_OUT
NOTCH1,IL2R_2,unknown,Fake,6,,,TAKEN_OUT
NOTCH1,IL3,unknown,Fake,6,,,TAKEN_OUT
NOTCH1,IL24,unknown,Fake,6,,,TAKEN_OUT
NOTCH1,IFNG_2,unknown,Fake,6,,,TAKEN_OUT
NOTCH1,GATA3,unknown,Fake,6,,,TAKEN_OUT
NOTCH1,RORGT,unknown,Fake,6,,,TAKEN_OUT
NOTCH1,IL10,unknown,Fake,6,,,TAKEN_OUT
NOTCH1,IL23R,unknown,Fake,6,,,TAKEN_OUT
NOTCH1,BCL6,unknown,Fake,6,,,TAKEN_OUT
NOTCH1,IL6R,unknown,Fake,6,,,TAKEN_OUT
NOTCH1,IL35,unknown,Fake,6,,,TAKEN_OUT
NOTCH1,IL25R,unknown,Fake,6,,,TAKEN_OUT
NOTCH1,IL2R,unknown,Fake,6,,,TAKEN_OUT
NOTCH1,CMAF,unknown,Fake,6,,,TAKEN_OUT
NOTCH1,IFNG,unknown,Fake,6,,,TAKEN_OUT
NOTCH1,IL1R1,unknown,Fake,6,,,TAKEN_OUT
NOTCH1,IL10R,unknown,Fake,6,,,TAKEN_OUT
IFNG_2,IL21R,unknown,Fake,6,,,TAKEN_OUT
IFNG_2,IL12R,unknown,Fake,6,,,TAKEN_OUT
IFNG_2,IL18R,unknown,Fake,6,,,TAKEN_OUT
IFNG_2,IL12RB2,unknown,Fake,6,,,TAKEN_OUT
IFNG_2,JAK1,unknown,Fake,6,,,TAKEN_OUT
IFNG_2,IL21,unknown,Fake,6,,,TAKEN_OUT
IFNG_2,IL23,unknown,Fake,6,,,TAKEN_OUT
IFNG_2,TBET,unknown,Fake,6,,,TAKEN_OUT
IFNG_2,THPOK,unknown,Fake,6,,,TAKEN_OUT
IFNG_2,IL4RA_2,unknown,Fake,6,,,TAKEN_OUT
IFNG_2,STAT1,unknown,Fake,6,,,TAKEN_OUT
IFNG_2,IL33R,unknown,Fake,6,,,TAKEN_OUT
IFNG_2,IL22,unknown,Fake,6,,,TAKEN_OUT
IFNG_2,IRF1,unknown,Fake,6,,,TAKEN_OUT
IFNG_2,STAT4,unknown,Fake,6,,,TAKEN_OUT
IFNG_2,PU1,unknown,Fake,6,,,TAKEN_OUT
IFNG_2,EOMES,unknown,Fake,6,,,TAKEN_OUT
IFNG_2,CD8,unknown,Fake,6,,,TAKEN_OUT
IFNG_2,TBET_2,unknown,Fake,6,,,TAKEN_OUT
IFNG_2,NFKB,unknown,Fake,6,,,TAKEN_OUT
IFNG_2,STAT6,unknown,Fake,6,,,TAKEN_OUT
IFNG_2,SMAD3,unknown,Fake,6,,,TAKEN_OUT
IFNG_2,STAT1_2,unknown,Fake,6,,,TAKEN_OUT
IFNG_2,IL4,unknown,Fake,6,,,TAKEN_OUT
IFNG_2,STAT3,unknown,Fake,6,,,TAKEN_OUT
IFNG_2,IL25,unknown,Fake,6,,,TAKEN_OUT
IFNG_2,IL9,unknown,Fake,6,,,TAKEN_OUT
IFNG_2,TGFBR,unknown,Fake,6,,,TAKEN_OUT
IFNG_2,IL5,unknown,Fake,6,,,TAKEN_OUT
IFNG_2,IL1R,unknown,Fake,6,,,TAKEN_OUT
IFNG_2,IL6,unknown,Fake,6,,,TAKEN_OUT
IFNG_2,IL12RB1_2,unknown,Fake,6,,,TAKEN_OUT
IFNG_2,RUNX3,unknown,Fake,6,,,TAKEN_OUT
IFNG_2,IL17,unknown,Fake,6,,,TAKEN_OUT
IFNG_2,IL4R,unknown,Fake,6,,,TAKEN_OUT
IFNG_2,CD4,unknown,Fake,6,,,TAKEN_OUT
IFNG_2,SMAD2,unknown,Fake,6,,,TAKEN_OUT
IFNG_2,proliferation,unknown,Fake,6,,,TAKEN_OUT
IFNG_2,NFAT,unknown,Fake,6,,,TAKEN_OUT
IFNG_2,STAT5_2,unknown,Fake,6,,,TAKEN_OUT
IFNG_2,IRAK,unknown,Fake,6,,,TAKEN_OUT
IFNG_2,IL2,unknown,Fake,6,,,TAKEN_OUT
IFNG_2,IL2RA,unknown,Fake,6,,,TAKEN_OUT
IFNG_2,IL13,unknown,Fake,6,,,TAKEN_OUT
IFNG_2,FOXP3,unknown,Fake,6,,,TAKEN_OUT
IFNG_2,IL31,unknown,Fake,6,,,TAKEN_OUT
IFNG_2,PRF1,unknown,Fake,6,,,TAKEN_OUT
IFNG_2,ST2,unknown,Fake,6,,,TAKEN_OUT
IFNG_2,GZMB,unknown,Fake,6,,,TAKEN_OUT
IFNG_2,SOCS1,unknown,Fake,6,,,TAKEN_OUT
IFNG_2,STAT5,unknown,Fake,6,,,TAKEN_OUT
IFNG_2,TGFB,unknown,Fake,6,,,TAKEN_OUT
IFNG_2,IL4R_2,unknown,Fake,6,,,TAKEN_OUT
IFNG_2,IL2R_2,unknown,Fake,6,,,TAKEN_OUT
IFNG_2,IL3,unknown,Fake,6,,,TAKEN_OUT
IFNG_2,IL24,unknown,Fake,6,,,TAKEN_OUT
IFNG_2,IFNG_2,unknown,Fake,6,,,TAKEN_OUT
IFNG_2,GATA3,unknown,Fake,6,,,TAKEN_OUT
IFNG_2,RORGT,unknown,Fake,6,,,TAKEN_OUT
IFNG_2,IL10,unknown,Fake,6,,,TAKEN_OUT
IFNG_2,IL23R,unknown,Fake,6,,,TAKEN_OUT
IFNG_2,BCL6,unknown,Fake,6,,,TAKEN_OUT
IFNG_2,IL6R,unknown,Fake,6,,,TAKEN_OUT
IFNG_2,IL35,unknown,Fake,6,,,TAKEN_OUT
IFNG_2,IL25R,unknown,Fake,6,,,TAKEN_OUT
IFNG_2,IL2R,unknown,Fake,6,,,TAKEN_OUT
IFNG_2,CMAF,unknown,Fake,6,,,TAKEN_OUT
IFNG_2,IFNG,unknown,Fake,6,,,TAKEN_OUT
IFNG_2,IL1R1,unknown,Fake,6,,,TAKEN_OUT
IFNG_2,IL10R,unknown,Fake,6,,,TAKEN_OUT
GATA3,IL21R,unknown,Fake,6,,,TAKEN_OUT
GATA3,IL12R,unknown,Fake,6,,,TAKEN_OUT
GATA3,IL18R,unknown,Fake,6,,,TAKEN_OUT
GATA3,IL12RB2,unknown,Fake,6,,,TAKEN_OUT
GATA3,JAK1,unknown,Fake,6,,,TAKEN_OUT
GATA3,IL21,unknown,Fake,6,,,TAKEN_OUT
GATA3,IL23,unknown,Fake,6,,,TAKEN_OUT
GATA3,IL4RA_2,unknown,Fake,6,,,TAKEN_OUT
GATA3,STAT1,unknown,Fake,6,,,TAKEN_OUT
GATA3,IL33R,unknown,Fake,6,,,TAKEN_OUT
GATA3,IL22,unknown,Fake,6,,,TAKEN_OUT
GATA3,IFNGR_2,unknown,Fake,6,,,TAKEN_OUT
GATA3,IRF1,unknown,Fake,6,,,TAKEN_OUT
GATA3,IFNGR,unknown,Fake,6,,,TAKEN_OUT
GATA3,PU1,unknown,Fake,6,,,TAKEN_OUT
GATA3,EOMES,unknown,Fake,6,,,TAKEN_OUT
GATA3,CD8,unknown,Fake,6,,,TAKEN_OUT
GATA3,NFKB,unknown,Fake,6,,,TAKEN_OUT
GATA3,STAT6,unknown,Fake,6,,,TAKEN_OUT
GATA3,SMAD3,unknown,Fake,6,,,TAKEN_OUT
GATA3,STAT1_2,unknown,Fake,6,,,TAKEN_OUT
GATA3,STAT3,unknown,Fake,6,,,TAKEN_OUT
GATA3,IL9,unknown,Fake,6,,,TAKEN_OUT
GATA3,TGFBR,unknown,Fake,6,,,TAKEN_OUT
GATA3,IL1R,unknown,Fake,6,,,TAKEN_OUT
GATA3,IL6,unknown,Fake,6,,,TAKEN_OUT
GATA3,IL12RB1_2,unknown,Fake,6,,,TAKEN_OUT
GATA3,RUNX3,unknown,Fake,6,,,TAKEN_OUT
GATA3,IL17,unknown,Fake,6,,,TAKEN_OUT
GATA3,IL4R,unknown,Fake,6,,,TAKEN_OUT
GATA3,CD4,unknown,Fake,6,,,TAKEN_OUT
GATA3,SMAD2,unknown,Fake,6,,,TAKEN_OUT
GATA3,proliferation,unknown,Fake,6,,,TAKEN_OUT
GATA3,NFAT,unknown,Fake,6,,,TAKEN_OUT
GATA3,STAT5_2,unknown,Fake,6,,,TAKEN_OUT
GATA3,IRAK,unknown,Fake,6,,,TAKEN_OUT
GATA3,IL2,unknown,Fake,6,,,TAKEN_OUT
GATA3,IL2RA,unknown,Fake,6,,,TAKEN_OUT
GATA3,FOXP3,unknown,Fake,6,,,TAKEN_OUT
GATA3,IL31,unknown,Fake,6,,,TAKEN_OUT
GATA3,PRF1,unknown,Fake,6,,,TAKEN_OUT
GATA3,GZMB,unknown,Fake,6,,,TAKEN_OUT
GATA3,SOCS1,unknown,Fake,6,,,TAKEN_OUT
GATA3,STAT5,unknown,Fake,6,,,TAKEN_OUT
GATA3,TGFB,unknown,Fake,6,,,TAKEN_OUT
GATA3,IL4R_2,unknown,Fake,6,,,TAKEN_OUT
GATA3,IL2R_2,unknown,Fake,6,,,TAKEN_OUT
GATA3,IL24,unknown,Fake,6,,,TAKEN_OUT
GATA3,IL10,unknown,Fake,6,,,TAKEN_OUT
GATA3,IL23R,unknown,Fake,6,,,TAKEN_OUT
GATA3,BCL6,unknown,Fake,6,,,TAKEN_OUT
GATA3,IL6R,unknown,Fake,6,,,TAKEN_OUT
GATA3,IL35,unknown,Fake,6,,,TAKEN_OUT
GATA3,IL25R,unknown,Fake,6,,,TAKEN_OUT
GATA3,IL2R,unknown,Fake,6,,,TAKEN_OUT
GATA3,CMAF,unknown,Fake,6,,,TAKEN_OUT
GATA3,IL1R1,unknown,Fake,6,,,TAKEN_OUT
GATA3,IL10R,unknown,Fake,6,,,TAKEN_OUT
IL10,IL21R,unknown,Fake,6,,,TAKEN_OUT
IL10,IL12R,unknown,Fake,6,,,TAKEN_OUT
IL10,IL18R,unknown,Fake,6,,,TAKEN_OUT
IL10,IL12RB2,unknown,Fake,6,,,TAKEN_OUT
IL10,JAK1,unknown,Fake,6,,,TAKEN_OUT
IL10,IL21,unknown,Fake,6,,,TAKEN_OUT
IL10,IL23,unknown,Fake,6,,,TAKEN_OUT
IL10,TBET,unknown,Fake,6,,,TAKEN_OUT
IL10,THPOK,unknown,Fake,6,,,TAKEN_OUT
IL10,IL4RA_2,unknown,Fake,6,,,TAKEN_OUT
IL10,STAT1,unknown,Fake,6,,,TAKEN_OUT
IL10,IL33R,unknown,Fake,6,,,TAKEN_OUT
IL10,IL22,unknown,Fake,6,,,TAKEN_OUT
IL10,IFNGR_2,unknown,Fake,6,,,TAKEN_OUT
IL10,IRF1,unknown,Fake,6,,,TAKEN_OUT
IL10,STAT4,unknown,Fake,6,,,TAKEN_OUT
IL10,IFNGR,unknown,Fake,6,,,TAKEN_OUT
IL10,PU1,unknown,Fake,6,,,TAKEN_OUT
IL10,EOMES,unknown,Fake,6,,,TAKEN_OUT
IL10,CD8,unknown,Fake,6,,,TAKEN_OUT
IL10,TBET_2,unknown,Fake,6,,,TAKEN_OUT
IL10,NFKB,unknown,Fake,6,,,TAKEN_OUT
IL10,STAT6,unknown,Fake,6,,,TAKEN_OUT
IL10,SMAD3,unknown,Fake,6,,,TAKEN_OUT
IL10,STAT1_2,unknown,Fake,6,,,TAKEN_OUT
IL10,IL4,unknown,Fake,6,,,TAKEN_OUT
IL10,STAT3,unknown,Fake,6,,,TAKEN_OUT
IL10,IL25,unknown,Fake,6,,,TAKEN_OUT
IL10,IL9,unknown,Fake,6,,,TAKEN_OUT
IL10,TGFBR,unknown,Fake,6,,,TAKEN_OUT
IL10,IL5,unknown,Fake,6,,,TAKEN_OUT
IL10,IL1R,unknown,Fake,6,,,TAKEN_OUT
IL10,IL6,unknown,Fake,6,,,TAKEN_OUT
IL10,IL12RB1_2,unknown,Fake,6,,,TAKEN_OUT
IL10,RUNX3,unknown,Fake,6,,,TAKEN_OUT
IL10,IL17,unknown,Fake,6,,,TAKEN_OUT
IL10,IL4R,unknown,Fake,6,,,TAKEN_OUT
IL10,CD4,unknown,Fake,6,,,TAKEN_OUT
IL10,SMAD2,unknown,Fake,6,,,TAKEN_OUT
IL10,proliferation,unknown,Fake,6,,,TAKEN_OUT
IL10,NFAT,unknown,Fake,6,,,TAKEN_OUT
IL10,STAT5_2,unknown,Fake,6,,,TAKEN_OUT
IL10,IRAK,unknown,Fake,6,,,TAKEN_OUT
IL10,IL2,unknown,Fake,6,,,TAKEN_OUT
IL10,IL2RA,unknown,Fake,6,,,TAKEN_OUT
IL10,IL13,unknown,Fake,6,,,TAKEN_OUT
IL10,FOXP3,unknown,Fake,6,,,TAKEN_OUT
IL10,IL31,unknown,Fake,6,,,TAKEN_OUT
IL10,PRF1,unknown,Fake,6,,,TAKEN_OUT
IL10,ST2,unknown,Fake,6,,,TAKEN_OUT
IL10,GZMB,unknown,Fake,6,,,TAKEN_OUT
IL10,SOCS1,unknown,Fake,6,,,TAKEN_OUT
IL10,STAT5,unknown,Fake,6,,,TAKEN_OUT
IL10,TGFB,unknown,Fake,6,,,TAKEN_OUT
IL10,IL4R_2,unknown,Fake,6,,,TAKEN_OUT
IL10,IL2R_2,unknown,Fake,6,,,TAKEN_OUT
IL10,IL3,unknown,Fake,6,,,TAKEN_OUT
IL10,IL24,unknown,Fake,6,,,TAKEN_OUT
IL10,IFNG_2,unknown,Fake,6,,,TAKEN_OUT
IL10,GATA3,unknown,Fake,6,,,TAKEN_OUT
IL10,RORGT,unknown,Fake,6,,,TAKEN_OUT
IL10,IL10,unknown,Fake,6,,,TAKEN_OUT
IL10,IL23R,unknown,Fake,6,,,TAKEN_OUT
IL10,BCL6,unknown,Fake,6,,,TAKEN_OUT
IL10,IL6R,unknown,Fake,6,,,TAKEN_OUT
IL10,IL35,unknown,Fake,6,,,TAKEN_OUT
IL10,IL25R,unknown,Fake,6,,,TAKEN_OUT
IL10,IL2R,unknown,Fake,6,,,TAKEN_OUT
IL10,CMAF,unknown,Fake,6,,,TAKEN_OUT
IL10,IFNG,unknown,Fake,6,,,TAKEN_OUT
IL10,IL1R1,unknown,Fake,6,,,TAKEN_OUT
IL15_e,IL21R,unknown,Fake,6,,,TAKEN_OUT
IL15_e,IL12R,unknown,Fake,6,,,TAKEN_OUT
IL15_e,IL18R,unknown,Fake,6,,,TAKEN_OUT
IL15_e,IL12RB2,unknown,Fake,6,,,TAKEN_OUT
IL15_e,JAK1,unknown,Fake,6,,,TAKEN_OUT
IL15_e,IL21,unknown,Fake,6,,,TAKEN_OUT
IL15_e,IL23,unknown,Fake,6,,,TAKEN_OUT
IL15_e,TBET,unknown,Fake,6,,,TAKEN_OUT
IL15_e,THPOK,unknown,Fake,6,,,TAKEN_OUT
IL15_e,IL4RA_2,unknown,Fake,6,,,TAKEN_OUT
IL15_e,STAT1,unknown,Fake,6,,,TAKEN_OUT
IL15_e,IL33R,unknown,Fake,6,,,TAKEN_OUT
IL15_e,IL22,unknown,Fake,6,,,TAKEN_OUT
IL15_e,IFNGR_2,unknown,Fake,6,,,TAKEN_OUT
IL15_e,IRF1,unknown,Fake,6,,,TAKEN_OUT
IL15_e,STAT4,unknown,Fake,6,,,TAKEN_OUT
IL15_e,IFNGR,unknown,Fake,6,,,TAKEN_OUT
IL15_e,PU1,unknown,Fake,6,,,TAKEN_OUT
IL15_e,EOMES,unknown,Fake,6,,,TAKEN_OUT
IL15_e,CD8,unknown,Fake,6,,,TAKEN_OUT
IL15_e,TBET_2,unknown,Fake,6,,,TAKEN_OUT
IL15_e,NFKB,unknown,Fake,6,,,TAKEN_OUT
IL15_e,STAT6,unknown,Fake,6,,,TAKEN_OUT
IL15_e,SMAD3,unknown,Fake,6,,,TAKEN_OUT
IL15_e,STAT1_2,unknown,Fake,6,,,TAKEN_OUT
IL15_e,IL4,unknown,Fake,6,,,TAKEN_OUT
IL15_e,STAT3,unknown,Fake,6,,,TAKEN_OUT
IL15_e,IL25,unknown,Fake,6,,,TAKEN_OUT
IL15_e,IL9,unknown,Fake,6,,,TAKEN_OUT
IL15_e,TGFBR,unknown,Fake,6,,,TAKEN_OUT
IL15_e,IL5,unknown,Fake,6,,,TAKEN_OUT
IL15_e,IL1R,unknown,Fake,6,,,TAKEN_OUT
IL15_e,IL6,unknown,Fake,6,,,TAKEN_OUT
IL15_e,IL12RB1_2,unknown,Fake,6,,,TAKEN_OUT
IL15_e,RUNX3,unknown,Fake,6,,,TAKEN_OUT
IL15_e,IL17,unknown,Fake,6,,,TAKEN_OUT
IL15_e,IL4R,unknown,Fake,6,,,TAKEN_OUT
IL15_e,CD4,unknown,Fake,6,,,TAKEN_OUT
IL15_e,SMAD2,unknown,Fake,6,,,TAKEN_OUT
IL15_e,proliferation,unknown,Fake,6,,,TAKEN_OUT
IL15_e,NFAT,unknown,Fake,6,,,TAKEN_OUT
IL15_e,STAT5_2,unknown,Fake,6,,,TAKEN_OUT
IL15_e,IRAK,unknown,Fake,6,,,TAKEN_OUT
IL15_e,IL2,unknown,Fake,6,,,TAKEN_OUT
IL15_e,IL2RA,unknown,Fake,6,,,TAKEN_OUT
IL15_e,IL13,unknown,Fake,6,,,TAKEN_OUT
IL15_e,FOXP3,unknown,Fake,6,,,TAKEN_OUT
IL15_e,IL31,unknown,Fake,6,,,TAKEN_OUT
IL15_e,PRF1,unknown,Fake,6,,,TAKEN_OUT
IL15_e,ST2,unknown,Fake,6,,,TAKEN_OUT
IL15_e,GZMB,unknown,Fake,6,,,TAKEN_OUT
IL15_e,SOCS1,unknown,Fake,6,,,TAKEN_OUT
IL15_e,STAT5,unknown,Fake,6,,,TAKEN_OUT
IL15_e,TGFB,unknown,Fake,6,,,TAKEN_OUT
IL15_e,IL4R_2,unknown,Fake,6,,,TAKEN_OUT
IL15_e,IL2R_2,unknown,Fake,6,,,TAKEN_OUT
IL15_e,IL3,unknown,Fake,6,,,TAKEN_OUT
IL15_e,IL24,unknown,Fake,6,,,TAKEN_OUT
IL15_e,IFNG_2,unknown,Fake,6,,,TAKEN_OUT
IL15_e,GATA3,unknown,Fake,6,,,TAKEN_OUT
IL15_e,RORGT,unknown,Fake,6,,,TAKEN_OUT
IL15_e,IL10,unknown,Fake,6,,,TAKEN_OUT
IL15_e,IL23R,unknown,Fake,6,,,TAKEN_OUT
IL15_e,BCL6,unknown,Fake,6,,,TAKEN_OUT
IL15_e,IL6R,unknown,Fake,6,,,TAKEN_OUT
IL15_e,IL35,unknown,Fake,6,,,TAKEN_OUT
IL15_e,IL25R,unknown,Fake,6,,,TAKEN_OUT
IL15_e,IL2R,unknown,Fake,6,,,TAKEN_OUT
IL15_e,CMAF,unknown,Fake,6,,,TAKEN_OUT
IL15_e,IFNG,unknown,Fake,6,,,TAKEN_OUT
IL15_e,IL1R1,unknown,Fake,6,,,TAKEN_OUT
IL15_e,IL10R,unknown,Fake,6,,,TAKEN_OUT
BCL6,IL21R,unknown,Fake,6,,,TAKEN_OUT
BCL6,IL12R,unknown,Fake,6,,,TAKEN_OUT
BCL6,IL18R,unknown,Fake,6,,,TAKEN_OUT
BCL6,IL12RB2,unknown,Fake,6,,,TAKEN_OUT
BCL6,JAK1,unknown,Fake,6,,,TAKEN_OUT
BCL6,IL23,unknown,Fake,6,,,TAKEN_OUT
BCL6,THPOK,unknown,Fake,6,,,TAKEN_OUT
BCL6,IL4RA_2,unknown,Fake,6,,,TAKEN_OUT
BCL6,STAT1,unknown,Fake,6,,,TAKEN_OUT
BCL6,IL33R,unknown,Fake,6,,,TAKEN_OUT
BCL6,IL22,unknown,Fake,6,,,TAKEN_OUT
BCL6,IFNGR_2,unknown,Fake,6,,,TAKEN_OUT
BCL6,IRF1,unknown,Fake,6,,,TAKEN_OUT
BCL6,STAT4,unknown,Fake,6,,,TAKEN_OUT
BCL6,IFNGR,unknown,Fake,6,,,TAKEN_OUT
BCL6,PU1,unknown,Fake,6,,,TAKEN_OUT
BCL6,EOMES,unknown,Fake,6,,,TAKEN_OUT
BCL6,CD8,unknown,Fake,6,,,TAKEN_OUT
BCL6,NFKB,unknown,Fake,6,,,TAKEN_OUT
BCL6,STAT6,unknown,Fake,6,,,TAKEN_OUT
BCL6,SMAD3,unknown,Fake,6,,,TAKEN_OUT
BCL6,STAT1_2,unknown,Fake,6,,,TAKEN_OUT
BCL6,IL4,unknown,Fake,6,,,TAKEN_OUT
BCL6,STAT3,unknown,Fake,6,,,TAKEN_OUT
BCL6,IL25,unknown,Fake,6,,,TAKEN_OUT
BCL6,IL9,unknown,Fake,6,,,TAKEN_OUT
BCL6,TGFBR,unknown,Fake,6,,,TAKEN_OUT
BCL6,IL5,unknown,Fake,6,,,TAKEN_OUT
BCL6,IL1R,unknown,Fake,6,,,TAKEN_OUT
BCL6,IL6,unknown,Fake,6,,,TAKEN_OUT
BCL6,IL12RB1_2,unknown,Fake,6,,,TAKEN_OUT
BCL6,RUNX3,unknown,Fake,6,,,TAKEN_OUT
BCL6,IL17,unknown,Fake,6,,,TAKEN_OUT
BCL6,IL4R,unknown,Fake,6,,,TAKEN_OUT
BCL6,CD4,unknown,Fake,6,,,TAKEN_OUT
BCL6,SMAD2,unknown,Fake,6,,,TAKEN_OUT
BCL6,proliferation,unknown,Fake,6,,,TAKEN_OUT
BCL6,NFAT,unknown,Fake,6,,,TAKEN_OUT
BCL6,STAT5_2,unknown,Fake,6,,,TAKEN_OUT
BCL6,IRAK,unknown,Fake,6,,,TAKEN_OUT
BCL6,IL2,unknown,Fake,6,,,TAKEN_OUT
BCL6,IL2RA,unknown,Fake,6,,,TAKEN_OUT
BCL6,IL13,unknown,Fake,6,,,TAKEN_OUT
BCL6,FOXP3,unknown,Fake,6,,,TAKEN_OUT
BCL6,IL31,unknown,Fake,6,,,TAKEN_OUT
BCL6,PRF1,unknown,Fake,6,,,TAKEN_OUT
BCL6,ST2,unknown,Fake,6,,,TAKEN_OUT
BCL6,GZMB,unknown,Fake,6,,,TAKEN_OUT
BCL6,SOCS1,unknown,Fake,6,,,TAKEN_OUT
BCL6,STAT5,unknown,Fake,6,,,TAKEN_OUT
BCL6,TGFB,unknown,Fake,6,,,TAKEN_OUT
BCL6,IL4R_2,unknown,Fake,6,,,TAKEN_OUT
BCL6,IL2R_2,unknown,Fake,6,,,TAKEN_OUT
BCL6,IL3,unknown,Fake,6,,,TAKEN_OUT
BCL6,IL24,unknown,Fake,6,,,TAKEN_OUT
BCL6,RORGT,unknown,Fake,6,,,TAKEN_OUT
BCL6,IL10,unknown,Fake,6,,,TAKEN_OUT
BCL6,IL23R,unknown,Fake,6,,,TAKEN_OUT
BCL6,BCL6,unknown,Fake,6,,,TAKEN_OUT
BCL6,IL6R,unknown,Fake,6,,,TAKEN_OUT
BCL6,IL35,unknown,Fake,6,,,TAKEN_OUT
BCL6,IL25R,unknown,Fake,6,,,TAKEN_OUT
BCL6,IL2R,unknown,Fake,6,,,TAKEN_OUT
BCL6,CMAF,unknown,Fake,6,,,TAKEN_OUT
BCL6,IL1R1,unknown,Fake,6,,,TAKEN_OUT
BCL6,IL10R,unknown,Fake,6,,,TAKEN_OUT
IL7R,IL21R,unknown,Fake,6,,,TAKEN_OUT
IL7R,IL12R,unknown,Fake,6,,,TAKEN_OUT
IL7R,IL18R,unknown,Fake,6,,,TAKEN_OUT
IL7R,IL12RB2,unknown,Fake,6,,,TAKEN_OUT
IL7R,JAK1,unknown,Fake,6,,,TAKEN_OUT
IL7R,IL21,unknown,Fake,6,,,TAKEN_OUT
IL7R,IL23,unknown,Fake,6,,,TAKEN_OUT
IL7R,TBET,unknown,Fake,6,,,TAKEN_OUT
IL7R,THPOK,unknown,Fake,6,,,TAKEN_OUT
IL7R,IL4RA_2,unknown,Fake,6,,,TAKEN_OUT
IL7R,STAT1,unknown,Fake,6,,,TAKEN_OUT
IL7R,IL33R,unknown,Fake,6,,,TAKEN_OUT
IL7R,IL22,unknown,Fake,6,,,TAKEN_OUT
IL7R,IFNGR_2,unknown,Fake,6,,,TAKEN_OUT
IL7R,IRF1,unknown,Fake,6,,,TAKEN_OUT
IL7R,STAT4,unknown,Fake,6,,,TAKEN_OUT
IL7R,IFNGR,unknown,Fake,6,,,TAKEN_OUT
IL7R,PU1,unknown,Fake,6,,,TAKEN_OUT
IL7R,EOMES,unknown,Fake,6,,,TAKEN_OUT
IL7R,CD8,unknown,Fake,6,,,TAKEN_OUT
IL7R,TBET_2,unknown,Fake,6,,,TAKEN_OUT
IL7R,NFKB,unknown,Fake,6,,,TAKEN_OUT
IL7R,STAT6,unknown,Fake,6,,,TAKEN_OUT
IL7R,SMAD3,unknown,Fake,6,,,TAKEN_OUT
IL7R,STAT1_2,unknown,Fake,6,,,TAKEN_OUT
IL7R,IL4,unknown,Fake,6,,,TAKEN_OUT
IL7R,STAT3,unknown,Fake,6,,,TAKEN_OUT
IL7R,IL25,unknown,Fake,6,,,TAKEN_OUT
IL7R,IL9,unknown,Fake,6,,,TAKEN_OUT
IL7R,TGFBR,unknown,Fake,6,,,TAKEN_OUT
IL7R,IL5,unknown,Fake,6,,,TAKEN_OUT
IL7R,IL1R,unknown,Fake,6,,,TAKEN_OUT
IL7R,IL6,unknown,Fake,6,,,TAKEN_OUT
IL7R,IL12RB1_2,unknown,Fake,6,,,TAKEN_OUT
IL7R,RUNX3,unknown,Fake,6,,,TAKEN_OUT
IL7R,IL17,unknown,Fake,6,,,TAKEN_OUT
IL7R,IL4R,unknown,Fake,6,,,TAKEN_OUT
IL7R,CD4,unknown,Fake,6,,,TAKEN_OUT
IL7R,SMAD2,unknown,Fake,6,,,TAKEN_OUT
IL7R,proliferation,unknown,Fake,6,,,TAKEN_OUT
IL7R,NFAT,unknown,Fake,6,,,TAKEN_OUT
IL7R,IRAK,unknown,Fake,6,,,TAKEN_OUT
IL7R,IL2,unknown,Fake,6,,,TAKEN_OUT
IL7R,IL2RA,unknown,Fake,6,,,TAKEN_OUT
IL7R,IL13,unknown,Fake,6,,,TAKEN_OUT
IL7R,FOXP3,unknown,Fake,6,,,TAKEN_OUT
IL7R,IL31,unknown,Fake,6,,,TAKEN_OUT
IL7R,PRF1,unknown,Fake,6,,,TAKEN_OUT
IL7R,ST2,unknown,Fake,6,,,TAKEN_OUT
IL7R,GZMB,unknown,Fake,6,,,TAKEN_OUT
IL7R,SOCS1,unknown,Fake,6,,,TAKEN_OUT
IL7R,TGFB,unknown,Fake,6,,,TAKEN_OUT
IL7R,IL4R_2,unknown,Fake,6,,,TAKEN_OUT
IL7R,IL2R_2,unknown,Fake,6,,,TAKEN_OUT
IL7R,IL3,unknown,Fake,6,,,TAKEN_OUT
IL7R,IL24,unknown,Fake,6,,,TAKEN_OUT
IL7R,IFNG_2,unknown,Fake,6,,,TAKEN_OUT
IL7R,GATA3,unknown,Fake,6,,,TAKEN_OUT
IL7R,RORGT,unknown,Fake,6,,,TAKEN_OUT
IL7R,IL10,unknown,Fake,6,,,TAKEN_OUT
IL7R,IL23R,unknown,Fake,6,,,TAKEN_OUT
IL7R,BCL6,unknown,Fake,6,,,TAKEN_OUT
IL7R,IL6R,unknown,Fake,6,,,TAKEN_OUT
IL7R,IL35,unknown,Fake,6,,,TAKEN_OUT
IL7R,IL25R,unknown,Fake,6,,,TAKEN_OUT
IL7R,IL2R,unknown,Fake,6,,,TAKEN_OUT
IL7R,CMAF,unknown,Fake,6,,,TAKEN_OUT
IL7R,IFNG,unknown,Fake,6,,,TAKEN_OUT
IL7R,IL1R1,unknown,Fake,6,,,TAKEN_OUT
IL7R,IL10R,unknown,Fake,6,,,TAKEN_OUT
DLL1,IL21R,unknown,Fake,6,,,TAKEN_OUT
DLL1,IL12R,unknown,Fake,6,,,TAKEN_OUT
DLL1,IL18R,unknown,Fake,6,,,TAKEN_OUT
DLL1,IL12RB2,unknown,Fake,6,,,TAKEN_OUT
DLL1,JAK1,unknown,Fake,6,,,TAKEN_OUT
DLL1,IL21,unknown,Fake,6,,,TAKEN_OUT
DLL1,IL23,unknown,Fake,6,,,TAKEN_OUT
DLL1,TBET,unknown,Fake,6,,,TAKEN_OUT
DLL1,THPOK,unknown,Fake,6,,,TAKEN_OUT
DLL1,IL4RA_2,unknown,Fake,6,,,TAKEN_OUT
DLL1,STAT1,unknown,Fake,6,,,TAKEN_OUT
DLL1,IL33R,unknown,Fake,6,,,TAKEN_OUT
DLL1,IL22,unknown,Fake,6,,,TAKEN_OUT
DLL1,IFNGR_2,unknown,Fake,6,,,TAKEN_OUT
DLL1,IRF1,unknown,Fake,6,,,TAKEN_OUT
DLL1,STAT4,unknown,Fake,6,,,TAKEN_OUT
DLL1,IFNGR,unknown,Fake,6,,,TAKEN_OUT
DLL1,PU1,unknown,Fake,6,,,TAKEN_OUT
DLL1,EOMES,unknown,Fake,6,,,TAKEN_OUT
DLL1,CD8,unknown,Fake,6,,,TAKEN_OUT
DLL1,TBET_2,unknown,Fake,6,,,TAKEN_OUT
DLL1,NFKB,unknown,Fake,6,,,TAKEN_OUT
DLL1,STAT6,unknown,Fake,6,,,TAKEN_OUT
DLL1,SMAD3,unknown,Fake,6,,,TAKEN_OUT
DLL1,STAT1_2,unknown,Fake,6,,,TAKEN_OUT
DLL1,IL4,unknown,Fake,6,,,TAKEN_OUT
DLL1,STAT3,unknown,Fake,6,,,TAKEN_OUT
DLL1,IL25,unknown,Fake,6,,,TAKEN_OUT
DLL1,IL9,unknown,Fake,6,,,TAKEN_OUT
DLL1,TGFBR,unknown,Fake,6,,,TAKEN_OUT
DLL1,IL5,unknown,Fake,6,,,TAKEN_OUT
DLL1,IL1R,unknown,Fake,6,,,TAKEN_OUT
DLL1,IL6,unknown,Fake,6,,,TAKEN_OUT
DLL1,IL12RB1_2,unknown,Fake,6,,,TAKEN_OUT
DLL1,RUNX3,unknown,Fake,6,,,TAKEN_OUT
DLL1,IL17,unknown,Fake,6,,,TAKEN_OUT
DLL1,IL4R,unknown,Fake,6,,,TAKEN_OUT
DLL1,CD4,unknown,Fake,6,,,TAKEN_OUT
DLL1,SMAD2,unknown,Fake,6,,,TAKEN_OUT
DLL1,proliferation,unknown,Fake,6,,,TAKEN_OUT
DLL1,NFAT,unknown,Fake,6,,,TAKEN_OUT
DLL1,STAT5_2,unknown,Fake,6,,,TAKEN_OUT
DLL1,IRAK,unknown,Fake,6,,,TAKEN_OUT
DLL1,IL2,unknown,Fake,6,,,TAKEN_OUT
DLL1,IL2RA,unknown,Fake,6,,,TAKEN_OUT
DLL1,IL13,unknown,Fake,6,,,TAKEN_OUT
DLL1,FOXP3,unknown,Fake,6,,,TAKEN_OUT
DLL1,IL31,unknown,Fake,6,,,TAKEN_OUT
DLL1,PRF1,unknown,Fake,6,,,TAKEN_OUT
DLL1,ST2,unknown,Fake,6,,,TAKEN_OUT
DLL1,GZMB,unknown,Fake,6,,,TAKEN_OUT
DLL1,SOCS1,unknown,Fake,6,,,TAKEN_OUT
DLL1,STAT5,unknown,Fake,6,,,TAKEN_OUT
DLL1,TGFB,unknown,Fake,6,,,TAKEN_OUT
DLL1,IL4R_2,unknown,Fake,6,,,TAKEN_OUT
DLL1,IL2R_2,unknown,Fake,6,,,TAKEN_OUT
DLL1,IL3,unknown,Fake,6,,,TAKEN_OUT
DLL1,IL24,unknown,Fake,6,,,TAKEN_OUT
DLL1,IFNG_2,unknown,Fake,6,,,TAKEN_OUT
DLL1,GATA3,unknown,Fake,6,,,TAKEN_OUT
DLL1,RORGT,unknown,Fake,6,,,TAKEN_OUT
DLL1,IL10,unknown,Fake,6,,,TAKEN_OUT
DLL1,IL23R,unknown,Fake,6,,,TAKEN_OUT
DLL1,BCL6,unknown,Fake,6,,,TAKEN_OUT
DLL1,IL6R,unknown,Fake,6,,,TAKEN_OUT
DLL1,IL35,unknown,Fake,6,,,TAKEN_OUT
DLL1,IL25R,unknown,Fake,6,,,TAKEN_OUT
DLL1,IL2R,unknown,Fake,6,,,TAKEN_OUT
DLL1,CMAF,unknown,Fake,6,,,TAKEN_OUT
DLL1,IFNG,unknown,Fake,6,,,TAKEN_OUT
DLL1,IL1R1,unknown,Fake,6,,,TAKEN_OUT
DLL1,IL10R,unknown,Fake,6,,,TAKEN_OUT
IL25R,IL21R,unknown,Fake,6,,,TAKEN_OUT
IL25R,IL12R,unknown,Fake,6,,,TAKEN_OUT
IL25R,IL18R,unknown,Fake,6,,,TAKEN_OUT
IL25R,IL12RB2,unknown,Fake,6,,,TAKEN_OUT
IL25R,JAK1,unknown,Fake,6,,,TAKEN_OUT
IL25R,IL21,unknown,Fake,6,,,TAKEN_OUT
IL25R,IL23,unknown,Fake,6,,,TAKEN_OUT
IL25R,TBET,unknown,Fake,6,,,TAKEN_OUT
IL25R,THPOK,unknown,Fake,6,,,TAKEN_OUT
IL25R,IL4RA_2,unknown,Fake,6,,,TAKEN_OUT
IL25R,STAT1,unknown,Fake,6,,,TAKEN_OUT
IL25R,IL33R,unknown,Fake,6,,,TAKEN_OUT
IL25R,IL22,unknown,Fake,6,,,TAKEN_OUT
IL25R,IFNGR_2,unknown,Fake,6,,,TAKEN_OUT
IL25R,IRF1,unknown,Fake,6,,,TAKEN_OUT
IL25R,STAT4,unknown,Fake,6,,,TAKEN_OUT
IL25R,IFNGR,unknown,Fake,6,,,TAKEN_OUT
IL25R,PU1,unknown,Fake,6,,,TAKEN_OUT
IL25R,EOMES,unknown,Fake,6,,,TAKEN_OUT
IL25R,CD8,unknown,Fake,6,,,TAKEN_OUT
IL25R,TBET_2,unknown,Fake,6,,,TAKEN_OUT
IL25R,NFKB,unknown,Fake,6,,,TAKEN_OUT
IL25R,STAT6,unknown,Fake,6,,,TAKEN_OUT
IL25R,SMAD3,unknown,Fake,6,,,TAKEN_OUT
IL25R,STAT1_2,unknown,Fake,6,,,TAKEN_OUT
IL25R,IL4,unknown,Fake,6,,,TAKEN_OUT
IL25R,STAT3,unknown,Fake,6,,,TAKEN_OUT
IL25R,IL25,unknown,Fake,6,,,TAKEN_OUT
IL25R,IL9,unknown,Fake,6,,,TAKEN_OUT
IL25R,TGFBR,unknown,Fake,6,,,TAKEN_OUT
IL25R,IL5,unknown,Fake,6,,,TAKEN_OUT
IL25R,IL1R,unknown,Fake,6,,,TAKEN_OUT
IL25R,IL6,unknown,Fake,6,,,TAKEN_OUT
IL25R,IL12RB1_2,unknown,Fake,6,,,TAKEN_OUT
IL25R,RUNX3,unknown,Fake,6,,,TAKEN_OUT
IL25R,IL17,unknown,Fake,6,,,TAKEN_OUT
IL25R,IL4R,unknown,Fake,6,,,TAKEN_OUT
IL25R,CD4,unknown,Fake,6,,,TAKEN_OUT
IL25R,SMAD2,unknown,Fake,6,,,TAKEN_OUT
IL25R,proliferation,unknown,Fake,6,,,TAKEN_OUT
IL25R,NFAT,unknown,Fake,6,,,TAKEN_OUT
IL25R,STAT5_2,unknown,Fake,6,,,TAKEN_OUT
IL25R,IRAK,unknown,Fake,6,,,TAKEN_OUT
IL25R,IL2,unknown,Fake,6,,,TAKEN_OUT
IL25R,IL2RA,unknown,Fake,6,,,TAKEN_OUT
IL25R,IL13,unknown,Fake,6,,,TAKEN_OUT
IL25R,FOXP3,unknown,Fake,6,,,TAKEN_OUT
IL25R,IL31,unknown,Fake,6,,,TAKEN_OUT
IL25R,PRF1,unknown,Fake,6,,,TAKEN_OUT
IL25R,ST2,unknown,Fake,6,,,TAKEN_OUT
IL25R,GZMB,unknown,Fake,6,,,TAKEN_OUT
IL25R,SOCS1,unknown,Fake,6,,,TAKEN_OUT
IL25R,STAT5,unknown,Fake,6,,,TAKEN_OUT
IL25R,TGFB,unknown,Fake,6,,,TAKEN_OUT
IL25R,IL4R_2,unknown,Fake,6,,,TAKEN_OUT
IL25R,IL2R_2,unknown,Fake,6,,,TAKEN_OUT
IL25R,IL3,unknown,Fake,6,,,TAKEN_OUT
IL25R,IL24,unknown,Fake,6,,,TAKEN_OUT
IL25R,IFNG_2,unknown,Fake,6,,,TAKEN_OUT
IL25R,RORGT,unknown,Fake,6,,,TAKEN_OUT
IL25R,IL10,unknown,Fake,6,,,TAKEN_OUT
IL25R,IL23R,unknown,Fake,6,,,TAKEN_OUT
IL25R,BCL6,unknown,Fake,6,,,TAKEN_OUT
IL25R,IL6R,unknown,Fake,6,,,TAKEN_OUT
IL25R,IL35,unknown,Fake,6,,,TAKEN_OUT
IL25R,IL25R,unknown,Fake,6,,,TAKEN_OUT
IL25R,IL2R,unknown,Fake,6,,,TAKEN_OUT
IL25R,CMAF,unknown,Fake,6,,,TAKEN_OUT
IL25R,IFNG,unknown,Fake,6,,,TAKEN_OUT
IL25R,IL1R1,unknown,Fake,6,,,TAKEN_OUT
IL25R,IL10R,unknown,Fake,6,,,TAKEN_OUT
IL12_e,IL21R,unknown,Fake,6,,,TAKEN_OUT
IL12_e,IL18R,unknown,Fake,6,,,TAKEN_OUT
IL12_e,IL12RB2,unknown,Fake,6,,,TAKEN_OUT
IL12_e,JAK1,unknown,Fake,6,,,TAKEN_OUT
IL12_e,IL21,unknown,Fake,6,,,TAKEN_OUT
IL12_e,IL23,unknown,Fake,6,,,TAKEN_OUT
IL12_e,TBET,unknown,Fake,6,,,TAKEN_OUT
IL12_e,THPOK,unknown,Fake,6,,,TAKEN_OUT
IL12_e,IL4RA_2,unknown,Fake,6,,,TAKEN_OUT
IL12_e,STAT1,unknown,Fake,6,,,TAKEN_OUT
IL12_e,IL33R,unknown,Fake,6,,,TAKEN_OUT
IL12_e,IL22,unknown,Fake,6,,,TAKEN_OUT
IL12_e,IFNGR_2,unknown,Fake,6,,,TAKEN_OUT
IL12_e,IRF1,unknown,Fake,6,,,TAKEN_OUT
IL12_e,STAT4,unknown,Fake,6,,,TAKEN_OUT
IL12_e,IFNGR,unknown,Fake,6,,,TAKEN_OUT
IL12_e,PU1,unknown,Fake,6,,,TAKEN_OUT
IL12_e,EOMES,unknown,Fake,6,,,TAKEN_OUT
IL12_e,CD8,unknown,Fake,6,,,TAKEN_OUT
IL12_e,TBET_2,unknown,Fake,6,,,TAKEN_OUT
IL12_e,NFKB,unknown,Fake,6,,,TAKEN_OUT
IL12_e,STAT6,unknown,Fake,6,,,TAKEN_OUT
IL12_e,SMAD3,unknown,Fake,6,,,TAKEN_OUT
IL12_e,STAT1_2,unknown,Fake,6,,,TAKEN_OUT
IL12_e,IL4,unknown,Fake,6,,,TAKEN_OUT
IL12_e,STAT3,unknown,Fake,6,,,TAKEN_OUT
IL12_e,IL25,unknown,Fake,6,,,TAKEN_OUT
IL12_e,IL9,unknown,Fake,6,,,TAKEN_OUT
IL12_e,TGFBR,unknown,Fake,6,,,TAKEN_OUT
IL12_e,IL5,unknown,Fake,6,,,TAKEN_OUT
IL12_e,IL1R,unknown,Fake,6,,,TAKEN_OUT
IL12_e,IL6,unknown,Fake,6,,,TAKEN_OUT
IL12_e,IL12RB1_2,unknown,Fake,6,,,TAKEN_OUT
IL12_e,RUNX3,unknown,Fake,6,,,TAKEN_OUT
IL12_e,IL17,unknown,Fake,6,,,TAKEN_OUT
IL12_e,IL4R,unknown,Fake,6,,,TAKEN_OUT
IL12_e,CD4,unknown,Fake,6,,,TAKEN_OUT
IL12_e,SMAD2,unknown,Fake,6,,,TAKEN_OUT
IL12_e,proliferation,unknown,Fake,6,,,TAKEN_OUT
IL12_e,NFAT,unknown,Fake,6,,,TAKEN_OUT
IL12_e,STAT5_2,unknown,Fake,6,,,TAKEN_OUT
IL12_e,IRAK,unknown,Fake,6,,,TAKEN_OUT
IL12_e,IL2,unknown,Fake,6,,,TAKEN_OUT
IL12_e,IL2RA,unknown,Fake,6,,,TAKEN_OUT
IL12_e,IL13,unknown,Fake,6,,,TAKEN_OUT
IL12_e,FOXP3,unknown,Fake,6,,,TAKEN_OUT
IL12_e,IL31,unknown,Fake,6,,,TAKEN_OUT
IL12_e,PRF1,unknown,Fake,6,,,TAKEN_OUT
IL12_e,ST2,unknown,Fake,6,,,TAKEN_OUT
IL12_e,GZMB,unknown,Fake,6,,,TAKEN_OUT
IL12_e,SOCS1,unknown,Fake,6,,,TAKEN_OUT
IL12_e,STAT5,unknown,Fake,6,,,TAKEN_OUT
IL12_e,TGFB,unknown,Fake,6,,,TAKEN_OUT
IL12_e,IL4R_2,unknown,Fake,6,,,TAKEN_OUT
IL12_e,IL2R_2,unknown,Fake,6,,,TAKEN_OUT
IL12_e,IL3,unknown,Fake,6,,,TAKEN_OUT
IL12_e,IL24,unknown,Fake,6,,,TAKEN_OUT
IL12_e,IFNG_2,unknown,Fake,6,,,TAKEN_OUT
IL12_e,GATA3,unknown,Fake,6,,,TAKEN_OUT
IL12_e,RORGT,unknown,Fake,6,,,TAKEN_OUT
IL12_e,IL10,unknown,Fake,6,,,TAKEN_OUT
IL12_e,IL23R,unknown,Fake,6,,,TAKEN_OUT
IL12_e,BCL6,unknown,Fake,6,,,TAKEN_OUT
IL12_e,IL6R,unknown,Fake,6,,,TAKEN_OUT
IL12_e,IL35,unknown,Fake,6,,,TAKEN_OUT
IL12_e,IL25R,unknown,Fake,6,,,TAKEN_OUT
IL12_e,IL2R,unknown,Fake,6,,,TAKEN_OUT
IL12_e,CMAF,unknown,Fake,6,,,TAKEN_OUT
IL12_e,IFNG,unknown,Fake,6,,,TAKEN_OUT
IL12_e,IL1R1,unknown,Fake,6,,,TAKEN_OUT
IL12_e,IL10R,unknown,Fake,6,,,TAKEN_OUT
IL2_e,IL21R,unknown,Fake,6,,,TAKEN_OUT
IL2_e,IL12R,unknown,Fake,6,,,TAKEN_OUT
IL2_e,IL18R,unknown,Fake,6,,,TAKEN_OUT
IL2_e,IL12RB2,unknown,Fake,6,,,TAKEN_OUT
IL2_e,JAK1,unknown,Fake,6,,,TAKEN_OUT
IL2_e,IL21,unknown,Fake,6,,,TAKEN_OUT
IL2_e,IL23,unknown,Fake,6,,,TAKEN_OUT
IL2_e,TBET,unknown,Fake,6,,,TAKEN_OUT
IL2_e,THPOK,unknown,Fake,6,,,TAKEN_OUT
IL2_e,IL4RA_2,unknown,Fake,6,,,TAKEN_OUT
IL2_e,STAT1,unknown,Fake,6,,,TAKEN_OUT
IL2_e,IL33R,unknown,Fake,6,,,TAKEN_OUT
IL2_e,IL22,unknown,Fake,6,,,TAKEN_OUT
IL2_e,IFNGR_2,unknown,Fake,6,,,TAKEN_OUT
IL2_e,IRF1,unknown,Fake,6,,,TAKEN_OUT
IL2_e,STAT4,unknown,Fake,6,,,TAKEN_OUT
IL2_e,IFNGR,unknown,Fake,6,,,TAKEN_OUT
IL2_e,PU1,unknown,Fake,6,,,TAKEN_OUT
IL2_e,EOMES,unknown,Fake,6,,,TAKEN_OUT
IL2_e,CD8,unknown,Fake,6,,,TAKEN_OUT
IL2_e,TBET_2,unknown,Fake,6,,,TAKEN_OUT
IL2_e,NFKB,unknown,Fake,6,,,TAKEN_OUT
IL2_e,STAT6,unknown,Fake,6,,,TAKEN_OUT
IL2_e,SMAD3,unknown,Fake,6,,,TAKEN_OUT
IL2_e,STAT1_2,unknown,Fake,6,,,TAKEN_OUT
IL2_e,IL4,unknown,Fake,6,,,TAKEN_OUT
IL2_e,STAT3,unknown,Fake,6,,,TAKEN_OUT
IL2_e,IL25,unknown,Fake,6,,,TAKEN_OUT
IL2_e,IL9,unknown,Fake,6,,,TAKEN_OUT
IL2_e,TGFBR,unknown,Fake,6,,,TAKEN_OUT
IL2_e,IL5,unknown,Fake,6,,,TAKEN_OUT
IL2_e,IL1R,unknown,Fake,6,,,TAKEN_OUT
IL2_e,IL6,unknown,Fake,6,,,TAKEN_OUT
IL2_e,IL12RB1_2,unknown,Fake,6,,,TAKEN_OUT
IL2_e,RUNX3,unknown,Fake,6,,,TAKEN_OUT
IL2_e,IL17,unknown,Fake,6,,,TAKEN_OUT
IL2_e,IL4R,unknown,Fake,6,,,TAKEN_OUT
IL2_e,CD4,unknown,Fake,6,,,TAKEN_OUT
IL2_e,SMAD2,unknown,Fake,6,,,TAKEN_OUT
IL2_e,proliferation,unknown,Fake,6,,,TAKEN_OUT
IL2_e,NFAT,unknown,Fake,6,,,TAKEN_OUT
IL2_e,STAT5_2,unknown,Fake,6,,,TAKEN_OUT
IL2_e,IRAK,unknown,Fake,6,,,TAKEN_OUT
IL2_e,IL2,unknown,Fake,6,,,TAKEN_OUT
IL2_e,IL2RA,unknown,Fake,6,,,TAKEN_OUT
IL2_e,IL13,unknown,Fake,6,,,TAKEN_OUT
IL2_e,FOXP3,unknown,Fake,6,,,TAKEN_OUT
IL2_e,IL31,unknown,Fake,6,,,TAKEN_OUT
IL2_e,PRF1,unknown,Fake,6,,,TAKEN_OUT
IL2_e,ST2,unknown,Fake,6,,,TAKEN_OUT
IL2_e,GZMB,unknown,Fake,6,,,TAKEN_OUT
IL2_e,SOCS1,unknown,Fake,6,,,TAKEN_OUT
IL2_e,STAT5,unknown,Fake,6,,,TAKEN_OUT
IL2_e,TGFB,unknown,Fake,6,,,TAKEN_OUT
IL2_e,IL4R_2,unknown,Fake,6,,,TAKEN_OUT
IL2_e,IL3,unknown,Fake,6,,,TAKEN_OUT
IL2_e,IL24,unknown,Fake,6,,,TAKEN_OUT
IL2_e,IFNG_2,unknown,Fake,6,,,TAKEN_OUT
IL2_e,GATA3,unknown,Fake,6,,,TAKEN_OUT
IL2_e,RORGT,unknown,Fake,6,,,TAKEN_OUT
IL2_e,IL10,unknown,Fake,6,,,TAKEN_OUT
IL2_e,IL23R,unknown,Fake,6,,,TAKEN_OUT
IL2_e,BCL6,unknown,Fake,6,,,TAKEN_OUT
IL2_e,IL6R,unknown,Fake,6,,,TAKEN_OUT
IL2_e,IL35,unknown,Fake,6,,,TAKEN_OUT
IL2_e,IL25R,unknown,Fake,6,,,TAKEN_OUT
IL2_e,CMAF,unknown,Fake,6,,,TAKEN_OUT
IL2_e,IFNG,unknown,Fake,6,,,TAKEN_OUT
IL2_e,IL1R1,unknown,Fake,6,,,TAKEN_OUT
IL2_e,IL10R,unknown,Fake,6,,,TAKEN_OUT
IFNG,IL21R,unknown,Fake,6,,,TAKEN_OUT
IFNG,IL12R,unknown,Fake,6,,,TAKEN_OUT
IFNG,IL18R,unknown,Fake,6,,,TAKEN_OUT
IFNG,IL12RB2,unknown,Fake,6,,,TAKEN_OUT
IFNG,JAK1,unknown,Fake,6,,,TAKEN_OUT
IFNG,IL21,unknown,Fake,6,,,TAKEN_OUT
IFNG,IL23,unknown,Fake,6,,,TAKEN_OUT
IFNG,TBET,unknown,Fake,6,,,TAKEN_OUT
IFNG,THPOK,unknown,Fake,6,,,TAKEN_OUT
IFNG,IL4RA_2,unknown,Fake,6,,,TAKEN_OUT
IFNG,STAT1,unknown,Fake,6,,,TAKEN_OUT
IFNG,IL33R,unknown,Fake,6,,,TAKEN_OUT
IFNG,IL22,unknown,Fake,6,,,TAKEN_OUT
IFNG,IRF1,unknown,Fake,6,,,TAKEN_OUT
IFNG,STAT4,unknown,Fake,6,,,TAKEN_OUT
IFNG,PU1,unknown,Fake,6,,,TAKEN_OUT
IFNG,EOMES,unknown,Fake,6,,,TAKEN_OUT
IFNG,CD8,unknown,Fake,6,,,TAKEN_OUT
IFNG,TBET_2,unknown,Fake,6,,,TAKEN_OUT
IFNG,NFKB,unknown,Fake,6,,,TAKEN_OUT
IFNG,STAT6,unknown,Fake,6,,,TAKEN_OUT
IFNG,SMAD3,unknown,Fake,6,,,TAKEN_OUT
IFNG,STAT1_2,unknown,Fake,6,,,TAKEN_OUT
IFNG,IL4,unknown,Fake,6,,,TAKEN_OUT
IFNG,STAT3,unknown,Fake,6,,,TAKEN_OUT
IFNG,IL25,unknown,Fake,6,,,TAKEN_OUT
IFNG,IL9,unknown,Fake,6,,,TAKEN_OUT
IFNG,TGFBR,unknown,Fake,6,,,TAKEN_OUT
IFNG,IL5,unknown,Fake,6,,,TAKEN_OUT
IFNG,IL1R,unknown,Fake,6,,,TAKEN_OUT
IFNG,IL6,unknown,Fake,6,,,TAKEN_OUT
IFNG,IL12RB1_2,unknown,Fake,6,,,TAKEN_OUT
IFNG,RUNX3,unknown,Fake,6,,,TAKEN_OUT
IFNG,IL17,unknown,Fake,6,,,TAKEN_OUT
IFNG,IL4R,unknown,Fake,6,,,TAKEN_OUT
IFNG,CD4,unknown,Fake,6,,,TAKEN_OUT
IFNG,SMAD2,unknown,Fake,6,,,TAKEN_OUT
IFNG,proliferation,unknown,Fake,6,,,TAKEN_OUT
IFNG,NFAT,unknown,Fake,6,,,TAKEN_OUT
IFNG,STAT5_2,unknown,Fake,6,,,TAKEN_OUT
IFNG,IRAK,unknown,Fake,6,,,TAKEN_OUT
IFNG,IL2,unknown,Fake,6,,,TAKEN_OUT
IFNG,IL2RA,unknown,Fake,6,,,TAKEN_OUT
IFNG,IL13,unknown,Fake,6,,,TAKEN_OUT
IFNG,FOXP3,unknown,Fake,6,,,TAKEN_OUT
IFNG,IL31,unknown,Fake,6,,,TAKEN_OUT
IFNG,PRF1,unknown,Fake,6,,,TAKEN_OUT
IFNG,ST2,unknown,Fake,6,,,TAKEN_OUT
IFNG,GZMB,unknown,Fake,6,,,TAKEN_OUT
IFNG,SOCS1,unknown,Fake,6,,,TAKEN_OUT
IFNG,STAT5,unknown,Fake,6,,,TAKEN_OUT
IFNG,TGFB,unknown,Fake,6,,,TAKEN_OUT
IFNG,IL4R_2,unknown,Fake,6,,,TAKEN_OUT
IFNG,IL2R_2,unknown,Fake,6,,,TAKEN_OUT
IFNG,IL3,unknown,Fake,6,,,TAKEN_OUT
IFNG,IL24,unknown,Fake,6,,,TAKEN_OUT
IFNG,GATA3,unknown,Fake,6,,,TAKEN_OUT
IFNG,RORGT,unknown,Fake,6,,,TAKEN_OUT
IFNG,IL10,unknown,Fake,6,,,TAKEN_OUT
IFNG,IL23R,unknown,Fake,6,,,TAKEN_OUT
IFNG,BCL6,unknown,Fake,6,,,TAKEN_OUT
IFNG,IL6R,unknown,Fake,6,,,TAKEN_OUT
IFNG,IL35,unknown,Fake,6,,,TAKEN_OUT
IFNG,IL25R,unknown,Fake,6,,,TAKEN_OUT
IFNG,IL2R,unknown,Fake,6,,,TAKEN_OUT
IFNG,CMAF,unknown,Fake,6,,,TAKEN_OUT
IFNG,IFNG,unknown,Fake,6,,,TAKEN_OUT
IFNG,IL1R1,unknown,Fake,6,,,TAKEN_OUT
IFNG,IL10R,unknown,Fake,6,,,TAKEN_OUT
IL10R,IL21R,unknown,Fake,6,,,TAKEN_OUT
IL10R,IL12R,unknown,Fake,6,,,TAKEN_OUT
IL10R,IL18R,unknown,Fake,6,,,TAKEN_OUT
IL10R,IL12RB2,unknown,Fake,6,,,TAKEN_OUT
IL10R,JAK1,unknown,Fake,6,,,TAKEN_OUT
IL10R,IL21,unknown,Fake,6,,,TAKEN_OUT
IL10R,IL23,unknown,Fake,6,,,TAKEN_OUT
IL10R,TBET,unknown,Fake,6,,,TAKEN_OUT
IL10R,THPOK,unknown,Fake,6,,,TAKEN_OUT
IL10R,IL4RA_2,unknown,Fake,6,,,TAKEN_OUT
IL10R,STAT1,unknown,Fake,6,,,TAKEN_OUT
IL10R,IL33R,unknown,Fake,6,,,TAKEN_OUT
IL10R,IL22,unknown,Fake,6,,,TAKEN_OUT
IL10R,IFNGR_2,unknown,Fake,6,,,TAKEN_OUT
IL10R,IRF1,unknown,Fake,6,,,TAKEN_OUT
IL10R,STAT4,unknown,Fake,6,,,TAKEN_OUT
IL10R,IFNGR,unknown,Fake,6,,,TAKEN_OUT
IL10R,PU1,unknown,Fake,6,,,TAKEN_OUT
IL10R,EOMES,unknown,Fake,6,,,TAKEN_OUT
IL10R,CD8,unknown,Fake,6,,,TAKEN_OUT
IL10R,TBET_2,unknown,Fake,6,,,TAKEN_OUT
IL10R,NFKB,unknown,Fake,6,,,TAKEN_OUT
IL10R,STAT6,unknown,Fake,6,,,TAKEN_OUT
IL10R,SMAD3,unknown,Fake,6,,,TAKEN_OUT
IL10R,STAT1_2,unknown,Fake,6,,,TAKEN_OUT
IL10R,IL4,unknown,Fake,6,,,TAKEN_OUT
IL10R,IL25,unknown,Fake,6,,,TAKEN_OUT
IL10R,IL9,unknown,Fake,6,,,TAKEN_OUT
IL10R,TGFBR,unknown,Fake,6,,,TAKEN_OUT
IL10R,IL5,unknown,Fake,6,,,TAKEN_OUT
IL10R,IL1R,unknown,Fake,6,,,TAKEN_OUT
IL10R,IL6,unknown,Fake,6,,,TAKEN_OUT
IL10R,IL12RB1_2,unknown,Fake,6,,,TAKEN_OUT
IL10R,RUNX3,unknown,Fake,6,,,TAKEN_OUT
IL10R,IL17,unknown,Fake,6,,,TAKEN_OUT
IL10R,IL4R,unknown,Fake,6,,,TAKEN_OUT
IL10R,CD4,unknown,Fake,6,,,TAKEN_OUT
IL10R,SMAD2,unknown,Fake,6,,,TAKEN_OUT
IL10R,proliferation,unknown,Fake,6,,,TAKEN_OUT
IL10R,NFAT,unknown,Fake,6,,,TAKEN_OUT
IL10R,STAT5_2,unknown,Fake,6,,,TAKEN_OUT
IL10R,IRAK,unknown,Fake,6,,,TAKEN_OUT
IL10R,IL2,unknown,Fake,6,,,TAKEN_OUT
IL10R,IL2RA,unknown,Fake,6,,,TAKEN_OUT
IL10R,IL13,unknown,Fake,6,,,TAKEN_OUT
IL10R,FOXP3,unknown,Fake,6,,,TAKEN_OUT
IL10R,IL31,unknown,Fake,6,,,TAKEN_OUT
IL10R,PRF1,unknown,Fake,6,,,TAKEN_OUT
IL10R,ST2,unknown,Fake,6,,,TAKEN_OUT
IL10R,GZMB,unknown,Fake,6,,,TAKEN_OUT
IL10R,SOCS1,unknown,Fake,6,,,TAKEN_OUT
IL10R,STAT5,unknown,Fake,6,,,TAKEN_OUT
IL10R,TGFB,unknown,Fake,6,,,TAKEN_OUT
IL10R,IL4R_2,unknown,Fake,6,,,TAKEN_OUT
IL10R,IL2R_2,unknown,Fake,6,,,TAKEN_OUT
IL10R,IL3,unknown,Fake,6,,,TAKEN_OUT
IL10R,IL24,unknown,Fake,6,,,TAKEN_OUT
IL10R,IFNG_2,unknown,Fake,6,,,TAKEN_OUT
IL10R,GATA3,unknown,Fake,6,,,TAKEN_OUT
IL10R,RORGT,unknown,Fake,6,,,TAKEN_OUT
IL10R,IL10,unknown,Fake,6,,,TAKEN_OUT
IL10R,IL23R,unknown,Fake,6,,,TAKEN_OUT
IL10R,BCL6,unknown,Fake,6,,,TAKEN_OUT
IL10R,IL6R,unknown,Fake,6,,,TAKEN_OUT
IL10R,IL35,unknown,Fake,6,,,TAKEN_OUT
IL10R,IL25R,unknown,Fake,6,,,TAKEN_OUT
IL10R,IL2R,unknown,Fake,6,,,TAKEN_OUT
IL10R,CMAF,unknown,Fake,6,,,TAKEN_OUT
IL10R,IFNG,unknown,Fake,6,,,TAKEN_OUT
IL10R,IL1R1,unknown,Fake,6,,,TAKEN_OUT
IL10R,IL10R,unknown,Fake,6,,,TAKEN_OUT
IL23_e,IL21R,unknown,Fake,6,,,TAKEN_OUT
IL23_e,IL12R,unknown,Fake,6,,,TAKEN_OUT
IL23_e,IL18R,unknown,Fake,6,,,TAKEN_OUT
IL23_e,IL12RB2,unknown,Fake,6,,,TAKEN_OUT
IL23_e,JAK1,unknown,Fake,6,,,TAKEN_OUT
IL23_e,IL21,unknown,Fake,6,,,TAKEN_OUT
IL23_e,IL23,unknown,Fake,6,,,TAKEN_OUT
IL23_e,TBET,unknown,Fake,6,,,TAKEN_OUT
IL23_e,THPOK,unknown,Fake,6,,,TAKEN_OUT
IL23_e,IL4RA_2,unknown,Fake,6,,,TAKEN_OUT
IL23_e,STAT1,unknown,Fake,6,,,TAKEN_OUT
IL23_e,IL33R,unknown,Fake,6,,,TAKEN_OUT
IL23_e,IL22,unknown,Fake,6,,,TAKEN_OUT
IL23_e,IFNGR_2,unknown,Fake,6,,,TAKEN_OUT
IL23_e,IRF1,unknown,Fake,6,,,TAKEN_OUT
IL23_e,STAT4,unknown,Fake,6,,,TAKEN_OUT
IL23_e,IFNGR,unknown,Fake,6,,,TAKEN_OUT
IL23_e,PU1,unknown,Fake,6,,,TAKEN_OUT
IL23_e,EOMES,unknown,Fake,6,,,TAKEN_OUT
IL23_e,CD8,unknown,Fake,6,,,TAKEN_OUT
IL23_e,TBET_2,unknown,Fake,6,,,TAKEN_OUT
IL23_e,NFKB,unknown,Fake,6,,,TAKEN_OUT
IL23_e,STAT6,unknown,Fake,6,,,TAKEN_OUT
IL23_e,SMAD3,unknown,Fake,6,,,TAKEN_OUT
IL23_e,STAT1_2,unknown,Fake,6,,,TAKEN_OUT
IL23_e,IL4,unknown,Fake,6,,,TAKEN_OUT
IL23_e,STAT3,unknown,Fake,6,,,TAKEN_OUT
IL23_e,IL25,unknown,Fake,6,,,TAKEN_OUT
IL23_e,IL9,unknown,Fake,6,,,TAKEN_OUT
IL23_e,TGFBR,unknown,Fake,6,,,TAKEN_OUT
IL23_e,IL5,unknown,Fake,6,,,TAKEN_OUT
IL23_e,IL1R,unknown,Fake,6,,,TAKEN_OUT
IL23_e,IL6,unknown,Fake,6,,,TAKEN_OUT
IL23_e,IL12RB1_2,unknown,Fake,6,,,TAKEN_OUT
IL23_e,RUNX3,unknown,Fake,6,,,TAKEN_OUT
IL23_e,IL17,unknown,Fake,6,,,TAKEN_OUT
IL23_e,IL4R,unknown,Fake,6,,,TAKEN_OUT
IL23_e,CD4,unknown,Fake,6,,,TAKEN_OUT
IL23_e,SMAD2,unknown,Fake,6,,,TAKEN_OUT
IL23_e,proliferation,unknown,Fake,6,,,TAKEN_OUT
IL23_e,NFAT,unknown,Fake,6,,,TAKEN_OUT
IL23_e,STAT5_2,unknown,Fake,6,,,TAKEN_OUT
IL23_e,IRAK,unknown,Fake,6,,,TAKEN_OUT
IL23_e,IL2,unknown,Fake,6,,,TAKEN_OUT
IL23_e,IL2RA,unknown,Fake,6,,,TAKEN_OUT
IL23_e,IL13,unknown,Fake,6,,,TAKEN_OUT
IL23_e,FOXP3,unknown,Fake,6,,,TAKEN_OUT
IL23_e,IL31,unknown,Fake,6,,,TAKEN_OUT
IL23_e,PRF1,unknown,Fake,6,,,TAKEN_OUT
IL23_e,ST2,unknown,Fake,6,,,TAKEN_OUT
IL23_e,GZMB,unknown,Fake,6,,,TAKEN_OUT
IL23_e,SOCS1,unknown,Fake,6,,,TAKEN_OUT
IL23_e,STAT5,unknown,Fake,6,,,TAKEN_OUT
IL23_e,TGFB,unknown,Fake,6,,,TAKEN_OUT
IL23_e,IL4R_2,unknown,Fake,6,,,TAKEN_OUT
IL23_e,IL2R_2,unknown,Fake,6,,,TAKEN_OUT
IL23_e,IL3,unknown,Fake,6,,,TAKEN_OUT
IL23_e,IL24,unknown,Fake,6,,,TAKEN_OUT
IL23_e,IFNG_2,unknown,Fake,6,,,TAKEN_OUT
IL23_e,GATA3,unknown,Fake,6,,,TAKEN_OUT
IL23_e,RORGT,unknown,Fake,6,,,TAKEN_OUT
IL23_e,IL10,unknown,Fake,6,,,TAKEN_OUT
IL23_e,BCL6,unknown,Fake,6,,,TAKEN_OUT
IL23_e,IL6R,unknown,Fake,6,,,TAKEN_OUT
IL23_e,IL35,unknown,Fake,6,,,TAKEN_OUT
IL23_e,IL25R,unknown,Fake,6,,,TAKEN_OUT
IL23_e,IL2R,unknown,Fake,6,,,TAKEN_OUT
IL23_e,CMAF,unknown,Fake,6,,,TAKEN_OUT
IL23_e,IFNG,unknown,Fake,6,,,TAKEN_OUT
IL23_e,IL1R1,unknown,Fake,6,,,TAKEN_OUT
IL23_e,IL10R,unknown,Fake,6,,,TAKEN_OUT
IL18_e,IL21R,unknown,Fake,6,,,TAKEN_OUT
IL18_e,IL12R,unknown,Fake,6,,,TAKEN_OUT
IL18_e,IL12RB2,unknown,Fake,6,,,TAKEN_OUT
IL18_e,JAK1,unknown,Fake,6,,,TAKEN_OUT
IL18_e,IL21,unknown,Fake,6,,,TAKEN_OUT
IL18_e,IL23,unknown,Fake,6,,,TAKEN_OUT
IL18_e,TBET,unknown,Fake,6,,,TAKEN_OUT
IL18_e,THPOK,unknown,Fake,6,,,TAKEN_OUT
IL18_e,IL4RA_2,unknown,Fake,6,,,TAKEN_OUT
IL18_e,STAT1,unknown,Fake,6,,,TAKEN_OUT
IL18_e,IL33R,unknown,Fake,6,,,TAKEN_OUT
IL18_e,IL22,unknown,Fake,6,,,TAKEN_OUT
IL18_e,IFNGR_2,unknown,Fake,6,,,TAKEN_OUT
IL18_e,IRF1,unknown,Fake,6,,,TAKEN_OUT
IL18_e,STAT4,unknown,Fake,6,,,TAKEN_OUT
IL18_e,IFNGR,unknown,Fake,6,,,TAKEN_OUT
IL18_e,PU1,unknown,Fake,6,,,TAKEN_OUT
IL18_e,EOMES,unknown,Fake,6,,,TAKEN_OUT
IL18_e,CD8,unknown,Fake,6,,,TAKEN_OUT
IL18_e,TBET_2,unknown,Fake,6,,,TAKEN_OUT
IL18_e,NFKB,unknown,Fake,6,,,TAKEN_OUT
IL18_e,STAT6,unknown,Fake,6,,,TAKEN_OUT
IL18_e,SMAD3,unknown,Fake,6,,,TAKEN_OUT
IL18_e,STAT1_2,unknown,Fake,6,,,TAKEN_OUT
IL18_e,IL4,unknown,Fake,6,,,TAKEN_OUT
IL18_e,STAT3,unknown,Fake,6,,,TAKEN_OUT
IL18_e,IL25,unknown,Fake,6,,,TAKEN_OUT
IL18_e,IL9,unknown,Fake,6,,,TAKEN_OUT
IL18_e,TGFBR,unknown,Fake,6,,,TAKEN_OUT
IL18_e,IL5,unknown,Fake,6,,,TAKEN_OUT
IL18_e,IL1R,unknown,Fake,6,,,TAKEN_OUT
IL18_e,IL6,unknown,Fake,6,,,TAKEN_OUT
IL18_e,IL12RB1_2,unknown,Fake,6,,,TAKEN_OUT
IL18_e,RUNX3,unknown,Fake,6,,,TAKEN_OUT
IL18_e,IL17,unknown,Fake,6,,,TAKEN_OUT
IL18_e,IL4R,unknown,Fake,6,,,TAKEN_OUT
IL18_e,CD4,unknown,Fake,6,,,TAKEN_OUT
IL18_e,SMAD2,unknown,Fake,6,,,TAKEN_OUT
IL18_e,proliferation,unknown,Fake,6,,,TAKEN_OUT
IL18_e,NFAT,unknown,Fake,6,,,TAKEN_OUT
IL18_e,STAT5_2,unknown,Fake,6,,,TAKEN_OUT
IL18_e,IRAK,unknown,Fake,6,,,TAKEN_OUT
IL18_e,IL2,unknown,Fake,6,,,TAKEN_OUT
IL18_e,IL2RA,unknown,Fake,6,,,TAKEN_OUT
IL18_e,IL13,unknown,Fake,6,,,TAKEN_OUT
IL18_e,FOXP3,unknown,Fake,6,,,TAKEN_OUT
IL18_e,IL31,unknown,Fake,6,,,TAKEN_OUT
IL18_e,PRF1,unknown,Fake,6,,,TAKEN_OUT
IL18_e,ST2,unknown,Fake,6,,,TAKEN_OUT
IL18_e,GZMB,unknown,Fake,6,,,TAKEN_OUT
IL18_e,SOCS1,unknown,Fake,6,,,TAKEN_OUT
IL18_e,STAT5,unknown,Fake,6,,,TAKEN_OUT
IL18_e,TGFB,unknown,Fake,6,,,TAKEN_OUT
IL18_e,IL4R_2,unknown,Fake,6,,,TAKEN_OUT
IL18_e,IL2R_2,unknown,Fake,6,,,TAKEN_OUT
IL18_e,IL3,unknown,Fake,6,,,TAKEN_OUT
IL18_e,IL24,unknown,Fake,6,,,TAKEN_OUT
IL18_e,IFNG_2,unknown,Fake,6,,,TAKEN_OUT
IL18_e,GATA3,unknown,Fake,6,,,TAKEN_OUT
IL18_e,RORGT,unknown,Fake,6,,,TAKEN_OUT
IL18_e,IL10,unknown,Fake,6,,,TAKEN_OUT
IL18_e,IL23R,unknown,Fake,6,,,TAKEN_OUT
IL18_e,BCL6,unknown,Fake,6,,,TAKEN_OUT
IL18_e,IL6R,unknown,Fake,6,,,TAKEN_OUT
IL18_e,IL35,unknown,Fake,6,,,TAKEN_OUT
IL18_e,IL25R,unknown,Fake,6,,,TAKEN_OUT
IL18_e,IL2R,unknown,Fake,6,,,TAKEN_OUT
IL18_e,CMAF,unknown,Fake,6,,,TAKEN_OUT
IL18_e,IFNG,unknown,Fake,6,,,TAKEN_OUT
IL18_e,IL1R1,unknown,Fake,6,,,TAKEN_OUT
IL18_e,IL10R,unknown,Fake,6,,,TAKEN_OUT
JAK1,IL21R,unknown,Fake,6,,,TAKEN_OUT
JAK1,IL12R,unknown,Fake,6,,,TAKEN_OUT
JAK1,IL18R,unknown,Fake,6,,,TAKEN_OUT
JAK1,IL12RB2,unknown,Fake,6,,,TAKEN_OUT
JAK1,JAK1,unknown,Fake,6,,,TAKEN_OUT
JAK1,IL21,unknown,Fake,6,,,TAKEN_OUT
JAK1,IL23,unknown,Fake,6,,,TAKEN_OUT
JAK1,TBET,unknown,Fake,6,,,TAKEN_OUT
JAK1,THPOK,unknown,Fake,6,,,TAKEN_OUT
JAK1,IL4RA_2,unknown,Fake,6,,,TAKEN_OUT
JAK1,IL33R,unknown,Fake,6,,,TAKEN_OUT
JAK1,IL22,unknown,Fake,6,,,TAKEN_OUT
JAK1,IFNGR_2,unknown,Fake,6,,,TAKEN_OUT
JAK1,IRF1,unknown,Fake,6,,,TAKEN_OUT
JAK1,STAT4,unknown,Fake,6,,,TAKEN_OUT
JAK1,IFNGR,unknown,Fake,6,,,TAKEN_OUT
JAK1,PU1,unknown,Fake,6,,,TAKEN_OUT
JAK1,EOMES,unknown,Fake,6,,,TAKEN_OUT
JAK1,CD8,unknown,Fake,6,,,TAKEN_OUT
JAK1,TBET_2,unknown,Fake,6,,,TAKEN_OUT
JAK1,NFKB,unknown,Fake,6,,,TAKEN_OUT
JAK1,STAT6,unknown,Fake,6,,,TAKEN_OUT
JAK1,SMAD3,unknown,Fake,6,,,TAKEN_OUT
JAK1,IL4,unknown,Fake,6,,,TAKEN_OUT
JAK1,STAT3,unknown,Fake,6,,,TAKEN_OUT
JAK1,IL25,unknown,Fake,6,,,TAKEN_OUT
JAK1,IL9,unknown,Fake,6,,,TAKEN_OUT
JAK1,TGFBR,unknown,Fake,6,,,TAKEN_OUT
JAK1,IL5,unknown,Fake,6,,,TAKEN_OUT
JAK1,IL1R,unknown,Fake,6,,,TAKEN_OUT
JAK1,IL6,unknown,Fake,6,,,TAKEN_OUT
JAK1,IL12RB1_2,unknown,Fake,6,,,TAKEN_OUT
JAK1,RUNX3,unknown,Fake,6,,,TAKEN_OUT
JAK1,IL17,unknown,Fake,6,,,TAKEN_OUT
JAK1,IL4R,unknown,Fake,6,,,TAKEN_OUT
JAK1,CD4,unknown,Fake,6,,,TAKEN_OUT
JAK1,SMAD2,unknown,Fake,6,,,TAKEN_OUT
JAK1,proliferation,unknown,Fake,6,,,TAKEN_OUT
JAK1,NFAT,unknown,Fake,6,,,TAKEN_OUT
JAK1,STAT5_2,unknown,Fake,6,,,TAKEN_OUT
JAK1,IRAK,unknown,Fake,6,,,TAKEN_OUT
JAK1,IL2,unknown,Fake,6,,,TAKEN_OUT
JAK1,IL2RA,unknown,Fake,6,,,TAKEN_OUT
JAK1,IL13,unknown,Fake,6,,,TAKEN_OUT
JAK1,FOXP3,unknown,Fake,6,,,TAKEN_OUT
JAK1,IL31,unknown,Fake,6,,,TAKEN_OUT
JAK1,PRF1,unknown,Fake,6,,,TAKEN_OUT
JAK1,ST2,unknown,Fake,6,,,TAKEN_OUT
JAK1,GZMB,unknown,Fake,6,,,TAKEN_OUT
JAK1,SOCS1,unknown,Fake,6,,,TAKEN_OUT
JAK1,STAT5,unknown,Fake,6,,,TAKEN_OUT
JAK1,TGFB,unknown,Fake,6,,,TAKEN_OUT
JAK1,IL4R_2,unknown,Fake,6,,,TAKEN_OUT
JAK1,IL2R_2,unknown,Fake,6,,,TAKEN_OUT
JAK1,IL3,unknown,Fake,6,,,TAKEN_OUT
JAK1,IL24,unknown,Fake,6,,,TAKEN_OUT
JAK1,IFNG_2,unknown,Fake,6,,,TAKEN_OUT
JAK1,GATA3,unknown,Fake,6,,,TAKEN_OUT
JAK1,RORGT,unknown,Fake,6,,,TAKEN_OUT
JAK1,IL10,unknown,Fake,6,,,TAKEN_OUT
JAK1,IL23R,unknown,Fake,6,,,TAKEN_OUT
JAK1,BCL6,unknown,Fake,6,,,TAKEN_OUT
JAK1,IL6R,unknown,Fake,6,,,TAKEN_OUT
JAK1,IL35,unknown,Fake,6,,,TAKEN_OUT
JAK1,IL25R,unknown,Fake,6,,,TAKEN_OUT
JAK1,IL2R,unknown,Fake,6,,,TAKEN_OUT
JAK1,CMAF,unknown,Fake,6,,,TAKEN_OUT
JAK1,IFNG,unknown,Fake,6,,,TAKEN_OUT
JAK1,IL1R1,unknown,Fake,6,,,TAKEN_OUT
JAK1,IL10R,unknown,Fake,6,,,TAKEN_OUT
IL23,IL21R,unknown,Fake,6,,,TAKEN_OUT
IL23,IL12R,unknown,Fake,6,,,TAKEN_OUT
IL23,IL18R,unknown,Fake,6,,,TAKEN_OUT
IL23,IL12RB2,unknown,Fake,6,,,TAKEN_OUT
IL23,JAK1,unknown,Fake,6,,,TAKEN_OUT
IL23,IL21,unknown,Fake,6,,,TAKEN_OUT
IL23,IL23,unknown,Fake,6,,,TAKEN_OUT
IL23,TBET,unknown,Fake,6,,,TAKEN_OUT
IL23,THPOK,unknown,Fake,6,,,TAKEN_OUT
IL23,IL4RA_2,unknown,Fake,6,,,TAKEN_OUT
IL23,STAT1,unknown,Fake,6,,,TAKEN_OUT
IL23,IL33R,unknown,Fake,6,,,TAKEN_OUT
IL23,IL22,unknown,Fake,6,,,TAKEN_OUT
IL23,IFNGR_2,unknown,Fake,6,,,TAKEN_OUT
IL23,IRF1,unknown,Fake,6,,,TAKEN_OUT
IL23,STAT4,unknown,Fake,6,,,TAKEN_OUT
IL23,IFNGR,unknown,Fake,6,,,TAKEN_OUT
IL23,PU1,unknown,Fake,6,,,TAKEN_OUT
IL23,EOMES,unknown,Fake,6,,,TAKEN_OUT
IL23,CD8,unknown,Fake,6,,,TAKEN_OUT
IL23,TBET_2,unknown,Fake,6,,,TAKEN_OUT
IL23,NFKB,unknown,Fake,6,,,TAKEN_OUT
IL23,STAT6,unknown,Fake,6,,,TAKEN_OUT
IL23,SMAD3,unknown,Fake,6,,,TAKEN_OUT
IL23,STAT1_2,unknown,Fake,6,,,TAKEN_OUT
IL23,IL4,unknown,Fake,6,,,TAKEN_OUT
IL23,STAT3,unknown,Fake,6,,,TAKEN_OUT
IL23,IL25,unknown,Fake,6,,,TAKEN_OUT
IL23,IL9,unknown,Fake,6,,,TAKEN_OUT
IL23,TGFBR,unknown,Fake,6,,,TAKEN_OUT
IL23,IL5,unknown,Fake,6,,,TAKEN_OUT
IL23,IL1R,unknown,Fake,6,,,TAKEN_OUT
IL23,IL6,unknown,Fake,6,,,TAKEN_OUT
IL23,IL12RB1_2,unknown,Fake,6,,,TAKEN_OUT
IL23,RUNX3,unknown,Fake,6,,,TAKEN_OUT
IL23,IL17,unknown,Fake,6,,,TAKEN_OUT
IL23,IL4R,unknown,Fake,6,,,TAKEN_OUT
IL23,CD4,unknown,Fake,6,,,TAKEN_OUT
IL23,SMAD2,unknown,Fake,6,,,TAKEN_OUT
IL23,proliferation,unknown,Fake,6,,,TAKEN_OUT
IL23,NFAT,unknown,Fake,6,,,TAKEN_OUT
IL23,STAT5_2,unknown,Fake,6,,,TAKEN_OUT
IL23,IRAK,unknown,Fake,6,,,TAKEN_OUT
IL23,IL2,unknown,Fake,6,,,TAKEN_OUT
IL23,IL2RA,unknown,Fake,6,,,TAKEN_OUT
IL23,IL13,unknown,Fake,6,,,TAKEN_OUT
IL23,FOXP3,unknown,Fake,6,,,TAKEN_OUT
IL23,IL31,unknown,Fake,6,,,TAKEN_OUT
IL23,PRF1,unknown,Fake,6,,,TAKEN_OUT
IL23,ST2,unknown,Fake,6,,,TAKEN_OUT
IL23,GZMB,unknown,Fake,6,,,TAKEN_OUT
IL23,SOCS1,unknown,Fake,6,,,TAKEN_OUT
IL23,STAT5,unknown,Fake,6,,,TAKEN_OUT
IL23,TGFB,unknown,Fake,6,,,TAKEN_OUT
IL23,IL4R_2,unknown,Fake,6,,,TAKEN_OUT
IL23,IL2R_2,unknown,Fake,6,,,TAKEN_OUT
IL23,IL3,unknown,Fake,6,,,TAKEN_OUT
IL23,IL24,unknown,Fake,6,,,TAKEN_OUT
IL23,IFNG_2,unknown,Fake,6,,,TAKEN_OUT
IL23,GATA3,unknown,Fake,6,,,TAKEN_OUT
IL23,RORGT,unknown,Fake,6,,,TAKEN_OUT
IL23,IL10,unknown,Fake,6,,,TAKEN_OUT
IL23,BCL6,unknown,Fake,6,,,TAKEN_OUT
IL23,IL6R,unknown,Fake,6,,,TAKEN_OUT
IL23,IL35,unknown,Fake,6,,,TAKEN_OUT
IL23,IL25R,unknown,Fake,6,,,TAKEN_OUT
IL23,IL2R,unknown,Fake,6,,,TAKEN_OUT
IL23,CMAF,unknown,Fake,6,,,TAKEN_OUT
IL23,IFNG,unknown,Fake,6,,,TAKEN_OUT
IL23,IL1R1,unknown,Fake,6,,,TAKEN_OUT
IL23,IL10R,unknown,Fake,6,,,TAKEN_OUT
THPOK,IL21R,unknown,Fake,6,,,TAKEN_OUT
THPOK,IL12R,unknown,Fake,6,,,TAKEN_OUT
THPOK,IL18R,unknown,Fake,6,,,TAKEN_OUT
THPOK,IL12RB2,unknown,Fake,6,,,TAKEN_OUT
THPOK,JAK1,unknown,Fake,6,,,TAKEN_OUT
THPOK,IL21,unknown,Fake,6,,,TAKEN_OUT
THPOK,IL23,unknown,Fake,6,,,TAKEN_OUT
THPOK,TBET,unknown,Fake,6,,,TAKEN_OUT
THPOK,IL4RA_2,unknown,Fake,6,,,TAKEN_OUT
THPOK,STAT1,unknown,Fake,6,,,TAKEN_OUT
THPOK,IL33R,unknown,Fake,6,,,TAKEN_OUT
THPOK,IL22,unknown,Fake,6,,,TAKEN_OUT
THPOK,IFNGR_2,unknown,Fake,6,,,TAKEN_OUT
THPOK,IRF1,unknown,Fake,6,,,TAKEN_OUT
THPOK,STAT4,unknown,Fake,6,,,TAKEN_OUT
THPOK,IFNGR,unknown,Fake,6,,,TAKEN_OUT
THPOK,PU1,unknown,Fake,6,,,TAKEN_OUT
THPOK,EOMES,unknown,Fake,6,,,TAKEN_OUT
THPOK,TBET_2,unknown,Fake,6,,,TAKEN_OUT
THPOK,NFKB,unknown,Fake,6,,,TAKEN_OUT
THPOK,STAT6,unknown,Fake,6,,,TAKEN_OUT
THPOK,SMAD3,unknown,Fake,6,,,TAKEN_OUT
THPOK,STAT1_2,unknown,Fake,6,,,TAKEN_OUT
THPOK,IL4,unknown,Fake,6,,,TAKEN_OUT
THPOK,STAT3,unknown,Fake,6,,,TAKEN_OUT
THPOK,IL25,unknown,Fake,6,,,TAKEN_OUT
THPOK,IL9,unknown,Fake,6,,,TAKEN_OUT
THPOK,TGFBR,unknown,Fake,6,,,TAKEN_OUT
THPOK,IL5,unknown,Fake,6,,,TAKEN_OUT
THPOK,IL1R,unknown,Fake,6,,,TAKEN_OUT
THPOK,IL6,unknown,Fake,6,,,TAKEN_OUT
THPOK,IL12RB1_2,unknown,Fake,6,,,TAKEN_OUT
THPOK,IL17,unknown,Fake,6,,,TAKEN_OUT
THPOK,IL4R,unknown,Fake,6,,,TAKEN_OUT
THPOK,SMAD2,unknown,Fake,6,,,TAKEN_OUT
THPOK,proliferation,unknown,Fake,6,,,TAKEN_OUT
THPOK,NFAT,unknown,Fake,6,,,TAKEN_OUT
THPOK,STAT5_2,unknown,Fake,6,,,TAKEN_OUT
THPOK,IRAK,unknown,Fake,6,,,TAKEN_OUT
THPOK,IL2,unknown,Fake,6,,,TAKEN_OUT
THPOK,IL2RA,unknown,Fake,6,,,TAKEN_OUT
THPOK,IL13,unknown,Fake,6,,,TAKEN_OUT
THPOK,FOXP3,unknown,Fake,6,,,TAKEN_OUT
THPOK,IL31,unknown,Fake,6,,,TAKEN_OUT
THPOK,PRF1,unknown,Fake,6,,,TAKEN_OUT
THPOK,ST2,unknown,Fake,6,,,TAKEN_OUT
THPOK,GZMB,unknown,Fake,6,,,TAKEN_OUT
THPOK,SOCS1,unknown,Fake,6,,,TAKEN_OUT
THPOK,STAT5,unknown,Fake,6,,,TAKEN_OUT
THPOK,TGFB,unknown,Fake,6,,,TAKEN_OUT
THPOK,IL4R_2,unknown,Fake,6,,,TAKEN_OUT
THPOK,IL2R_2,unknown,Fake,6,,,TAKEN_OUT
THPOK,IL3,unknown,Fake,6,,,TAKEN_OUT
THPOK,IL24,unknown,Fake,6,,,TAKEN_OUT
THPOK,IFNG_2,unknown,Fake,6,,,TAKEN_OUT
THPOK,GATA3,unknown,Fake,6,,,TAKEN_OUT
THPOK,RORGT,unknown,Fake,6,,,TAKEN_OUT
THPOK,IL10,unknown,Fake,6,,,TAKEN_OUT
THPOK,IL23R,unknown,Fake,6,,,TAKEN_OUT
THPOK,BCL6,unknown,Fake,6,,,TAKEN_OUT
THPOK,IL6R,unknown,Fake,6,,,TAKEN_OUT
THPOK,IL35,unknown,Fake,6,,,TAKEN_OUT
THPOK,IL25R,unknown,Fake,6,,,TAKEN_OUT
THPOK,IL2R,unknown,Fake,6,,,TAKEN_OUT
THPOK,CMAF,unknown,Fake,6,,,TAKEN_OUT
THPOK,IFNG,unknown,Fake,6,,,TAKEN_OUT
THPOK,IL1R1,unknown,Fake,6,,,TAKEN_OUT
THPOK,IL10R,unknown,Fake,6,,,TAKEN_OUT
IL6_e,IL21R,unknown,Fake,6,,,TAKEN_OUT
IL6_e,IL12R,unknown,Fake,6,,,TAKEN_OUT
IL6_e,IL18R,unknown,Fake,6,,,TAKEN_OUT
IL6_e,IL12RB2,unknown,Fake,6,,,TAKEN_OUT
IL6_e,JAK1,unknown,Fake,6,,,TAKEN_OUT
IL6_e,IL21,unknown,Fake,6,,,TAKEN_OUT
IL6_e,IL23,unknown,Fake,6,,,TAKEN_OUT
IL6_e,TBET,unknown,Fake,6,,,TAKEN_OUT
IL6_e,THPOK,unknown,Fake,6,,,TAKEN_OUT
IL6_e,IL4RA_2,unknown,Fake,6,,,TAKEN_OUT
IL6_e,STAT1,unknown,Fake,6,,,TAKEN_OUT
IL6_e,IL33R,unknown,Fake,6,,,TAKEN_OUT
IL6_e,IL22,unknown,Fake,6,,,TAKEN_OUT
IL6_e,IFNGR_2,unknown,Fake,6,,,TAKEN_OUT
IL6_e,IRF1,unknown,Fake,6,,,TAKEN_OUT
IL6_e,STAT4,unknown,Fake,6,,,TAKEN_OUT
IL6_e,IFNGR,unknown,Fake,6,,,TAKEN_OUT
IL6_e,PU1,unknown,Fake,6,,,TAKEN_OUT
IL6_e,EOMES,unknown,Fake,6,,,TAKEN_OUT
IL6_e,CD8,unknown,Fake,6,,,TAKEN_OUT
IL6_e,TBET_2,unknown,Fake,6,,,TAKEN_OUT
IL6_e,NFKB,unknown,Fake,6,,,TAKEN_OUT
IL6_e,STAT6,unknown,Fake,6,,,TAKEN_OUT
IL6_e,SMAD3,unknown,Fake,6,,,TAKEN_OUT
IL6_e,STAT1_2,unknown,Fake,6,,,TAKEN_OUT
IL6_e,IL4,unknown,Fake,6,,,TAKEN_OUT
IL6_e,STAT3,unknown,Fake,6,,,TAKEN_OUT
IL6_e,IL25,unknown,Fake,6,,,TAKEN_OUT
IL6_e,IL9,unknown,Fake,6,,,TAKEN_OUT
IL6_e,TGFBR,unknown,Fake,6,,,TAKEN_OUT
IL6_e,IL5,unknown,Fake,6,,,TAKEN_OUT
IL6_e,IL1R,unknown,Fake,6,,,TAKEN_OUT
IL6_e,IL6,unknown,Fake,6,,,TAKEN_OUT
IL6_e,IL12RB1_2,unknown,Fake,6,,,TAKEN_OUT
IL6_e,RUNX3,unknown,Fake,6,,,TAKEN_OUT
IL6_e,IL17,unknown,Fake,6,,,TAKEN_OUT
IL6_e,IL4R,unknown,Fake,6,,,TAKEN_OUT
IL6_e,CD4,unknown,Fake,6,,,TAKEN_OUT
IL6_e,SMAD2,unknown,Fake,6,,,TAKEN_OUT
IL6_e,proliferation,unknown,Fake,6,,,TAKEN_OUT
IL6_e,NFAT,unknown,Fake,6,,,TAKEN_OUT
IL6_e,STAT5_2,unknown,Fake,6,,,TAKEN_OUT
IL6_e,IRAK,unknown,Fake,6,,,TAKEN_OUT
IL6_e,IL2,unknown,Fake,6,,,TAKEN_OUT
IL6_e,IL2RA,unknown,Fake,6,,,TAKEN_OUT
IL6_e,IL13,unknown,Fake,6,,,TAKEN_OUT
IL6_e,FOXP3,unknown,Fake,6,,,TAKEN_OUT
IL6_e,IL31,unknown,Fake,6,,,TAKEN_OUT
IL6_e,PRF1,unknown,Fake,6,,,TAKEN_OUT
IL6_e,ST2,unknown,Fake,6,,,TAKEN_OUT
IL6_e,GZMB,unknown,Fake,6,,,TAKEN_OUT
IL6_e,SOCS1,unknown,Fake,6,,,TAKEN_OUT
IL6_e,STAT5,unknown,Fake,6,,,TAKEN_OUT
IL6_e,TGFB,unknown,Fake,6,,,TAKEN_OUT
IL6_e,IL4R_2,unknown,Fake,6,,,TAKEN_OUT
IL6_e,IL2R_2,unknown,Fake,6,,,TAKEN_OUT
IL6_e,IL3,unknown,Fake,6,,,TAKEN_OUT
IL6_e,IL24,unknown,Fake,6,,,TAKEN_OUT
IL6_e,IFNG_2,unknown,Fake,6,,,TAKEN_OUT
IL6_e,GATA3,unknown,Fake,6,,,TAKEN_OUT
IL6_e,RORGT,unknown,Fake,6,,,TAKEN_OUT
IL6_e,IL10,unknown,Fake,6,,,TAKEN_OUT
IL6_e,IL23R,unknown,Fake,6,,,TAKEN_OUT
IL6_e,BCL6,unknown,Fake,6,,,TAKEN_OUT
IL6_e,IL35,unknown,Fake,6,,,TAKEN_OUT
IL6_e,IL25R,unknown,Fake,6,,,TAKEN_OUT
IL6_e,IL2R,unknown,Fake,6,,,TAKEN_OUT
IL6_e,CMAF,unknown,Fake,6,,,TAKEN_OUT
IL6_e,IFNG,unknown,Fake,6,,,TAKEN_OUT
IL6_e,IL1R1,unknown,Fake,6,,,TAKEN_OUT
IL6_e,IL10R,unknown,Fake,6,,,TAKEN_OUT
IL4RA_2,IL21R,unknown,Fake,6,,,TAKEN_OUT
IL4RA_2,IL12R,unknown,Fake,6,,,TAKEN_OUT
IL4RA_2,IL18R,unknown,Fake,6,,,TAKEN_OUT
IL4RA_2,IL12RB2,unknown,Fake,6,,,TAKEN_OUT
IL4RA_2,JAK1,unknown,Fake,6,,,TAKEN_OUT
IL4RA_2,IL21,unknown,Fake,6,,,TAKEN_OUT
IL4RA_2,IL23,unknown,Fake,6,,,TAKEN_OUT
IL4RA_2,TBET,unknown,Fake,6,,,TAKEN_OUT
IL4RA_2,THPOK,unknown,Fake,6,,,TAKEN_OUT
IL4RA_2,IL4RA_2,unknown,Fake,6,,,TAKEN_OUT
IL4RA_2,STAT1,unknown,Fake,6,,,TAKEN_OUT
IL4RA_2,IL33R,unknown,Fake,6,,,TAKEN_OUT
IL4RA_2,IL22,unknown,Fake,6,,,TAKEN_OUT
IL4RA_2,IFNGR_2,unknown,Fake,6,,,TAKEN_OUT
IL4RA_2,IRF1,unknown,Fake,6,,,TAKEN_OUT
IL4RA_2,STAT4,unknown,Fake,6,,,TAKEN_OUT
IL4RA_2,IFNGR,unknown,Fake,6,,,TAKEN_OUT
IL4RA_2,PU1,unknown,Fake,6,,,TAKEN_OUT
IL4RA_2,EOMES,unknown,Fake,6,,,TAKEN_OUT
IL4RA_2,CD8,unknown,Fake,6,,,TAKEN_OUT
IL4RA_2,TBET_2,unknown,Fake,6,,,TAKEN_OUT
IL4RA_2,NFKB,unknown,Fake,6,,,TAKEN_OUT
IL4RA_2,STAT6,unknown,Fake,6,,,TAKEN_OUT
IL4RA_2,SMAD3,unknown,Fake,6,,,TAKEN_OUT
IL4RA_2,STAT1_2,unknown,Fake,6,,,TAKEN_OUT
IL4RA_2,IL4,unknown,Fake,6,,,TAKEN_OUT
IL4RA_2,STAT3,unknown,Fake,6,,,TAKEN_OUT
IL4RA_2,IL25,unknown,Fake,6,,,TAKEN_OUT
IL4RA_2,IL9,unknown,Fake,6,,,TAKEN_OUT
IL4RA_2,TGFBR,unknown,Fake,6,,,TAKEN_OUT
IL4RA_2,IL5,unknown,Fake,6,,,TAKEN_OUT
IL4RA_2,IL1R,unknown,Fake,6,,,TAKEN_OUT
IL4RA_2,IL6,unknown,Fake,6,,,TAKEN_OUT
IL4RA_2,IL12RB1_2,unknown,Fake,6,,,TAKEN_OUT
IL4RA_2,RUNX3,unknown,Fake,6,,,TAKEN_OUT
IL4RA_2,IL17,unknown,Fake,6,,,TAKEN_OUT
IL4RA_2,IL4R,unknown,Fake,6,,,TAKEN_OUT
IL4RA_2,CD4,unknown,Fake,6,,,TAKEN_OUT
IL4RA_2,SMAD2,unknown,Fake,6,,,TAKEN_OUT
IL4RA_2,proliferation,unknown,Fake,6,,,TAKEN_OUT
IL4RA_2,NFAT,unknown,Fake,6,,,TAKEN_OUT
IL4RA_2,STAT5_2,unknown,Fake,6,,,TAKEN_OUT
IL4RA_2,IRAK,unknown,Fake,6,,,TAKEN_OUT
IL4RA_2,IL2,unknown,Fake,6,,,TAKEN_OUT
IL4RA_2,IL2RA,unknown,Fake,6,,,TAKEN_OUT
IL4RA_2,IL13,unknown,Fake,6,,,TAKEN_OUT
IL4RA_2,FOXP3,unknown,Fake,6,,,TAKEN_OUT
IL4RA_2,IL31,unknown,Fake,6,,,TAKEN_OUT
IL4RA_2,PRF1,unknown,Fake,6,,,TAKEN_OUT
IL4RA_2,ST2,unknown,Fake,6,,,TAKEN_OUT
IL4RA_2,GZMB,unknown,Fake,6,,,TAKEN_OUT
IL4RA_2,SOCS1,unknown,Fake,6,,,TAKEN_OUT
IL4RA_2,STAT5,unknown,Fake,6,,,TAKEN_OUT
IL4RA_2,TGFB,unknown,Fake,6,,,TAKEN_OUT
IL4RA_2,IL2R_2,unknown,Fake,6,,,TAKEN_OUT
IL4RA_2,IL3,unknown,Fake,6,,,TAKEN_OUT
IL4RA_2,IL24,unknown,Fake,6,,,TAKEN_OUT
IL4RA_2,IFNG_2,unknown,Fake,6,,,TAKEN_OUT
IL4RA_2,GATA3,unknown,Fake,6,,,TAKEN_OUT
IL4RA_2,RORGT,unknown,Fake,6,,,TAKEN_OUT
IL4RA_2,IL10,unknown,Fake,6,,,TAKEN_OUT
IL4RA_2,IL23R,unknown,Fake,6,,,TAKEN_OUT
IL4RA_2,BCL6,unknown,Fake,6,,,TAKEN_OUT
IL4RA_2,IL6R,unknown,Fake,6,,,TAKEN_OUT
IL4RA_2,IL35,unknown,Fake,6,,,TAKEN_OUT
IL4RA_2,IL25R,unknown,Fake,6,,,TAKEN_OUT
IL4RA_2,IL2R,unknown,Fake,6,,,TAKEN_OUT
IL4RA_2,CMAF,unknown,Fake,6,,,TAKEN_OUT
IL4RA_2,IFNG,unknown,Fake,6,,,TAKEN_OUT
IL4RA_2,IL1R1,unknown,Fake,6,,,TAKEN_OUT
IL4RA_2,IL10R,unknown,Fake,6,,,TAKEN_OUT
IL10_e,IL21R,unknown,Fake,6,,,TAKEN_OUT
IL10_e,IL12R,unknown,Fake,6,,,TAKEN_OUT
IL10_e,IL18R,unknown,Fake,6,,,TAKEN_OUT
IL10_e,IL12RB2,unknown,Fake,6,,,TAKEN_OUT
IL10_e,JAK1,unknown,Fake,6,,,TAKEN_OUT
IL10_e,IL21,unknown,Fake,6,,,TAKEN_OUT
IL10_e,IL23,unknown,Fake,6,,,TAKEN_OUT
IL10_e,TBET,unknown,Fake,6,,,TAKEN_OUT
IL10_e,THPOK,unknown,Fake,6,,,TAKEN_OUT
IL10_e,IL4RA_2,unknown,Fake,6,,,TAKEN_OUT
IL10_e,STAT1,unknown,Fake,6,,,TAKEN_OUT
IL10_e,IL33R,unknown,Fake,6,,,TAKEN_OUT
IL10_e,IL22,unknown,Fake,6,,,TAKEN_OUT
IL10_e,IFNGR_2,unknown,Fake,6,,,TAKEN_OUT
IL10_e,IRF1,unknown,Fake,6,,,TAKEN_OUT
IL10_e,STAT4,unknown,Fake,6,,,TAKEN_OUT
IL10_e,IFNGR,unknown,Fake,6,,,TAKEN_OUT
IL10_e,PU1,unknown,Fake,6,,,TAKEN_OUT
IL10_e,EOMES,unknown,Fake,6,,,TAKEN_OUT
IL10_e,CD8,unknown,Fake,6,,,TAKEN_OUT
IL10_e,TBET_2,unknown,Fake,6,,,TAKEN_OUT
IL10_e,NFKB,unknown,Fake,6,,,TAKEN_OUT
IL10_e,STAT6,unknown,Fake,6,,,TAKEN_OUT
IL10_e,SMAD3,unknown,Fake,6,,,TAKEN_OUT
IL10_e,STAT1_2,unknown,Fake,6,,,TAKEN_OUT
IL10_e,IL4,unknown,Fake,6,,,TAKEN_OUT
IL10_e,STAT3,unknown,Fake,6,,,TAKEN_OUT
IL10_e,IL25,unknown,Fake,6,,,TAKEN_OUT
IL10_e,IL9,unknown,Fake,6,,,TAKEN_OUT
IL10_e,TGFBR,unknown,Fake,6,,,TAKEN_OUT
IL10_e,IL5,unknown,Fake,6,,,TAKEN_OUT
IL10_e,IL1R,unknown,Fake,6,,,TAKEN_OUT
IL10_e,IL6,unknown,Fake,6,,,TAKEN_OUT
IL10_e,IL12RB1_2,unknown,Fake,6,,,TAKEN_OUT
IL10_e,RUNX3,unknown,Fake,6,,,TAKEN_OUT
IL10_e,IL17,unknown,Fake,6,,,TAKEN_OUT
IL10_e,IL4R,unknown,Fake,6,,,TAKEN_OUT
IL10_e,CD4,unknown,Fake,6,,,TAKEN_OUT
IL10_e,SMAD2,unknown,Fake,6,,,TAKEN_OUT
IL10_e,proliferation,unknown,Fake,6,,,TAKEN_OUT
IL10_e,NFAT,unknown,Fake,6,,,TAKEN_OUT
IL10_e,STAT5_2,unknown,Fake,6,,,TAKEN_OUT
IL10_e,IRAK,unknown,Fake,6,,,TAKEN_OUT
IL10_e,IL2,unknown,Fake,6,,,TAKEN_OUT
IL10_e,IL2RA,unknown,Fake,6,,,TAKEN_OUT
IL10_e,IL13,unknown,Fake,6,,,TAKEN_OUT
IL10_e,FOXP3,unknown,Fake,6,,,TAKEN_OUT
IL10_e,IL31,unknown,Fake,6,,,TAKEN_OUT
IL10_e,PRF1,unknown,Fake,6,,,TAKEN_OUT
IL10_e,ST2,unknown,Fake,6,,,TAKEN_OUT
IL10_e,GZMB,unknown,Fake,6,,,TAKEN_OUT
IL10_e,SOCS1,unknown,Fake,6,,,TAKEN_OUT
IL10_e,STAT5,unknown,Fake,6,,,TAKEN_OUT
IL10_e,TGFB,unknown,Fake,6,,,TAKEN_OUT
IL10_e,IL4R_2,unknown,Fake,6,,,TAKEN_OUT
IL10_e,IL2R_2,unknown,Fake,6,,,TAKEN_OUT
IL10_e,IL3,unknown,Fake,6,,,TAKEN_OUT
IL10_e,IL24,unknown,Fake,6,,,TAKEN_OUT
IL10_e,IFNG_2,unknown,Fake,6,,,TAKEN_OUT
IL10_e,GATA3,unknown,Fake,6,,,TAKEN_OUT
IL10_e,RORGT,unknown,Fake,6,,,TAKEN_OUT
IL10_e,IL10,unknown,Fake,6,,,TAKEN_OUT
IL10_e,IL23R,unknown,Fake,6,,,TAKEN_OUT
IL10_e,BCL6,unknown,Fake,6,,,TAKEN_OUT
IL10_e,IL6R,unknown,Fake,6,,,TAKEN_OUT
IL10_e,IL35,unknown,Fake,6,,,TAKEN_OUT
IL10_e,IL25R,unknown,Fake,6,,,TAKEN_OUT
IL10_e,IL2R,unknown,Fake,6,,,TAKEN_OUT
IL10_e,CMAF,unknown,Fake,6,,,TAKEN_OUT
IL10_e,IFNG,unknown,Fake,6,,,TAKEN_OUT
IL10_e,IL1R1,unknown,Fake,6,,,TAKEN_OUT
IL7_e,IL21R,unknown,Fake,6,,,TAKEN_OUT
IL7_e,IL12R,unknown,Fake,6,,,TAKEN_OUT
IL7_e,IL18R,unknown,Fake,6,,,TAKEN_OUT
IL7_e,IL12RB2,unknown,Fake,6,,,TAKEN_OUT
IL7_e,JAK1,unknown,Fake,6,,,TAKEN_OUT
IL7_e,IL21,unknown,Fake,6,,,TAKEN_OUT
IL7_e,IL23,unknown,Fake,6,,,TAKEN_OUT
IL7_e,TBET,unknown,Fake,6,,,TAKEN_OUT
IL7_e,THPOK,unknown,Fake,6,,,TAKEN_OUT
IL7_e,IL4RA_2,unknown,Fake,6,,,TAKEN_OUT
IL7_e,STAT1,unknown,Fake,6,,,TAKEN_OUT
IL7_e,IL33R,unknown,Fake,6,,,TAKEN_OUT
IL7_e,IL22,unknown,Fake,6,,,TAKEN_OUT
IL7_e,IFNGR_2,unknown,Fake,6,,,TAKEN_OUT
IL7_e,IRF1,unknown,Fake,6,,,TAKEN_OUT
IL7_e,STAT4,unknown,Fake,6,,,TAKEN_OUT
IL7_e,IFNGR,unknown,Fake,6,,,TAKEN_OUT
IL7_e,PU1,unknown,Fake,6,,,TAKEN_OUT
IL7_e,EOMES,unknown,Fake,6,,,TAKEN_OUT
IL7_e,CD8,unknown,Fake,6,,,TAKEN_OUT
IL7_e,TBET_2,unknown,Fake,6,,,TAKEN_OUT
IL7_e,NFKB,unknown,Fake,6,,,TAKEN_OUT
IL7_e,STAT6,unknown,Fake,6,,,TAKEN_OUT
IL7_e,SMAD3,unknown,Fake,6,,,TAKEN_OUT
IL7_e,STAT1_2,unknown,Fake,6,,,TAKEN_OUT
IL7_e,IL4,unknown,Fake,6,,,TAKEN_OUT
IL7_e,STAT3,unknown,Fake,6,,,TAKEN_OUT
IL7_e,IL25,unknown,Fake,6,,,TAKEN_OUT
IL7_e,IL9,unknown,Fake,6,,,TAKEN_OUT
IL7_e,TGFBR,unknown,Fake,6,,,TAKEN_OUT
IL7_e,IL5,unknown,Fake,6,,,TAKEN_OUT
IL7_e,IL1R,unknown,Fake,6,,,TAKEN_OUT
IL7_e,IL6,unknown,Fake,6,,,TAKEN_OUT
IL7_e,IL12RB1_2,unknown,Fake,6,,,TAKEN_OUT
IL7_e,RUNX3,unknown,Fake,6,,,TAKEN_OUT
IL7_e,IL17,unknown,Fake,6,,,TAKEN_OUT
IL7_e,IL4R,unknown,Fake,6,,,TAKEN_OUT
IL7_e,CD4,unknown,Fake,6,,,TAKEN_OUT
IL7_e,SMAD2,unknown,Fake,6,,,TAKEN_OUT
IL7_e,proliferation,unknown,Fake,6,,,TAKEN_OUT
IL7_e,NFAT,unknown,Fake,6,,,TAKEN_OUT
IL7_e,STAT5_2,unknown,Fake,6,,,TAKEN_OUT
IL7_e,IRAK,unknown,Fake,6,,,TAKEN_OUT
IL7_e,IL2,unknown,Fake,6,,,TAKEN_OUT
IL7_e,IL2RA,unknown,Fake,6,,,TAKEN_OUT
IL7_e,IL13,unknown,Fake,6,,,TAKEN_OUT
IL7_e,FOXP3,unknown,Fake,6,,,TAKEN_OUT
IL7_e,IL31,unknown,Fake,6,,,TAKEN_OUT
IL7_e,PRF1,unknown,Fake,6,,,TAKEN_OUT
IL7_e,ST2,unknown,Fake,6,,,TAKEN_OUT
IL7_e,GZMB,unknown,Fake,6,,,TAKEN_OUT
IL7_e,SOCS1,unknown,Fake,6,,,TAKEN_OUT
IL7_e,STAT5,unknown,Fake,6,,,TAKEN_OUT
IL7_e,TGFB,unknown,Fake,6,,,TAKEN_OUT
IL7_e,IL4R_2,unknown,Fake,6,,,TAKEN_OUT
IL7_e,IL2R_2,unknown,Fake,6,,,TAKEN_OUT
IL7_e,IL3,unknown,Fake,6,,,TAKEN_OUT
IL7_e,IL24,unknown,Fake,6,,,TAKEN_OUT
IL7_e,IFNG_2,unknown,Fake,6,,,TAKEN_OUT
IL7_e,GATA3,unknown,Fake,6,,,TAKEN_OUT
IL7_e,RORGT,unknown,Fake,6,,,TAKEN_OUT
IL7_e,IL10,unknown,Fake,6,,,TAKEN_OUT
IL7_e,IL23R,unknown,Fake,6,,,TAKEN_OUT
IL7_e,BCL6,unknown,Fake,6,,,TAKEN_OUT
IL7_e,IL6R,unknown,Fake,6,,,TAKEN_OUT
IL7_e,IL35,unknown,Fake,6,,,TAKEN_OUT
IL7_e,IL25R,unknown,Fake,6,,,TAKEN_OUT
IL7_e,IL2R,unknown,Fake,6,,,TAKEN_OUT
IL7_e,CMAF,unknown,Fake,6,,,TAKEN_OUT
IL7_e,IFNG,unknown,Fake,6,,,TAKEN_OUT
IL7_e,IL1R1,unknown,Fake,6,,,TAKEN_OUT
IL7_e,IL10R,unknown,Fake,6,,,TAKEN_OUT
STAT1,IL21R,unknown,Fake,6,,,TAKEN_OUT
STAT1,IL12R,unknown,Fake,6,,,TAKEN_OUT
STAT1,IL18R,unknown,Fake,6,,,TAKEN_OUT
STAT1,IL12RB2,unknown,Fake,6,,,TAKEN_OUT
STAT1,JAK1,unknown,Fake,6,,,TAKEN_OUT
STAT1,IL21,unknown,Fake,6,,,TAKEN_OUT
STAT1,IL23,unknown,Fake,6,,,TAKEN_OUT
STAT1,THPOK,unknown,Fake,6,,,TAKEN_OUT
STAT1,IL4RA_2,unknown,Fake,6,,,TAKEN_OUT
STAT1,IL33R,unknown,Fake,6,,,TAKEN_OUT
STAT1,IL22,unknown,Fake,6,,,TAKEN_OUT
STAT1,IFNGR_2,unknown,Fake,6,,,TAKEN_OUT
STAT1,STAT4,unknown,Fake,6,,,TAKEN_OUT
STAT1,IFNGR,unknown,Fake,6,,,TAKEN_OUT
STAT1,PU1,unknown,Fake,6,,,TAKEN_OUT
STAT1,EOMES,unknown,Fake,6,,,TAKEN_OUT
STAT1,CD8,unknown,Fake,6,,,TAKEN_OUT
STAT1,NFKB,unknown,Fake,6,,,TAKEN_OUT
STAT1,STAT6,unknown,Fake,6,,,TAKEN_OUT
STAT1,SMAD3,unknown,Fake,6,,,TAKEN_OUT
STAT1,IL4,unknown,Fake,6,,,TAKEN_OUT
STAT1,STAT3,unknown,Fake,6,,,TAKEN_OUT
STAT1,IL25,unknown,Fake,6,,,TAKEN_OUT
STAT1,IL9,unknown,Fake,6,,,TAKEN_OUT
STAT1,TGFBR,unknown,Fake,6,,,TAKEN_OUT
STAT1,IL5,unknown,Fake,6,,,TAKEN_OUT
STAT1,IL1R,unknown,Fake,6,,,TAKEN_OUT
STAT1,IL6,unknown,Fake,6,,,TAKEN_OUT
STAT1,IL12RB1_2,unknown,Fake,6,,,TAKEN_OUT
STAT1,RUNX3,unknown,Fake,6,,,TAKEN_OUT
STAT1,IL17,unknown,Fake,6,,,TAKEN_OUT
STAT1,IL4R,unknown,Fake,6,,,TAKEN_OUT
STAT1,CD4,unknown,Fake,6,,,TAKEN_OUT
STAT1,SMAD2,unknown,Fake,6,,,TAKEN_OUT
STAT1,proliferation,unknown,Fake,6,,,TAKEN_OUT
STAT1,NFAT,unknown,Fake,6,,,TAKEN_OUT
STAT1,STAT5_2,unknown,Fake,6,,,TAKEN_OUT
STAT1,IRAK,unknown,Fake,6,,,TAKEN_OUT
STAT1,IL2,unknown,Fake,6,,,TAKEN_OUT
STAT1,IL2RA,unknown,Fake,6,,,TAKEN_OUT
STAT1,IL13,unknown,Fake,6,,,TAKEN_OUT
STAT1,FOXP3,unknown,Fake,6,,,TAKEN_OUT
STAT1,IL31,unknown,Fake,6,,,TAKEN_OUT
STAT1,PRF1,unknown,Fake,6,,,TAKEN_OUT
STAT1,ST2,unknown,Fake,6,,,TAKEN_OUT
STAT1,GZMB,unknown,Fake,6,,,TAKEN_OUT
STAT1,STAT5,unknown,Fake,6,,,TAKEN_OUT
STAT1,TGFB,unknown,Fake,6,,,TAKEN_OUT
STAT1,IL4R_2,unknown,Fake,6,,,TAKEN_OUT
STAT1,IL2R_2,unknown,Fake,6,,,TAKEN_OUT
STAT1,IL3,unknown,Fake,6,,,TAKEN_OUT
STAT1,IL24,unknown,Fake,6,,,TAKEN_OUT
STAT1,IFNG_2,unknown,Fake,6,,,TAKEN_OUT
STAT1,GATA3,unknown,Fake,6,,,TAKEN_OUT
STAT1,RORGT,unknown,Fake,6,,,TAKEN_OUT
STAT1,IL10,unknown,Fake,6,,,TAKEN_OUT
STAT1,IL23R,unknown,Fake,6,,,TAKEN_OUT
STAT1,IL6R,unknown,Fake,6,,,TAKEN_OUT
STAT1,IL35,unknown,Fake,6,,,TAKEN_OUT
STAT1,IL25R,unknown,Fake,6,,,TAKEN_OUT
STAT1,IL2R,unknown,Fake,6,,,TAKEN_OUT
STAT1,CMAF,unknown,Fake,6,,,TAKEN_OUT
STAT1,IFNG,unknown,Fake,6,,,TAKEN_OUT
STAT1,IL1R1,unknown,Fake,6,,,TAKEN_OUT
STAT1,IL10R,unknown,Fake,6,,,TAKEN_OUT
IL22,IL21R,unknown,Fake,6,,,KEPT
IL22,IL12R,unknown,Fake,6,,,KEPT
IL22,IL18R,unknown,Fake,6,,,KEPT
IL22,IL12RB2,unknown,Fake,6,,,KEPT
IL22,JAK1,unknown,Fake,6,,,KEPT
IL22,IL21,unknown,Fake,6,,,KEPT
IL22,IL23,unknown,Fake,6,,,KEPT
IL22,TBET,unknown,Fake,6,,,KEPT
IL22,THPOK,unknown,Fake,6,,,KEPT
IL22,IL4RA_2,unknown,Fake,6,,,KEPT
IL22,STAT1,unknown,Fake,6,,,KEPT
IL22,IL33R,unknown,Fake,6,,,KEPT
IL22,IL22,unknown,Fake,6,,,KEPT
IL22,IFNGR_2,unknown,Fake,6,,,KEPT
IL22,IRF1,unknown,Fake,6,,,KEPT
IL22,STAT4,unknown,Fake,6,,,KEPT
IL22,IFNGR,unknown,Fake,6,,,KEPT
IL22,PU1,unknown,Fake,6,,,KEPT
IL22,EOMES,unknown,Fake,6,,,KEPT
IL22,CD8,unknown,Fake,6,,,KEPT
IL22,TBET_2,unknown,Fake,6,,,KEPT
IL22,NFKB,unknown,Fake,6,,,KEPT
IL22,STAT6,unknown,Fake,6,,,KEPT
IL22,SMAD3,unknown,Fake,6,,,KEPT
IL22,STAT1_2,unknown,Fake,6,,,KEPT
IL22,IL4,unknown,Fake,6,,,KEPT
IL22,STAT3,unknown,Fake,6,,,KEPT
IL22,IL25,unknown,Fake,6,,,KEPT
IL22,IL9,unknown,Fake,6,,,KEPT
IL22,TGFBR,unknown,Fake,6,,,KEPT
IL22,IL5,unknown,Fake,6,,,KEPT
IL22,IL1R,unknown,Fake,6,,,KEPT
IL22,IL6,unknown,Fake,6,,,KEPT
IL22,IL12RB1_2,unknown,Fake,6,,,KEPT
IL22,RUNX3,unknown,Fake,6,,,KEPT
IL22,IL17,unknown,Fake,6,,,KEPT
IL22,IL4R,unknown,Fake,6,,,KEPT
IL22,CD4,unknown,Fake,6,,,KEPT
IL22,SMAD2,unknown,Fake,6,,,KEPT
IL22,proliferation,unknown,Fake,6,,,KEPT
IL22,NFAT,unknown,Fake,6,,,KEPT
IL22,STAT5_2,unknown,Fake,6,,,KEPT
IL22,IRAK,unknown,Fake,6,,,KEPT
IL22,IL2,unknown,Fake,6,,,KEPT
IL22,IL2RA,unknown,Fake,6,,,KEPT
IL22,IL13,unknown,Fake,6,,,KEPT
IL22,FOXP3,unknown,Fake,6,,,KEPT
IL22,IL31,unknown,Fake,6,,,KEPT
IL22,PRF1,unknown,Fake,6,,,KEPT
IL22,ST2,unknown,Fake,6,,,KEPT
IL22,GZMB,unknown,Fake,6,,,KEPT
IL22,SOCS1,unknown,Fake,6,,,KEPT
IL22,STAT5,unknown,Fake,6,,,KEPT
IL22,TGFB,unknown,Fake,6,,,KEPT
IL22,IL4R_2,unknown,Fake,6,,,KEPT
IL22,IL2R_2,unknown,Fake,6,,,KEPT
IL22,IL3,unknown,Fake,6,,,KEPT
IL22,IL24,unknown,Fake,6,,,KEPT
IL22,IFNG_2,unknown,Fake,6,,,KEPT
IL22,GATA3,unknown,Fake,6,,,KEPT
IL22,RORGT,unknown,Fake,6,,,KEPT
IL22,IL10,unknown,Fake,6,,,KEPT
IL22,IL23R,unknown,Fake,6,,,KEPT
IL22,BCL6,unknown,Fake,6,,,KEPT
IL22,IL6R,unknown,Fake,6,,,KEPT
IL22,IL35,unknown,Fake,6,,,KEPT
IL22,IL25R,unknown,Fake,6,,,KEPT
IL22,IL2R,unknown,Fake,6,,,KEPT
IL22,CMAF,unknown,Fake,6,,,KEPT
IL22,IFNG,unknown,Fake,6,,,KEPT
IL22,IL1R1,unknown,Fake,6,,,KEPT
IL22,IL10R,unknown,Fake,6,,,KEPT
IL29R,IL21R,unknown,Fake,6,,,TAKEN_OUT
IL29R,IL12R,unknown,Fake,6,,,TAKEN_OUT
IL29R,IL18R,unknown,Fake,6,,,TAKEN_OUT
IL29R,IL12RB2,unknown,Fake,6,,,TAKEN_OUT
IL29R,JAK1,unknown,Fake,6,,,TAKEN_OUT
IL29R,IL21,unknown,Fake,6,,,TAKEN_OUT
IL29R,IL23,unknown,Fake,6,,,TAKEN_OUT
IL29R,TBET,unknown,Fake,6,,,TAKEN_OUT
IL29R,THPOK,unknown,Fake,6,,,TAKEN_OUT
IL29R,IL4RA_2,unknown,Fake,6,,,TAKEN_OUT
IL29R,STAT1,unknown,Fake,6,,,TAKEN_OUT
IL29R,IL33R,unknown,Fake,6,,,TAKEN_OUT
IL29R,IL22,unknown,Fake,6,,,TAKEN_OUT
IL29R,IFNGR_2,unknown,Fake,6,,,TAKEN_OUT
IL29R,IRF1,unknown,Fake,6,,,TAKEN_OUT
IL29R,STAT4,unknown,Fake,6,,,TAKEN_OUT
IL29R,IFNGR,unknown,Fake,6,,,TAKEN_OUT
IL29R,PU1,unknown,Fake,6,,,TAKEN_OUT
IL29R,EOMES,unknown,Fake,6,,,TAKEN_OUT
IL29R,CD8,unknown,Fake,6,,,TAKEN_OUT
IL29R,TBET_2,unknown,Fake,6,,,TAKEN_OUT
IL29R,NFKB,unknown,Fake,6,,,TAKEN_OUT
IL29R,STAT6,unknown,Fake,6,,,TAKEN_OUT
IL29R,SMAD3,unknown,Fake,6,,,TAKEN_OUT
IL29R,STAT1_2,unknown,Fake,6,,,TAKEN_OUT
IL29R,IL4,unknown,Fake,6,,,TAKEN_OUT
IL29R,STAT3,unknown,Fake,6,,,TAKEN_OUT
IL29R,IL25,unknown,Fake,6,,,TAKEN_OUT
IL29R,IL9,unknown,Fake,6,,,TAKEN_OUT
IL29R,TGFBR,unknown,Fake,6,,,TAKEN_OUT
IL29R,IL5,unknown,Fake,6,,,TAKEN_OUT
IL29R,IL1R,unknown,Fake,6,,,TAKEN_OUT
IL29R,IL6,unknown,Fake,6,,,TAKEN_OUT
IL29R,IL12RB1_2,unknown,Fake,6,,,TAKEN_OUT
IL29R,RUNX3,unknown,Fake,6,,,TAKEN_OUT
IL29R,IL17,unknown,Fake,6,,,TAKEN_OUT
IL29R,IL4R,unknown,Fake,6,,,TAKEN_OUT
IL29R,CD4,unknown,Fake,6,,,TAKEN_OUT
IL29R,SMAD2,unknown,Fake,6,,,TAKEN_OUT
IL29R,proliferation,unknown,Fake,6,,,TAKEN_OUT
IL29R,NFAT,unknown,Fake,6,,,TAKEN_OUT
IL29R,STAT5_2,unknown,Fake,6,,,TAKEN_OUT
IL29R,IRAK,unknown,Fake,6,,,TAKEN_OUT
IL29R,IL2,unknown,Fake,6,,,TAKEN_OUT
IL29R,IL2RA,unknown,Fake,6,,,TAKEN_OUT
IL29R,IL13,unknown,Fake,6,,,TAKEN_OUT
IL29R,FOXP3,unknown,Fake,6,,,TAKEN_OUT
IL29R,IL31,unknown,Fake,6,,,TAKEN_OUT
IL29R,PRF1,unknown,Fake,6,,,TAKEN_OUT
IL29R,ST2,unknown,Fake,6,,,TAKEN_OUT
IL29R,GZMB,unknown,Fake,6,,,TAKEN_OUT
IL29R,SOCS1,unknown,Fake,6,,,TAKEN_OUT
IL29R,STAT5,unknown,Fake,6,,,TAKEN_OUT
IL29R,TGFB,unknown,Fake,6,,,TAKEN_OUT
IL29R,IL4R_2,unknown,Fake,6,,,TAKEN_OUT
IL29R,IL2R_2,unknown,Fake,6,,,TAKEN_OUT
IL29R,IL3,unknown,Fake,6,,,TAKEN_OUT
IL29R,IL24,unknown,Fake,6,,,TAKEN_OUT
IL29R,IFNG_2,unknown,Fake,6,,,TAKEN_OUT
IL29R,RORGT,unknown,Fake,6,,,TAKEN_OUT
IL29R,IL10,unknown,Fake,6,,,TAKEN_OUT
IL29R,IL23R,unknown,Fake,6,,,TAKEN_OUT
IL29R,BCL6,unknown,Fake,6,,,TAKEN_OUT
IL29R,IL6R,unknown,Fake,6,,,TAKEN_OUT
IL29R,IL35,unknown,Fake,6,,,TAKEN_OUT
IL29R,IL25R,unknown,Fake,6,,,TAKEN_OUT
IL29R,IL2R,unknown,Fake,6,,,TAKEN_OUT
IL29R,CMAF,unknown,Fake,6,,,TAKEN_OUT
IL29R,IFNG,unknown,Fake,6,,,TAKEN_OUT
IL29R,IL1R1,unknown,Fake,6,,,TAKEN_OUT
IL29R,IL10R,unknown,Fake,6,,,TAKEN_OUT
IRF1,IL21R,unknown,Fake,6,,,TAKEN_OUT
IRF1,IL12R,unknown,Fake,6,,,TAKEN_OUT
IRF1,IL18R,unknown,Fake,6,,,TAKEN_OUT
IRF1,IL12RB2,unknown,Fake,6,,,TAKEN_OUT
IRF1,JAK1,unknown,Fake,6,,,TAKEN_OUT
IRF1,IL21,unknown,Fake,6,,,TAKEN_OUT
IRF1,IL23,unknown,Fake,6,,,TAKEN_OUT
IRF1,TBET,unknown,Fake,6,,,TAKEN_OUT
IRF1,THPOK,unknown,Fake,6,,,TAKEN_OUT
IRF1,IL4RA_2,unknown,Fake,6,,,TAKEN_OUT
IRF1,STAT1,unknown,Fake,6,,,TAKEN_OUT
IRF1,IL33R,unknown,Fake,6,,,TAKEN_OUT
IRF1,IL22,unknown,Fake,6,,,TAKEN_OUT
IRF1,IFNGR_2,unknown,Fake,6,,,TAKEN_OUT
IRF1,IRF1,unknown,Fake,6,,,TAKEN_OUT
IRF1,STAT4,unknown,Fake,6,,,TAKEN_OUT
IRF1,IFNGR,unknown,Fake,6,,,TAKEN_OUT
IRF1,PU1,unknown,Fake,6,,,TAKEN_OUT
IRF1,EOMES,unknown,Fake,6,,,TAKEN_OUT
IRF1,CD8,unknown,Fake,6,,,TAKEN_OUT
IRF1,TBET_2,unknown,Fake,6,,,TAKEN_OUT
IRF1,NFKB,unknown,Fake,6,,,TAKEN_OUT
IRF1,STAT6,unknown,Fake,6,,,TAKEN_OUT
IRF1,SMAD3,unknown,Fake,6,,,TAKEN_OUT
IRF1,STAT1_2,unknown,Fake,6,,,TAKEN_OUT
IRF1,STAT3,unknown,Fake,6,,,TAKEN_OUT
IRF1,IL25,unknown,Fake,6,,,TAKEN_OUT
IRF1,IL9,unknown,Fake,6,,,TAKEN_OUT
IRF1,TGFBR,unknown,Fake,6,,,TAKEN_OUT
IRF1,IL5,unknown,Fake,6,,,TAKEN_OUT
IRF1,IL1R,unknown,Fake,6,,,TAKEN_OUT
IRF1,IL6,unknown,Fake,6,,,TAKEN_OUT
IRF1,RUNX3,unknown,Fake,6,,,TAKEN_OUT
IRF1,IL17,unknown,Fake,6,,,TAKEN_OUT
IRF1,IL4R,unknown,Fake,6,,,TAKEN_OUT
IRF1,CD4,unknown,Fake,6,,,TAKEN_OUT
IRF1,SMAD2,unknown,Fake,6,,,TAKEN_OUT
IRF1,proliferation,unknown,Fake,6,,,TAKEN_OUT
IRF1,NFAT,unknown,Fake,6,,,TAKEN_OUT
IRF1,STAT5_2,unknown,Fake,6,,,TAKEN_OUT
IRF1,IRAK,unknown,Fake,6,,,TAKEN_OUT
IRF1,IL2,unknown,Fake,6,,,TAKEN_OUT
IRF1,IL2RA,unknown,Fake,6,,,TAKEN_OUT
IRF1,IL13,unknown,Fake,6,,,TAKEN_OUT
IRF1,FOXP3,unknown,Fake,6,,,TAKEN_OUT
IRF1,IL31,unknown,Fake,6,,,TAKEN_OUT
IRF1,PRF1,unknown,Fake,6,,,TAKEN_OUT
IRF1,ST2,unknown,Fake,6,,,TAKEN_OUT
IRF1,GZMB,unknown,Fake,6,,,TAKEN_OUT
IRF1,SOCS1,unknown,Fake,6,,,TAKEN_OUT
IRF1,STAT5,unknown,Fake,6,,,TAKEN_OUT
IRF1,TGFB,unknown,Fake,6,,,TAKEN_OUT
IRF1,IL4R_2,unknown,Fake,6,,,TAKEN_OUT
IRF1,IL2R_2,unknown,Fake,6,,,TAKEN_OUT
IRF1,IL3,unknown,Fake,6,,,TAKEN_OUT
IRF1,IL24,unknown,Fake,6,,,TAKEN_OUT
IRF1,IFNG_2,unknown,Fake,6,,,TAKEN_OUT
IRF1,GATA3,unknown,Fake,6,,,TAKEN_OUT
IRF1,RORGT,unknown,Fake,6,,,TAKEN_OUT
IRF1,IL23R,unknown,Fake,6,,,TAKEN_OUT
IRF1,BCL6,unknown,Fake,6,,,TAKEN_OUT
IRF1,IL6R,unknown,Fake,6,,,TAKEN_OUT
IRF1,IL35,unknown,Fake,6,,,TAKEN_OUT
IRF1,IL25R,unknown,Fake,6,,,TAKEN_OUT
IRF1,IL2R,unknown,Fake,6,,,TAKEN_OUT
IRF1,CMAF,unknown,Fake,6,,,TAKEN_OUT
IRF1,IFNG,unknown,Fake,6,,,TAKEN_OUT
IRF1,IL1R1,unknown,Fake,6,,,TAKEN_OUT
IRF1,IL10R,unknown,Fake,6,,,TAKEN_OUT
IL21_e,IL12R,unknown,Fake,6,,,TAKEN_OUT
IL21_e,IL18R,unknown,Fake,6,,,TAKEN_OUT
IL21_e,IL12RB2,unknown,Fake,6,,,TAKEN_OUT
IL21_e,JAK1,unknown,Fake,6,,,TAKEN_OUT
IL21_e,IL21,unknown,Fake,6,,,TAKEN_OUT
IL21_e,IL23,unknown,Fake,6,,,TAKEN_OUT
IL21_e,TBET,unknown,Fake,6,,,TAKEN_OUT
IL21_e,THPOK,unknown,Fake,6,,,TAKEN_OUT
IL21_e,IL4RA_2,unknown,Fake,6,,,TAKEN_OUT
IL21_e,STAT1,unknown,Fake,6,,,TAKEN_OUT
IL21_e,IL33R,unknown,Fake,6,,,TAKEN_OUT
IL21_e,IL22,unknown,Fake,6,,,TAKEN_OUT
IL21_e,IFNGR_2,unknown,Fake,6,,,TAKEN_OUT
IL21_e,IRF1,unknown,Fake,6,,,TAKEN_OUT
IL21_e,STAT4,unknown,Fake,6,,,TAKEN_OUT
IL21_e,IFNGR,unknown,Fake,6,,,TAKEN_OUT
IL21_e,PU1,unknown,Fake,6,,,TAKEN_OUT
IL21_e,EOMES,unknown,Fake,6,,,TAKEN_OUT
IL21_e,CD8,unknown,Fake,6,,,TAKEN_OUT
IL21_e,TBET_2,unknown,Fake,6,,,TAKEN_OUT
IL21_e,NFKB,unknown,Fake,6,,,TAKEN_OUT
IL21_e,STAT6,unknown,Fake,6,,,TAKEN_OUT
IL21_e,SMAD3,unknown,Fake,6,,,TAKEN_OUT
IL21_e,STAT1_2,unknown,Fake,6,,,TAKEN_OUT
IL21_e,IL4,unknown,Fake,6,,,TAKEN_OUT
IL21_e,STAT3,unknown,Fake,6,,,TAKEN_OUT
IL21_e,IL25,unknown,Fake,6,,,TAKEN_OUT
IL21_e,IL9,unknown,Fake,6,,,TAKEN_OUT
IL21_e,TGFBR,unknown,Fake,6,,,TAKEN_OUT
IL21_e,IL5,unknown,Fake,6,,,TAKEN_OUT
IL21_e,IL1R,unknown,Fake,6,,,TAKEN_OUT
IL21_e,IL6,unknown,Fake,6,,,TAKEN_OUT
IL21_e,IL12RB1_2,unknown,Fake,6,,,TAKEN_OUT
IL21_e,RUNX3,unknown,Fake,6,,,TAKEN_OUT
IL21_e,IL17,unknown,Fake,6,,,TAKEN_OUT
IL21_e,IL4R,unknown,Fake,6,,,TAKEN_OUT
IL21_e,CD4,unknown,Fake,6,,,TAKEN_OUT
IL21_e,SMAD2,unknown,Fake,6,,,TAKEN_OUT
IL21_e,proliferation,unknown,Fake,6,,,TAKEN_OUT
IL21_e,NFAT,unknown,Fake,6,,,TAKEN_OUT
IL21_e,STAT5_2,unknown,Fake,6,,,TAKEN_OUT
IL21_e,IRAK,unknown,Fake,6,,,TAKEN_OUT
IL21_e,IL2,unknown,Fake,6,,,TAKEN_OUT
IL21_e,IL2RA,unknown,Fake,6,,,TAKEN_OUT
IL21_e,IL13,unknown,Fake,6,,,TAKEN_OUT
IL21_e,FOXP3,unknown,Fake,6,,,TAKEN_OUT
IL21_e,IL31,unknown,Fake,6,,,TAKEN_OUT
IL21_e,PRF1,unknown,Fake,6,,,TAKEN_OUT
IL21_e,ST2,unknown,Fake,6,,,TAKEN_OUT
IL21_e,GZMB,unknown,Fake,6,,,TAKEN_OUT
IL21_e,SOCS1,unknown,Fake,6,,,TAKEN_OUT
IL21_e,STAT5,unknown,Fake,6,,,TAKEN_OUT
IL21_e,TGFB,unknown,Fake,6,,,TAKEN_OUT
IL21_e,IL4R_2,unknown,Fake,6,,,TAKEN_OUT
IL21_e,IL2R_2,unknown,Fake,6,,,TAKEN_OUT
IL21_e,IL3,unknown,Fake,6,,,TAKEN_OUT
IL21_e,IL24,unknown,Fake,6,,,TAKEN_OUT
IL21_e,IFNG_2,unknown,Fake,6,,,TAKEN_OUT
IL21_e,GATA3,unknown,Fake,6,,,TAKEN_OUT
IL21_e,RORGT,unknown,Fake,6,,,TAKEN_OUT
IL21_e,IL10,unknown,Fake,6,,,TAKEN_OUT
IL21_e,IL23R,unknown,Fake,6,,,TAKEN_OUT
IL21_e,BCL6,unknown,Fake,6,,,TAKEN_OUT
IL21_e,IL6R,unknown,Fake,6,,,TAKEN_OUT
IL21_e,IL35,unknown,Fake,6,,,TAKEN_OUT
IL21_e,IL25R,unknown,Fake,6,,,TAKEN_OUT
IL21_e,IL2R,unknown,Fake,6,,,TAKEN_OUT
IL21_e,CMAF,unknown,Fake,6,,,TAKEN_OUT
IL21_e,IFNG,unknown,Fake,6,,,TAKEN_OUT
IL21_e,IL1R1,unknown,Fake,6,,,TAKEN_OUT
IL21_e,IL10R,unknown,Fake,6,,,TAKEN_OUT
PU1,IL21R,unknown,Fake,6,,,TAKEN_OUT
PU1,IL12R,unknown,Fake,6,,,TAKEN_OUT
PU1,IL18R,unknown,Fake,6,,,TAKEN_OUT
PU1,IL12RB2,unknown,Fake,6,,,TAKEN_OUT
PU1,JAK1,unknown,Fake,6,,,TAKEN_OUT
PU1,IL21,unknown,Fake,6,,,TAKEN_OUT
PU1,IL23,unknown,Fake,6,,,TAKEN_OUT
PU1,TBET,unknown,Fake,6,,,TAKEN_OUT
PU1,THPOK,unknown,Fake,6,,,TAKEN_OUT
PU1,IL4RA_2,unknown,Fake,6,,,TAKEN_OUT
PU1,STAT1,unknown,Fake,6,,,TAKEN_OUT
PU1,IL33R,unknown,Fake,6,,,TAKEN_OUT
PU1,IL22,unknown,Fake,6,,,TAKEN_OUT
PU1,IFNGR_2,unknown,Fake,6,,,TAKEN_OUT
PU1,IRF1,unknown,Fake,6,,,TAKEN_OUT
PU1,STAT4,unknown,Fake,6,,,TAKEN_OUT
PU1,IFNGR,unknown,Fake,6,,,TAKEN_OUT
PU1,PU1,unknown,Fake,6,,,TAKEN_OUT
PU1,EOMES,unknown,Fake,6,,,TAKEN_OUT
PU1,CD8,unknown,Fake,6,,,TAKEN_OUT
PU1,TBET_2,unknown,Fake,6,,,TAKEN_OUT
PU1,NFKB,unknown,Fake,6,,,TAKEN_OUT
PU1,STAT6,unknown,Fake,6,,,TAKEN_OUT
PU1,SMAD3,unknown,Fake,6,,,TAKEN_OUT
PU1,STAT1_2,unknown,Fake,6,,,TAKEN_OUT
PU1,IL4,unknown,Fake,6,,,TAKEN_OUT
PU1,STAT3,unknown,Fake,6,,,TAKEN_OUT
PU1,IL25,unknown,Fake,6,,,TAKEN_OUT
PU1,TGFBR,unknown,Fake,6,,,TAKEN_OUT
PU1,IL5,unknown,Fake,6,,,TAKEN_OUT
PU1,IL1R,unknown,Fake,6,,,TAKEN_OUT
PU1,IL6,unknown,Fake,6,,,TAKEN_OUT
PU1,IL12RB1_2,unknown,Fake,6,,,TAKEN_OUT
PU1,RUNX3,unknown,Fake,6,,,TAKEN_OUT
PU1,IL17,unknown,Fake,6,,,TAKEN_OUT
PU1,IL4R,unknown,Fake,6,,,TAKEN_OUT
PU1,CD4,unknown,Fake,6,,,TAKEN_OUT
PU1,SMAD2,unknown,Fake,6,,,TAKEN_OUT
PU1,proliferation,unknown,Fake,6,,,TAKEN_OUT
PU1,NFAT,unknown,Fake,6,,,TAKEN_OUT
PU1,STAT5_2,unknown,Fake,6,,,TAKEN_OUT
PU1,IRAK,unknown,Fake,6,,,TAKEN_OUT
PU1,IL2,unknown,Fake,6,,,TAKEN_OUT
PU1,IL2RA,unknown,Fake,6,,,TAKEN_OUT
PU1,IL13,unknown,Fake,6,,,TAKEN_OUT
PU1,FOXP3,unknown,Fake,6,,,TAKEN_OUT
PU1,IL31,unknown,Fake,6,,,TAKEN_OUT
PU1,PRF1,unknown,Fake,6,,,TAKEN_OUT
PU1,ST2,unknown,Fake,6,,,TAKEN_OUT
PU1,GZMB,unknown,Fake,6,,,TAKEN_OUT
PU1,SOCS1,unknown,Fake,6,,,TAKEN_OUT
PU1,STAT5,unknown,Fake,6,,,TAKEN_OUT
PU1,TGFB,unknown,Fake,6,,,TAKEN_OUT
PU1,IL4R_2,unknown,Fake,6,,,TAKEN_OUT
PU1,IL2R_2,unknown,Fake,6,,,TAKEN_OUT
PU1,IL3,unknown,Fake,6,,,TAKEN_OUT
PU1,IL24,unknown,Fake,6,,,TAKEN_OUT
PU1,IFNG_2,unknown,Fake,6,,,TAKEN_OUT
PU1,RORGT,unknown,Fake,6,,,TAKEN_OUT
PU1,IL10,unknown,Fake,6,,,TAKEN_OUT
PU1,IL23R,unknown,Fake,6,,,TAKEN_OUT
PU1,BCL6,unknown,Fake,6,,,TAKEN_OUT
PU1,IL6R,unknown,Fake,6,,,TAKEN_OUT
PU1,IL35,unknown,Fake,6,,,TAKEN_OUT
PU1,IL25R,unknown,Fake,6,,,TAKEN_OUT
PU1,IL2R,unknown,Fake,6,,,TAKEN_OUT
PU1,CMAF,unknown,Fake,6,,,TAKEN_OUT
PU1,IFNG,unknown,Fake,6,,,TAKEN_OUT
PU1,IL1R1,unknown,Fake,6,,,TAKEN_OUT
PU1,IL10R,unknown,Fake,6,,,TAKEN_OUT
TBET_2,IL21R,unknown,Fake,6,,,TAKEN_OUT
TBET_2,IL12R,unknown,Fake,6,,,TAKEN_OUT
TBET_2,IL18R,unknown,Fake,6,,,TAKEN_OUT
TBET_2,IL12RB2,unknown,Fake,6,,,TAKEN_OUT
TBET_2,JAK1,unknown,Fake,6,,,TAKEN_OUT
TBET_2,IL21,unknown,Fake,6,,,TAKEN_OUT
TBET_2,IL23,unknown,Fake,6,,,TAKEN_OUT
TBET_2,TBET,unknown,Fake,6,,,TAKEN_OUT
TBET_2,THPOK,unknown,Fake,6,,,TAKEN_OUT
TBET_2,IL4RA_2,unknown,Fake,6,,,TAKEN_OUT
TBET_2,STAT1,unknown,Fake,6,,,TAKEN_OUT
TBET_2,IL33R,unknown,Fake,6,,,TAKEN_OUT
TBET_2,IL22,unknown,Fake,6,,,TAKEN_OUT
TBET_2,IFNGR_2,unknown,Fake,6,,,TAKEN_OUT
TBET_2,IRF1,unknown,Fake,6,,,TAKEN_OUT
TBET_2,STAT4,unknown,Fake,6,,,TAKEN_OUT
TBET_2,IFNGR,unknown,Fake,6,,,TAKEN_OUT
TBET_2,PU1,unknown,Fake,6,,,TAKEN_OUT
TBET_2,EOMES,unknown,Fake,6,,,TAKEN_OUT
TBET_2,CD8,unknown,Fake,6,,,TAKEN_OUT
TBET_2,TBET_2,unknown,Fake,6,,,TAKEN_OUT
TBET_2,NFKB,unknown,Fake,6,,,TAKEN_OUT
TBET_2,STAT6,unknown,Fake,6,,,TAKEN_OUT
TBET_2,SMAD3,unknown,Fake,6,,,TAKEN_OUT
TBET_2,STAT1_2,unknown,Fake,6,,,TAKEN_OUT
TBET_2,STAT3,unknown,Fake,6,,,TAKEN_OUT
TBET_2,IL25,unknown,Fake,6,,,TAKEN_OUT
TBET_2,IL9,unknown,Fake,6,,,TAKEN_OUT
TBET_2,TGFBR,unknown,Fake,6,,,TAKEN_OUT
TBET_2,IL5,unknown,Fake,6,,,TAKEN_OUT
TBET_2,IL1R,unknown,Fake,6,,,TAKEN_OUT
TBET_2,IL6,unknown,Fake,6,,,TAKEN_OUT
TBET_2,IL12RB1_2,unknown,Fake,6,,,TAKEN_OUT
TBET_2,RUNX3,unknown,Fake,6,,,TAKEN_OUT
TBET_2,IL17,unknown,Fake,6,,,TAKEN_OUT
TBET_2,IL4R,unknown,Fake,6,,,TAKEN_OUT
TBET_2,CD4,unknown,Fake,6,,,TAKEN_OUT
TBET_2,SMAD2,unknown,Fake,6,,,TAKEN_OUT
TBET_2,proliferation,unknown,Fake,6,,,TAKEN_OUT
TBET_2,NFAT,unknown,Fake,6,,,TAKEN_OUT
TBET_2,STAT5_2,unknown,Fake,6,,,TAKEN_OUT
TBET_2,IRAK,unknown,Fake,6,,,TAKEN_OUT
TBET_2,IL2RA,unknown,Fake,6,,,TAKEN_OUT
TBET_2,IL13,unknown,Fake,6,,,TAKEN_OUT
TBET_2,IL31,unknown,Fake,6,,,TAKEN_OUT
TBET_2,PRF1,unknown,Fake,6,,,TAKEN_OUT
TBET_2,ST2,unknown,Fake,6,,,TAKEN_OUT
TBET_2,GZMB,unknown,Fake,6,,,TAKEN_OUT
TBET_2,SOCS1,unknown,Fake,6,,,TAKEN_OUT
TBET_2,STAT5,unknown,Fake,6,,,TAKEN_OUT
TBET_2,TGFB,unknown,Fake,6,,,TAKEN_OUT
TBET_2,IL4R_2,unknown,Fake,6,,,TAKEN_OUT
TBET_2,IL2R_2,unknown,Fake,6,,,TAKEN_OUT
TBET_2,IL3,unknown,Fake,6,,,TAKEN_OUT
TBET_2,IL24,unknown,Fake,6,,,TAKEN_OUT
TBET_2,IL10,unknown,Fake,6,,,TAKEN_OUT
TBET_2,IL6R,unknown,Fake,6,,,TAKEN_OUT
TBET_2,IL35,unknown,Fake,6,,,TAKEN_OUT
TBET_2,IL25R,unknown,Fake,6,,,TAKEN_OUT
TBET_2,IL2R,unknown,Fake,6,,,TAKEN_OUT
TBET_2,CMAF,unknown,Fake,6,,,TAKEN_OUT
TBET_2,IL1R1,unknown,Fake,6,,,TAKEN_OUT
TBET_2,IL10R,unknown,Fake,6,,,TAKEN_OUT
CD28,IL21R,unknown,Fake,6,,,TAKEN_OUT
CD28,IL12R,unknown,Fake,6,,,TAKEN_OUT
CD28,IL18R,unknown,Fake,6,,,TAKEN_OUT
CD28,IL12RB2,unknown,Fake,6,,,TAKEN_OUT
CD28,JAK1,unknown,Fake,6,,,TAKEN_OUT
CD28,IL21,unknown,Fake,6,,,TAKEN_OUT
CD28,IL23,unknown,Fake,6,,,TAKEN_OUT
CD28,TBET,unknown,Fake,6,,,TAKEN_OUT
CD28,THPOK,unknown,Fake,6,,,TAKEN_OUT
CD28,IL4RA_2,unknown,Fake,6,,,TAKEN_OUT
CD28,STAT1,unknown,Fake,6,,,TAKEN_OUT
CD28,IL33R,unknown,Fake,6,,,TAKEN_OUT
CD28,IL22,unknown,Fake,6,,,TAKEN_OUT
CD28,IFNGR_2,unknown,Fake,6,,,TAKEN_OUT
CD28,IRF1,unknown,Fake,6,,,TAKEN_OUT
CD28,STAT4,unknown,Fake,6,,,TAKEN_OUT
CD28,IFNGR,unknown,Fake,6,,,TAKEN_OUT
CD28,PU1,unknown,Fake,6,,,TAKEN_OUT
CD28,EOMES,unknown,Fake,6,,,TAKEN_OUT
CD28,CD8,unknown,Fake,6,,,TAKEN_OUT
CD28,TBET_2,unknown,Fake,6,,,TAKEN_OUT
CD28,NFKB,unknown,Fake,6,,,TAKEN_OUT
CD28,STAT6,unknown,Fake,6,,,TAKEN_OUT
CD28,SMAD3,unknown,Fake,6,,,TAKEN_OUT
CD28,STAT1_2,unknown,Fake,6,,,TAKEN_OUT
CD28,IL4,unknown,Fake,6,,,TAKEN_OUT
CD28,STAT3,unknown,Fake,6,,,TAKEN_OUT
CD28,IL25,unknown,Fake,6,,,TAKEN_OUT
CD28,IL9,unknown,Fake,6,,,TAKEN_OUT
CD28,TGFBR,unknown,Fake,6,,,TAKEN_OUT
CD28,IL5,unknown,Fake,6,,,TAKEN_OUT
CD28,IL1R,unknown,Fake,6,,,TAKEN_OUT
CD28,IL6,unknown,Fake,6,,,TAKEN_OUT
CD28,IL12RB1_2,unknown,Fake,6,,,TAKEN_OUT
CD28,RUNX3,unknown,Fake,6,,,TAKEN_OUT
CD28,IL17,unknown,Fake,6,,,TAKEN_OUT
CD28,IL4R,unknown,Fake,6,,,TAKEN_OUT
CD28,CD4,unknown,Fake,6,,,TAKEN_OUT
CD28,SMAD2,unknown,Fake,6,,,TAKEN_OUT
CD28,proliferation,unknown,Fake,6,,,TAKEN_OUT
CD28,STAT5_2,unknown,Fake,6,,,TAKEN_OUT
CD28,IRAK,unknown,Fake,6,,,TAKEN_OUT
CD28,IL2,unknown,Fake,6,,,TAKEN_OUT
CD28,IL2RA,unknown,Fake,6,,,TAKEN_OUT
CD28,IL13,unknown,Fake,6,,,TAKEN_OUT
CD28,FOXP3,unknown,Fake,6,,,TAKEN_OUT
CD28,IL31,unknown,Fake,6,,,TAKEN_OUT
CD28,PRF1,unknown,Fake,6,,,TAKEN_OUT
CD28,ST2,unknown,Fake,6,,,TAKEN_OUT
CD28,GZMB,unknown,Fake,6,,,TAKEN_OUT
CD28,SOCS1,unknown,Fake,6,,,TAKEN_OUT
CD28,STAT5,unknown,Fake,6,,,TAKEN_OUT
CD28,TGFB,unknown,Fake,6,,,TAKEN_OUT
CD28,IL4R_2,unknown,Fake,6,,,TAKEN_OUT
CD28,IL2R_2,unknown,Fake,6,,,TAKEN_OUT
CD28,IL3,unknown,Fake,6,,,TAKEN_OUT
CD28,IL24,unknown,Fake,6,,,TAKEN_OUT
CD28,IFNG_2,unknown,Fake,6,,,TAKEN_OUT
CD28,GATA3,unknown,Fake,6,,,TAKEN_OUT
CD28,RORGT,unknown,Fake,6,,,TAKEN_OUT
CD28,IL10,unknown,Fake,6,,,TAKEN_OUT
CD28,IL23R,unknown,Fake,6,,,TAKEN_OUT
CD28,BCL6,unknown,Fake,6,,,TAKEN_OUT
CD28,IL6R,unknown,Fake,6,,,TAKEN_OUT
CD28,IL35,unknown,Fake,6,,,TAKEN_OUT
CD28,IL25R,unknown,Fake,6,,,TAKEN_OUT
CD28,IL2R,unknown,Fake,6,,,TAKEN_OUT
CD28,CMAF,unknown,Fake,6,,,TAKEN_OUT
CD28,IFNG,unknown,Fake,6,,,TAKEN_OUT
CD28,IL1R1,unknown,Fake,6,,,TAKEN_OUT
CD28,IL10R,unknown,Fake,6,,,TAKEN_OUT
NFKB,IL21R,unknown,Fake,6,,,TAKEN_OUT
NFKB,IL12R,unknown,Fake,6,,,TAKEN_OUT
NFKB,IL18R,unknown,Fake,6,,,TAKEN_OUT
NFKB,IL12RB2,unknown,Fake,6,,,TAKEN_OUT
NFKB,JAK1,unknown,Fake,6,,,TAKEN_OUT
NFKB,IL21,unknown,Fake,6,,,TAKEN_OUT
NFKB,IL23,unknown,Fake,6,,,TAKEN_OUT
NFKB,TBET,unknown,Fake,6,,,TAKEN_OUT
NFKB,THPOK,unknown,Fake,6,,,TAKEN_OUT
NFKB,IL4RA_2,unknown,Fake,6,,,TAKEN_OUT
NFKB,STAT1,unknown,Fake,6,,,TAKEN_OUT
NFKB,IL33R,unknown,Fake,6,,,TAKEN_OUT
NFKB,IL22,unknown,Fake,6,,,TAKEN_OUT
NFKB,IFNGR_2,unknown,Fake,6,,,TAKEN_OUT
NFKB,IRF1,unknown,Fake,6,,,TAKEN_OUT
NFKB,STAT4,unknown,Fake,6,,,TAKEN_OUT
NFKB,IFNGR,unknown,Fake,6,,,TAKEN_OUT
NFKB,PU1,unknown,Fake,6,,,TAKEN_OUT
NFKB,EOMES,unknown,Fake,6,,,TAKEN_OUT
NFKB,CD8,unknown,Fake,6,,,TAKEN_OUT
NFKB,TBET_2,unknown,Fake,6,,,TAKEN_OUT
NFKB,NFKB,unknown,Fake,6,,,TAKEN_OUT
NFKB,STAT6,unknown,Fake,6,,,TAKEN_OUT
NFKB,SMAD3,unknown,Fake,6,,,TAKEN_OUT
NFKB,STAT1_2,unknown,Fake,6,,,TAKEN_OUT
NFKB,IL4,unknown,Fake,6,,,TAKEN_OUT
NFKB,STAT3,unknown,Fake,6,,,TAKEN_OUT
NFKB,IL25,unknown,Fake,6,,,TAKEN_OUT
NFKB,TGFBR,unknown,Fake,6,,,TAKEN_OUT
NFKB,IL5,unknown,Fake,6,,,TAKEN_OUT
NFKB,IL1R,unknown,Fake,6,,,TAKEN_OUT
NFKB,IL6,unknown,Fake,6,,,TAKEN_OUT
NFKB,IL12RB1_2,unknown,Fake,6,,,TAKEN_OUT
NFKB,RUNX3,unknown,Fake,6,,,TAKEN_OUT
NFKB,IL4R,unknown,Fake,6,,,TAKEN_OUT
NFKB,CD4,unknown,Fake,6,,,TAKEN_OUT
NFKB,SMAD2,unknown,Fake,6,,,TAKEN_OUT
NFKB,proliferation,unknown,Fake,6,,,TAKEN_OUT
NFKB,NFAT,unknown,Fake,6,,,TAKEN_OUT
NFKB,STAT5_2,unknown,Fake,6,,,TAKEN_OUT
NFKB,IRAK,unknown,Fake,6,,,TAKEN_OUT
NFKB,IL13,unknown,Fake,6,,,TAKEN_OUT
NFKB,FOXP3,unknown,Fake,6,,,TAKEN_OUT
NFKB,IL31,unknown,Fake,6,,,TAKEN_OUT
NFKB,PRF1,unknown,Fake,6,,,TAKEN_OUT
NFKB,ST2,unknown,Fake,6,,,TAKEN_OUT
NFKB,GZMB,unknown,Fake,6,,,TAKEN_OUT
NFKB,SOCS1,unknown,Fake,6,,,TAKEN_OUT
NFKB,STAT5,unknown,Fake,6,,,TAKEN_OUT
NFKB,TGFB,unknown,Fake,6,,,TAKEN_OUT
NFKB,IL4R_2,unknown,Fake,6,,,TAKEN_OUT
NFKB,IL2R_2,unknown,Fake,6,,,TAKEN_OUT
NFKB,IL3,unknown,Fake,6,,,TAKEN_OUT
NFKB,IL24,unknown,Fake,6,,,TAKEN_OUT
NFKB,GATA3,unknown,Fake,6,,,TAKEN_OUT
NFKB,RORGT,unknown,Fake,6,,,TAKEN_OUT
NFKB,IL10,unknown,Fake,6,,,TAKEN_OUT
NFKB,IL23R,unknown,Fake,6,,,TAKEN_OUT
NFKB,BCL6,unknown,Fake,6,,,TAKEN_OUT
NFKB,IL6R,unknown,Fake,6,,,TAKEN_OUT
NFKB,IL35,unknown,Fake,6,,,TAKEN_OUT
NFKB,IL25R,unknown,Fake,6,,,TAKEN_OUT
NFKB,IL2R,unknown,Fake,6,,,TAKEN_OUT
NFKB,CMAF,unknown,Fake,6,,,TAKEN_OUT
NFKB,IL1R1,unknown,Fake,6,,,TAKEN_OUT
NFKB,IL10R,unknown,Fake,6,,,TAKEN_OUT
STAT6,IL21R,unknown,Fake,6,,,TAKEN_OUT
STAT6,IL12R,unknown,Fake,6,,,TAKEN_OUT
STAT6,IL18R,unknown,Fake,6,,,TAKEN_OUT
STAT6,JAK1,unknown,Fake,6,,,TAKEN_OUT
STAT6,IL21,unknown,Fake,6,,,TAKEN_OUT
STAT6,IL23,unknown,Fake,6,,,TAKEN_OUT
STAT6,TBET,unknown,Fake,6,,,TAKEN_OUT
STAT6,THPOK,unknown,Fake,6,,,TAKEN_OUT
STAT6,IL4RA_2,unknown,Fake,6,,,TAKEN_OUT
STAT6,STAT1,unknown,Fake,6,,,TAKEN_OUT
STAT6,IL33R,unknown,Fake,6,,,TAKEN_OUT
STAT6,IL22,unknown,Fake,6,,,TAKEN_OUT
STAT6,IFNGR_2,unknown,Fake,6,,,TAKEN_OUT
STAT6,IRF1,unknown,Fake,6,,,TAKEN_OUT
STAT6,STAT4,unknown,Fake,6,,,TAKEN_OUT
STAT6,IFNGR,unknown,Fake,6,,,TAKEN_OUT
STAT6,PU1,unknown,Fake,6,,,TAKEN_OUT
STAT6,EOMES,unknown,Fake,6,,,TAKEN_OUT
STAT6,CD8,unknown,Fake,6,,,TAKEN_OUT
STAT6,TBET_2,unknown,Fake,6,,,TAKEN_OUT
STAT6,NFKB,unknown,Fake,6,,,TAKEN_OUT
STAT6,STAT6,unknown,Fake,6,,,TAKEN_OUT
STAT6,SMAD3,unknown,Fake,6,,,TAKEN_OUT
STAT6,STAT1_2,unknown,Fake,6,,,TAKEN_OUT
STAT6,IL4,unknown,Fake,6,,,TAKEN_OUT
STAT6,STAT3,unknown,Fake,6,,,TAKEN_OUT
STAT6,IL25,unknown,Fake,6,,,TAKEN_OUT
STAT6,TGFBR,unknown,Fake,6,,,TAKEN_OUT
STAT6,IL5,unknown,Fake,6,,,TAKEN_OUT
STAT6,IL1R,unknown,Fake,6,,,TAKEN_OUT
STAT6,IL6,unknown,Fake,6,,,TAKEN_OUT
STAT6,IL12RB1_2,unknown,Fake,6,,,TAKEN_OUT
STAT6,RUNX3,unknown,Fake,6,,,TAKEN_OUT
STAT6,IL17,unknown,Fake,6,,,TAKEN_OUT
STAT6,IL4R,unknown,Fake,6,,,TAKEN_OUT
STAT6,CD4,unknown,Fake,6,,,TAKEN_OUT
STAT6,SMAD2,unknown,Fake,6,,,TAKEN_OUT
STAT6,proliferation,unknown,Fake,6,,,TAKEN_OUT
STAT6,NFAT,unknown,Fake,6,,,TAKEN_OUT
STAT6,STAT5_2,unknown,Fake,6,,,TAKEN_OUT
STAT6,IRAK,unknown,Fake,6,,,TAKEN_OUT
STAT6,IL2,unknown,Fake,6,,,TAKEN_OUT
STAT6,IL2RA,unknown,Fake,6,,,TAKEN_OUT
STAT6,IL13,unknown,Fake,6,,,TAKEN_OUT
STAT6,PRF1,unknown,Fake,6,,,TAKEN_OUT
STAT6,ST2,unknown,Fake,6,,,TAKEN_OUT
STAT6,GZMB,unknown,Fake,6,,,TAKEN_OUT
STAT6,SOCS1,unknown,Fake,6,,,TAKEN_OUT
STAT6,STAT5,unknown,Fake,6,,,TAKEN_OUT
STAT6,TGFB,unknown,Fake,6,,,TAKEN_OUT
STAT6,IL4R_2,unknown,Fake,6,,,TAKEN_OUT
STAT6,IL2R_2,unknown,Fake,6,,,TAKEN_OUT
STAT6,IL3,unknown,Fake,6,,,TAKEN_OUT
STAT6,IFNG_2,unknown,Fake,6,,,TAKEN_OUT
STAT6,RORGT,unknown,Fake,6,,,TAKEN_OUT
STAT6,IL10,unknown,Fake,6,,,TAKEN_OUT
STAT6,IL23R,unknown,Fake,6,,,TAKEN_OUT
STAT6,BCL6,unknown,Fake,6,,,TAKEN_OUT
STAT6,IL6R,unknown,Fake,6,,,TAKEN_OUT
STAT6,IL35,unknown,Fake,6,,,TAKEN_OUT
STAT6,IL25R,unknown,Fake,6,,,TAKEN_OUT
STAT6,IL2R,unknown,Fake,6,,,TAKEN_OUT
STAT6,CMAF,unknown,Fake,6,,,TAKEN_OUT
STAT6,IFNG,unknown,Fake,6,,,TAKEN_OUT
STAT6,IL1R1,unknown,Fake,6,,,TAKEN_OUT
STAT6,IL10R,unknown,Fake,6,,,TAKEN_OUT
IL27R,IL21R,unknown,Fake,6,,,TAKEN_OUT
IL27R,IL12R,unknown,Fake,6,,,TAKEN_OUT
IL27R,IL18R,unknown,Fake,6,,,TAKEN_OUT
IL27R,IL12RB2,unknown,Fake,6,,,TAKEN_OUT
IL27R,JAK1,unknown,Fake,6,,,TAKEN_OUT
IL27R,IL21,unknown,Fake,6,,,TAKEN_OUT
IL27R,IL23,unknown,Fake,6,,,TAKEN_OUT
IL27R,TBET,unknown,Fake,6,,,TAKEN_OUT
IL27R,THPOK,unknown,Fake,6,,,TAKEN_OUT
IL27R,IL4RA_2,unknown,Fake,6,,,TAKEN_OUT
IL27R,IL33R,unknown,Fake,6,,,TAKEN_OUT
IL27R,IL22,unknown,Fake,6,,,TAKEN_OUT
IL27R,IFNGR_2,unknown,Fake,6,,,TAKEN_OUT
IL27R,IRF1,unknown,Fake,6,,,TAKEN_OUT
IL27R,STAT4,unknown,Fake,6,,,TAKEN_OUT
IL27R,IFNGR,unknown,Fake,6,,,TAKEN_OUT
IL27R,PU1,unknown,Fake,6,,,TAKEN_OUT
IL27R,EOMES,unknown,Fake,6,,,TAKEN_OUT
IL27R,CD8,unknown,Fake,6,,,TAKEN_OUT
IL27R,TBET_2,unknown,Fake,6,,,TAKEN_OUT
IL27R,NFKB,unknown,Fake,6,,,TAKEN_OUT
IL27R,STAT6,unknown,Fake,6,,,TAKEN_OUT
IL27R,SMAD3,unknown,Fake,6,,,TAKEN_OUT
IL27R,IL4,unknown,Fake,6,,,TAKEN_OUT
IL27R,IL25,unknown,Fake,6,,,TAKEN_OUT
IL27R,IL9,unknown,Fake,6,,,TAKEN_OUT
IL27R,TGFBR,unknown,Fake,6,,,TAKEN_OUT
IL27R,IL5,unknown,Fake,6,,,TAKEN_OUT
IL27R,IL1R,unknown,Fake,6,,,TAKEN_OUT
IL27R,IL6,unknown,Fake,6,,,TAKEN_OUT
IL27R,IL12RB1_2,unknown,Fake,6,,,TAKEN_OUT
IL27R,RUNX3,unknown,Fake,6,,,TAKEN_OUT
IL27R,IL17,unknown,Fake,6,,,TAKEN_OUT
IL27R,IL4R,unknown,Fake,6,,,TAKEN_OUT
IL27R,CD4,unknown,Fake,6,,,TAKEN_OUT
IL27R,SMAD2,unknown,Fake,6,,,TAKEN_OUT
IL27R,proliferation,unknown,Fake,6,,,TAKEN_OUT
IL27R,NFAT,unknown,Fake,6,,,TAKEN_OUT
IL27R,STAT5_2,unknown,Fake,6,,,TAKEN_OUT
IL27R,IRAK,unknown,Fake,6,,,TAKEN_OUT
IL27R,IL2,unknown,Fake,6,,,TAKEN_OUT
IL27R,IL2RA,unknown,Fake,6,,,TAKEN_OUT
IL27R,IL13,unknown,Fake,6,,,TAKEN_OUT
IL27R,FOXP3,unknown,Fake,6,,,TAKEN_OUT
IL27R,IL31,unknown,Fake,6,,,TAKEN_OUT
IL27R,PRF1,unknown,Fake,6,,,TAKEN_OUT
IL27R,ST2,unknown,Fake,6,,,TAKEN_OUT
IL27R,GZMB,unknown,Fake,6,,,TAKEN_OUT
IL27R,SOCS1,unknown,Fake,6,,,TAKEN_OUT
IL27R,STAT5,unknown,Fake,6,,,TAKEN_OUT
IL27R,TGFB,unknown,Fake,6,,,TAKEN_OUT
IL27R,IL4R_2,unknown,Fake,6,,,TAKEN_OUT
IL27R,IL2R_2,unknown,Fake,6,,,TAKEN_OUT
IL27R,IL3,unknown,Fake,6,,,TAKEN_OUT
IL27R,IL24,unknown,Fake,6,,,TAKEN_OUT
IL27R,IFNG_2,unknown,Fake,6,,,TAKEN_OUT
IL27R,GATA3,unknown,Fake,6,,,TAKEN_OUT
IL27R,RORGT,unknown,Fake,6,,,TAKEN_OUT
IL27R,IL10,unknown,Fake,6,,,TAKEN_OUT
IL27R,IL23R,unknown,Fake,6,,,TAKEN_OUT
IL27R,BCL6,unknown,Fake,6,,,TAKEN_OUT
IL27R,IL6R,unknown,Fake,6,,,TAKEN_OUT
IL27R,IL35,unknown,Fake,6,,,TAKEN_OUT
IL27R,IL25R,unknown,Fake,6,,,TAKEN_OUT
IL27R,IL2R,unknown,Fake,6,,,TAKEN_OUT
IL27R,CMAF,unknown,Fake,6,,,TAKEN_OUT
IL27R,IFNG,unknown,Fake,6,,,TAKEN_OUT
IL27R,IL1R1,unknown,Fake,6,,,TAKEN_OUT
IL27R,IL10R,unknown,Fake,6,,,TAKEN_OUT
IFNA_e,IL21R,unknown,Fake,6,,,TAKEN_OUT
IFNA_e,IL12R,unknown,Fake,6,,,TAKEN_OUT
IFNA_e,IL18R,unknown,Fake,6,,,TAKEN_OUT
IFNA_e,IL12RB2,unknown,Fake,6,,,TAKEN_OUT
IFNA_e,JAK1,unknown,Fake,6,,,TAKEN_OUT
IFNA_e,IL21,unknown,Fake,6,,,TAKEN_OUT
IFNA_e,IL23,unknown,Fake,6,,,TAKEN_OUT
IFNA_e,TBET,unknown,Fake,6,,,TAKEN_OUT
IFNA_e,THPOK,unknown,Fake,6,,,TAKEN_OUT
IFNA_e,IL4RA_2,unknown,Fake,6,,,TAKEN_OUT
IFNA_e,STAT1,unknown,Fake,6,,,TAKEN_OUT
IFNA_e,IL33R,unknown,Fake,6,,,TAKEN_OUT
IFNA_e,IL22,unknown,Fake,6,,,TAKEN_OUT
IFNA_e,IFNGR_2,unknown,Fake,6,,,TAKEN_OUT
IFNA_e,IRF1,unknown,Fake,6,,,TAKEN_OUT
IFNA_e,STAT4,unknown,Fake,6,,,TAKEN_OUT
IFNA_e,IFNGR,unknown,Fake,6,,,TAKEN_OUT
IFNA_e,PU1,unknown,Fake,6,,,TAKEN_OUT
IFNA_e,EOMES,unknown,Fake,6,,,TAKEN_OUT
IFNA_e,CD8,unknown,Fake,6,,,TAKEN_OUT
IFNA_e,TBET_2,unknown,Fake,6,,,TAKEN_OUT
IFNA_e,NFKB,unknown,Fake,6,,,TAKEN_OUT
IFNA_e,STAT6,unknown,Fake,6,,,TAKEN_OUT
IFNA_e,SMAD3,unknown,Fake,6,,,TAKEN_OUT
IFNA_e,STAT1_2,unknown,Fake,6,,,TAKEN_OUT
IFNA_e,IL4,unknown,Fake,6,,,TAKEN_OUT
IFNA_e,STAT3,unknown,Fake,6,,,TAKEN_OUT
IFNA_e,IL25,unknown,Fake,6,,,TAKEN_OUT
IFNA_e,IL9,unknown,Fake,6,,,TAKEN_OUT
IFNA_e,TGFBR,unknown,Fake,6,,,TAKEN_OUT
IFNA_e,IL5,unknown,Fake,6,,,TAKEN_OUT
IFNA_e,IL1R,unknown,Fake,6,,,TAKEN_OUT
IFNA_e,IL6,unknown,Fake,6,,,TAKEN_OUT
IFNA_e,IL12RB1_2,unknown,Fake,6,,,TAKEN_OUT
IFNA_e,RUNX3,unknown,Fake,6,,,TAKEN_OUT
IFNA_e,IL17,unknown,Fake,6,,,TAKEN_OUT
IFNA_e,IL4R,unknown,Fake,6,,,TAKEN_OUT
IFNA_e,CD4,unknown,Fake,6,,,TAKEN_OUT
IFNA_e,SMAD2,unknown,Fake,6,,,TAKEN_OUT
IFNA_e,proliferation,unknown,Fake,6,,,TAKEN_OUT
IFNA_e,NFAT,unknown,Fake,6,,,TAKEN_OUT
IFNA_e,STAT5_2,unknown,Fake,6,,,TAKEN_OUT
IFNA_e,IRAK,unknown,Fake,6,,,TAKEN_OUT
IFNA_e,IL2,unknown,Fake,6,,,TAKEN_OUT
IFNA_e,IL2RA,unknown,Fake,6,,,TAKEN_OUT
IFNA_e,IL13,unknown,Fake,6,,,TAKEN_OUT
IFNA_e,FOXP3,unknown,Fake,6,,,TAKEN_OUT
IFNA_e,IL31,unknown,Fake,6,,,TAKEN_OUT
IFNA_e,PRF1,unknown,Fake,6,,,TAKEN_OUT
IFNA_e,ST2,unknown,Fake,6,,,TAKEN_OUT
IFNA_e,GZMB,unknown,Fake,6,,,TAKEN_OUT
IFNA_e,SOCS1,unknown,Fake,6,,,TAKEN_OUT
IFNA_e,STAT5,unknown,Fake,6,,,TAKEN_OUT
IFNA_e,TGFB,unknown,Fake,6,,,TAKEN_OUT
IFNA_e,IL4R_2,unknown,Fake,6,,,TAKEN_OUT
IFNA_e,IL2R_2,unknown,Fake,6,,,TAKEN_OUT
IFNA_e,IL3,unknown,Fake,6,,,TAKEN_OUT
IFNA_e,IL24,unknown,Fake,6,,,TAKEN_OUT
IFNA_e,IFNG_2,unknown,Fake,6,,,TAKEN_OUT
IFNA_e,GATA3,unknown,Fake,6,,,TAKEN_OUT
IFNA_e,RORGT,unknown,Fake,6,,,TAKEN_OUT
IFNA_e,IL10,unknown,Fake,6,,,TAKEN_OUT
IFNA_e,IL23R,unknown,Fake,6,,,TAKEN_OUT
IFNA_e,BCL6,unknown,Fake,6,,,TAKEN_OUT
IFNA_e,IL6R,unknown,Fake,6,,,TAKEN_OUT
IFNA_e,IL35,unknown,Fake,6,,,TAKEN_OUT
IFNA_e,IL25R,unknown,Fake,6,,,TAKEN_OUT
IFNA_e,IL2R,unknown,Fake,6,,,TAKEN_OUT
IFNA_e,CMAF,unknown,Fake,6,,,TAKEN_OUT
IFNA_e,IFNG,unknown,Fake,6,,,TAKEN_OUT
IFNA_e,IL1R1,unknown,Fake,6,,,TAKEN_OUT
IFNA_e,IL10R,unknown,Fake,6,,,TAKEN_OUT
IL12RB1_2,IL21R,unknown,Fake,6,,,TAKEN_OUT
IL12RB1_2,IL18R,unknown,Fake,6,,,TAKEN_OUT
IL12RB1_2,IL12RB2,unknown,Fake,6,,,TAKEN_OUT
IL12RB1_2,JAK1,unknown,Fake,6,,,TAKEN_OUT
IL12RB1_2,IL21,unknown,Fake,6,,,TAKEN_OUT
IL12RB1_2,IL23,unknown,Fake,6,,,TAKEN_OUT
IL12RB1_2,TBET,unknown,Fake,6,,,TAKEN_OUT
IL12RB1_2,THPOK,unknown,Fake,6,,,TAKEN_OUT
IL12RB1_2,IL4RA_2,unknown,Fake,6,,,TAKEN_OUT
IL12RB1_2,STAT1,unknown,Fake,6,,,TAKEN_OUT
IL12RB1_2,IL33R,unknown,Fake,6,,,TAKEN_OUT
IL12RB1_2,IL22,unknown,Fake,6,,,TAKEN_OUT
IL12RB1_2,IFNGR_2,unknown,Fake,6,,,TAKEN_OUT
IL12RB1_2,IRF1,unknown,Fake,6,,,TAKEN_OUT
IL12RB1_2,STAT4,unknown,Fake,6,,,TAKEN_OUT
IL12RB1_2,IFNGR,unknown,Fake,6,,,TAKEN_OUT
IL12RB1_2,PU1,unknown,Fake,6,,,TAKEN_OUT
IL12RB1_2,EOMES,unknown,Fake,6,,,TAKEN_OUT
IL12RB1_2,CD8,unknown,Fake,6,,,TAKEN_OUT
IL12RB1_2,TBET_2,unknown,Fake,6,,,TAKEN_OUT
IL12RB1_2,NFKB,unknown,Fake,6,,,TAKEN_OUT
IL12RB1_2,STAT6,unknown,Fake,6,,,TAKEN_OUT
IL12RB1_2,SMAD3,unknown,Fake,6,,,TAKEN_OUT
IL12RB1_2,STAT1_2,unknown,Fake,6,,,TAKEN_OUT
IL12RB1_2,IL4,unknown,Fake,6,,,TAKEN_OUT
IL12RB1_2,STAT3,unknown,Fake,6,,,TAKEN_OUT
IL12RB1_2,IL25,unknown,Fake,6,,,TAKEN_OUT
IL12RB1_2,IL9,unknown,Fake,6,,,TAKEN_OUT
IL12RB1_2,TGFBR,unknown,Fake,6,,,TAKEN_OUT
IL12RB1_2,IL5,unknown,Fake,6,,,TAKEN_OUT
IL12RB1_2,IL1R,unknown,Fake,6,,,TAKEN_OUT
IL12RB1_2,IL6,unknown,Fake,6,,,TAKEN_OUT
IL12RB1_2,IL12RB1_2,unknown,Fake,6,,,TAKEN_OUT
IL12RB1_2,RUNX3,unknown,Fake,6,,,TAKEN_OUT
IL12RB1_2,IL17,unknown,Fake,6,,,TAKEN_OUT
IL12RB1_2,IL4R,unknown,Fake,6,,,TAKEN_OUT
IL12RB1_2,CD4,unknown,Fake,6,,,TAKEN_OUT
IL12RB1_2,SMAD2,unknown,Fake,6,,,TAKEN_OUT
IL12RB1_2,proliferation,unknown,Fake,6,,,TAKEN_OUT
IL12RB1_2,NFAT,unknown,Fake,6,,,TAKEN_OUT
IL12RB1_2,STAT5_2,unknown,Fake,6,,,TAKEN_OUT
IL12RB1_2,IRAK,unknown,Fake,6,,,TAKEN_OUT
IL12RB1_2,IL2,unknown,Fake,6,,,TAKEN_OUT
IL12RB1_2,IL2RA,unknown,Fake,6,,,TAKEN_OUT
IL12RB1_2,IL13,unknown,Fake,6,,,TAKEN_OUT
IL12RB1_2,FOXP3,unknown,Fake,6,,,TAKEN_OUT
IL12RB1_2,IL31,unknown,Fake,6,,,TAKEN_OUT
IL12RB1_2,PRF1,unknown,Fake,6,,,TAKEN_OUT
IL12RB1_2,ST2,unknown,Fake,6,,,TAKEN_OUT
IL12RB1_2,GZMB,unknown,Fake,6,,,TAKEN_OUT
IL12RB1_2,SOCS1,unknown,Fake,6,,,TAKEN_OUT
IL12RB1_2,STAT5,unknown,Fake,6,,,TAKEN_OUT
IL12RB1_2,TGFB,unknown,Fake,6,,,TAKEN_OUT
IL12RB1_2,IL4R_2,unknown,Fake,6,,,TAKEN_OUT
IL12RB1_2,IL2R_2,unknown,Fake,6,,,TAKEN_OUT
IL12RB1_2,IL3,unknown,Fake,6,,,TAKEN_OUT
IL12RB1_2,IL24,unknown,Fake,6,,,TAKEN_OUT
IL12RB1_2,IFNG_2,unknown,Fake,6,,,TAKEN_OUT
IL12RB1_2,GATA3,unknown,Fake,6,,,TAKEN_OUT
IL12RB1_2,RORGT,unknown,Fake,6,,,TAKEN_OUT
IL12RB1_2,IL10,unknown,Fake,6,,,TAKEN_OUT
IL12RB1_2,IL23R,unknown,Fake,6,,,TAKEN_OUT
IL12RB1_2,BCL6,unknown,Fake,6,,,TAKEN_OUT
IL12RB1_2,IL6R,unknown,Fake,6,,,TAKEN_OUT
IL12RB1_2,IL35,unknown,Fake,6,,,TAKEN_OUT
IL12RB1_2,IL25R,unknown,Fake,6,,,TAKEN_OUT
IL12RB1_2,IL2R,unknown,Fake,6,,,TAKEN_OUT
IL12RB1_2,CMAF,unknown,Fake,6,,,TAKEN_OUT
IL12RB1_2,IFNG,unknown,Fake,6,,,TAKEN_OUT
IL12RB1_2,IL1R1,unknown,Fake,6,,,TAKEN_OUT
IL12RB1_2,IL10R,unknown,Fake,6,,,TAKEN_OUT
IL17,IL21R,unknown,Fake,6,,,KEPT
IL17,IL12R,unknown,Fake,6,,,KEPT
IL17,IL18R,unknown,Fake,6,,,KEPT
IL17,IL12RB2,unknown,Fake,6,,,KEPT
IL17,JAK1,unknown,Fake,6,,,KEPT
IL17,IL21,unknown,Fake,6,,,KEPT
IL17,IL23,unknown,Fake,6,,,KEPT
IL17,TBET,unknown,Fake,6,,,KEPT
IL17,THPOK,unknown,Fake,6,,,KEPT
IL17,IL4RA_2,unknown,Fake,6,,,KEPT
IL17,STAT1,unknown,Fake,6,,,KEPT
IL17,IL33R,unknown,Fake,6,,,KEPT
IL17,IL22,unknown,Fake,6,,,KEPT
IL17,IFNGR_2,unknown,Fake,6,,,KEPT
IL17,IRF1,unknown,Fake,6,,,KEPT
IL17,STAT4,unknown,Fake,6,,,KEPT
IL17,IFNGR,unknown,Fake,6,,,KEPT
IL17,PU1,unknown,Fake,6,,,KEPT
IL17,EOMES,unknown,Fake,6,,,KEPT
IL17,CD8,unknown,Fake,6,,,KEPT
IL17,TBET_2,unknown,Fake,6,,,KEPT
IL17,NFKB,unknown,Fake,6,,,KEPT
IL17,STAT6,unknown,Fake,6,,,KEPT
IL17,SMAD3,unknown,Fake,6,,,KEPT
IL17,STAT1_2,unknown,Fake,6,,,KEPT
IL17,IL4,unknown,Fake,6,,,KEPT
IL17,STAT3,unknown,Fake,6,,,KEPT
IL17,IL25,unknown,Fake,6,,,KEPT
IL17,IL9,unknown,Fake,6,,,KEPT
IL17,TGFBR,unknown,Fake,6,,,KEPT
IL17,IL5,unknown,Fake,6,,,KEPT
IL17,IL1R,unknown,Fake,6,,,KEPT
IL17,IL6,unknown,Fake,6,,,KEPT
IL17,IL12RB1_2,unknown,Fake,6,,,KEPT
IL17,RUNX3,unknown,Fake,6,,,KEPT
IL17,IL17,unknown,Fake,6,,,KEPT
IL17,IL4R,unknown,Fake,6,,,KEPT
IL17,CD4,unknown,Fake,6,,,KEPT
IL17,SMAD2,unknown,Fake,6,,,KEPT
IL17,proliferation,unknown,Fake,6,,,KEPT
IL17,NFAT,unknown,Fake,6,,,KEPT
IL17,STAT5_2,unknown,Fake,6,,,KEPT
IL17,IRAK,unknown,Fake,6,,,KEPT
IL17,IL2,unknown,Fake,6,,,KEPT
IL17,IL2RA,unknown,Fake,6,,,KEPT
IL17,IL13,unknown,Fake,6,,,KEPT
IL17,FOXP3,unknown,Fake,6,,,KEPT
IL17,IL31,unknown,Fake,6,,,KEPT
IL17,PRF1,unknown,Fake,6,,,KEPT
IL17,ST2,unknown,Fake,6,,,KEPT
IL17,GZMB,unknown,Fake,6,,,KEPT
IL17,SOCS1,unknown,Fake,6,,,KEPT
IL17,STAT5,unknown,Fake,6,,,KEPT
IL17,TGFB,unknown,Fake,6,,,KEPT
IL17,IL4R_2,unknown,Fake,6,,,KEPT
IL17,IL2R_2,unknown,Fake,6,,,KEPT
IL17,IL3,unknown,Fake,6,,,KEPT
IL17,IL24,unknown,Fake,6,,,KEPT
IL17,IFNG_2,unknown,Fake,6,,,KEPT
IL17,GATA3,unknown,Fake,6,,,KEPT
IL17,RORGT,unknown,Fake,6,,,KEPT
IL17,IL10,unknown,Fake,6,,,KEPT
IL17,IL23R,unknown,Fake,6,,,KEPT
IL17,BCL6,unknown,Fake,6,,,KEPT
IL17,IL6R,unknown,Fake,6,,,KEPT
IL17,IL35,unknown,Fake,6,,,KEPT
IL17,IL25R,unknown,Fake,6,,,KEPT
IL17,IL2R,unknown,Fake,6,,,KEPT
IL17,CMAF,unknown,Fake,6,,,KEPT
IL17,IFNG,unknown,Fake,6,,,KEPT
IL17,IL1R1,unknown,Fake,6,,,KEPT
IL17,IL10R,unknown,Fake,6,,,KEPT
IL4R,IL21R,unknown,Fake,6,,,TAKEN_OUT
IL4R,IL12R,unknown,Fake,6,,,TAKEN_OUT
IL4R,IL18R,unknown,Fake,6,,,TAKEN_OUT
IL4R,IL12RB2,unknown,Fake,6,,,TAKEN_OUT
IL4R,JAK1,unknown,Fake,6,,,TAKEN_OUT
IL4R,IL21,unknown,Fake,6,,,TAKEN_OUT
IL4R,IL23,unknown,Fake,6,,,TAKEN_OUT
IL4R,TBET,unknown,Fake,6,,,TAKEN_OUT
IL4R,THPOK,unknown,Fake,6,,,TAKEN_OUT
IL4R,IL4RA_2,unknown,Fake,6,,,TAKEN_OUT
IL4R,STAT1,unknown,Fake,6,,,TAKEN_OUT
IL4R,IL33R,unknown,Fake,6,,,TAKEN_OUT
IL4R,IL22,unknown,Fake,6,,,TAKEN_OUT
IL4R,IFNGR_2,unknown,Fake,6,,,TAKEN_OUT
IL4R,IRF1,unknown,Fake,6,,,TAKEN_OUT
IL4R,STAT4,unknown,Fake,6,,,TAKEN_OUT
IL4R,IFNGR,unknown,Fake,6,,,TAKEN_OUT
IL4R,PU1,unknown,Fake,6,,,TAKEN_OUT
IL4R,EOMES,unknown,Fake,6,,,TAKEN_OUT
IL4R,CD8,unknown,Fake,6,,,TAKEN_OUT
IL4R,TBET_2,unknown,Fake,6,,,TAKEN_OUT
IL4R,NFKB,unknown,Fake,6,,,TAKEN_OUT
IL4R,SMAD3,unknown,Fake,6,,,TAKEN_OUT
IL4R,STAT1_2,unknown,Fake,6,,,TAKEN_OUT
IL4R,IL4,unknown,Fake,6,,,TAKEN_OUT
IL4R,STAT3,unknown,Fake,6,,,TAKEN_OUT
IL4R,IL25,unknown,Fake,6,,,TAKEN_OUT
IL4R,IL9,unknown,Fake,6,,,TAKEN_OUT
IL4R,TGFBR,unknown,Fake,6,,,TAKEN_OUT
IL4R,IL5,unknown,Fake,6,,,TAKEN_OUT
IL4R,IL1R,unknown,Fake,6,,,TAKEN_OUT
IL4R,IL6,unknown,Fake,6,,,TAKEN_OUT
IL4R,IL12RB1_2,unknown,Fake,6,,,TAKEN_OUT
IL4R,RUNX3,unknown,Fake,6,,,TAKEN_OUT
IL4R,IL17,unknown,Fake,6,,,TAKEN_OUT
IL4R,IL4R,unknown,Fake,6,,,TAKEN_OUT
IL4R,CD4,unknown,Fake,6,,,TAKEN_OUT
IL4R,SMAD2,unknown,Fake,6,,,TAKEN_OUT
IL4R,proliferation,unknown,Fake,6,,,TAKEN_OUT
IL4R,NFAT,unknown,Fake,6,,,TAKEN_OUT
IL4R,IRAK,unknown,Fake,6,,,TAKEN_OUT
IL4R,IL2,unknown,Fake,6,,,TAKEN_OUT
IL4R,IL2RA,unknown,Fake,6,,,TAKEN_OUT
IL4R,IL13,unknown,Fake,6,,,TAKEN_OUT
IL4R,FOXP3,unknown,Fake,6,,,TAKEN_OUT
IL4R,IL31,unknown,Fake,6,,,TAKEN_OUT
IL4R,PRF1,unknown,Fake,6,,,TAKEN_OUT
IL4R,ST2,unknown,Fake,6,,,TAKEN_OUT
IL4R,GZMB,unknown,Fake,6,,,TAKEN_OUT
IL4R,SOCS1,unknown,Fake,6,,,TAKEN_OUT
IL4R,TGFB,unknown,Fake,6,,,TAKEN_OUT
IL4R,IL2R_2,unknown,Fake,6,,,TAKEN_OUT
IL4R,IL3,unknown,Fake,6,,,TAKEN_OUT
IL4R,IL24,unknown,Fake,6,,,TAKEN_OUT
IL4R,IFNG_2,unknown,Fake,6,,,TAKEN_OUT
IL4R,GATA3,unknown,Fake,6,,,TAKEN_OUT
IL4R,RORGT,unknown,Fake,6,,,TAKEN_OUT
IL4R,IL10,unknown,Fake,6,,,TAKEN_OUT
IL4R,IL23R,unknown,Fake,6,,,TAKEN_OUT
IL4R,BCL6,unknown,Fake,6,,,TAKEN_OUT
IL4R,IL6R,unknown,Fake,6,,,TAKEN_OUT
IL4R,IL35,unknown,Fake,6,,,TAKEN_OUT
IL4R,IL25R,unknown,Fake,6,,,TAKEN_OUT
IL4R,IL2R,unknown,Fake,6,,,TAKEN_OUT
IL4R,CMAF,unknown,Fake,6,,,TAKEN_OUT
IL4R,IFNG,unknown,Fake,6,,,TAKEN_OUT
IL4R,IL1R1,unknown,Fake,6,,,TAKEN_OUT
IL4R,IL10R,unknown,Fake,6,,,TAKEN_OUT
CD4,IL21R,unknown,Fake,6,,,TAKEN_OUT
CD4,IL12R,unknown,Fake,6,,,TAKEN_OUT
CD4,IL18R,unknown,Fake,6,,,TAKEN_OUT
CD4,IL12RB2,unknown,Fake,6,,,TAKEN_OUT
CD4,JAK1,unknown,Fake,6,,,TAKEN_OUT
CD4,IL21,unknown,Fake,6,,,TAKEN_OUT
CD4,IL23,unknown,Fake,6,,,TAKEN_OUT
CD4,TBET,unknown,Fake,6,,,TAKEN_OUT
CD4,IL4RA_2,unknown,Fake,6,,,TAKEN_OUT
CD4,STAT1,unknown,Fake,6,,,TAKEN_OUT
CD4,IL33R,unknown,Fake,6,,,TAKEN_OUT
CD4,IL22,unknown,Fake,6,,,TAKEN_OUT
CD4,IFNGR_2,unknown,Fake,6,,,TAKEN_OUT
CD4,IRF1,unknown,Fake,6,,,TAKEN_OUT
CD4,STAT4,unknown,Fake,6,,,TAKEN_OUT
CD4,IFNGR,unknown,Fake,6,,,TAKEN_OUT
CD4,PU1,unknown,Fake,6,,,TAKEN_OUT
CD4,EOMES,unknown,Fake,6,,,TAKEN_OUT
CD4,CD8,unknown,Fake,6,,,TAKEN_OUT
CD4,TBET_2,unknown,Fake,6,,,TAKEN_OUT
CD4,NFKB,unknown,Fake,6,,,TAKEN_OUT
CD4,STAT6,unknown,Fake,6,,,TAKEN_OUT
CD4,SMAD3,unknown,Fake,6,,,TAKEN_OUT
CD4,STAT1_2,unknown,Fake,6,,,TAKEN_OUT
CD4,IL4,unknown,Fake,6,,,TAKEN_OUT
CD4,STAT3,unknown,Fake,6,,,TAKEN_OUT
CD4,IL25,unknown,Fake,6,,,TAKEN_OUT
CD4,IL9,unknown,Fake,6,,,TAKEN_OUT
CD4,TGFBR,unknown,Fake,6,,,TAKEN_OUT
CD4,IL5,unknown,Fake,6,,,TAKEN_OUT
CD4,IL1R,unknown,Fake,6,,,TAKEN_OUT
CD4,IL6,unknown,Fake,6,,,TAKEN_OUT
CD4,IL12RB1_2,unknown,Fake,6,,,TAKEN_OUT
CD4,RUNX3,unknown,Fake,6,,,TAKEN_OUT
CD4,IL17,unknown,Fake,6,,,TAKEN_OUT
CD4,IL4R,unknown,Fake,6,,,TAKEN_OUT
CD4,CD4,unknown,Fake,6,,,TAKEN_OUT
CD4,SMAD2,unknown,Fake,6,,,TAKEN_OUT
CD4,proliferation,unknown,Fake,6,,,TAKEN_OUT
CD4,NFAT,unknown,Fake,6,,,TAKEN_OUT
CD4,STAT5_2,unknown,Fake,6,,,TAKEN_OUT
CD4,IRAK,unknown,Fake,6,,,TAKEN_OUT
CD4,IL2,unknown,Fake,6,,,TAKEN_OUT
CD4,IL2RA,unknown,Fake,6,,,TAKEN_OUT
CD4,IL13,unknown,Fake,6,,,TAKEN_OUT
CD4,FOXP3,unknown,Fake,6,,,TAKEN_OUT
CD4,IL31,unknown,Fake,6,,,TAKEN_OUT
CD4,PRF1,unknown,Fake,6,,,TAKEN_OUT
CD4,ST2,unknown,Fake,6,,,TAKEN_OUT
CD4,GZMB,unknown,Fake,6,,,TAKEN_OUT
CD4,SOCS1,unknown,Fake,6,,,TAKEN_OUT
CD4,STAT5,unknown,Fake,6,,,TAKEN_OUT
CD4,TGFB,unknown,Fake,6,,,TAKEN_OUT
CD4,IL4R_2,unknown,Fake,6,,,TAKEN_OUT
CD4,IL2R_2,unknown,Fake,6,,,TAKEN_OUT
CD4,IL3,unknown,Fake,6,,,TAKEN_OUT
CD4,IL24,unknown,Fake,6,,,TAKEN_OUT
CD4,IFNG_2,unknown,Fake,6,,,TAKEN_OUT
CD4,GATA3,unknown,Fake,6,,,TAKEN_OUT
CD4,RORGT,unknown,Fake,6,,,TAKEN_OUT
CD4,IL10,unknown,Fake,6,,,TAKEN_OUT
CD4,IL23R,unknown,Fake,6,,,TAKEN_OUT
CD4,BCL6,unknown,Fake,6,,,TAKEN_OUT
CD4,IL6R,unknown,Fake,6,,,TAKEN_OUT
CD4,IL35,unknown,Fake,6,,,TAKEN_OUT
CD4,IL25R,unknown,Fake,6,,,TAKEN_OUT
CD4,IL2R,unknown,Fake,6,,,TAKEN_OUT
CD4,CMAF,unknown,Fake,6,,,TAKEN_OUT
CD4,IFNG,unknown,Fake,6,,,TAKEN_OUT
CD4,IL1R1,unknown,Fake,6,,,TAKEN_OUT
CD4,IL10R,unknown,Fake,6,,,TAKEN_OUT
SMAD2,IL21R,unknown,Fake,6,,,TAKEN_OUT
SMAD2,IL12R,unknown,Fake,6,,,TAKEN_OUT
SMAD2,IL18R,unknown,Fake,6,,,TAKEN_OUT
SMAD2,IL12RB2,unknown,Fake,6,,,TAKEN_OUT
SMAD2,JAK1,unknown,Fake,6,,,TAKEN_OUT
SMAD2,IL21,unknown,Fake,6,,,TAKEN_OUT
SMAD2,IL23,unknown,Fake,6,,,TAKEN_OUT
SMAD2,TBET,unknown,Fake,6,,,TAKEN_OUT
SMAD2,THPOK,unknown,Fake,6,,,TAKEN_OUT
SMAD2,IL4RA_2,unknown,Fake,6,,,TAKEN_OUT
SMAD2,STAT1,unknown,Fake,6,,,TAKEN_OUT
SMAD2,IL33R,unknown,Fake,6,,,TAKEN_OUT
SMAD2,IL22,unknown,Fake,6,,,TAKEN_OUT
SMAD2,IFNGR_2,unknown,Fake,6,,,TAKEN_OUT
SMAD2,IRF1,unknown,Fake,6,,,TAKEN_OUT
SMAD2,STAT4,unknown,Fake,6,,,TAKEN_OUT
SMAD2,IFNGR,unknown,Fake,6,,,TAKEN_OUT
SMAD2,PU1,unknown,Fake,6,,,TAKEN_OUT
SMAD2,EOMES,unknown,Fake,6,,,TAKEN_OUT
SMAD2,CD8,unknown,Fake,6,,,TAKEN_OUT
SMAD2,TBET_2,unknown,Fake,6,,,TAKEN_OUT
SMAD2,NFKB,unknown,Fake,6,,,TAKEN_OUT
SMAD2,STAT6,unknown,Fake,6,,,TAKEN_OUT
SMAD2,SMAD3,unknown,Fake,6,,,TAKEN_OUT
SMAD2,STAT1_2,unknown,Fake,6,,,TAKEN_OUT
SMAD2,IL4,unknown,Fake,6,,,TAKEN_OUT
SMAD2,STAT3,unknown,Fake,6,,,TAKEN_OUT
SMAD2,IL25,unknown,Fake,6,,,TAKEN_OUT
SMAD2,IL9,unknown,Fake,6,,,TAKEN_OUT
SMAD2,TGFBR,unknown,Fake,6,,,TAKEN_OUT
SMAD2,IL5,unknown,Fake,6,,,TAKEN_OUT
SMAD2,IL1R,unknown,Fake,6,,,TAKEN_OUT
SMAD2,IL6,unknown,Fake,6,,,TAKEN_OUT
SMAD2,IL12RB1_2,unknown,Fake,6,,,TAKEN_OUT
SMAD2,RUNX3,unknown,Fake,6,,,TAKEN_OUT
SMAD2,IL17,unknown,Fake,6,,,TAKEN_OUT
SMAD2,IL4R,unknown,Fake,6,,,TAKEN_OUT
SMAD2,CD4,unknown,Fake,6,,,TAKEN_OUT
SMAD2,SMAD2,unknown,Fake,6,,,TAKEN_OUT
SMAD2,proliferation,unknown,Fake,6,,,TAKEN_OUT
SMAD2,NFAT,unknown,Fake,6,,,TAKEN_OUT
SMAD2,STAT5_2,unknown,Fake,6,,,TAKEN_OUT
SMAD2,IRAK,unknown,Fake,6,,,TAKEN_OUT
SMAD2,IL2,unknown,Fake,6,,,TAKEN_OUT
SMAD2,IL2RA,unknown,Fake,6,,,TAKEN_OUT
SMAD2,IL13,unknown,Fake,6,,,TAKEN_OUT
SMAD2,IL31,unknown,Fake,6,,,TAKEN_OUT
SMAD2,PRF1,unknown,Fake,6,,,TAKEN_OUT
SMAD2,ST2,unknown,Fake,6,,,TAKEN_OUT
SMAD2,GZMB,unknown,Fake,6,,,TAKEN_OUT
SMAD2,SOCS1,unknown,Fake,6,,,TAKEN_OUT
SMAD2,STAT5,unknown,Fake,6,,,TAKEN_OUT
SMAD2,TGFB,unknown,Fake,6,,,TAKEN_OUT
SMAD2,IL4R_2,unknown,Fake,6,,,TAKEN_OUT
SMAD2,IL2R_2,unknown,Fake,6,,,TAKEN_OUT
SMAD2,IL3,unknown,Fake,6,,,TAKEN_OUT
SMAD2,IL24,unknown,Fake,6,,,TAKEN_OUT
SMAD2,IFNG_2,unknown,Fake,6,,,TAKEN_OUT
SMAD2,GATA3,unknown,Fake,6,,,TAKEN_OUT
SMAD2,IL10,unknown,Fake,6,,,TAKEN_OUT
SMAD2,IL23R,unknown,Fake,6,,,TAKEN_OUT
SMAD2,BCL6,unknown,Fake,6,,,TAKEN_OUT
SMAD2,IL6R,unknown,Fake,6,,,TAKEN_OUT
SMAD2,IL35,unknown,Fake,6,,,TAKEN_OUT
SMAD2,IL25R,unknown,Fake,6,,,TAKEN_OUT
SMAD2,IL2R,unknown,Fake,6,,,TAKEN_OUT
SMAD2,CMAF,unknown,Fake,6,,,TAKEN_OUT
SMAD2,IFNG,unknown,Fake,6,,,TAKEN_OUT
SMAD2,IL1R1,unknown,Fake,6,,,TAKEN_OUT
SMAD2,IL10R,unknown,Fake,6,,,TAKEN_OUT
proliferation,IL21R,unknown,Fake,6,,,TAKEN_OUT
proliferation,IL12R,unknown,Fake,6,,,TAKEN_OUT
proliferation,IL18R,unknown,Fake,6,,,TAKEN_OUT
proliferation,IL12RB2,unknown,Fake,6,,,TAKEN_OUT
proliferation,JAK1,unknown,Fake,6,,,TAKEN_OUT
proliferation,TBET,unknown,Fake,6,,,TAKEN_OUT
proliferation,THPOK,unknown,Fake,6,,,TAKEN_OUT
proliferation,IL4RA_2,unknown,Fake,6,,,TAKEN_OUT
proliferation,STAT1,unknown,Fake,6,,,TAKEN_OUT
proliferation,IL33R,unknown,Fake,6,,,TAKEN_OUT
proliferation,IFNGR_2,unknown,Fake,6,,,TAKEN_OUT
proliferation,IRF1,unknown,Fake,6,,,TAKEN_OUT
proliferation,STAT4,unknown,Fake,6,,,TAKEN_OUT
proliferation,IFNGR,unknown,Fake,6,,,TAKEN_OUT
proliferation,PU1,unknown,Fake,6,,,TAKEN_OUT
proliferation,EOMES,unknown,Fake,6,,,TAKEN_OUT
proliferation,CD8,unknown,Fake,6,,,TAKEN_OUT
proliferation,TBET_2,unknown,Fake,6,,,TAKEN_OUT
proliferation,NFKB,unknown,Fake,6,,,TAKEN_OUT
proliferation,STAT6,unknown,Fake,6,,,TAKEN_OUT
proliferation,SMAD3,unknown,Fake,6,,,TAKEN_OUT
proliferation,STAT1_2,unknown,Fake,6,,,TAKEN_OUT
proliferation,STAT3,unknown,Fake,6,,,TAKEN_OUT
proliferation,TGFBR,unknown,Fake,6,,,TAKEN_OUT
proliferation,IL1R,unknown,Fake,6,,,TAKEN_OUT
proliferation,IL12RB1_2,unknown,Fake,6,,,TAKEN_OUT
proliferation,RUNX3,unknown,Fake,6,,,TAKEN_OUT
proliferation,IL4R,unknown,Fake,6,,,TAKEN_OUT
proliferation,CD4,unknown,Fake,6,,,TAKEN_OUT
proliferation,SMAD2,unknown,Fake,6,,,TAKEN_OUT
proliferation,NFAT,unknown,Fake,6,,,TAKEN_OUT
proliferation,STAT5_2,unknown,Fake,6,,,TAKEN_OUT
proliferation,IRAK,unknown,Fake,6,,,TAKEN_OUT
proliferation,IL2,unknown,Fake,6,,,TAKEN_OUT
proliferation,IL2RA,unknown,Fake,6,,,TAKEN_OUT
proliferation,FOXP3,unknown,Fake,6,,,TAKEN_OUT
proliferation,PRF1,unknown,Fake,6,,,TAKEN_OUT
proliferation,ST2,unknown,Fake,6,,,TAKEN_OUT
proliferation,GZMB,unknown,Fake,6,,,TAKEN_OUT
proliferation,SOCS1,unknown,Fake,6,,,TAKEN_OUT
proliferation,STAT5,unknown,Fake,6,,,TAKEN_OUT
proliferation,IL4R_2,unknown,Fake,6,,,TAKEN_OUT
proliferation,IL2R_2,unknown,Fake,6,,,TAKEN_OUT
proliferation,GATA3,unknown,Fake,6,,,TAKEN_OUT
proliferation,RORGT,unknown,Fake,6,,,TAKEN_OUT
proliferation,IL23R,unknown,Fake,6,,,TAKEN_OUT
proliferation,BCL6,unknown,Fake,6,,,TAKEN_OUT
proliferation,IL6R,unknown,Fake,6,,,TAKEN_OUT
proliferation,IL25R,unknown,Fake,6,,,TAKEN_OUT
proliferation,IL2R,unknown,Fake,6,,,TAKEN_OUT
proliferation,CMAF,unknown,Fake,6,,,TAKEN_OUT
proliferation,IL1R1,unknown,Fake,6,,,TAKEN_OUT
proliferation,IL10R,unknown,Fake,6,,,TAKEN_OUT
NFAT,IL21R,unknown,Fake,6,,,TAKEN_OUT
NFAT,IL12R,unknown,Fake,6,,,TAKEN_OUT
NFAT,IL18R,unknown,Fake,6,,,TAKEN_OUT
NFAT,IL12RB2,unknown,Fake,6,,,TAKEN_OUT
NFAT,JAK1,unknown,Fake,6,,,TAKEN_OUT
NFAT,IL23,unknown,Fake,6,,,TAKEN_OUT
NFAT,TBET,unknown,Fake,6,,,TAKEN_OUT
NFAT,THPOK,unknown,Fake,6,,,TAKEN_OUT
NFAT,IL4RA_2,unknown,Fake,6,,,TAKEN_OUT
NFAT,STAT1,unknown,Fake,6,,,TAKEN_OUT
NFAT,IL33R,unknown,Fake,6,,,TAKEN_OUT
NFAT,IFNGR_2,unknown,Fake,6,,,TAKEN_OUT
NFAT,IRF1,unknown,Fake,6,,,TAKEN_OUT
NFAT,STAT4,unknown,Fake,6,,,TAKEN_OUT
NFAT,IFNGR,unknown,Fake,6,,,TAKEN_OUT
NFAT,PU1,unknown,Fake,6,,,TAKEN_OUT
NFAT,EOMES,unknown,Fake,6,,,TAKEN_OUT
NFAT,CD8,unknown,Fake,6,,,TAKEN_OUT
NFAT,TBET_2,unknown,Fake,6,,,TAKEN_OUT
NFAT,NFKB,unknown,Fake,6,,,TAKEN_OUT
NFAT,STAT6,unknown,Fake,6,,,TAKEN_OUT
NFAT,SMAD3,unknown,Fake,6,,,TAKEN_OUT
NFAT,STAT1_2,unknown,Fake,6,,,TAKEN_OUT
NFAT,STAT3,unknown,Fake,6,,,TAKEN_OUT
NFAT,IL25,unknown,Fake,6,,,TAKEN_OUT
NFAT,TGFBR,unknown,Fake,6,,,TAKEN_OUT
NFAT,IL1R,unknown,Fake,6,,,TAKEN_OUT
NFAT,IL6,unknown,Fake,6,,,TAKEN_OUT
NFAT,IL12RB1_2,unknown,Fake,6,,,TAKEN_OUT
NFAT,RUNX3,unknown,Fake,6,,,TAKEN_OUT
NFAT,IL4R,unknown,Fake,6,,,TAKEN_OUT
NFAT,CD4,unknown,Fake,6,,,TAKEN_OUT
NFAT,SMAD2,unknown,Fake,6,,,TAKEN_OUT
NFAT,proliferation,unknown,Fake,6,,,TAKEN_OUT
NFAT,NFAT,unknown,Fake,6,,,TAKEN_OUT
NFAT,STAT5_2,unknown,Fake,6,,,TAKEN_OUT
NFAT,IRAK,unknown,Fake,6,,,TAKEN_OUT
NFAT,PRF1,unknown,Fake,6,,,TAKEN_OUT
NFAT,ST2,unknown,Fake,6,,,TAKEN_OUT
NFAT,GZMB,unknown,Fake,6,,,TAKEN_OUT
NFAT,SOCS1,unknown,Fake,6,,,TAKEN_OUT
NFAT,STAT5,unknown,Fake,6,,,TAKEN_OUT
NFAT,IL4R_2,unknown,Fake,6,,,TAKEN_OUT
NFAT,IL2R_2,unknown,Fake,6,,,TAKEN_OUT
NFAT,IL24,unknown,Fake,6,,,TAKEN_OUT
NFAT,RORGT,unknown,Fake,6,,,TAKEN_OUT
NFAT,IL23R,unknown,Fake,6,,,TAKEN_OUT
NFAT,BCL6,unknown,Fake,6,,,TAKEN_OUT
NFAT,IL6R,unknown,Fake,6,,,TAKEN_OUT
NFAT,IL35,unknown,Fake,6,,,TAKEN_OUT
NFAT,IL25R,unknown,Fake,6,,,TAKEN_OUT
NFAT,IL2R,unknown,Fake,6,,,TAKEN_OUT
NFAT,CMAF,unknown,Fake,6,,,TAKEN_OUT
NFAT,IL1R1,unknown,Fake,6,,,TAKEN_OUT
NFAT,IL10R,unknown,Fake,6,,,TAKEN_OUT
IL33_e,IL21R,unknown,Fake,6,,,TAKEN_OUT
IL33_e,IL12R,unknown,Fake,6,,,TAKEN_OUT
IL33_e,IL18R,unknown,Fake,6,,,TAKEN_OUT
IL33_e,IL12RB2,unknown,Fake,6,,,TAKEN_OUT
IL33_e,JAK1,unknown,Fake,6,,,TAKEN_OUT
IL33_e,IL21,unknown,Fake,6,,,TAKEN_OUT
IL33_e,IL23,unknown,Fake,6,,,TAKEN_OUT
IL33_e,TBET,unknown,Fake,6,,,TAKEN_OUT
IL33_e,THPOK,unknown,Fake,6,,,TAKEN_OUT
IL33_e,IL4RA_2,unknown,Fake,6,,,TAKEN_OUT
IL33_e,STAT1,unknown,Fake,6,,,TAKEN_OUT
IL33_e,IL22,unknown,Fake,6,,,TAKEN_OUT
IL33_e,IFNGR_2,unknown,Fake,6,,,TAKEN_OUT
IL33_e,IRF1,unknown,Fake,6,,,TAKEN_OUT
IL33_e,STAT4,unknown,Fake,6,,,TAKEN_OUT
IL33_e,IFNGR,unknown,Fake,6,,,TAKEN_OUT
IL33_e,PU1,unknown,Fake,6,,,TAKEN_OUT
IL33_e,EOMES,unknown,Fake,6,,,TAKEN_OUT
IL33_e,CD8,unknown,Fake,6,,,TAKEN_OUT
IL33_e,TBET_2,unknown,Fake,6,,,TAKEN_OUT
IL33_e,NFKB,unknown,Fake,6,,,TAKEN_OUT
IL33_e,STAT6,unknown,Fake,6,,,TAKEN_OUT
IL33_e,SMAD3,unknown,Fake,6,,,TAKEN_OUT
IL33_e,STAT1_2,unknown,Fake,6,,,TAKEN_OUT
IL33_e,IL4,unknown,Fake,6,,,TAKEN_OUT
IL33_e,STAT3,unknown,Fake,6,,,TAKEN_OUT
IL33_e,IL25,unknown,Fake,6,,,TAKEN_OUT
IL33_e,IL9,unknown,Fake,6,,,TAKEN_OUT
IL33_e,TGFBR,unknown,Fake,6,,,TAKEN_OUT
IL33_e,IL5,unknown,Fake,6,,,TAKEN_OUT
IL33_e,IL1R,unknown,Fake,6,,,TAKEN_OUT
IL33_e,IL6,unknown,Fake,6,,,TAKEN_OUT
IL33_e,IL12RB1_2,unknown,Fake,6,,,TAKEN_OUT
IL33_e,RUNX3,unknown,Fake,6,,,TAKEN_OUT
IL33_e,IL17,unknown,Fake,6,,,TAKEN_OUT
IL33_e,IL4R,unknown,Fake,6,,,TAKEN_OUT
IL33_e,CD4,unknown,Fake,6,,,TAKEN_OUT
IL33_e,SMAD2,unknown,Fake,6,,,TAKEN_OUT
IL33_e,proliferation,unknown,Fake,6,,,TAKEN_OUT
IL33_e,NFAT,unknown,Fake,6,,,TAKEN_OUT
IL33_e,STAT5_2,unknown,Fake,6,,,TAKEN_OUT
IL33_e,IRAK,unknown,Fake,6,,,TAKEN_OUT
IL33_e,IL2,unknown,Fake,6,,,TAKEN_OUT
IL33_e,IL2RA,unknown,Fake,6,,,TAKEN_OUT
IL33_e,IL13,unknown,Fake,6,,,TAKEN_OUT
IL33_e,FOXP3,unknown,Fake,6,,,TAKEN_OUT
IL33_e,IL31,unknown,Fake,6,,,TAKEN_OUT
IL33_e,PRF1,unknown,Fake,6,,,TAKEN_OUT
IL33_e,ST2,unknown,Fake,6,,,TAKEN_OUT
IL33_e,GZMB,unknown,Fake,6,,,TAKEN_OUT
IL33_e,SOCS1,unknown,Fake,6,,,TAKEN_OUT
IL33_e,STAT5,unknown,Fake,6,,,TAKEN_OUT
IL33_e,TGFB,unknown,Fake,6,,,TAKEN_OUT
IL33_e,IL4R_2,unknown,Fake,6,,,TAKEN_OUT
IL33_e,IL2R_2,unknown,Fake,6,,,TAKEN_OUT
IL33_e,IL3,unknown,Fake,6,,,TAKEN_OUT
IL33_e,IL24,unknown,Fake,6,,,TAKEN_OUT
IL33_e,IFNG_2,unknown,Fake,6,,,TAKEN_OUT
IL33_e,GATA3,unknown,Fake,6,,,TAKEN_OUT
IL33_e,RORGT,unknown,Fake,6,,,TAKEN_OUT
IL33_e,IL10,unknown,Fake,6,,,TAKEN_OUT
IL33_e,IL23R,unknown,Fake,6,,,TAKEN_OUT
IL33_e,BCL6,unknown,Fake,6,,,TAKEN_OUT
IL33_e,IL6R,unknown,Fake,6,,,TAKEN_OUT
IL33_e,IL35,unknown,Fake,6,,,TAKEN_OUT
IL33_e,IL25R,unknown,Fake,6,,,TAKEN_OUT
IL33_e,IL2R,unknown,Fake,6,,,TAKEN_OUT
IL33_e,CMAF,unknown,Fake,6,,,TAKEN_OUT
IL33_e,IFNG,unknown,Fake,6,,,TAKEN_OUT
IL33_e,IL1R1,unknown,Fake,6,,,TAKEN_OUT
IL33_e,IL10R,unknown,Fake,6,,,TAKEN_OUT
IL13,IL21R,unknown,Fake,6,,,KEPT
IL13,IL12R,unknown,Fake,6,,,KEPT
IL13,IL18R,unknown,Fake,6,,,KEPT
IL13,IL12RB2,unknown,Fake,6,,,KEPT
IL13,JAK1,unknown,Fake,6,,,KEPT
IL13,IL21,unknown,Fake,6,,,KEPT
IL13,IL23,unknown,Fake,6,,,KEPT
IL13,TBET,unknown,Fake,6,,,KEPT
IL13,THPOK,unknown,Fake,6,,,KEPT
IL13,IL4RA_2,unknown,Fake,6,,,KEPT
IL13,STAT1,unknown,Fake,6,,,KEPT
IL13,IL33R,unknown,Fake,6,,,KEPT
IL13,IL22,unknown,Fake,6,,,KEPT
IL13,IFNGR_2,unknown,Fake,6,,,KEPT
IL13,IRF1,unknown,Fake,6,,,KEPT
IL13,STAT4,unknown,Fake,6,,,KEPT
IL13,IFNGR,unknown,Fake,6,,,KEPT
IL13,PU1,unknown,Fake,6,,,KEPT
IL13,EOMES,unknown,Fake,6,,,KEPT
IL13,CD8,unknown,Fake,6,,,KEPT
IL13,TBET_2,unknown,Fake,6,,,KEPT
IL13,NFKB,unknown,Fake,6,,,KEPT
IL13,STAT6,unknown,Fake,6,,,KEPT
IL13,SMAD3,unknown,Fake,6,,,KEPT
IL13,STAT1_2,unknown,Fake,6,,,KEPT
IL13,IL4,unknown,Fake,6,,,KEPT
IL13,STAT3,unknown,Fake,6,,,KEPT
IL13,IL25,unknown,Fake,6,,,KEPT
IL13,IL9,unknown,Fake,6,,,KEPT
IL13,TGFBR,unknown,Fake,6,,,KEPT
IL13,IL5,unknown,Fake,6,,,KEPT
IL13,IL1R,unknown,Fake,6,,,KEPT
IL13,IL6,unknown,Fake,6,,,KEPT
IL13,IL12RB1_2,unknown,Fake,6,,,KEPT
IL13,RUNX3,unknown,Fake,6,,,KEPT
IL13,IL17,unknown,Fake,6,,,KEPT
IL13,IL4R,unknown,Fake,6,,,KEPT
IL13,CD4,unknown,Fake,6,,,KEPT
IL13,SMAD2,unknown,Fake,6,,,KEPT
IL13,proliferation,unknown,Fake,6,,,KEPT
IL13,NFAT,unknown,Fake,6,,,KEPT
IL13,STAT5_2,unknown,Fake,6,,,KEPT
IL13,IRAK,unknown,Fake,6,,,KEPT
IL13,IL2,unknown,Fake,6,,,KEPT
IL13,IL2RA,unknown,Fake,6,,,KEPT
IL13,IL13,unknown,Fake,6,,,KEPT
IL13,FOXP3,unknown,Fake,6,,,KEPT
IL13,IL31,unknown,Fake,6,,,KEPT
IL13,PRF1,unknown,Fake,6,,,KEPT
IL13,ST2,unknown,Fake,6,,,KEPT
IL13,GZMB,unknown,Fake,6,,,KEPT
IL13,SOCS1,unknown,Fake,6,,,KEPT
IL13,STAT5,unknown,Fake,6,,,KEPT
IL13,TGFB,unknown,Fake,6,,,KEPT
IL13,IL4R_2,unknown,Fake,6,,,KEPT
IL13,IL2R_2,unknown,Fake,6,,,KEPT
IL13,IL3,unknown,Fake,6,,,KEPT
IL13,IL24,unknown,Fake,6,,,KEPT
IL13,IFNG_2,unknown,Fake,6,,,KEPT
IL13,GATA3,unknown,Fake,6,,,KEPT
IL13,RORGT,unknown,Fake,6,,,KEPT
IL13,IL10,unknown,Fake,6,,,KEPT
IL13,IL23R,unknown,Fake,6,,,KEPT
IL13,BCL6,unknown,Fake,6,,,KEPT
IL13,IL6R,unknown,Fake,6,,,KEPT
IL13,IL35,unknown,Fake,6,,,KEPT
IL13,IL25R,unknown,Fake,6,,,KEPT
IL13,IL2R,unknown,Fake,6,,,KEPT
IL13,CMAF,unknown,Fake,6,,,KEPT
IL13,IFNG,unknown,Fake,6,,,KEPT
IL13,IL1R1,unknown,Fake,6,,,KEPT
IL13,IL10R,unknown,Fake,6,,,KEPT
PRF1,IL21R,unknown,Fake,6,,,KEPT
PRF1,IL12R,unknown,Fake,6,,,KEPT
PRF1,IL18R,unknown,Fake,6,,,KEPT
PRF1,IL12RB2,unknown,Fake,6,,,KEPT
PRF1,JAK1,unknown,Fake,6,,,KEPT
PRF1,IL21,unknown,Fake,6,,,KEPT
PRF1,IL23,unknown,Fake,6,,,KEPT
PRF1,TBET,unknown,Fake,6,,,KEPT
PRF1,THPOK,unknown,Fake,6,,,KEPT
PRF1,IL4RA_2,unknown,Fake,6,,,KEPT
PRF1,STAT1,unknown,Fake,6,,,KEPT
PRF1,IL33R,unknown,Fake,6,,,KEPT
PRF1,IL22,unknown,Fake,6,,,KEPT
PRF1,IFNGR_2,unknown,Fake,6,,,KEPT
PRF1,IRF1,unknown,Fake,6,,,KEPT
PRF1,STAT4,unknown,Fake,6,,,KEPT
PRF1,IFNGR,unknown,Fake,6,,,KEPT
PRF1,PU1,unknown,Fake,6,,,KEPT
PRF1,EOMES,unknown,Fake,6,,,KEPT
PRF1,CD8,unknown,Fake,6,,,KEPT
PRF1,TBET_2,unknown,Fake,6,,,KEPT
PRF1,NFKB,unknown,Fake,6,,,KEPT
PRF1,STAT6,unknown,Fake,6,,,KEPT
PRF1,SMAD3,unknown,Fake,6,,,KEPT
PRF1,STAT1_2,unknown,Fake,6,,,KEPT
PRF1,IL4,unknown,Fake,6,,,KEPT
PRF1,STAT3,unknown,Fake,6,,,KEPT
PRF1,IL25,unknown,Fake,6,,,KEPT
PRF1,IL9,unknown,Fake,6,,,KEPT
PRF1,TGFBR,unknown,Fake,6,,,KEPT
PRF1,IL5,unknown,Fake,6,,,KEPT
PRF1,IL1R,unknown,Fake,6,,,KEPT
PRF1,IL6,unknown,Fake,6,,,KEPT
PRF1,IL12RB1_2,unknown,Fake,6,,,KEPT
PRF1,RUNX3,unknown,Fake,6,,,KEPT
PRF1,IL17,unknown,Fake,6,,,KEPT
PRF1,IL4R,unknown,Fake,6,,,KEPT
PRF1,CD4,unknown,Fake,6,,,KEPT
PRF1,SMAD2,unknown,Fake,6,,,KEPT
PRF1,proliferation,unknown,Fake,6,,,KEPT
PRF1,NFAT,unknown,Fake,6,,,KEPT
PRF1,STAT5_2,unknown,Fake,6,,,KEPT
PRF1,IRAK,unknown,Fake,6,,,KEPT
PRF1,IL2,unknown,Fake,6,,,KEPT
PRF1,IL2RA,unknown,Fake,6,,,KEPT
PRF1,IL13,unknown,Fake,6,,,KEPT
PRF1,FOXP3,unknown,Fake,6,,,KEPT
PRF1,IL31,unknown,Fake,6,,,KEPT
PRF1,PRF1,unknown,Fake,6,,,KEPT
PRF1,ST2,unknown,Fake,6,,,KEPT
PRF1,GZMB,unknown,Fake,6,,,KEPT
PRF1,SOCS1,unknown,Fake,6,,,KEPT
PRF1,STAT5,unknown,Fake,6,,,KEPT
PRF1,TGFB,unknown,Fake,6,,,KEPT
PRF1,IL4R_2,unknown,Fake,6,,,KEPT
PRF1,IL2R_2,unknown,Fake,6,,,KEPT
PRF1,IL3,unknown,Fake,6,,,KEPT
PRF1,IL24,unknown,Fake,6,,,KEPT
PRF1,IFNG_2,unknown,Fake,6,,,KEPT
PRF1,GATA3,unknown,Fake,6,,,KEPT
PRF1,RORGT,unknown,Fake,6,,,KEPT
PRF1,IL10,unknown,Fake,6,,,KEPT
PRF1,IL23R,unknown,Fake,6,,,KEPT
PRF1,BCL6,unknown,Fake,6,,,KEPT
PRF1,IL6R,unknown,Fake,6,,,KEPT
PRF1,IL35,unknown,Fake,6,,,KEPT
PRF1,IL25R,unknown,Fake,6,,,KEPT
PRF1,IL2R,unknown,Fake,6,,,KEPT
PRF1,CMAF,unknown,Fake,6,,,KEPT
PRF1,IFNG,unknown,Fake,6,,,KEPT
PRF1,IL1R1,unknown,Fake,6,,,KEPT
PRF1,IL10R,unknown,Fake,6,,,KEPT
IKB,IL21R,unknown,Fake,6,,,TAKEN_OUT
IKB,IL12R,unknown,Fake,6,,,TAKEN_OUT
IKB,IL18R,unknown,Fake,6,,,TAKEN_OUT
IKB,IL12RB2,unknown,Fake,6,,,TAKEN_OUT
IKB,JAK1,unknown,Fake,6,,,TAKEN_OUT
IKB,IL21,unknown,Fake,6,,,TAKEN_OUT
IKB,IL23,unknown,Fake,6,,,TAKEN_OUT
IKB,TBET,unknown,Fake,6,,,TAKEN_OUT
IKB,THPOK,unknown,Fake,6,,,TAKEN_OUT
IKB,IL4RA_2,unknown,Fake,6,,,TAKEN_OUT
IKB,STAT1,unknown,Fake,6,,,TAKEN_OUT
IKB,IL33R,unknown,Fake,6,,,TAKEN_OUT
IKB,IL22,unknown,Fake,6,,,TAKEN_OUT
IKB,IFNGR_2,unknown,Fake,6,,,TAKEN_OUT
IKB,IRF1,unknown,Fake,6,,,TAKEN_OUT
IKB,STAT4,unknown,Fake,6,,,TAKEN_OUT
IKB,IFNGR,unknown,Fake,6,,,TAKEN_OUT
IKB,PU1,unknown,Fake,6,,,TAKEN_OUT
IKB,EOMES,unknown,Fake,6,,,TAKEN_OUT
IKB,CD8,unknown,Fake,6,,,TAKEN_OUT
IKB,TBET_2,unknown,Fake,6,,,TAKEN_OUT
IKB,STAT6,unknown,Fake,6,,,TAKEN_OUT
IKB,SMAD3,unknown,Fake,6,,,TAKEN_OUT
IKB,STAT1_2,unknown,Fake,6,,,TAKEN_OUT
IKB,IL4,unknown,Fake,6,,,TAKEN_OUT
IKB,STAT3,unknown,Fake,6,,,TAKEN_OUT
IKB,IL25,unknown,Fake,6,,,TAKEN_OUT
IKB,IL9,unknown,Fake,6,,,TAKEN_OUT
IKB,TGFBR,unknown,Fake,6,,,TAKEN_OUT
IKB,IL5,unknown,Fake,6,,,TAKEN_OUT
IKB,IL1R,unknown,Fake,6,,,TAKEN_OUT
IKB,IL6,unknown,Fake,6,,,TAKEN_OUT
IKB,IL12RB1_2,unknown,Fake,6,,,TAKEN_OUT
IKB,RUNX3,unknown,Fake,6,,,TAKEN_OUT
IKB,IL17,unknown,Fake,6,,,TAKEN_OUT
IKB,IL4R,unknown,Fake,6,,,TAKEN_OUT
IKB,CD4,unknown,Fake,6,,,TAKEN_OUT
IKB,SMAD2,unknown,Fake,6,,,TAKEN_OUT
IKB,proliferation,unknown,Fake,6,,,TAKEN_OUT
IKB,NFAT,unknown,Fake,6,,,TAKEN_OUT
IKB,STAT5_2,unknown,Fake,6,,,TAKEN_OUT
IKB,IRAK,unknown,Fake,6,,,TAKEN_OUT
IKB,IL2,unknown,Fake,6,,,TAKEN_OUT
IKB,IL2RA,unknown,Fake,6,,,TAKEN_OUT
IKB,IL13,unknown,Fake,6,,,TAKEN_OUT
IKB,FOXP3,unknown,Fake,6,,,TAKEN_OUT
IKB,IL31,unknown,Fake,6,,,TAKEN_OUT
IKB,PRF1,unknown,Fake,6,,,TAKEN_OUT
IKB,ST2,unknown,Fake,6,,,TAKEN_OUT
IKB,GZMB,unknown,Fake,6,,,TAKEN_OUT
IKB,SOCS1,unknown,Fake,6,,,TAKEN_OUT
IKB,STAT5,unknown,Fake,6,,,TAKEN_OUT
IKB,TGFB,unknown,Fake,6,,,TAKEN_OUT
IKB,IL4R_2,unknown,Fake,6,,,TAKEN_OUT
IKB,IL2R_2,unknown,Fake,6,,,TAKEN_OUT
IKB,IL3,unknown,Fake,6,,,TAKEN_OUT
IKB,IL24,unknown,Fake,6,,,TAKEN_OUT
IKB,IFNG_2,unknown,Fake,6,,,TAKEN_OUT
IKB,GATA3,unknown,Fake,6,,,TAKEN_OUT
IKB,RORGT,unknown,Fake,6,,,TAKEN_OUT
IKB,IL10,unknown,Fake,6,,,TAKEN_OUT
IKB,IL23R,unknown,Fake,6,,,TAKEN_OUT
IKB,BCL6,unknown,Fake,6,,,TAKEN_OUT
IKB,IL6R,unknown,Fake,6,,,TAKEN_OUT
IKB,IL35,unknown,Fake,6,,,TAKEN_OUT
IKB,IL25R,unknown,Fake,6,,,TAKEN_OUT
IKB,IL2R,unknown,Fake,6,,,TAKEN_OUT
IKB,CMAF,unknown,Fake,6,,,TAKEN_OUT
IKB,IFNG,unknown,Fake,6,,,TAKEN_OUT
IKB,IL1R1,unknown,Fake,6,,,TAKEN_OUT
IKB,IL10R,unknown,Fake,6,,,TAKEN_OUT
ST2,IL21R,unknown,Fake,6,,,TAKEN_OUT
ST2,IL12R,unknown,Fake,6,,,TAKEN_OUT
ST2,IL18R,unknown,Fake,6,,,TAKEN_OUT
ST2,IL12RB2,unknown,Fake,6,,,TAKEN_OUT
ST2,JAK1,unknown,Fake,6,,,TAKEN_OUT
ST2,IL21,unknown,Fake,6,,,TAKEN_OUT
ST2,IL23,unknown,Fake,6,,,TAKEN_OUT
ST2,TBET,unknown,Fake,6,,,TAKEN_OUT
ST2,THPOK,unknown,Fake,6,,,TAKEN_OUT
ST2,IL4RA_2,unknown,Fake,6,,,TAKEN_OUT
ST2,STAT1,unknown,Fake,6,,,TAKEN_OUT
ST2,IL22,unknown,Fake,6,,,TAKEN_OUT
ST2,IFNGR_2,unknown,Fake,6,,,TAKEN_OUT
ST2,IRF1,unknown,Fake,6,,,TAKEN_OUT
ST2,STAT4,unknown,Fake,6,,,TAKEN_OUT
ST2,IFNGR,unknown,Fake,6,,,TAKEN_OUT
ST2,PU1,unknown,Fake,6,,,TAKEN_OUT
ST2,EOMES,unknown,Fake,6,,,TAKEN_OUT
ST2,CD8,unknown,Fake,6,,,TAKEN_OUT
ST2,TBET_2,unknown,Fake,6,,,TAKEN_OUT
ST2,NFKB,unknown,Fake,6,,,TAKEN_OUT
ST2,STAT6,unknown,Fake,6,,,TAKEN_OUT
ST2,SMAD3,unknown,Fake,6,,,TAKEN_OUT
ST2,STAT1_2,unknown,Fake,6,,,TAKEN_OUT
ST2,IL4,unknown,Fake,6,,,TAKEN_OUT
ST2,STAT3,unknown,Fake,6,,,TAKEN_OUT
ST2,IL25,unknown,Fake,6,,,TAKEN_OUT
ST2,IL9,unknown,Fake,6,,,TAKEN_OUT
ST2,TGFBR,unknown,Fake,6,,,TAKEN_OUT
ST2,IL5,unknown,Fake,6,,,TAKEN_OUT
ST2,IL1R,unknown,Fake,6,,,TAKEN_OUT
ST2,IL6,unknown,Fake,6,,,TAKEN_OUT
ST2,IL12RB1_2,unknown,Fake,6,,,TAKEN_OUT
ST2,RUNX3,unknown,Fake,6,,,TAKEN_OUT
ST2,IL17,unknown,Fake,6,,,TAKEN_OUT
ST2,IL4R,unknown,Fake,6,,,TAKEN_OUT
ST2,CD4,unknown,Fake,6,,,TAKEN_OUT
ST2,SMAD2,unknown,Fake,6,,,TAKEN_OUT
ST2,proliferation,unknown,Fake,6,,,TAKEN_OUT
ST2,NFAT,unknown,Fake,6,,,TAKEN_OUT
ST2,STAT5_2,unknown,Fake,6,,,TAKEN_OUT
ST2,IRAK,unknown,Fake,6,,,TAKEN_OUT
ST2,IL2,unknown,Fake,6,,,TAKEN_OUT
ST2,IL2RA,unknown,Fake,6,,,TAKEN_OUT
ST2,IL13,unknown,Fake,6,,,TAKEN_OUT
ST2,FOXP3,unknown,Fake,6,,,TAKEN_OUT
ST2,IL31,unknown,Fake,6,,,TAKEN_OUT
ST2,PRF1,unknown,Fake,6,,,TAKEN_OUT
ST2,ST2,unknown,Fake,6,,,TAKEN_OUT
ST2,GZMB,unknown,Fake,6,,,TAKEN_OUT
ST2,SOCS1,unknown,Fake,6,,,TAKEN_OUT
ST2,STAT5,unknown,Fake,6,,,TAKEN_OUT
ST2,TGFB,unknown,Fake,6,,,TAKEN_OUT
ST2,IL4R_2,unknown,Fake,6,,,TAKEN_OUT
ST2,IL2R_2,unknown,Fake,6,,,TAKEN_OUT
ST2,IL3,unknown,Fake,6,,,TAKEN_OUT
ST2,IL24,unknown,Fake,6,,,TAKEN_OUT
ST2,IFNG_2,unknown,Fake,6,,,TAKEN_OUT
ST2,GATA3,unknown,Fake,6,,,TAKEN_OUT
ST2,RORGT,unknown,Fake,6,,,TAKEN_OUT
ST2,IL10,unknown,Fake,6,,,TAKEN_OUT
ST2,IL23R,unknown,Fake,6,,,TAKEN_OUT
ST2,BCL6,unknown,Fake,6,,,TAKEN_OUT
ST2,IL6R,unknown,Fake,6,,,TAKEN_OUT
ST2,IL35,unknown,Fake,6,,,TAKEN_OUT
ST2,IL25R,unknown,Fake,6,,,TAKEN_OUT
ST2,IL2R,unknown,Fake,6,,,TAKEN_OUT
ST2,CMAF,unknown,Fake,6,,,TAKEN_OUT
ST2,IFNG,unknown,Fake,6,,,TAKEN_OUT
ST2,IL1R1,unknown,Fake,6,,,TAKEN_OUT
ST2,IL10R,unknown,Fake,6,,,TAKEN_OUT
GZMB,IL21R,unknown,Fake,6,,,KEPT
GZMB,IL12R,unknown,Fake,6,,,KEPT
GZMB,IL18R,unknown,Fake,6,,,KEPT
GZMB,IL12RB2,unknown,Fake,6,,,KEPT
GZMB,JAK1,unknown,Fake,6,,,KEPT
GZMB,IL21,unknown,Fake,6,,,KEPT
GZMB,IL23,unknown,Fake,6,,,KEPT
GZMB,TBET,unknown,Fake,6,,,KEPT
GZMB,THPOK,unknown,Fake,6,,,KEPT
GZMB,IL4RA_2,unknown,Fake,6,,,KEPT
GZMB,STAT1,unknown,Fake,6,,,KEPT
GZMB,IL33R,unknown,Fake,6,,,KEPT
GZMB,IL22,unknown,Fake,6,,,KEPT
GZMB,IFNGR_2,unknown,Fake,6,,,KEPT
GZMB,IRF1,unknown,Fake,6,,,KEPT
GZMB,STAT4,unknown,Fake,6,,,KEPT
GZMB,IFNGR,unknown,Fake,6,,,KEPT
GZMB,PU1,unknown,Fake,6,,,KEPT
GZMB,EOMES,unknown,Fake,6,,,KEPT
GZMB,CD8,unknown,Fake,6,,,KEPT
GZMB,TBET_2,unknown,Fake,6,,,KEPT
GZMB,NFKB,unknown,Fake,6,,,KEPT
GZMB,STAT6,unknown,Fake,6,,,KEPT
GZMB,SMAD3,unknown,Fake,6,,,KEPT
GZMB,STAT1_2,unknown,Fake,6,,,KEPT
GZMB,IL4,unknown,Fake,6,,,KEPT
GZMB,STAT3,unknown,Fake,6,,,KEPT
GZMB,IL25,unknown,Fake,6,,,KEPT
GZMB,IL9,unknown,Fake,6,,,KEPT
GZMB,TGFBR,unknown,Fake,6,,,KEPT
GZMB,IL5,unknown,Fake,6,,,KEPT
GZMB,IL1R,unknown,Fake,6,,,KEPT
GZMB,IL6,unknown,Fake,6,,,KEPT
GZMB,IL12RB1_2,unknown,Fake,6,,,KEPT
GZMB,RUNX3,unknown,Fake,6,,,KEPT
GZMB,IL17,unknown,Fake,6,,,KEPT
GZMB,IL4R,unknown,Fake,6,,,KEPT
GZMB,CD4,unknown,Fake,6,,,KEPT
GZMB,SMAD2,unknown,Fake,6,,,KEPT
GZMB,proliferation,unknown,Fake,6,,,KEPT
GZMB,NFAT,unknown,Fake,6,,,KEPT
GZMB,STAT5_2,unknown,Fake,6,,,KEPT
GZMB,IRAK,unknown,Fake,6,,,KEPT
GZMB,IL2,unknown,Fake,6,,,KEPT
GZMB,IL2RA,unknown,Fake,6,,,KEPT
GZMB,IL13,unknown,Fake,6,,,KEPT
GZMB,FOXP3,unknown,Fake,6,,,KEPT
GZMB,IL31,unknown,Fake,6,,,KEPT
GZMB,PRF1,unknown,Fake,6,,,KEPT
GZMB,ST2,unknown,Fake,6,,,KEPT
GZMB,GZMB,unknown,Fake,6,,,KEPT
GZMB,SOCS1,unknown,Fake,6,,,KEPT
GZMB,STAT5,unknown,Fake,6,,,KEPT
GZMB,TGFB,unknown,Fake,6,,,KEPT
GZMB,IL4R_2,unknown,Fake,6,,,KEPT
GZMB,IL2R_2,unknown,Fake,6,,,KEPT
GZMB,IL3,unknown,Fake,6,,,KEPT
GZMB,IL24,unknown,Fake,6,,,KEPT
GZMB,IFNG_2,unknown,Fake,6,,,KEPT
GZMB,GATA3,unknown,Fake,6,,,KEPT
GZMB,RORGT,unknown,Fake,6,,,KEPT
GZMB,IL10,unknown,Fake,6,,,KEPT
GZMB,IL23R,unknown,Fake,6,,,KEPT
GZMB,BCL6,unknown,Fake,6,,,KEPT
GZMB,IL6R,unknown,Fake,6,,,KEPT
GZMB,IL35,unknown,Fake,6,,,KEPT
GZMB,IL25R,unknown,Fake,6,,,KEPT
GZMB,IL2R,unknown,Fake,6,,,KEPT
GZMB,CMAF,unknown,Fake,6,,,KEPT
GZMB,IFNG,unknown,Fake,6,,,KEPT
GZMB,IL1R1,unknown,Fake,6,,,KEPT
GZMB,IL10R,unknown,Fake,6,,,KEPT
IL4_e,IL21R,unknown,Fake,6,,,TAKEN_OUT
IL4_e,IL12R,unknown,Fake,6,,,TAKEN_OUT
IL4_e,IL18R,unknown,Fake,6,,,TAKEN_OUT
IL4_e,IL12RB2,unknown,Fake,6,,,TAKEN_OUT
IL4_e,JAK1,unknown,Fake,6,,,TAKEN_OUT
IL4_e,IL21,unknown,Fake,6,,,TAKEN_OUT
IL4_e,IL23,unknown,Fake,6,,,TAKEN_OUT
IL4_e,TBET,unknown,Fake,6,,,TAKEN_OUT
IL4_e,THPOK,unknown,Fake,6,,,TAKEN_OUT
IL4_e,IL4RA_2,unknown,Fake,6,,,TAKEN_OUT
IL4_e,STAT1,unknown,Fake,6,,,TAKEN_OUT
IL4_e,IL33R,unknown,Fake,6,,,TAKEN_OUT
IL4_e,IL22,unknown,Fake,6,,,TAKEN_OUT
IL4_e,IFNGR_2,unknown,Fake,6,,,TAKEN_OUT
IL4_e,IRF1,unknown,Fake,6,,,TAKEN_OUT
IL4_e,STAT4,unknown,Fake,6,,,TAKEN_OUT
IL4_e,IFNGR,unknown,Fake,6,,,TAKEN_OUT
IL4_e,PU1,unknown,Fake,6,,,TAKEN_OUT
IL4_e,EOMES,unknown,Fake,6,,,TAKEN_OUT
IL4_e,CD8,unknown,Fake,6,,,TAKEN_OUT
IL4_e,TBET_2,unknown,Fake,6,,,TAKEN_OUT
IL4_e,NFKB,unknown,Fake,6,,,TAKEN_OUT
IL4_e,STAT6,unknown,Fake,6,,,TAKEN_OUT
IL4_e,SMAD3,unknown,Fake,6,,,TAKEN_OUT
IL4_e,STAT1_2,unknown,Fake,6,,,TAKEN_OUT
IL4_e,IL4,unknown,Fake,6,,,TAKEN_OUT
IL4_e,STAT3,unknown,Fake,6,,,TAKEN_OUT
IL4_e,IL25,unknown,Fake,6,,,TAKEN_OUT
IL4_e,IL9,unknown,Fake,6,,,TAKEN_OUT
IL4_e,TGFBR,unknown,Fake,6,,,TAKEN_OUT
IL4_e,IL5,unknown,Fake,6,,,TAKEN_OUT
IL4_e,IL1R,unknown,Fake,6,,,TAKEN_OUT
IL4_e,IL6,unknown,Fake,6,,,TAKEN_OUT
IL4_e,IL12RB1_2,unknown,Fake,6,,,TAKEN_OUT
IL4_e,RUNX3,unknown,Fake,6,,,TAKEN_OUT
IL4_e,IL17,unknown,Fake,6,,,TAKEN_OUT
IL4_e,CD4,unknown,Fake,6,,,TAKEN_OUT
IL4_e,SMAD2,unknown,Fake,6,,,TAKEN_OUT
IL4_e,proliferation,unknown,Fake,6,,,TAKEN_OUT
IL4_e,NFAT,unknown,Fake,6,,,TAKEN_OUT
IL4_e,STAT5_2,unknown,Fake,6,,,TAKEN_OUT
IL4_e,IRAK,unknown,Fake,6,,,TAKEN_OUT
IL4_e,IL2,unknown,Fake,6,,,TAKEN_OUT
IL4_e,IL2RA,unknown,Fake,6,,,TAKEN_OUT
IL4_e,IL13,unknown,Fake,6,,,TAKEN_OUT
IL4_e,FOXP3,unknown,Fake,6,,,TAKEN_OUT
IL4_e,IL31,unknown,Fake,6,,,TAKEN_OUT
IL4_e,PRF1,unknown,Fake,6,,,TAKEN_OUT
IL4_e,ST2,unknown,Fake,6,,,TAKEN_OUT
IL4_e,GZMB,unknown,Fake,6,,,TAKEN_OUT
IL4_e,SOCS1,unknown,Fake,6,,,TAKEN_OUT
IL4_e,STAT5,unknown,Fake,6,,,TAKEN_OUT
IL4_e,TGFB,unknown,Fake,6,,,TAKEN_OUT
IL4_e,IL2R_2,unknown,Fake,6,,,TAKEN_OUT
IL4_e,IL3,unknown,Fake,6,,,TAKEN_OUT
IL4_e,IL24,unknown,Fake,6,,,TAKEN_OUT
IL4_e,IFNG_2,unknown,Fake,6,,,TAKEN_OUT
IL4_e,GATA3,unknown,Fake,6,,,TAKEN_OUT
IL4_e,RORGT,unknown,Fake,6,,,TAKEN_OUT
IL4_e,IL10,unknown,Fake,6,,,TAKEN_OUT
IL4_e,IL23R,unknown,Fake,6,,,TAKEN_OUT
IL4_e,BCL6,unknown,Fake,6,,,TAKEN_OUT
IL4_e,IL6R,unknown,Fake,6,,,TAKEN_OUT
IL4_e,IL35,unknown,Fake,6,,,TAKEN_OUT
IL4_e,IL25R,unknown,Fake,6,,,TAKEN_OUT
IL4_e,IL2R,unknown,Fake,6,,,TAKEN_OUT
IL4_e,CMAF,unknown,Fake,6,,,TAKEN_OUT
IL4_e,IFNG,unknown,Fake,6,,,TAKEN_OUT
IL4_e,IL1R1,unknown,Fake,6,,,TAKEN_OUT
IL4_e,IL10R,unknown,Fake,6,,,TAKEN_OUT
IL4R_2,IL21R,unknown,Fake,6,,,TAKEN_OUT
IL4R_2,IL12R,unknown,Fake,6,,,TAKEN_OUT
IL4R_2,IL18R,unknown,Fake,6,,,TAKEN_OUT
IL4R_2,IL12RB2,unknown,Fake,6,,,TAKEN_OUT
IL4R_2,JAK1,unknown,Fake,6,,,TAKEN_OUT
IL4R_2,IL21,unknown,Fake,6,,,TAKEN_OUT
IL4R_2,IL23,unknown,Fake,6,,,TAKEN_OUT
IL4R_2,TBET,unknown,Fake,6,,,TAKEN_OUT
IL4R_2,THPOK,unknown,Fake,6,,,TAKEN_OUT
IL4R_2,IL4RA_2,unknown,Fake,6,,,TAKEN_OUT
IL4R_2,STAT1,unknown,Fake,6,,,TAKEN_OUT
IL4R_2,IL33R,unknown,Fake,6,,,TAKEN_OUT
IL4R_2,IL22,unknown,Fake,6,,,TAKEN_OUT
IL4R_2,IFNGR_2,unknown,Fake,6,,,TAKEN_OUT
IL4R_2,IRF1,unknown,Fake,6,,,TAKEN_OUT
IL4R_2,STAT4,unknown,Fake,6,,,TAKEN_OUT
IL4R_2,IFNGR,unknown,Fake,6,,,TAKEN_OUT
IL4R_2,PU1,unknown,Fake,6,,,TAKEN_OUT
IL4R_2,EOMES,unknown,Fake,6,,,TAKEN_OUT
IL4R_2,CD8,unknown,Fake,6,,,TAKEN_OUT
IL4R_2,TBET_2,unknown,Fake,6,,,TAKEN_OUT
IL4R_2,NFKB,unknown,Fake,6,,,TAKEN_OUT
IL4R_2,SMAD3,unknown,Fake,6,,,TAKEN_OUT
IL4R_2,STAT1_2,unknown,Fake,6,,,TAKEN_OUT
IL4R_2,IL4,unknown,Fake,6,,,TAKEN_OUT
IL4R_2,STAT3,unknown,Fake,6,,,TAKEN_OUT
IL4R_2,IL25,unknown,Fake,6,,,TAKEN_OUT
IL4R_2,IL9,unknown,Fake,6,,,TAKEN_OUT
IL4R_2,TGFBR,unknown,Fake,6,,,TAKEN_OUT
IL4R_2,IL5,unknown,Fake,6,,,TAKEN_OUT
IL4R_2,IL1R,unknown,Fake,6,,,TAKEN_OUT
IL4R_2,IL6,unknown,Fake,6,,,TAKEN_OUT
IL4R_2,IL12RB1_2,unknown,Fake,6,,,TAKEN_OUT
IL4R_2,RUNX3,unknown,Fake,6,,,TAKEN_OUT
IL4R_2,IL17,unknown,Fake,6,,,TAKEN_OUT
IL4R_2,IL4R,unknown,Fake,6,,,TAKEN_OUT
IL4R_2,CD4,unknown,Fake,6,,,TAKEN_OUT
IL4R_2,SMAD2,unknown,Fake,6,,,TAKEN_OUT
IL4R_2,proliferation,unknown,Fake,6,,,TAKEN_OUT
IL4R_2,NFAT,unknown,Fake,6,,,TAKEN_OUT
IL4R_2,IRAK,unknown,Fake,6,,,TAKEN_OUT
IL4R_2,IL2,unknown,Fake,6,,,TAKEN_OUT
IL4R_2,IL2RA,unknown,Fake,6,,,TAKEN_OUT
IL4R_2,IL13,unknown,Fake,6,,,TAKEN_OUT
IL4R_2,FOXP3,unknown,Fake,6,,,TAKEN_OUT
IL4R_2,IL31,unknown,Fake,6,,,TAKEN_OUT
IL4R_2,PRF1,unknown,Fake,6,,,TAKEN_OUT
IL4R_2,ST2,unknown,Fake,6,,,TAKEN_OUT
IL4R_2,GZMB,unknown,Fake,6,,,TAKEN_OUT
IL4R_2,SOCS1,unknown,Fake,6,,,TAKEN_OUT
IL4R_2,STAT5,unknown,Fake,6,,,TAKEN_OUT
IL4R_2,TGFB,unknown,Fake,6,,,TAKEN_OUT
IL4R_2,IL4R_2,unknown,Fake,6,,,TAKEN_OUT
IL4R_2,IL2R_2,unknown,Fake,6,,,TAKEN_OUT
IL4R_2,IL3,unknown,Fake,6,,,TAKEN_OUT
IL4R_2,IL24,unknown,Fake,6,,,TAKEN_OUT
IL4R_2,IFNG_2,unknown,Fake,6,,,TAKEN_OUT
IL4R_2,GATA3,unknown,Fake,6,,,TAKEN_OUT
IL4R_2,RORGT,unknown,Fake,6,,,TAKEN_OUT
IL4R_2,IL10,unknown,Fake,6,,,TAKEN_OUT
IL4R_2,IL23R,unknown,Fake,6,,,TAKEN_OUT
IL4R_2,BCL6,unknown,Fake,6,,,TAKEN_OUT
IL4R_2,IL6R,unknown,Fake,6,,,TAKEN_OUT
IL4R_2,IL35,unknown,Fake,6,,,TAKEN_OUT
IL4R_2,IL25R,unknown,Fake,6,,,TAKEN_OUT
IL4R_2,IL2R,unknown,Fake,6,,,TAKEN_OUT
IL4R_2,CMAF,unknown,Fake,6,,,TAKEN_OUT
IL4R_2,IFNG,unknown,Fake,6,,,TAKEN_OUT
IL4R_2,IL1R1,unknown,Fake,6,,,TAKEN_OUT
IL4R_2,IL10R,unknown,Fake,6,,,TAKEN_OUT
IFNB_e,IL21R,unknown,Fake,6,,,TAKEN_OUT
IFNB_e,IL12R,unknown,Fake,6,,,TAKEN_OUT
IFNB_e,IL18R,unknown,Fake,6,,,TAKEN_OUT
IFNB_e,IL12RB2,unknown,Fake,6,,,TAKEN_OUT
IFNB_e,JAK1,unknown,Fake,6,,,TAKEN_OUT
IFNB_e,IL21,unknown,Fake,6,,,TAKEN_OUT
IFNB_e,IL23,unknown,Fake,6,,,TAKEN_OUT
IFNB_e,TBET,unknown,Fake,6,,,TAKEN_OUT
IFNB_e,THPOK,unknown,Fake,6,,,TAKEN_OUT
IFNB_e,IL4RA_2,unknown,Fake,6,,,TAKEN_OUT
IFNB_e,STAT1,unknown,Fake,6,,,TAKEN_OUT
IFNB_e,IL33R,unknown,Fake,6,,,TAKEN_OUT
IFNB_e,IL22,unknown,Fake,6,,,TAKEN_OUT
IFNB_e,IFNGR_2,unknown,Fake,6,,,TAKEN_OUT
IFNB_e,IRF1,unknown,Fake,6,,,TAKEN_OUT
IFNB_e,STAT4,unknown,Fake,6,,,TAKEN_OUT
IFNB_e,IFNGR,unknown,Fake,6,,,TAKEN_OUT
IFNB_e,PU1,unknown,Fake,6,,,TAKEN_OUT
IFNB_e,EOMES,unknown,Fake,6,,,TAKEN_OUT
IFNB_e,CD8,unknown,Fake,6,,,TAKEN_OUT
IFNB_e,TBET_2,unknown,Fake,6,,,TAKEN_OUT
IFNB_e,NFKB,unknown,Fake,6,,,TAKEN_OUT
IFNB_e,STAT6,unknown,Fake,6,,,TAKEN_OUT
IFNB_e,SMAD3,unknown,Fake,6,,,TAKEN_OUT
IFNB_e,STAT1_2,unknown,Fake,6,,,TAKEN_OUT
IFNB_e,IL4,unknown,Fake,6,,,TAKEN_OUT
IFNB_e,STAT3,unknown,Fake,6,,,TAKEN_OUT
IFNB_e,IL25,unknown,Fake,6,,,TAKEN_OUT
IFNB_e,IL9,unknown,Fake,6,,,TAKEN_OUT
IFNB_e,TGFBR,unknown,Fake,6,,,TAKEN_OUT
IFNB_e,IL5,unknown,Fake,6,,,TAKEN_OUT
IFNB_e,IL1R,unknown,Fake,6,,,TAKEN_OUT
IFNB_e,IL6,unknown,Fake,6,,,TAKEN_OUT
IFNB_e,IL12RB1_2,unknown,Fake,6,,,TAKEN_OUT
IFNB_e,RUNX3,unknown,Fake,6,,,TAKEN_OUT
IFNB_e,IL17,unknown,Fake,6,,,TAKEN_OUT
IFNB_e,IL4R,unknown,Fake,6,,,TAKEN_OUT
IFNB_e,CD4,unknown,Fake,6,,,TAKEN_OUT
IFNB_e,SMAD2,unknown,Fake,6,,,TAKEN_OUT
IFNB_e,proliferation,unknown,Fake,6,,,TAKEN_OUT
IFNB_e,NFAT,unknown,Fake,6,,,TAKEN_OUT
IFNB_e,STAT5_2,unknown,Fake,6,,,TAKEN_OUT
IFNB_e,IRAK,unknown,Fake,6,,,TAKEN_OUT
IFNB_e,IL2,unknown,Fake,6,,,TAKEN_OUT
IFNB_e,IL2RA,unknown,Fake,6,,,TAKEN_OUT
IFNB_e,IL13,unknown,Fake,6,,,TAKEN_OUT
IFNB_e,FOXP3,unknown,Fake,6,,,TAKEN_OUT
IFNB_e,IL31,unknown,Fake,6,,,TAKEN_OUT
IFNB_e,PRF1,unknown,Fake,6,,,TAKEN_OUT
IFNB_e,ST2,unknown,Fake,6,,,TAKEN_OUT
IFNB_e,GZMB,unknown,Fake,6,,,TAKEN_OUT
IFNB_e,SOCS1,unknown,Fake,6,,,TAKEN_OUT
IFNB_e,STAT5,unknown,Fake,6,,,TAKEN_OUT
IFNB_e,TGFB,unknown,Fake,6,,,TAKEN_OUT
IFNB_e,IL4R_2,unknown,Fake,6,,,TAKEN_OUT
IFNB_e,IL2R_2,unknown,Fake,6,,,TAKEN_OUT
IFNB_e,IL3,unknown,Fake,6,,,TAKEN_OUT
IFNB_e,IL24,unknown,Fake,6,,,TAKEN_OUT
IFNB_e,IFNG_2,unknown,Fake,6,,,TAKEN_OUT
IFNB_e,GATA3,unknown,Fake,6,,,TAKEN_OUT
IFNB_e,RORGT,unknown,Fake,6,,,TAKEN_OUT
IFNB_e,IL10,unknown,Fake,6,,,TAKEN_OUT
IFNB_e,IL23R,unknown,Fake,6,,,TAKEN_OUT
IFNB_e,BCL6,unknown,Fake,6,,,TAKEN_OUT
IFNB_e,IL6R,unknown,Fake,6,,,TAKEN_OUT
IFNB_e,IL35,unknown,Fake,6,,,TAKEN_OUT
IFNB_e,IL25R,unknown,Fake,6,,,TAKEN_OUT
IFNB_e,IL2R,unknown,Fake,6,,,TAKEN_OUT
IFNB_e,CMAF,unknown,Fake,6,,,TAKEN_OUT
IFNB_e,IFNG,unknown,Fake,6,,,TAKEN_OUT
IFNB_e,IL1R1,unknown,Fake,6,,,TAKEN_OUT
IFNB_e,IL10R,unknown,Fake,6,,,TAKEN_OUT
IL3,IL21R,unknown,Fake,6,,,KEPT
IL3,IL12R,unknown,Fake,6,,,KEPT
IL3,IL18R,unknown,Fake,6,,,KEPT
IL3,IL12RB2,unknown,Fake,6,,,KEPT
IL3,JAK1,unknown,Fake,6,,,KEPT
IL3,IL21,unknown,Fake,6,,,KEPT
IL3,IL23,unknown,Fake,6,,,KEPT
IL3,TBET,unknown,Fake,6,,,KEPT
IL3,THPOK,unknown,Fake,6,,,KEPT
IL3,IL4RA_2,unknown,Fake,6,,,KEPT
IL3,STAT1,unknown,Fake,6,,,KEPT
IL3,IL33R,unknown,Fake,6,,,KEPT
IL3,IL22,unknown,Fake,6,,,KEPT
IL3,IFNGR_2,unknown,Fake,6,,,KEPT
IL3,IRF1,unknown,Fake,6,,,KEPT
IL3,STAT4,unknown,Fake,6,,,KEPT
IL3,IFNGR,unknown,Fake,6,,,KEPT
IL3,PU1,unknown,Fake,6,,,KEPT
IL3,EOMES,unknown,Fake,6,,,KEPT
IL3,CD8,unknown,Fake,6,,,KEPT
IL3,TBET_2,unknown,Fake,6,,,KEPT
IL3,NFKB,unknown,Fake,6,,,KEPT
IL3,STAT6,unknown,Fake,6,,,KEPT
IL3,SMAD3,unknown,Fake,6,,,KEPT
IL3,STAT1_2,unknown,Fake,6,,,KEPT
IL3,IL4,unknown,Fake,6,,,KEPT
IL3,STAT3,unknown,Fake,6,,,KEPT
IL3,IL25,unknown,Fake,6,,,KEPT
IL3,IL9,unknown,Fake,6,,,KEPT
IL3,TGFBR,unknown,Fake,6,,,KEPT
IL3,IL5,unknown,Fake,6,,,KEPT
IL3,IL1R,unknown,Fake,6,,,KEPT
IL3,IL6,unknown,Fake,6,,,KEPT
IL3,IL12RB1_2,unknown,Fake,6,,,KEPT
IL3,RUNX3,unknown,Fake,6,,,KEPT
IL3,IL17,unknown,Fake,6,,,KEPT
IL3,IL4R,unknown,Fake,6,,,KEPT
IL3,CD4,unknown,Fake,6,,,KEPT
IL3,SMAD2,unknown,Fake,6,,,KEPT
IL3,proliferation,unknown,Fake,6,,,KEPT
IL3,NFAT,unknown,Fake,6,,,KEPT
IL3,STAT5_2,unknown,Fake,6,,,KEPT
IL3,IRAK,unknown,Fake,6,,,KEPT
IL3,IL2,unknown,Fake,6,,,KEPT
IL3,IL2RA,unknown,Fake,6,,,KEPT
IL3,IL13,unknown,Fake,6,,,KEPT
IL3,FOXP3,unknown,Fake,6,,,KEPT
IL3,IL31,unknown,Fake,6,,,KEPT
IL3,PRF1,unknown,Fake,6,,,KEPT
IL3,ST2,unknown,Fake,6,,,KEPT
IL3,GZMB,unknown,Fake,6,,,KEPT
IL3,SOCS1,unknown,Fake,6,,,KEPT
IL3,STAT5,unknown,Fake,6,,,KEPT
IL3,TGFB,unknown,Fake,6,,,KEPT
IL3,IL4R_2,unknown,Fake,6,,,KEPT
IL3,IL2R_2,unknown,Fake,6,,,KEPT
IL3,IL3,unknown,Fake,6,,,KEPT
IL3,IL24,unknown,Fake,6,,,KEPT
IL3,IFNG_2,unknown,Fake,6,,,KEPT
IL3,GATA3,unknown,Fake,6,,,KEPT
IL3,RORGT,unknown,Fake,6,,,KEPT
IL3,IL10,unknown,Fake,6,,,KEPT
IL3,IL23R,unknown,Fake,6,,,KEPT
IL3,BCL6,unknown,Fake,6,,,KEPT
IL3,IL6R,unknown,Fake,6,,,KEPT
IL3,IL35,unknown,Fake,6,,,KEPT
IL3,IL25R,unknown,Fake,6,,,KEPT
IL3,IL2R,unknown,Fake,6,,,KEPT
IL3,CMAF,unknown,Fake,6,,,KEPT
IL3,IFNG,unknown,Fake,6,,,KEPT
IL3,IL1R1,unknown,Fake,6,,,KEPT
IL3,IL10R,unknown,Fake,6,,,KEPT
JAK3,IL21R,unknown,Fake,6,,,TAKEN_OUT
JAK3,IL12R,unknown,Fake,6,,,TAKEN_OUT
JAK3,IL18R,unknown,Fake,6,,,TAKEN_OUT
JAK3,IL12RB2,unknown,Fake,6,,,TAKEN_OUT
JAK3,JAK1,unknown,Fake,6,,,TAKEN_OUT
JAK3,IL21,unknown,Fake,6,,,TAKEN_OUT
JAK3,IL23,unknown,Fake,6,,,TAKEN_OUT
JAK3,TBET,unknown,Fake,6,,,TAKEN_OUT
JAK3,THPOK,unknown,Fake,6,,,TAKEN_OUT
JAK3,IL4RA_2,unknown,Fake,6,,,TAKEN_OUT
JAK3,STAT1,unknown,Fake,6,,,TAKEN_OUT
JAK3,IL33R,unknown,Fake,6,,,TAKEN_OUT
JAK3,IL22,unknown,Fake,6,,,TAKEN_OUT
JAK3,IFNGR_2,unknown,Fake,6,,,TAKEN_OUT
JAK3,IRF1,unknown,Fake,6,,,TAKEN_OUT
JAK3,STAT4,unknown,Fake,6,,,TAKEN_OUT
JAK3,IFNGR,unknown,Fake,6,,,TAKEN_OUT
JAK3,PU1,unknown,Fake,6,,,TAKEN_OUT
JAK3,EOMES,unknown,Fake,6,,,TAKEN_OUT
JAK3,CD8,unknown,Fake,6,,,TAKEN_OUT
JAK3,TBET_2,unknown,Fake,6,,,TAKEN_OUT
JAK3,NFKB,unknown,Fake,6,,,TAKEN_OUT
JAK3,STAT6,unknown,Fake,6,,,TAKEN_OUT
JAK3,SMAD3,unknown,Fake,6,,,TAKEN_OUT
JAK3,STAT1_2,unknown,Fake,6,,,TAKEN_OUT
JAK3,IL4,unknown,Fake,6,,,TAKEN_OUT
JAK3,IL25,unknown,Fake,6,,,TAKEN_OUT
JAK3,IL9,unknown,Fake,6,,,TAKEN_OUT
JAK3,TGFBR,unknown,Fake,6,,,TAKEN_OUT
JAK3,IL5,unknown,Fake,6,,,TAKEN_OUT
JAK3,IL1R,unknown,Fake,6,,,TAKEN_OUT
JAK3,IL6,unknown,Fake,6,,,TAKEN_OUT
JAK3,IL12RB1_2,unknown,Fake,6,,,TAKEN_OUT
JAK3,RUNX3,unknown,Fake,6,,,TAKEN_OUT
JAK3,IL17,unknown,Fake,6,,,TAKEN_OUT
JAK3,IL4R,unknown,Fake,6,,,TAKEN_OUT
JAK3,CD4,unknown,Fake,6,,,TAKEN_OUT
JAK3,SMAD2,unknown,Fake,6,,,TAKEN_OUT
JAK3,proliferation,unknown,Fake,6,,,TAKEN_OUT
JAK3,NFAT,unknown,Fake,6,,,TAKEN_OUT
JAK3,STAT5_2,unknown,Fake,6,,,TAKEN_OUT
JAK3,IRAK,unknown,Fake,6,,,TAKEN_OUT
JAK3,IL2,unknown,Fake,6,,,TAKEN_OUT
JAK3,IL2RA,unknown,Fake,6,,,TAKEN_OUT
JAK3,IL13,unknown,Fake,6,,,TAKEN_OUT
JAK3,FOXP3,unknown,Fake,6,,,TAKEN_OUT
JAK3,IL31,unknown,Fake,6,,,TAKEN_OUT
JAK3,PRF1,unknown,Fake,6,,,TAKEN_OUT
JAK3,ST2,unknown,Fake,6,,,TAKEN_OUT
JAK3,GZMB,unknown,Fake,6,,,TAKEN_OUT
JAK3,SOCS1,unknown,Fake,6,,,TAKEN_OUT
JAK3,STAT5,unknown,Fake,6,,,TAKEN_OUT
JAK3,TGFB,unknown,Fake,6,,,TAKEN_OUT
JAK3,IL4R_2,unknown,Fake,6,,,TAKEN_OUT
JAK3,IL2R_2,unknown,Fake,6,,,TAKEN_OUT
JAK3,IL3,unknown,Fake,6,,,TAKEN_OUT
JAK3,IL24,unknown,Fake,6,,,TAKEN_OUT
JAK3,IFNG_2,unknown,Fake,6,,,TAKEN_OUT
JAK3,GATA3,unknown,Fake,6,,,TAKEN_OUT
JAK3,RORGT,unknown,Fake,6,,,TAKEN_OUT
JAK3,IL10,unknown,Fake,6,,,TAKEN_OUT
JAK3,IL23R,unknown,Fake,6,,,TAKEN_OUT
JAK3,BCL6,unknown,Fake,6,,,TAKEN_OUT
JAK3,IL6R,unknown,Fake,6,,,TAKEN_OUT
JAK3,IL35,unknown,Fake,6,,,TAKEN_OUT
JAK3,IL25R,unknown,Fake,6,,,TAKEN_OUT
JAK3,IL2R,unknown,Fake,6,,,TAKEN_OUT
JAK3,CMAF,unknown,Fake,6,,,TAKEN_OUT
JAK3,IFNG,unknown,Fake,6,,,TAKEN_OUT
JAK3,IL1R1,unknown,Fake,6,,,TAKEN_OUT
JAK3,IL10R,unknown,Fake,6,,,TAKEN_OUT
RORGT,IL21R,unknown,Fake,6,,,TAKEN_OUT
RORGT,IL12R,unknown,Fake,6,,,TAKEN_OUT
RORGT,IL18R,unknown,Fake,6,,,TAKEN_OUT
RORGT,IL12RB2,unknown,Fake,6,,,TAKEN_OUT
RORGT,JAK1,unknown,Fake,6,,,TAKEN_OUT
RORGT,IL21,unknown,Fake,6,,,TAKEN_OUT
RORGT,IL23,unknown,Fake,6,,,TAKEN_OUT
RORGT,TBET,unknown,Fake,6,,,TAKEN_OUT
RORGT,THPOK,unknown,Fake,6,,,TAKEN_OUT
RORGT,IL4RA_2,unknown,Fake,6,,,TAKEN_OUT
RORGT,STAT1,unknown,Fake,6,,,TAKEN_OUT
RORGT,IL33R,unknown,Fake,6,,,TAKEN_OUT
RORGT,IL22,unknown,Fake,6,,,TAKEN_OUT
RORGT,IFNGR_2,unknown,Fake,6,,,TAKEN_OUT
RORGT,IRF1,unknown,Fake,6,,,TAKEN_OUT
RORGT,STAT4,unknown,Fake,6,,,TAKEN_OUT
RORGT,IFNGR,unknown,Fake,6,,,TAKEN_OUT
RORGT,PU1,unknown,Fake,6,,,TAKEN_OUT
RORGT,EOMES,unknown,Fake,6,,,TAKEN_OUT
RORGT,CD8,unknown,Fake,6,,,TAKEN_OUT
RORGT,TBET_2,unknown,Fake,6,,,TAKEN_OUT
RORGT,NFKB,unknown,Fake,6,,,TAKEN_OUT
RORGT,STAT6,unknown,Fake,6,,,TAKEN_OUT
RORGT,SMAD3,unknown,Fake,6,,,TAKEN_OUT
RORGT,STAT1_2,unknown,Fake,6,,,TAKEN_OUT
RORGT,IL4,unknown,Fake,6,,,TAKEN_OUT
RORGT,STAT3,unknown,Fake,6,,,TAKEN_OUT
RORGT,IL25,unknown,Fake,6,,,TAKEN_OUT
RORGT,IL9,unknown,Fake,6,,,TAKEN_OUT
RORGT,TGFBR,unknown,Fake,6,,,TAKEN_OUT
RORGT,IL5,unknown,Fake,6,,,TAKEN_OUT
RORGT,IL1R,unknown,Fake,6,,,TAKEN_OUT
RORGT,IL6,unknown,Fake,6,,,TAKEN_OUT
RORGT,IL12RB1_2,unknown,Fake,6,,,TAKEN_OUT
RORGT,RUNX3,unknown,Fake,6,,,TAKEN_OUT
RORGT,IL4R,unknown,Fake,6,,,TAKEN_OUT
RORGT,CD4,unknown,Fake,6,,,TAKEN_OUT
RORGT,SMAD2,unknown,Fake,6,,,TAKEN_OUT
RORGT,proliferation,unknown,Fake,6,,,TAKEN_OUT
RORGT,NFAT,unknown,Fake,6,,,TAKEN_OUT
RORGT,STAT5_2,unknown,Fake,6,,,TAKEN_OUT
RORGT,IRAK,unknown,Fake,6,,,TAKEN_OUT
RORGT,IL2,unknown,Fake,6,,,TAKEN_OUT
RORGT,IL2RA,unknown,Fake,6,,,TAKEN_OUT
RORGT,IL13,unknown,Fake,6,,,TAKEN_OUT
RORGT,FOXP3,unknown,Fake,6,,,TAKEN_OUT
RORGT,IL31,unknown,Fake,6,,,TAKEN_OUT
RORGT,PRF1,unknown,Fake,6,,,TAKEN_OUT
RORGT,ST2,unknown,Fake,6,,,TAKEN_OUT
RORGT,GZMB,unknown,Fake,6,,,TAKEN_OUT
RORGT,SOCS1,unknown,Fake,6,,,TAKEN_OUT
RORGT,STAT5,unknown,Fake,6,,,TAKEN_OUT
RORGT,TGFB,unknown,Fake,6,,,TAKEN_OUT
RORGT,IL4R_2,unknown,Fake,6,,,TAKEN_OUT
RORGT,IL2R_2,unknown,Fake,6,,,TAKEN_OUT
RORGT,IL3,unknown,Fake,6,,,TAKEN_OUT
RORGT,IL24,unknown,Fake,6,,,TAKEN_OUT
RORGT,IFNG_2,unknown,Fake,6,,,TAKEN_OUT
RORGT,GATA3,unknown,Fake,6,,,TAKEN_OUT
RORGT,IL10,unknown,Fake,6,,,TAKEN_OUT
RORGT,BCL6,unknown,Fake,6,,,TAKEN_OUT
RORGT,IL6R,unknown,Fake,6,,,TAKEN_OUT
RORGT,IL35,unknown,Fake,6,,,TAKEN_OUT
RORGT,IL25R,unknown,Fake,6,,,TAKEN_OUT
RORGT,IL2R,unknown,Fake,6,,,TAKEN_OUT
RORGT,CMAF,unknown,Fake,6,,,TAKEN_OUT
RORGT,IFNG,unknown,Fake,6,,,TAKEN_OUT
RORGT,IL1R1,unknown,Fake,6,,,TAKEN_OUT
RORGT,IL10R,unknown,Fake,6,,,TAKEN_OUT
IFNBR,IL21R,unknown,Fake,6,,,TAKEN_OUT
IFNBR,IL12R,unknown,Fake,6,,,TAKEN_OUT
IFNBR,IL18R,unknown,Fake,6,,,TAKEN_OUT
IFNBR,IL12RB2,unknown,Fake,6,,,TAKEN_OUT
IFNBR,JAK1,unknown,Fake,6,,,TAKEN_OUT
IFNBR,IL21,unknown,Fake,6,,,TAKEN_OUT
IFNBR,IL23,unknown,Fake,6,,,TAKEN_OUT
IFNBR,TBET,unknown,Fake,6,,,TAKEN_OUT
IFNBR,THPOK,unknown,Fake,6,,,TAKEN_OUT
IFNBR,IL4RA_2,unknown,Fake,6,,,TAKEN_OUT
IFNBR,IL33R,unknown,Fake,6,,,TAKEN_OUT
IFNBR,IL22,unknown,Fake,6,,,TAKEN_OUT
IFNBR,IFNGR_2,unknown,Fake,6,,,TAKEN_OUT
IFNBR,IRF1,unknown,Fake,6,,,TAKEN_OUT
IFNBR,STAT4,unknown,Fake,6,,,TAKEN_OUT
IFNBR,IFNGR,unknown,Fake,6,,,TAKEN_OUT
IFNBR,PU1,unknown,Fake,6,,,TAKEN_OUT
IFNBR,EOMES,unknown,Fake,6,,,TAKEN_OUT
IFNBR,CD8,unknown,Fake,6,,,TAKEN_OUT
IFNBR,TBET_2,unknown,Fake,6,,,TAKEN_OUT
IFNBR,NFKB,unknown,Fake,6,,,TAKEN_OUT
IFNBR,STAT6,unknown,Fake,6,,,TAKEN_OUT
IFNBR,SMAD3,unknown,Fake,6,,,TAKEN_OUT
IFNBR,IL4,unknown,Fake,6,,,TAKEN_OUT
IFNBR,STAT3,unknown,Fake,6,,,TAKEN_OUT
IFNBR,IL25,unknown,Fake,6,,,TAKEN_OUT
IFNBR,IL9,unknown,Fake,6,,,TAKEN_OUT
IFNBR,TGFBR,unknown,Fake,6,,,TAKEN_OUT
IFNBR,IL5,unknown,Fake,6,,,TAKEN_OUT
IFNBR,IL1R,unknown,Fake,6,,,TAKEN_OUT
IFNBR,IL6,unknown,Fake,6,,,TAKEN_OUT
IFNBR,IL12RB1_2,unknown,Fake,6,,,TAKEN_OUT
IFNBR,RUNX3,unknown,Fake,6,,,TAKEN_OUT
IFNBR,IL17,unknown,Fake,6,,,TAKEN_OUT
IFNBR,IL4R,unknown,Fake,6,,,TAKEN_OUT
IFNBR,CD4,unknown,Fake,6,,,TAKEN_OUT
IFNBR,SMAD2,unknown,Fake,6,,,TAKEN_OUT
IFNBR,proliferation,unknown,Fake,6,,,TAKEN_OUT
IFNBR,NFAT,unknown,Fake,6,,,TAKEN_OUT
IFNBR,STAT5_2,unknown,Fake,6,,,TAKEN_OUT
IFNBR,IRAK,unknown,Fake,6,,,TAKEN_OUT
IFNBR,IL2,unknown,Fake,6,,,TAKEN_OUT
IFNBR,IL2RA,unknown,Fake,6,,,TAKEN_OUT
IFNBR,IL13,unknown,Fake,6,,,TAKEN_OUT
IFNBR,FOXP3,unknown,Fake,6,,,TAKEN_OUT
IFNBR,IL31,unknown,Fake,6,,,TAKEN_OUT
IFNBR,PRF1,unknown,Fake,6,,,TAKEN_OUT
IFNBR,ST2,unknown,Fake,6,,,TAKEN_OUT
IFNBR,GZMB,unknown,Fake,6,,,TAKEN_OUT
IFNBR,SOCS1,unknown,Fake,6,,,TAKEN_OUT
IFNBR,STAT5,unknown,Fake,6,,,TAKEN_OUT
IFNBR,TGFB,unknown,Fake,6,,,TAKEN_OUT
IFNBR,IL4R_2,unknown,Fake,6,,,TAKEN_OUT
IFNBR,IL2R_2,unknown,Fake,6,,,TAKEN_OUT
IFNBR,IL3,unknown,Fake,6,,,TAKEN_OUT
IFNBR,IL24,unknown,Fake,6,,,TAKEN_OUT
IFNBR,IFNG_2,unknown,Fake,6,,,TAKEN_OUT
IFNBR,GATA3,unknown,Fake,6,,,TAKEN_OUT
IFNBR,RORGT,unknown,Fake,6,,,TAKEN_OUT
IFNBR,IL10,unknown,Fake,6,,,TAKEN_OUT
IFNBR,IL23R,unknown,Fake,6,,,TAKEN_OUT
IFNBR,BCL6,unknown,Fake,6,,,TAKEN_OUT
IFNBR,IL6R,unknown,Fake,6,,,TAKEN_OUT
IFNBR,IL35,unknown,Fake,6,,,TAKEN_OUT
IFNBR,IL25R,unknown,Fake,6,,,TAKEN_OUT
IFNBR,IL2R,unknown,Fake,6,,,TAKEN_OUT
IFNBR,CMAF,unknown,Fake,6,,,TAKEN_OUT
IFNBR,IFNG,unknown,Fake,6,,,TAKEN_OUT
IFNBR,IL1R1,unknown,Fake,6,,,TAKEN_OUT
IFNBR,IL10R,unknown,Fake,6,,,TAKEN_OUT
IL23R,IL21R,unknown,Fake,6,,,TAKEN_OUT
IL23R,IL12R,unknown,Fake,6,,,TAKEN_OUT
IL23R,IL18R,unknown,Fake,6,,,TAKEN_OUT
IL23R,IL12RB2,unknown,Fake,6,,,TAKEN_OUT
IL23R,JAK1,unknown,Fake,6,,,TAKEN_OUT
IL23R,IL21,unknown,Fake,6,,,TAKEN_OUT
IL23R,IL23,unknown,Fake,6,,,TAKEN_OUT
IL23R,TBET,unknown,Fake,6,,,TAKEN_OUT
IL23R,THPOK,unknown,Fake,6,,,TAKEN_OUT
IL23R,IL4RA_2,unknown,Fake,6,,,TAKEN_OUT
IL23R,STAT1,unknown,Fake,6,,,TAKEN_OUT
IL23R,IL33R,unknown,Fake,6,,,TAKEN_OUT
IL23R,IL22,unknown,Fake,6,,,TAKEN_OUT
IL23R,IFNGR_2,unknown,Fake,6,,,TAKEN_OUT
IL23R,IRF1,unknown,Fake,6,,,TAKEN_OUT
IL23R,STAT4,unknown,Fake,6,,,TAKEN_OUT
IL23R,IFNGR,unknown,Fake,6,,,TAKEN_OUT
IL23R,PU1,unknown,Fake,6,,,TAKEN_OUT
IL23R,EOMES,unknown,Fake,6,,,TAKEN_OUT
IL23R,CD8,unknown,Fake,6,,,TAKEN_OUT
IL23R,TBET_2,unknown,Fake,6,,,TAKEN_OUT
IL23R,NFKB,unknown,Fake,6,,,TAKEN_OUT
IL23R,STAT6,unknown,Fake,6,,,TAKEN_OUT
IL23R,SMAD3,unknown,Fake,6,,,TAKEN_OUT
IL23R,STAT1_2,unknown,Fake,6,,,TAKEN_OUT
IL23R,IL4,unknown,Fake,6,,,TAKEN_OUT
IL23R,IL25,unknown,Fake,6,,,TAKEN_OUT
IL23R,IL9,unknown,Fake,6,,,TAKEN_OUT
IL23R,TGFBR,unknown,Fake,6,,,TAKEN_OUT
IL23R,IL5,unknown,Fake,6,,,TAKEN_OUT
IL23R,IL1R,unknown,Fake,6,,,TAKEN_OUT
IL23R,IL6,unknown,Fake,6,,,TAKEN_OUT
IL23R,IL12RB1_2,unknown,Fake,6,,,TAKEN_OUT
IL23R,RUNX3,unknown,Fake,6,,,TAKEN_OUT
IL23R,IL17,unknown,Fake,6,,,TAKEN_OUT
IL23R,IL4R,unknown,Fake,6,,,TAKEN_OUT
IL23R,CD4,unknown,Fake,6,,,TAKEN_OUT
IL23R,SMAD2,unknown,Fake,6,,,TAKEN_OUT
IL23R,proliferation,unknown,Fake,6,,,TAKEN_OUT
IL23R,NFAT,unknown,Fake,6,,,TAKEN_OUT
IL23R,STAT5_2,unknown,Fake,6,,,TAKEN_OUT
IL23R,IRAK,unknown,Fake,6,,,TAKEN_OUT
IL23R,IL2,unknown,Fake,6,,,TAKEN_OUT
IL23R,IL2RA,unknown,Fake,6,,,TAKEN_OUT
IL23R,IL13,unknown,Fake,6,,,TAKEN_OUT
IL23R,FOXP3,unknown,Fake,6,,,TAKEN_OUT
IL23R,IL31,unknown,Fake,6,,,TAKEN_OUT
IL23R,PRF1,unknown,Fake,6,,,TAKEN_OUT
IL23R,ST2,unknown,Fake,6,,,TAKEN_OUT
IL23R,GZMB,unknown,Fake,6,,,TAKEN_OUT
IL23R,SOCS1,unknown,Fake,6,,,TAKEN_OUT
IL23R,STAT5,unknown,Fake,6,,,TAKEN_OUT
IL23R,TGFB,unknown,Fake,6,,,TAKEN_OUT
IL23R,IL4R_2,unknown,Fake,6,,,TAKEN_OUT
IL23R,IL2R_2,unknown,Fake,6,,,TAKEN_OUT
IL23R,IL3,unknown,Fake,6,,,TAKEN_OUT
IL23R,IL24,unknown,Fake,6,,,TAKEN_OUT
IL23R,IFNG_2,unknown,Fake,6,,,TAKEN_OUT
IL23R,GATA3,unknown,Fake,6,,,TAKEN_OUT
IL23R,RORGT,unknown,Fake,6,,,TAKEN_OUT
IL23R,IL10,unknown,Fake,6,,,TAKEN_OUT
IL23R,IL23R,unknown,Fake,6,,,TAKEN_OUT
IL23R,BCL6,unknown,Fake,6,,,TAKEN_OUT
IL23R,IL6R,unknown,Fake,6,,,TAKEN_OUT
IL23R,IL35,unknown,Fake,6,,,TAKEN_OUT
IL23R,IL25R,unknown,Fake,6,,,TAKEN_OUT
IL23R,IL2R,unknown,Fake,6,,,TAKEN_OUT
IL23R,CMAF,unknown,Fake,6,,,TAKEN_OUT
IL23R,IFNG,unknown,Fake,6,,,TAKEN_OUT
IL23R,IL1R1,unknown,Fake,6,,,TAKEN_OUT
IL23R,IL10R,unknown,Fake,6,,,TAKEN_OUT
IL6R,IL21R,unknown,Fake,6,,,TAKEN_OUT
IL6R,IL12R,unknown,Fake,6,,,TAKEN_OUT
IL6R,IL18R,unknown,Fake,6,,,TAKEN_OUT
IL6R,IL12RB2,unknown,Fake,6,,,TAKEN_OUT
IL6R,JAK1,unknown,Fake,6,,,TAKEN_OUT
IL6R,IL21,unknown,Fake,6,,,TAKEN_OUT
IL6R,IL23,unknown,Fake,6,,,TAKEN_OUT
IL6R,TBET,unknown,Fake,6,,,TAKEN_OUT
IL6R,THPOK,unknown,Fake,6,,,TAKEN_OUT
IL6R,IL4RA_2,unknown,Fake,6,,,TAKEN_OUT
IL6R,STAT1,unknown,Fake,6,,,TAKEN_OUT
IL6R,IL33R,unknown,Fake,6,,,TAKEN_OUT
IL6R,IL22,unknown,Fake,6,,,TAKEN_OUT
IL6R,IFNGR_2,unknown,Fake,6,,,TAKEN_OUT
IL6R,IRF1,unknown,Fake,6,,,TAKEN_OUT
IL6R,STAT4,unknown,Fake,6,,,TAKEN_OUT
IL6R,IFNGR,unknown,Fake,6,,,TAKEN_OUT
IL6R,PU1,unknown,Fake,6,,,TAKEN_OUT
IL6R,EOMES,unknown,Fake,6,,,TAKEN_OUT
IL6R,CD8,unknown,Fake,6,,,TAKEN_OUT
IL6R,TBET_2,unknown,Fake,6,,,TAKEN_OUT
IL6R,NFKB,unknown,Fake,6,,,TAKEN_OUT
IL6R,STAT6,unknown,Fake,6,,,TAKEN_OUT
IL6R,SMAD3,unknown,Fake,6,,,TAKEN_OUT
IL6R,STAT1_2,unknown,Fake,6,,,TAKEN_OUT
IL6R,IL4,unknown,Fake,6,,,TAKEN_OUT
IL6R,IL25,unknown,Fake,6,,,TAKEN_OUT
IL6R,IL9,unknown,Fake,6,,,TAKEN_OUT
IL6R,TGFBR,unknown,Fake,6,,,TAKEN_OUT
IL6R,IL5,unknown,Fake,6,,,TAKEN_OUT
IL6R,IL1R,unknown,Fake,6,,,TAKEN_OUT
IL6R,IL6,unknown,Fake,6,,,TAKEN_OUT
IL6R,IL12RB1_2,unknown,Fake,6,,,TAKEN_OUT
IL6R,RUNX3,unknown,Fake,6,,,TAKEN_OUT
IL6R,IL17,unknown,Fake,6,,,TAKEN_OUT
IL6R,IL4R,unknown,Fake,6,,,TAKEN_OUT
IL6R,CD4,unknown,Fake,6,,,TAKEN_OUT
IL6R,SMAD2,unknown,Fake,6,,,TAKEN_OUT
IL6R,proliferation,unknown,Fake,6,,,TAKEN_OUT
IL6R,NFAT,unknown,Fake,6,,,TAKEN_OUT
IL6R,STAT5_2,unknown,Fake,6,,,TAKEN_OUT
IL6R,IRAK,unknown,Fake,6,,,TAKEN_OUT
IL6R,IL2,unknown,Fake,6,,,TAKEN_OUT
IL6R,IL2RA,unknown,Fake,6,,,TAKEN_OUT
IL6R,IL13,unknown,Fake,6,,,TAKEN_OUT
IL6R,FOXP3,unknown,Fake,6,,,TAKEN_OUT
IL6R,IL31,unknown,Fake,6,,,TAKEN_OUT
IL6R,PRF1,unknown,Fake,6,,,TAKEN_OUT
IL6R,ST2,unknown,Fake,6,,,TAKEN_OUT
IL6R,GZMB,unknown,Fake,6,,,TAKEN_OUT
IL6R,SOCS1,unknown,Fake,6,,,TAKEN_OUT
IL6R,STAT5,unknown,Fake,6,,,TAKEN_OUT
IL6R,TGFB,unknown,Fake,6,,,TAKEN_OUT
IL6R,IL4R_2,unknown,Fake,6,,,TAKEN_OUT
IL6R,IL2R_2,unknown,Fake,6,,,TAKEN_OUT
IL6R,IL3,unknown,Fake,6,,,TAKEN_OUT
IL6R,IL24,unknown,Fake,6,,,TAKEN_OUT
IL6R,IFNG_2,unknown,Fake,6,,,TAKEN_OUT
IL6R,GATA3,unknown,Fake,6,,,TAKEN_OUT
IL6R,RORGT,unknown,Fake,6,,,TAKEN_OUT
IL6R,IL10,unknown,Fake,6,,,TAKEN_OUT
IL6R,IL23R,unknown,Fake,6,,,TAKEN_OUT
IL6R,BCL6,unknown,Fake,6,,,TAKEN_OUT
IL6R,IL6R,unknown,Fake,6,,,TAKEN_OUT
IL6R,IL35,unknown,Fake,6,,,TAKEN_OUT
IL6R,IL25R,unknown,Fake,6,,,TAKEN_OUT
IL6R,IL2R,unknown,Fake,6,,,TAKEN_OUT
IL6R,CMAF,unknown,Fake,6,,,TAKEN_OUT
IL6R,IFNG,unknown,Fake,6,,,TAKEN_OUT
IL6R,IL1R1,unknown,Fake,6,,,TAKEN_OUT
IL6R,IL10R,unknown,Fake,6,,,TAKEN_OUT
IL35,IL21R,unknown,Fake,6,,,KEPT
IL35,IL12R,unknown,Fake,6,,,KEPT
IL35,IL18R,unknown,Fake,6,,,KEPT
IL35,IL12RB2,unknown,Fake,6,,,KEPT
IL35,JAK1,unknown,Fake,6,,,KEPT
IL35,IL21,unknown,Fake,6,,,KEPT
IL35,IL23,unknown,Fake,6,,,KEPT
IL35,TBET,unknown,Fake,6,,,KEPT
IL35,THPOK,unknown,Fake,6,,,KEPT
IL35,IL4RA_2,unknown,Fake,6,,,KEPT
IL35,STAT1,unknown,Fake,6,,,KEPT
IL35,IL33R,unknown,Fake,6,,,KEPT
IL35,IL22,unknown,Fake,6,,,KEPT
IL35,IFNGR_2,unknown,Fake,6,,,KEPT
IL35,IRF1,unknown,Fake,6,,,KEPT
IL35,STAT4,unknown,Fake,6,,,KEPT
IL35,IFNGR,unknown,Fake,6,,,KEPT
IL35,PU1,unknown,Fake,6,,,KEPT
IL35,EOMES,unknown,Fake,6,,,KEPT
IL35,CD8,unknown,Fake,6,,,KEPT
IL35,TBET_2,unknown,Fake,6,,,KEPT
IL35,NFKB,unknown,Fake,6,,,KEPT
IL35,STAT6,unknown,Fake,6,,,KEPT
IL35,SMAD3,unknown,Fake,6,,,KEPT
IL35,STAT1_2,unknown,Fake,6,,,KEPT
IL35,IL4,unknown,Fake,6,,,KEPT
IL35,STAT3,unknown,Fake,6,,,KEPT
IL35,IL25,unknown,Fake,6,,,KEPT
IL35,IL9,unknown,Fake,6,,,KEPT
IL35,TGFBR,unknown,Fake,6,,,KEPT
IL35,IL5,unknown,Fake,6,,,KEPT
IL35,IL1R,unknown,Fake,6,,,KEPT
IL35,IL6,unknown,Fake,6,,,KEPT
IL35,IL12RB1_2,unknown,Fake,6,,,KEPT
IL35,RUNX3,unknown,Fake,6,,,KEPT
IL35,IL17,unknown,Fake,6,,,KEPT
IL35,IL4R,unknown,Fake,6,,,KEPT
IL35,CD4,unknown,Fake,6,,,KEPT
IL35,SMAD2,unknown,Fake,6,,,KEPT
IL35,proliferation,unknown,Fake,6,,,KEPT
IL35,NFAT,unknown,Fake,6,,,KEPT
IL35,STAT5_2,unknown,Fake,6,,,KEPT
IL35,IRAK,unknown,Fake,6,,,KEPT
IL35,IL2,unknown,Fake,6,,,KEPT
IL35,IL2RA,unknown,Fake,6,,,KEPT
IL35,IL13,unknown,Fake,6,,,KEPT
IL35,FOXP3,unknown,Fake,6,,,KEPT
IL35,IL31,unknown,Fake,6,,,KEPT
IL35,PRF1,unknown,Fake,6,,,KEPT
IL35,ST2,unknown,Fake,6,,,KEPT
IL35,GZMB,unknown,Fake,6,,,KEPT
IL35,SOCS1,unknown,Fake,6,,,KEPT
IL35,STAT5,unknown,Fake,6,,,KEPT
IL35,TGFB,unknown,Fake,6,,,KEPT
IL35,IL4R_2,unknown,Fake,6,,,KEPT
IL35,IL2R_2,unknown,Fake,6,,,KEPT
IL35,IL3,unknown,Fake,6,,,KEPT
IL35,IL24,unknown,Fake,6,,,KEPT
IL35,IFNG_2,unknown,Fake,6,,,KEPT
IL35,GATA3,unknown,Fake,6,,,KEPT
IL35,RORGT,unknown,Fake,6,,,KEPT
IL35,IL10,unknown,Fake,6,,,KEPT
IL35,IL23R,unknown,Fake,6,,,KEPT
IL35,BCL6,unknown,Fake,6,,,KEPT
IL35,IL6R,unknown,Fake,6,,,KEPT
IL35,IL35,unknown,Fake,6,,,KEPT
IL35,IL25R,unknown,Fake,6,,,KEPT
IL35,IL2R,unknown,Fake,6,,,KEPT
IL35,CMAF,unknown,Fake,6,,,KEPT
IL35,IFNG,unknown,Fake,6,,,KEPT
IL35,IL1R1,unknown,Fake,6,,,KEPT
IL35,IL10R,unknown,Fake,6,,,KEPT
IFNG_e,IL21R,unknown,Fake,6,,,TAKEN_OUT
IFNG_e,IL12R,unknown,Fake,6,,,TAKEN_OUT
IFNG_e,IL18R,unknown,Fake,6,,,TAKEN_OUT
IFNG_e,IL12RB2,unknown,Fake,6,,,TAKEN_OUT
IFNG_e,JAK1,unknown,Fake,6,,,TAKEN_OUT
IFNG_e,IL21,unknown,Fake,6,,,TAKEN_OUT
IFNG_e,IL23,unknown,Fake,6,,,TAKEN_OUT
IFNG_e,TBET,unknown,Fake,6,,,TAKEN_OUT
IFNG_e,THPOK,unknown,Fake,6,,,TAKEN_OUT
IFNG_e,IL4RA_2,unknown,Fake,6,,,TAKEN_OUT
IFNG_e,STAT1,unknown,Fake,6,,,TAKEN_OUT
IFNG_e,IL33R,unknown,Fake,6,,,TAKEN_OUT
IFNG_e,IL22,unknown,Fake,6,,,TAKEN_OUT
IFNG_e,IRF1,unknown,Fake,6,,,TAKEN_OUT
IFNG_e,STAT4,unknown,Fake,6,,,TAKEN_OUT
IFNG_e,PU1,unknown,Fake,6,,,TAKEN_OUT
IFNG_e,EOMES,unknown,Fake,6,,,TAKEN_OUT
IFNG_e,CD8,unknown,Fake,6,,,TAKEN_OUT
IFNG_e,TBET_2,unknown,Fake,6,,,TAKEN_OUT
IFNG_e,NFKB,unknown,Fake,6,,,TAKEN_OUT
IFNG_e,STAT6,unknown,Fake,6,,,TAKEN_OUT
IFNG_e,SMAD3,unknown,Fake,6,,,TAKEN_OUT
IFNG_e,STAT1_2,unknown,Fake,6,,,TAKEN_OUT
IFNG_e,IL4,unknown,Fake,6,,,TAKEN_OUT
IFNG_e,STAT3,unknown,Fake,6,,,TAKEN_OUT
IFNG_e,IL25,unknown,Fake,6,,,TAKEN_OUT
IFNG_e,IL9,unknown,Fake,6,,,TAKEN_OUT
IFNG_e,TGFBR,unknown,Fake,6,,,TAKEN_OUT
IFNG_e,IL5,unknown,Fake,6,,,TAKEN_OUT
IFNG_e,IL1R,unknown,Fake,6,,,TAKEN_OUT
IFNG_e,IL6,unknown,Fake,6,,,TAKEN_OUT
IFNG_e,IL12RB1_2,unknown,Fake,6,,,TAKEN_OUT
IFNG_e,RUNX3,unknown,Fake,6,,,TAKEN_OUT
IFNG_e,IL17,unknown,Fake,6,,,TAKEN_OUT
IFNG_e,IL4R,unknown,Fake,6,,,TAKEN_OUT
IFNG_e,CD4,unknown,Fake,6,,,TAKEN_OUT
IFNG_e,SMAD2,unknown,Fake,6,,,TAKEN_OUT
IFNG_e,proliferation,unknown,Fake,6,,,TAKEN_OUT
IFNG_e,NFAT,unknown,Fake,6,,,TAKEN_OUT
IFNG_e,STAT5_2,unknown,Fake,6,,,TAKEN_OUT
IFNG_e,IRAK,unknown,Fake,6,,,TAKEN_OUT
IFNG_e,IL2,unknown,Fake,6,,,TAKEN_OUT
IFNG_e,IL2RA,unknown,Fake,6,,,TAKEN_OUT
IFNG_e,IL13,unknown,Fake,6,,,TAKEN_OUT
IFNG_e,FOXP3,unknown,Fake,6,,,TAKEN_OUT
IFNG_e,IL31,unknown,Fake,6,,,TAKEN_OUT
IFNG_e,PRF1,unknown,Fake,6,,,TAKEN_OUT
IFNG_e,ST2,unknown,Fake,6,,,TAKEN_OUT
IFNG_e,GZMB,unknown,Fake,6,,,TAKEN_OUT
IFNG_e,SOCS1,unknown,Fake,6,,,TAKEN_OUT
IFNG_e,STAT5,unknown,Fake,6,,,TAKEN_OUT
IFNG_e,TGFB,unknown,Fake,6,,,TAKEN_OUT
IFNG_e,IL4R_2,unknown,Fake,6,,,TAKEN_OUT
IFNG_e,IL2R_2,unknown,Fake,6,,,TAKEN_OUT
IFNG_e,IL3,unknown,Fake,6,,,TAKEN_OUT
IFNG_e,IL24,unknown,Fake,6,,,TAKEN_OUT
IFNG_e,IFNG_2,unknown,Fake,6,,,TAKEN_OUT
IFNG_e,GATA3,unknown,Fake,6,,,TAKEN_OUT
IFNG_e,RORGT,unknown,Fake,6,,,TAKEN_OUT
IFNG_e,IL10,unknown,Fake,6,,,TAKEN_OUT
IFNG_e,IL23R,unknown,Fake,6,,,TAKEN_OUT
IFNG_e,BCL6,unknown,Fake,6,,,TAKEN_OUT
IFNG_e,IL6R,unknown,Fake,6,,,TAKEN_OUT
IFNG_e,IL35,unknown,Fake,6,,,TAKEN_OUT
IFNG_e,IL25R,unknown,Fake,6,,,TAKEN_OUT
IFNG_e,IL2R,unknown,Fake,6,,,TAKEN_OUT
IFNG_e,CMAF,unknown,Fake,6,,,TAKEN_OUT
IFNG_e,IFNG,unknown,Fake,6,,,TAKEN_OUT
IFNG_e,IL1R1,unknown,Fake,6,,,TAKEN_OUT
IFNG_e,IL10R,unknown,Fake,6,,,TAKEN_OUT
IL2R,IL21R,unknown,Fake,6,,,TAKEN_OUT
IL2R,IL12R,unknown,Fake,6,,,TAKEN_OUT
IL2R,IL18R,unknown,Fake,6,,,TAKEN_OUT
IL2R,IL12RB2,unknown,Fake,6,,,TAKEN_OUT
IL2R,JAK1,unknown,Fake,6,,,TAKEN_OUT
IL2R,IL21,unknown,Fake,6,,,TAKEN_OUT
IL2R,IL23,unknown,Fake,6,,,TAKEN_OUT
IL2R,TBET,unknown,Fake,6,,,TAKEN_OUT
IL2R,THPOK,unknown,Fake,6,,,TAKEN_OUT
IL2R,IL4RA_2,unknown,Fake,6,,,TAKEN_OUT
IL2R,STAT1,unknown,Fake,6,,,TAKEN_OUT
IL2R,IL33R,unknown,Fake,6,,,TAKEN_OUT
IL2R,IL22,unknown,Fake,6,,,TAKEN_OUT
IL2R,IFNGR_2,unknown,Fake,6,,,TAKEN_OUT
IL2R,IRF1,unknown,Fake,6,,,TAKEN_OUT
IL2R,STAT4,unknown,Fake,6,,,TAKEN_OUT
IL2R,IFNGR,unknown,Fake,6,,,TAKEN_OUT
IL2R,PU1,unknown,Fake,6,,,TAKEN_OUT
IL2R,EOMES,unknown,Fake,6,,,TAKEN_OUT
IL2R,CD8,unknown,Fake,6,,,TAKEN_OUT
IL2R,TBET_2,unknown,Fake,6,,,TAKEN_OUT
IL2R,NFKB,unknown,Fake,6,,,TAKEN_OUT
IL2R,STAT6,unknown,Fake,6,,,TAKEN_OUT
IL2R,SMAD3,unknown,Fake,6,,,TAKEN_OUT
IL2R,STAT1_2,unknown,Fake,6,,,TAKEN_OUT
IL2R,IL4,unknown,Fake,6,,,TAKEN_OUT
IL2R,STAT3,unknown,Fake,6,,,TAKEN_OUT
IL2R,IL25,unknown,Fake,6,,,TAKEN_OUT
IL2R,IL9,unknown,Fake,6,,,TAKEN_OUT
IL2R,TGFBR,unknown,Fake,6,,,TAKEN_OUT
IL2R,IL5,unknown,Fake,6,,,TAKEN_OUT
IL2R,IL1R,unknown,Fake,6,,,TAKEN_OUT
IL2R,IL6,unknown,Fake,6,,,TAKEN_OUT
IL2R,IL12RB1_2,unknown,Fake,6,,,TAKEN_OUT
IL2R,RUNX3,unknown,Fake,6,,,TAKEN_OUT
IL2R,IL17,unknown,Fake,6,,,TAKEN_OUT
IL2R,IL4R,unknown,Fake,6,,,TAKEN_OUT
IL2R,CD4,unknown,Fake,6,,,TAKEN_OUT
IL2R,SMAD2,unknown,Fake,6,,,TAKEN_OUT
IL2R,proliferation,unknown,Fake,6,,,TAKEN_OUT
IL2R,NFAT,unknown,Fake,6,,,TAKEN_OUT
IL2R,IRAK,unknown,Fake,6,,,TAKEN_OUT
IL2R,IL2,unknown,Fake,6,,,TAKEN_OUT
IL2R,IL2RA,unknown,Fake,6,,,TAKEN_OUT
IL2R,IL13,unknown,Fake,6,,,TAKEN_OUT
IL2R,FOXP3,unknown,Fake,6,,,TAKEN_OUT
IL2R,IL31,unknown,Fake,6,,,TAKEN_OUT
IL2R,PRF1,unknown,Fake,6,,,TAKEN_OUT
IL2R,ST2,unknown,Fake,6,,,TAKEN_OUT
IL2R,GZMB,unknown,Fake,6,,,TAKEN_OUT
IL2R,SOCS1,unknown,Fake,6,,,TAKEN_OUT
IL2R,TGFB,unknown,Fake,6,,,TAKEN_OUT
IL2R,IL4R_2,unknown,Fake,6,,,TAKEN_OUT
IL2R,IL3,unknown,Fake,6,,,TAKEN_OUT
IL2R,IL24,unknown,Fake,6,,,TAKEN_OUT
IL2R,IFNG_2,unknown,Fake,6,,,TAKEN_OUT
IL2R,GATA3,unknown,Fake,6,,,TAKEN_OUT
IL2R,RORGT,unknown,Fake,6,,,TAKEN_OUT
IL2R,IL10,unknown,Fake,6,,,TAKEN_OUT
IL2R,IL23R,unknown,Fake,6,,,TAKEN_OUT
IL2R,BCL6,unknown,Fake,6,,,TAKEN_OUT
IL2R,IL6R,unknown,Fake,6,,,TAKEN_OUT
IL2R,IL35,unknown,Fake,6,,,TAKEN_OUT
IL2R,IL25R,unknown,Fake,6,,,TAKEN_OUT
IL2R,IL2R,unknown,Fake,6,,,TAKEN_OUT
IL2R,CMAF,unknown,Fake,6,,,TAKEN_OUT
IL2R,IFNG,unknown,Fake,6,,,TAKEN_OUT
IL2R,IL1R1,unknown,Fake,6,,,TAKEN_OUT
IL2R,IL10R,unknown,Fake,6,,,TAKEN_OUT
CMAF,IL21R,unknown,Fake,6,,,TAKEN_OUT
CMAF,IL12R,unknown,Fake,6,,,TAKEN_OUT
CMAF,IL18R,unknown,Fake,6,,,TAKEN_OUT
CMAF,IL12RB2,unknown,Fake,6,,,TAKEN_OUT
CMAF,JAK1,unknown,Fake,6,,,TAKEN_OUT
CMAF,IL23,unknown,Fake,6,,,TAKEN_OUT
CMAF,TBET,unknown,Fake,6,,,TAKEN_OUT
CMAF,THPOK,unknown,Fake,6,,,TAKEN_OUT
CMAF,IL4RA_2,unknown,Fake,6,,,TAKEN_OUT
CMAF,STAT1,unknown,Fake,6,,,TAKEN_OUT
CMAF,IL33R,unknown,Fake,6,,,TAKEN_OUT
CMAF,IFNGR_2,unknown,Fake,6,,,TAKEN_OUT
CMAF,IRF1,unknown,Fake,6,,,TAKEN_OUT
CMAF,STAT4,unknown,Fake,6,,,TAKEN_OUT
CMAF,IFNGR,unknown,Fake,6,,,TAKEN_OUT
CMAF,PU1,unknown,Fake,6,,,TAKEN_OUT
CMAF,EOMES,unknown,Fake,6,,,TAKEN_OUT
CMAF,CD8,unknown,Fake,6,,,TAKEN_OUT
CMAF,TBET_2,unknown,Fake,6,,,TAKEN_OUT
CMAF,NFKB,unknown,Fake,6,,,TAKEN_OUT
CMAF,STAT6,unknown,Fake,6,,,TAKEN_OUT
CMAF,SMAD3,unknown,Fake,6,,,TAKEN_OUT
CMAF,STAT1_2,unknown,Fake,6,,,TAKEN_OUT
CMAF,STAT3,unknown,Fake,6,,,TAKEN_OUT
CMAF,IL25,unknown,Fake,6,,,TAKEN_OUT
CMAF,IL9,unknown,Fake,6,,,TAKEN_OUT
CMAF,TGFBR,unknown,Fake,6,,,TAKEN_OUT
CMAF,IL5,unknown,Fake,6,,,TAKEN_OUT
CMAF,IL1R,unknown,Fake,6,,,TAKEN_OUT
CMAF,IL6,unknown,Fake,6,,,TAKEN_OUT
CMAF,IL12RB1_2,unknown,Fake,6,,,TAKEN_OUT
CMAF,RUNX3,unknown,Fake,6,,,TAKEN_OUT
CMAF,IL17,unknown,Fake,6,,,TAKEN_OUT
CMAF,IL4R,unknown,Fake,6,,,TAKEN_OUT
CMAF,CD4,unknown,Fake,6,,,TAKEN_OUT
CMAF,SMAD2,unknown,Fake,6,,,TAKEN_OUT
CMAF,proliferation,unknown,Fake,6,,,TAKEN_OUT
CMAF,NFAT,unknown,Fake,6,,,TAKEN_OUT
CMAF,STAT5_2,unknown,Fake,6,,,TAKEN_OUT
CMAF,IRAK,unknown,Fake,6,,,TAKEN_OUT
CMAF,IL2,unknown,Fake,6,,,TAKEN_OUT
CMAF,IL2RA,unknown,Fake,6,,,TAKEN_OUT
CMAF,IL13,unknown,Fake,6,,,TAKEN_OUT
CMAF,FOXP3,unknown,Fake,6,,,TAKEN_OUT
CMAF,IL31,unknown,Fake,6,,,TAKEN_OUT
CMAF,PRF1,unknown,Fake,6,,,TAKEN_OUT
CMAF,ST2,unknown,Fake,6,,,TAKEN_OUT
CMAF,GZMB,unknown,Fake,6,,,TAKEN_OUT
CMAF,SOCS1,unknown,Fake,6,,,TAKEN_OUT
CMAF,STAT5,unknown,Fake,6,,,TAKEN_OUT
CMAF,TGFB,unknown,Fake,6,,,TAKEN_OUT
CMAF,IL4R_2,unknown,Fake,6,,,TAKEN_OUT
CMAF,IL2R_2,unknown,Fake,6,,,TAKEN_OUT
CMAF,IL3,unknown,Fake,6,,,TAKEN_OUT
CMAF,IL24,unknown,Fake,6,,,TAKEN_OUT
CMAF,IFNG_2,unknown,Fake,6,,,TAKEN_OUT
CMAF,GATA3,unknown,Fake,6,,,TAKEN_OUT
CMAF,RORGT,unknown,Fake,6,,,TAKEN_OUT
CMAF,IL23R,unknown,Fake,6,,,TAKEN_OUT
CMAF,BCL6,unknown,Fake,6,,,TAKEN_OUT
CMAF,IL6R,unknown,Fake,6,,,TAKEN_OUT
CMAF,IL35,unknown,Fake,6,,,TAKEN_OUT
CMAF,IL25R,unknown,Fake,6,,,TAKEN_OUT
CMAF,IL2R,unknown,Fake,6,,,TAKEN_OUT
CMAF,CMAF,unknown,Fake,6,,,TAKEN_OUT
CMAF,IFNG,unknown,Fake,6,,,TAKEN_OUT
CMAF,IL1R1,unknown,Fake,6,,,TAKEN_OUT
CMAF,IL10R,unknown,Fake,6,,,TAKEN_OUT
IL1R1,IL21R,unknown,Fake,6,,,TAKEN_OUT
IL1R1,IL12R,unknown,Fake,6,,,TAKEN_OUT
IL1R1,IL18R,unknown,Fake,6,,,TAKEN_OUT
IL1R1,IL12RB2,unknown,Fake,6,,,TAKEN_OUT
IL1R1,JAK1,unknown,Fake,6,,,TAKEN_OUT
IL1R1,IL21,unknown,Fake,6,,,TAKEN_OUT
IL1R1,IL23,unknown,Fake,6,,,TAKEN_OUT
IL1R1,TBET,unknown,Fake,6,,,TAKEN_OUT
IL1R1,THPOK,unknown,Fake,6,,,TAKEN_OUT
IL1R1,IL4RA_2,unknown,Fake,6,,,TAKEN_OUT
IL1R1,STAT1,unknown,Fake,6,,,TAKEN_OUT
IL1R1,IL33R,unknown,Fake,6,,,TAKEN_OUT
IL1R1,IL22,unknown,Fake,6,,,TAKEN_OUT
IL1R1,IFNGR_2,unknown,Fake,6,,,TAKEN_OUT
IL1R1,IRF1,unknown,Fake,6,,,TAKEN_OUT
IL1R1,STAT4,unknown,Fake,6,,,TAKEN_OUT
IL1R1,IFNGR,unknown,Fake,6,,,TAKEN_OUT
IL1R1,PU1,unknown,Fake,6,,,TAKEN_OUT
IL1R1,EOMES,unknown,Fake,6,,,TAKEN_OUT
IL1R1,CD8,unknown,Fake,6,,,TAKEN_OUT
IL1R1,TBET_2,unknown,Fake,6,,,TAKEN_OUT
IL1R1,NFKB,unknown,Fake,6,,,TAKEN_OUT
IL1R1,STAT6,unknown,Fake,6,,,TAKEN_OUT
IL1R1,SMAD3,unknown,Fake,6,,,TAKEN_OUT
IL1R1,STAT1_2,unknown,Fake,6,,,TAKEN_OUT
IL1R1,IL4,unknown,Fake,6,,,TAKEN_OUT
IL1R1,STAT3,unknown,Fake,6,,,TAKEN_OUT
IL1R1,IL25,unknown,Fake,6,,,TAKEN_OUT
IL1R1,IL9,unknown,Fake,6,,,TAKEN_OUT
IL1R1,TGFBR,unknown,Fake,6,,,TAKEN_OUT
IL1R1,IL5,unknown,Fake,6,,,TAKEN_OUT
IL1R1,IL6,unknown,Fake,6,,,TAKEN_OUT
IL1R1,IL12RB1_2,unknown,Fake,6,,,TAKEN_OUT
IL1R1,RUNX3,unknown,Fake,6,,,TAKEN_OUT
IL1R1,IL17,unknown,Fake,6,,,TAKEN_OUT
IL1R1,IL4R,unknown,Fake,6,,,TAKEN_OUT
IL1R1,CD4,unknown,Fake,6,,,TAKEN_OUT
IL1R1,SMAD2,unknown,Fake,6,,,TAKEN_OUT
IL1R1,proliferation,unknown,Fake,6,,,TAKEN_OUT
IL1R1,NFAT,unknown,Fake,6,,,TAKEN_OUT
IL1R1,STAT5_2,unknown,Fake,6,,,TAKEN_OUT
IL1R1,IRAK,unknown,Fake,6,,,TAKEN_OUT
IL1R1,IL2,unknown,Fake,6,,,TAKEN_OUT
IL1R1,IL2RA,unknown,Fake,6,,,TAKEN_OUT
IL1R1,IL13,unknown,Fake,6,,,TAKEN_OUT
IL1R1,FOXP3,unknown,Fake,6,,,TAKEN_OUT
IL1R1,IL31,unknown,Fake,6,,,TAKEN_OUT
IL1R1,PRF1,unknown,Fake,6,,,TAKEN_OUT
IL1R1,ST2,unknown,Fake,6,,,TAKEN_OUT
IL1R1,GZMB,unknown,Fake,6,,,TAKEN_OUT
IL1R1,SOCS1,unknown,Fake,6,,,TAKEN_OUT
IL1R1,STAT5,unknown,Fake,6,,,TAKEN_OUT
IL1R1,TGFB,unknown,Fake,6,,,TAKEN_OUT
IL1R1,IL4R_2,unknown,Fake,6,,,TAKEN_OUT
IL1R1,IL2R_2,unknown,Fake,6,,,TAKEN_OUT
IL1R1,IL3,unknown,Fake,6,,,TAKEN_OUT
IL1R1,IL24,unknown,Fake,6,,,TAKEN_OUT
IL1R1,IFNG_2,unknown,Fake,6,,,TAKEN_OUT
IL1R1,GATA3,unknown,Fake,6,,,TAKEN_OUT
IL1R1,RORGT,unknown,Fake,6,,,TAKEN_OUT
IL1R1,IL10,unknown,Fake,6,,,TAKEN_OUT
IL1R1,IL23R,unknown,Fake,6,,,TAKEN_OUT
IL1R1,BCL6,unknown,Fake,6,,,TAKEN_OUT
IL1R1,IL6R,unknown,Fake,6,,,TAKEN_OUT
IL1R1,IL35,unknown,Fake,6,,,TAKEN_OUT
IL1R1,IL25R,unknown,Fake,6,,,TAKEN_OUT
IL1R1,IL2R,unknown,Fake,6,,,TAKEN_OUT
IL1R1,CMAF,unknown,Fake,6,,,TAKEN_OUT
IL1R1,IFNG,unknown,Fake,6,,,TAKEN_OUT
IL1R1,IL1R1,unknown,Fake,6,,,TAKEN_OUT
IL1R1,IL10R,unknown,Fake,6,,,TAKEN_OUT
