index,Regulator,Target,Sign,Model,Classification,Confidence rank,Constraint,Notes
1668,HER3_2,AKT,positive,BL,indirect,2,,"Duplicated from original edge (HER3 -> AKT, Model=BL). Original note: causal effect mediated by PI3K, others"
1669,PTEN_2,AKT,negative,BL,indirect,2,,"Duplicated from original edge (PTEN -> AKT, Model=BL). Original note: causal effect mediated by PIP3"
1670,HER3_2,CyclinB1,positive,BL,indirect,2,,"Duplicated from original edge (HER3 -> CyclinB1, Model=BL). Original note: causal effect mediated by PI3K, AKT, MEK"
1671,AKT,CyclinD_2,positive,BL,indirect,2,,"Duplicated from original edge (AKT -> CyclinD, Model=BL). Original note: causal effect mediated by GSK3B"
1672,CyclinD,CyclinD_2,positive,BL,,0,necessary,Reaching a higher level necessitates achieving the lower level first.
1673,CyclinD_2,CyclinD,positive,BL,unsupported,-,,High-level should not activate low-level.
1674,CyclinD_2,CyclinD_2,positive,BL,unsupported,-,,This inferred self-regulation is not supported by experimental evidence of self-regulation or a positive feedback loop.
1675,ERK,CyclinD_2,positive,BL,indirect,2,,"Duplicated from original edge (ERK -> CyclinD, Model=BL). Original note: causal effect mediated by JUN and other transcription factors that upregulate CCND1 transcription."
1676,ERK_2,CyclinD,positive,BL,indirect,2,,"Duplicated from original edge (ERK -> CyclinD, Model=BL). Original note: causal effect mediated by JUN and other transcription factors that upregulate CCND1 transcription."
1677,ERK_2,CyclinD_2,positive,BL,indirect,2,,"Duplicated from original edge (ERK -> CyclinD, Model=BL). Original note: causal effect mediated by JUN and other transcription factors that upregulate CCND1 transcription."
1678,GSK3B,CyclinD_2,negative,BL,direct,1,,"Duplicated from original edge (GSK3B -> CyclinD, Model=BL). Original note: phosphorylation. GSK3B directly phosphorylates Cyclin D1 at Thr286, promoting its nuclear export and degradation."
1679,RPS6,CyclinD_2,positive,BL,indirect,2,,"Duplicated from original edge (RPS6 -> CyclinD, Model=BL). Original note: causal effect with unknown mediator(s). There is experimental evidence that the phosphorylation state/function of ribosomal protein S6 (RPS6) affects Cyclin D1 abundance."
1680,HER3,HER3_2,positive,BL,,0,necessary,Reaching a higher level necessitates achieving the lower level first.
1681,HER3_2,HER3,positive,BL,unsupported,-,,High-level should not activate low-level.
1682,HER3_2,HER3_2,positive,BL,unsupported,-,,"HER3 does not self-regulate. This inferred positive self-regulation contradicted by strong evidence of a negative feedback loop mediated by PI3K, AKT, and FOXO3."
1683,PTEN,HER3_2,negative,BL,indirect,2,,"Duplicated from original edge (PTEN -> HER3, Model=BL). Original note: causal effect; PTEN loss increased HER3 phosphorylation and enhanced HER3-dependent PI3K signaling. Likely mediated by AKT and FOXO3."
1684,PTEN_2,HER3,negative,BL,indirect,2,,"Duplicated from original edge (PTEN -> HER3, Model=BL). Original note: causal effect; PTEN loss increased HER3 phosphorylation and enhanced HER3-dependent PI3K signaling. Likely mediated by AKT and FOXO3."
1685,PTEN_2,HER3_2,negative,BL,indirect,2,,"Duplicated from original edge (PTEN -> HER3, Model=BL). Original note: causal effect; PTEN loss increased HER3 phosphorylation and enhanced HER3-dependent PI3K signaling. Likely mediated by AKT and FOXO3."
1686,RPS6,HER3_2,positive,BL,unsupported,-,,"Duplicated from original edge (RPS6 -> HER3, Model=BL). Original note: This proteomics-inferred edge is contradicted by the known negative mTORC1-to-HER3 feedback effect."
1687,erlotinib,HER3_2,negative,BL,indirect,2,,"Duplicated from original edge (erlotinib -> HER3, Model=BL). Original note: causal effect mediated by HER2 or another kinase"
1688,pertuzumab,HER3_2,negative,BL,replaced,,,"Duplicated from original edge (pertuzumab -> HER3, Model=BL). Original note: Pertuzumab does not act on HER3 but on the HER2-HER3 complex, which is a separate node. This edge is replaced by a Pertuzumab-| HER2HER3c edge."
1689,stimulus,HER3_2,positive,BL,correlation,3,,"Duplicated from original edge (stimulus -> HER3, Model=BL). Original note: This proteomics- inferred edge is consistent with evidence that growth factors in a growth medium lead to HER3 activation"
1690,ERK,ERK_2,positive,BL,,0,necessary,Reaching a higher level necessitates achieving the lower level first.
1691,ERK_2,ERK,positive,BL,unsupported,-,,High-level should not activate low-level.
1692,ERK_2,ERK_2,positive,BL,unsupported,-,,This proteomics- inferred self-regulation is contradicted by the fact that ERK activity is strongly self-limiting via negative feedback loops.
1693,RAF1,ERK_2,positive,BL,indirect,2,,"Duplicated from original edge (RAF1 -> ERK, Model=BL). Original note: causal effect mediated by MEK"
1694,RAF1_2,ERK,positive,BL,indirect,2,,"Duplicated from original edge (RAF1 -> ERK, Model=BL). Original note: causal effect mediated by MEK"
1695,RAF1_2,ERK_2,positive,BL,indirect,2,,"Duplicated from original edge (RAF1 -> ERK, Model=BL). Original note: causal effect mediated by MEK"
1696,CyclinD_2,GSK3B,positive,BL,unsupported,-,,"Duplicated from original edge (CyclinD -> GSK3B, Model=BL). Original note: This proteomics-inferred edge is contradicted by the fact that proliferative signaling tends to produce an anti-correlation of Cyclin D and GSK3B."
1697,GSK3B,PTEN_2,negative,BL,direct,1,,"Duplicated from original edge (GSK3B -> PTEN, Model=BL). Original note: phosphorylation. GSK3B phosphorylates PTEN, yielding reduced PTEN stability / enhanced PTEN degradation."
1698,PTEN,PTEN_2,positive,BL,,0,necessary,Reaching a higher level necessitates achieving the lower level first.
1699,PTEN_2,PTEN,positive,BL,unsupported,-,,High-level should not activate low-level.
1700,PTEN_2,PTEN_2,positive,BL,indirect,2,,"PTEN promotes its own stability via a positive feedback loop mediated by AKT, FOXO, USP11."
1701,CyclinD_2,RB,negative,BL,indirect,2,,"Duplicated from original edge (CyclinD -> RB, Model=BL). Original note: causal effect mediated by CYCLINDc"
1702,ERK_2,TSC2,negative,BL,direct in the network sense,1,,"Duplicated from original edge (ERK -> TSC2, Model=BL). Original note: ERK phosphorylates RSK, which phosphorylates TSC2 at inhibitory sites such as Ser1798. RSK is not in the network."
1703,EGFR,RAF1_2,positive,BL,indirect,2,,"Duplicated from original edge (EGFR -> RAF1, Model=BL). Original note: causal effect mediated by SOS/GRB and RAS"
1704,HER2,RAF1_2,positive,BL,indirect,2,,"Duplicated from original edge (HER2 -> RAF1, Model=BL). Original note: causal effect mediated by adaptor proteins and RAS"
1705,ERK,RAF1_2,negative,BL,direct,1,,"Duplicated from original edge (ERK -> RAF1, Model=BL). Original note: phosphorylation. ERK1/2 phosphorylates RAF1/C-RAF at inhibitory regulatory sites. These phosphorylations promote an inhbited RAF1 state."
1706,ERK_2,RAF1,negative,BL,direct,1,,"Duplicated from original edge (ERK -> RAF1, Model=BL). Original note: phosphorylation. ERK1/2 phosphorylates RAF1/C-RAF at inhibitory regulatory sites. These phosphorylations promote an inhbited RAF1 state."
1707,ERK_2,RAF1_2,negative,BL,direct,1,,"Duplicated from original edge (ERK -> RAF1, Model=BL). Original note: phosphorylation. ERK1/2 phosphorylates RAF1/C-RAF at inhibitory regulatory sites. These phosphorylations promote an inhbited RAF1 state."
1708,RAF1,RAF1_2,positive,BL,,0,necessary,Reaching a higher level necessitates achieving the lower level first.
1709,RAF1_2,RAF1,positive,BL,unsupported,-,,High-level should not activate low-level.
1710,RAF1_2,RAF1_2,positive,BL,unsupported,-,,This inferred self-activation is contradicted by the strongly supported RAF1 self-limiting circuit via MEK and ERK.
1711,PTEN_2,p53,positive,BL,direct,1,,"Duplicated from original edge (PTEN -> p53, Model=BL). Original note: protein-protein interaction. PTEN can physically bind p53 and stabilize it, increasing p53 half-life and transcriptional activity. PTEN also raises p53 indirectly through PI3K, AKT, MDM2."
1712,ERK_2,S6K,positive,BL,direct,1,,"Duplicated from original edge (ERK -> S6K, Model=BL). Original note: phosphorylation. ERK phosphorylates S6K, contributing to its activation"
1713,pertuzumab,HER2HER3c_2,negative,BL,direct,1,,"Duplicated from original edge (pertuzumab -> HER2HER3c, Model=BL). Original note: Replaces pertuzumab -| HER3. Pertuzumab inhibits HER3's ability to heterodimerize with HER2, thus it inhibits the HER2-HER3 complex."
1714,HER3_2,AKT,positive,BS,indirect,2,,"Duplicated from original edge (HER3 -> AKT, Model=BS). Original note: causal effect mediated by PI3K, others"
1715,HER3_2,HER2,positive,BS,replaced,,,"Duplicated from original edge (HER3 -> HER2, Model=BS). Original note: The HER2-HER3 heterodimer formation is represented with a separate HER2HER3c node. HER3 does not have any effect on HER2 outside of heterodimer formation. This edge is replaced by a HER3->HER2HER3c edge."
1716,HER3,HER3_2,positive,BS,,0,necessary,Reaching a higher level necessitates achieving the lower level first.
1717,HER3_2,HER3,positive,BS,unsupported,-,,High-level should not activate low-level.
1718,HER3_2,HER3_2,positive,BS,unsupported,-,,"HER3 does not self-regulate. This inferred positive self-regulation contradicted by strong evidence of a negative feedback loop mediated by PI3K, AKT, and FOXO3."
1719,NRG1,HER3_2,positive,BS,direct,1,,"Duplicated from original edge (NRG1 -> HER3, Model=BS). Original note: ligand-receptor binding"
1720,erlotinib,HER3_2,negative,BS,indirect,2,,"Duplicated from original edge (erlotinib -> HER3, Model=BS). Original note: causal effect mediated by HER2 or another kinase"
1721,pertuzumab,HER3_2,negative,BS,replaced,,,"Duplicated from original edge (pertuzumab -> HER3, Model=BS). Original note: Pertuzumab does not act on HER3 but on the HER2-HER3 complex, which is a separate node. This edge is replaced by a Pertuzumab-| HER2HER3c edge."
1722,EGF,ERK_2,positive,BS,indirect,2,,"Duplicated from original edge (EGF -> ERK, Model=BS). Original note: causal effect mediated by EGFR, RAS, RAF, MEK"
1723,ERK,ERK_2,positive,BS,,0,necessary,Reaching a higher level necessitates achieving the lower level first.
1724,ERK_2,ERK,positive,BS,unsupported,-,,High-level should not activate low-level.
1725,ERK_2,ERK_2,positive,BS,unsupported,-,,This proteomics- inferred self-regulation is contradicted by the fact that ERK activity is strongly self-limiting via negative feedback loops.
1726,MEK,ERK_2,positive,BS,direct,1,,"Duplicated from original edge (MEK -> ERK, Model=BS). Original note: phosphorylation. MEK1/2 directly binds and phosphorylates ERK1/2, activating its kinase activity."
1727,MEK_2,ERK,positive,BS,direct,1,,"Duplicated from original edge (MEK -> ERK, Model=BS). Original note: phosphorylation. MEK1/2 directly binds and phosphorylates ERK1/2, activating its kinase activity."
1728,MEK_2,ERK_2,positive,BS,direct,1,,"Duplicated from original edge (MEK -> ERK, Model=BS). Original note: phosphorylation. MEK1/2 directly binds and phosphorylates ERK1/2, activating its kinase activity."
1729,pertuzumab,ERK_2,positive,BS,indirect,2,,"Duplicated from original edge (pertuzumab -> ERK, Model=BS). Original note: causal effect. Inhibition of MAPK signaling is an established downstream consequence of pertuzumab-mediated HER2 blockade"
1730,EGFR,MEK_2,positive,BS,indirect,2,,"Duplicated from original edge (EGFR -> MEK, Model=BS). Original note: causal effect mediated by RAS, RAF"
1731,HER2,MEK_2,positive,BS,indirect,2,,"Duplicated from original edge (HER2 -> MEK, Model=BS). Original note: causal effect mediated by RAS, RAF"
1732,HER3,MEK_2,positive,BS,indirect,2,,"Duplicated from original edge (HER3 -> MEK, Model=BS). Original note: causal effect mediated by HER2HER3c, RAS, RAF"
1733,HER3_2,MEK,positive,BS,indirect,2,,"Duplicated from original edge (HER3 -> MEK, Model=BS). Original note: causal effect mediated by HER2HER3c, RAS, RAF"
1734,HER3_2,MEK_2,positive,BS,indirect,2,,"Duplicated from original edge (HER3 -> MEK, Model=BS). Original note: causal effect mediated by HER2HER3c, RAS, RAF"
1735,MEK,MEK_2,positive,BS,,0,necessary,Reaching a higher level necessitates achieving the lower level first.
1736,MEK_2,MEK,positive,BS,unsupported,-,,High-level should not activate low-level.
1737,MEK_2,MEK_2,positive,BS,unsupported,-,,This inferred self-regulation is contradicted by evidence of a negative feedback regulation of MEK: ERK phosphorylates MEK1 at Thr292; disruption of this feedback produces increased and prolonged MEK2 and ERK phosphorylation.
1738,HER3_2,PDK1_pm,positive,BS,indirect,2,,"Duplicated from original edge (HER3 -> PDK1_pm, Model=BS). Original note: causal effect mediated by PI3K, PIP3"
1739,MEK_2,PDK1_pm,positive,BS,unsupported,-,,"Duplicated from original edge (MEK -> PDK1_pm, Model=BS). Original note: This inferred edge is contradicted by evidence that a MEK inhibitor did not affect PDK1 phosphorylation."
1740,HER3_2,PLCg,positive,BS,assumption,4,,"Duplicated from original edge (HER3 -> PLCg, Model=BS). Original note: There is evidence for binding but no evidence of a functional effect. Any indirect relationship would need to involve HER2, but there is no causal or mechanistic evidence."
1741,ERK_2,S6K,positive,BS,direct,1,,"Duplicated from original edge (ERK -> S6K, Model=BS). Original note: phosphorylation. ERK phosphorylates S6K, contributing to its activation"
1742,HER3,HER2HER3c_2,positive,BS,,0,,"Duplicated from original edge (HER3 -> HER2HER3c, Model=BS). Original note: Replaces HER3 -> HER2. This edge represents HER3's participation in the HER2HER3c heterodimer complex."
1743,HER3_2,HER2HER3c,positive,BS,,0,,"Duplicated from original edge (HER3 -> HER2HER3c, Model=BS). Original note: Replaces HER3 -> HER2. This edge represents HER3's participation in the HER2HER3c heterodimer complex."
1744,HER3_2,HER2HER3c_2,positive,BS,,0,,"Duplicated from original edge (HER3 -> HER2HER3c, Model=BS). Original note: Replaces HER3 -> HER2. This edge represents HER3's participation in the HER2HER3c heterodimer complex."
1745,pertuzumab,HER2HER3c_2,negative,BS,direct,1,,"Duplicated from original edge (pertuzumab -> HER2HER3c, Model=BS). Original note: Replaces pertuzumab -| HER3. Pertuzumab inhibits HER3's ability to heterodimerize with HER2, thus it inhibits the HER2-HER3 complex."
1746,HER3_2,AKT,positive,HL,indirect,2,,"Duplicated from original edge (HER3 -> AKT, Model=HL). Original note: causal effect mediated by PI3K, others"
1747,PTEN_2,AKT,negative,HL,indirect,2,,"Duplicated from original edge (PTEN -> AKT, Model=HL). Original note: causal effect mediated by PIP3"
1748,AKT,CyclinD_2,positive,HL,indirect,2,,"Duplicated from original edge (AKT -> CyclinD, Model=HL). Original note: causal effect mediated by GSK3B"
1749,CyclinD,CyclinD_2,positive,HL,,0,necessary,Reaching a higher level necessitates achieving the lower level first.
1750,CyclinD_2,CyclinD,positive,HL,unsupported,-,,High-level should not activate low-level.
1751,CyclinD_2,CyclinD_2,positive,HL,unsupported,-,,This inferred self-regulation is not supported by experimental evidence of self-regulation or a positive feedback loop.
1752,ERK,CyclinD_2,positive,HL,indirect,2,,"Duplicated from original edge (ERK -> CyclinD, Model=HL). Original note: causal effect mediated by JUN and other transcription factors that upregulate CCND1 transcription."
1753,ERK_2,CyclinD,positive,HL,indirect,2,,"Duplicated from original edge (ERK -> CyclinD, Model=HL). Original note: causal effect mediated by JUN and other transcription factors that upregulate CCND1 transcription."
1754,ERK_2,CyclinD_2,positive,HL,indirect,2,,"Duplicated from original edge (ERK -> CyclinD, Model=HL). Original note: causal effect mediated by JUN and other transcription factors that upregulate CCND1 transcription."
1755,JUN,CyclinD_2,positive,HL,direct,1,,"Duplicated from original edge (JUN -> CyclinD, Model=HL). Original note: regulation of transcription. c-JUN is part of the AP-1 transcription factor complex and directly binds an AP-1-responsive element in the CCND1 promoter, promoting Cyclin D1 transcription."
1756,S6K,CyclinD_2,positive,HL,indirect,2,,"Duplicated from original edge (S6K -> CyclinD, Model=HL). Original note: causal effect on the translation of Cyclin D, mediated by EIF4"
1757,HER3_2,EGFR,positive,HL,direct,1,,"Duplicated from original edge (HER3 -> EGFR, Model=HL). Original note: protein-protein interaction; heterodimerization activates EGFR"
1758,HER3,HER3_2,positive,HL,,0,necessary,Reaching a higher level necessitates achieving the lower level first.
1759,HER3_2,HER3,positive,HL,unsupported,-,,High-level should not activate low-level.
1760,HER3_2,HER3_2,positive,HL,unsupported,-,,"HER3 does not self-regulate. This inferred positive self-regulation contradicted by strong evidence of a negative feedback loop mediated by PI3K, AKT, and FOXO3."
1761,RPS6,HER3_2,positive,HL,unsupported,-,,"Duplicated from original edge (RPS6 -> HER3, Model=HL). Original note: This proteomics-inferred edge is contradicted by the known negative mTORC1-to-HER3 feedback effect."
1762,erlotinib,HER3_2,negative,HL,indirect,2,,"Duplicated from original edge (erlotinib -> HER3, Model=HL). Original note: causal effect mediated by HER2 or another kinase"
1763,pertuzumab,HER3_2,negative,HL,replaced,,,"Duplicated from original edge (pertuzumab -> HER3, Model=HL). Original note: Pertuzumab does not act on HER3 but on the HER2-HER3 complex, which is a separate node. This edge is replaced by a Pertuzumab-| HER2HER3c edge."
1764,stimulus,HER3_2,positive,HL,correlation,3,,"Duplicated from original edge (stimulus -> HER3, Model=HL). Original note: This proteomics-inferred edge is consistent with evidence that growth factors in a growth medium lead to HER3 activation"
1765,EGFR,ERK_2,positive,HL,indirect,2,,"Duplicated from original edge (EGFR -> ERK, Model=HL). Original note: causal effect mediated by SOS/GRB, RAS, RAF, MEK"
1766,ERK,ERK_2,positive,HL,,0,necessary,Reaching a higher level necessitates achieving the lower level first.
1767,ERK_2,ERK,positive,HL,unsupported,-,,High-level should not activate low-level.
1768,ERK_2,ERK_2,positive,HL,unsupported,-,,This proteomics- inferred self-regulation is contradicted by the fact that ERK activity is strongly self-limiting via negative feedback loops.
1769,RAF1,ERK_2,positive,HL,indirect,2,,"Duplicated from original edge (RAF1 -> ERK, Model=HL). Original note: causal effect mediated by MEK"
1770,RAF1_2,ERK,positive,HL,indirect,2,,"Duplicated from original edge (RAF1 -> ERK, Model=HL). Original note: causal effect mediated by MEK"
1771,RAF1_2,ERK_2,positive,HL,indirect,2,,"Duplicated from original edge (RAF1 -> ERK, Model=HL). Original note: causal effect mediated by MEK"
1772,GSK3B,PTEN_2,negative,HL,direct,1,,"Duplicated from original edge (GSK3B -> PTEN, Model=HL). Original note: phosphorylation. GSK3B phosphorylates PTEN, yielding reduced PTEN stability / enhanced PTEN degradation."
1773,PTEN,PTEN_2,positive,HL,,0,necessary,Reaching a higher level necessitates achieving the lower level first.
1774,PTEN_2,PTEN,positive,HL,unsupported,-,,High-level should not activate low-level.
1775,PTEN_2,PTEN_2,positive,HL,indirect,2,,"PTEN promotes its own stability via a positive feedback loop mediated by AKT, FOXO, USP11."
1776,RAF1,PTEN_2,positive,HL,unsupported,-,,"Duplicated from original edge (RAF1 -> PTEN, Model=HL). Original note: This inferred edge is contradicted by the observation that MEK inhibition can increase PTEN expression, while constitutive MAPK signaling is associated with reduced PTEN."
1777,RAF1_2,PTEN,positive,HL,unsupported,-,,"Duplicated from original edge (RAF1 -> PTEN, Model=HL). Original note: This inferred edge is contradicted by the observation that MEK inhibition can increase PTEN expression, while constitutive MAPK signaling is associated with reduced PTEN."
1778,RAF1_2,PTEN_2,positive,HL,unsupported,-,,"Duplicated from original edge (RAF1 -> PTEN, Model=HL). Original note: This inferred edge is contradicted by the observation that MEK inhibition can increase PTEN expression, while constitutive MAPK signaling is associated with reduced PTEN."
1779,ERK_2,TSC2,negative,HL,direct in the network sense,1,,"Duplicated from original edge (ERK -> TSC2, Model=HL). Original note: ERK phosphorylates RSK, which phosphorylates TSC2 at inhibitory sites such as Ser1798. RSK is not in the network."
1780,EGFR,RAF1_2,positive,HL,indirect,2,,"Duplicated from original edge (EGFR -> RAF1, Model=HL). Original note: causal effect mediated by SOS/GRB and RAS"
1781,HER2,RAF1_2,positive,HL,indirect,2,,"Duplicated from original edge (HER2 -> RAF1, Model=HL). Original note: causal effect mediated by adaptor proteins and RAS"
1782,ERK,RAF1_2,negative,HL,direct,1,,"Duplicated from original edge (ERK -> RAF1, Model=HL). Original note: phosphorylation. ERK1/2 phosphorylates RAF1/C-RAF at inhibitory regulatory sites. These phosphorylations promote an inhbited RAF1 state."
1783,ERK_2,RAF1,negative,HL,direct,1,,"Duplicated from original edge (ERK -> RAF1, Model=HL). Original note: phosphorylation. ERK1/2 phosphorylates RAF1/C-RAF at inhibitory regulatory sites. These phosphorylations promote an inhbited RAF1 state."
1784,ERK_2,RAF1_2,negative,HL,direct,1,,"Duplicated from original edge (ERK -> RAF1, Model=HL). Original note: phosphorylation. ERK1/2 phosphorylates RAF1/C-RAF at inhibitory regulatory sites. These phosphorylations promote an inhbited RAF1 state."
1785,RAF1,RAF1_2,positive,HL,,0,necessary,Reaching a higher level necessitates achieving the lower level first.
1786,RAF1_2,RAF1,positive,HL,unsupported,-,,High-level should not activate low-level.
1787,RAF1_2,RAF1_2,positive,HL,unsupported,-,,This inferred self-activation is contradicted by the strongly supported RAF1 self-limiting circuit via MEK and ERK.
1788,ERK_2,S6K,positive,HL,direct,1,,"Duplicated from original edge (ERK -> S6K, Model=HL). Original note: phosphorylation. ERK phosphorylates S6K, contributing to its activation"
1789,pertuzumab,HER2HER3c_2,negative,HL,direct,1,,"Duplicated from original edge (pertuzumab -> HER2HER3c, Model=HL). Original note: Replaces pertuzumab -| HER3. Pertuzumab inhibits HER3's ability to heterodimerize with HER2, thus it inhibits the HER2-HER3 complex."
1790,HER3_2,AKT,positive,HS,indirect,2,,"Duplicated from original edge (HER3 -> AKT, Model=HS). Original note: causal effect mediated by PI3K, others"
1791,HER3,HER3_2,positive,HS,,0,necessary,Reaching a higher level necessitates achieving the lower level first.
1792,HER3_2,HER3,positive,HS,unsupported,-,,High-level should not activate low-level.
1793,HER3_2,HER3_2,positive,HS,unsupported,-,,"HER3 does not self-regulate. This inferred positive self-regulation contradicted by strong evidence of a negative feedback loop mediated by PI3K, AKT, and FOXO3."
1794,ERK,HER3_2,positive,HS,unsupported,-,,"Duplicated from original edge (ERK -> HER3, Model=HS). Original note: there is no evidence for a positive relationship; a negative feedback effect is known"
1795,ERK_2,HER3,positive,HS,unsupported,-,,"Duplicated from original edge (ERK -> HER3, Model=HS). Original note: there is no evidence for a positive relationship; a negative feedback effect is known"
1796,ERK_2,HER3_2,positive,HS,unsupported,-,,"Duplicated from original edge (ERK -> HER3, Model=HS). Original note: there is no evidence for a positive relationship; a negative feedback effect is known"
1797,NRG1,HER3_2,positive,HS,direct,1,,"Duplicated from original edge (NRG1 -> HER3, Model=HS). Original note: ligand-receptor binding"
1798,erlotinib,HER3_2,negative,HS,indirect,2,,"Duplicated from original edge (erlotinib -> HER3, Model=HS). Original note: causal effect mediated by HER2 or another kinase"
1799,pertuzumab,HER3_2,negative,HS,replaced,,,"Duplicated from original edge (pertuzumab -> HER3, Model=HS). Original note: Pertuzumab does not act on HER3 but on the HER2-HER3 complex, which is a separate node. This edge is replaced by a Pertuzumab-| HER2HER3c edge."
1800,ERK,ERK_2,positive,HS,,0,necessary,Reaching a higher level necessitates achieving the lower level first.
1801,ERK_2,ERK,positive,HS,unsupported,-,,High-level should not activate low-level.
1802,ERK_2,ERK_2,positive,HS,unsupported,-,,This proteomics- inferred self-regulation is contradicted by the fact that ERK activity is strongly self-limiting via negative feedback loops.
1803,MEK,ERK_2,positive,HS,direct,1,,"Duplicated from original edge (MEK -> ERK, Model=HS). Original note: phosphorylation. MEK1/2 directly binds and phosphorylates ERK1/2, activating its kinase activity."
1804,MEK_2,ERK,positive,HS,direct,1,,"Duplicated from original edge (MEK -> ERK, Model=HS). Original note: phosphorylation. MEK1/2 directly binds and phosphorylates ERK1/2, activating its kinase activity."
1805,MEK_2,ERK_2,positive,HS,direct,1,,"Duplicated from original edge (MEK -> ERK, Model=HS). Original note: phosphorylation. MEK1/2 directly binds and phosphorylates ERK1/2, activating its kinase activity."
1806,EGFR,MEK_2,positive,HS,indirect,2,,"Duplicated from original edge (EGFR -> MEK, Model=HS). Original note: causal effect mediated by RAS, RAF"
1807,HER2,MEK_2,positive,HS,indirect,2,,"Duplicated from original edge (HER2 -> MEK, Model=HS). Original note: causal effect mediated by RAS, RAF"
1808,HER3,MEK_2,positive,HS,indirect,2,,"Duplicated from original edge (HER3 -> MEK, Model=HS). Original note: causal effect mediated by HER2HER3c, RAS, RAF"
1809,HER3_2,MEK,positive,HS,indirect,2,,"Duplicated from original edge (HER3 -> MEK, Model=HS). Original note: causal effect mediated by HER2HER3c, RAS, RAF"
1810,HER3_2,MEK_2,positive,HS,indirect,2,,"Duplicated from original edge (HER3 -> MEK, Model=HS). Original note: causal effect mediated by HER2HER3c, RAS, RAF"
1811,MEK,MEK_2,positive,HS,,0,necessary,Reaching a higher level necessitates achieving the lower level first.
1812,MEK_2,MEK,positive,HS,unsupported,-,,High-level should not activate low-level.
1813,MEK_2,MEK_2,positive,HS,unsupported,-,,This inferred self-regulation is contradicted by evidence of a negative feedback regulation of MEK: ERK phosphorylates MEK1 at Thr292; disruption of this feedback produces increased and prolonged MEK2 and ERK phosphorylation.
1814,PDK1_pm,MEK_2,positive,HS,direct,1,,"Duplicated from original edge (PDK1_pm -> MEK, Model=HS). Original note: phosphorylation. PDK1 phosphorylates MEK1 and MEK2"
1815,HER3_2,PDK1_pm,positive,HS,indirect,2,,"Duplicated from original edge (HER3 -> PDK1_pm, Model=HS). Original note: causal effect mediated by PI3K, PIP3"
1816,HER3_2,PLCg,positive,HS,assumption,4,,"Duplicated from original edge (HER3 -> PLCg, Model=HS). Original note: There is evidence for binding but no evidence of a functional effect. Any indirect relationship would need to involve HER2, but there is no causal or mechanistic evidence."
1817,ERK_2,S6K,positive,HS,direct,1,,"Duplicated from original edge (ERK -> S6K, Model=HS). Original note: phosphorylation. ERK phosphorylates S6K, contributing to its activation"
1818,pertuzumab,HER2HER3c_2,negative,HS,direct,1,,"Duplicated from original edge (pertuzumab -> HER2HER3c, Model=HS). Original note: Replaces pertuzumab -| HER3. Pertuzumab inhibits HER3's ability to heterodimerize with HER2, thus it inhibits the HER2-HER3 complex."
1819,IGF1R_2,AKT,positive,MCF7,indirect,2,,"Duplicated from original edge (IGF1R -> AKT, Model=MCF7). Original note: causal effect mediated by IRS1, PI3K"
1820,PIP3_2,AKT,positive,MCF7,direct,1,,"Duplicated from original edge (PIP3 -> AKT, Model=MCF7). Original note: protein-protein interaction. PIP3 directly binds the PH domain of AKT, recruiting AKT to the plasma membrane and inducing conformational changes that expose its activating phosphorylation sites"
1821,ERK_2,BAD,negative,MCF7,direct in the network sense,1,,"Duplicated from original edge (ERK -> BAD, Model=MCF7). Original note: phosphorylation. ERK1/2 phosphorylate RSK, which phosphorylates BAD, which leads to its sequestration by 14-3-3 proteins, making it unable to inhibit BCLXL, BCL2. RSK is not in the network."
1822,ERK_2,BCL2,positive,MCF7,direct,1,,"Duplicated from original edge (ERK -> BCL2, Model=MCF7). Original note: phosphorylation. ERK1/2 phosphorylate BCL2 at Ser70. This phosphorylation enhances BCL2's anti-apoptotic function."
1823,ERK_2,CASP8,negative,MCF7,direct,1,,"Duplicated from original edge (ERK -> CASP8, Model=MCF7). Original note: phosphorylation. Active ERK1/2 directly phosphorylates procaspase-8 at Ser387, and this phosphorylation inhibits caspase-8 activation/processing."
1824,ERK_2,CASP9,negative,MCF7,direct,1,,"Duplicated from original edge (ERK -> CASP9, Model=MCF7). Original note: phosphorylation. ERK1/2 directly binds and phosphorylates caspase-9 at Thr125, inhibiting its activation/activity."
1825,MYC_2,CDKN2A,negative,MCF7,indirect,2,,"Duplicated from original edge (MYC -> CDKN2A, Model=MCF7). Original note: causal effect. MYC can suppress the p16/RB senescence program in proliferating cells through several mechanisms, and MYC loss can lead to increased p16 expression and senescence."
1826,PTEN_2,CREB1,negative,MCF7,direct,1,,"Duplicated from original edge (PTEN -> CREB1, Model=MCF7). Original note: dephosphorylation. Nuclear PTEN dephosphorylates CREB at Ser133, which decreases its transcriptional activity."
1827,CDKN2A,CYCLINDc_2,negative,MCF7,direct,1,,"Duplicated from original edge (CDKN2A -> CYCLINDc, Model=MCF7). Original note: protein-protein interaction. CDKN2A (p16INK4A)  binds CDK4 and CDK6 and prevents/antagonizes formation of functional Cyclin D–CDK4/6 complexes."
1828,EIF4,CYCLINDc_2,positive,MCF7,indirect,2,,"Duplicated from original edge (EIF4 -> CYCLINDc, Model=MCF7). Original note: causal effect: eIF4E promotes both Cyclin D1 mRNA export and cap-dependent translation; experimentally increasing eIF4E increases Cyclin D1 protein, thus more CyclinDc complex can be formed."
1829,ESR1,CYCLINDc_2,positive,MCF7,indirect,2,,"Duplicated from original edge (ESR1 -> CYCLINDc, Model=MCF7). Original note: causal effect. Estrogen-activated ERα promotes CCND1 transcription; this allows increased CYCLINDc formation."
1830,ESR1_2,CYCLINDc,positive,MCF7,indirect,2,,"Duplicated from original edge (ESR1 -> CYCLINDc, Model=MCF7). Original note: causal effect. Estrogen-activated ERα promotes CCND1 transcription; this allows increased CYCLINDc formation."
1831,ESR1_2,CYCLINDc_2,positive,MCF7,indirect,2,,"Duplicated from original edge (ESR1 -> CYCLINDc, Model=MCF7). Original note: causal effect. Estrogen-activated ERα promotes CCND1 transcription; this allows increased CYCLINDc formation."
1832,FOXO3,CYCLINDc_2,positive,MCF7,unsupported,-,,"Duplicated from original edge (FOXO3 -> CYCLINDc, Model=MCF7). Original note: This assumed edge is not supported by evidence. Instead, there is an indirect negative effect mediated by p27."
1833,GSK3B,CYCLINDc_2,negative,MCF7,indirect,2,,"Duplicated from original edge (GSK3B -> CYCLINDc, Model=MCF7). Original note: causal effect. GSK3B promotes the nuclear export and degradation of CyclinD1, thus less cyclin-CDK complex CYCLINDc can be formed."
1834,IGF1,CYCLINDc_2,positive,MCF7,indirect,2,,"Duplicated from original edge (IGF1 -> CYCLINDc, Model=MCF7). Original note: causal effect mediated by IGFR, PI3K, ERK"
1835,KMT2D,CYCLINDc_2,positive,MCF7,indirect,2,,"Duplicated from original edge (KMT2D -> CYCLINDc, Model=MCF7). Original note: causal effect. KMT2D is a histone methyltransferase complex that helps recruit FOXA1, PBX1, and ERα/ESR1 to chromatin. It participates this way in the transcriptional regulation of Cyclin D1, the cyclin component of CyclinDc."
1836,MYC,CYCLINDc_2,positive,MCF7,indirect,2,,"Duplicated from original edge (MYC -> CYCLINDc, Model=MCF7). Original note: causal effect. c-MYC activates CDK4 transcription, thus leading to more CYCLINDc formation."
1837,MYC_2,CYCLINDc,positive,MCF7,indirect,2,,"Duplicated from original edge (MYC -> CYCLINDc, Model=MCF7). Original note: causal effect. c-MYC activates CDK4 transcription, thus leading to more CYCLINDc formation."
1838,MYC_2,CYCLINDc_2,positive,MCF7,indirect,2,,"Duplicated from original edge (MYC -> CYCLINDc, Model=MCF7). Original note: causal effect. c-MYC activates CDK4 transcription, thus leading to more CYCLINDc formation."
1839,NRG1,CYCLINDc_2,positive,MCF7,indirect,2,,"Duplicated from original edge (NRG1 -> CYCLINDc, Model=MCF7). Original note: causal effect mediated by HER3, PI3K, others"
1840,p21,CYCLINDc_2,negative,MCF7,unsupported,-,,"Duplicated from original edge (p21 -> CYCLINDc, Model=MCF7). Original note: This assumed edge is contradicted by evidence that p21 (and p27) can serve as an assembly factor for Cyclin D–CDK4/6 and facilitate nuclear localization.  p21-bound Cyclin D–CDK complexes can retain their kinase activity."
1841,TCF7L2,CYCLINDc_2,positive,MCF7,indirect,2,,"Duplicated from original edge (TCF7L2 -> CYCLINDc, Model=MCF7). Original note: Causal effect mediated by β-catenin/TCF complexes activating CCND1 transcription, which then yields more CYCLINDc."
1842,TEAD1,CYCLINDc_2,positive,MCF7,indirect,2,,"Duplicated from original edge (TEAD1 -> CYCLINDc, Model=MCF7). Original note: causal effect. TEAD-containing YAP/TAZ transcriptional complex binds CCND1 regulatory DNA, leading to increased CCND1 transcription, which then allows more CYCLINDc complex formation."
1843,RB,E2F_2,negative,MCF7,direct,1,,"Duplicated from original edge (RB -> E2F, Model=MCF7). Original note: protein-protein interaction. Hypophosphorylated RB physically binds activating E2Fs, especially E2F1–3, through its pocket and C-terminal domains and directly suppresses their transcriptional activity."
1844,RB,E2F_3,negative,MCF7,direct,1,,"Duplicated from original edge (RB -> E2F, Model=MCF7). Original note: protein-protein interaction. Hypophosphorylated RB physically binds activating E2Fs, especially E2F1–3, through its pocket and C-terminal domains and directly suppresses their transcriptional activity."
1845,HER3_2,EGFR,positive,MCF7,direct,1,,"Duplicated from original edge (HER3 -> EGFR, Model=MCF7). Original note: protein-protein interaction; heterodimerization activates EGFR"
1846,MEK_2,EGFR,negative,MCF7,indirect,2,,"Duplicated from original edge (MEK -> EGFR, Model=MCF7). Original note: causal effect mediated by ERK"
1847,MEK,ERK_2,positive,MCF7,direct,1,,"Duplicated from original edge (MEK -> ERK, Model=MCF7). Original note: phosphorylation. MEK1/2 directly binds and phosphorylates ERK1/2, activating its kinase activity."
1848,MEK_2,ERK,positive,MCF7,direct,1,,"Duplicated from original edge (MEK -> ERK, Model=MCF7). Original note: phosphorylation. MEK1/2 directly binds and phosphorylates ERK1/2, activating its kinase activity."
1849,MEK_2,ERK_2,positive,MCF7,direct,1,,"Duplicated from original edge (MEK -> ERK, Model=MCF7). Original note: phosphorylation. MEK1/2 directly binds and phosphorylates ERK1/2, activating its kinase activity."
1850,AKT,ESR1_2,positive,MCF7,direct,1,,"Duplicated from original edge (AKT -> ESR1, Model=MCF7). Original note: phosphorylation. Activated AKT phosphorylates ERα (ESR1 protein) at Ser167, and this phosphorylation increases ERα transcriptional activity."
1851,ES,ESR1_2,positive,MCF7,direct,1,,"Duplicated from original edge (ES -> ESR1, Model=MCF7). Original note: ligand-receptor binding"
1852,FOXO3,ESR1_2,positive,MCF7,direct,1,,"Duplicated from original edge (FOXO3 -> ESR1, Model=MCF7). Original note: regulation of transcription. FOXO3a directly binds regulatory sites in the ESR1 (ERα) promoter and increases ESR1 transcription"
1853,KMT2D,ESR1_2,positive,MCF7,unsupported,-,,"Duplicated from original edge (KMT2D -> ESR1, Model=MCF7). Original note: KMT2D helps establish chromatin conditions that permit recruitment/occupancy of ERα, but it does not affect ESR1 itself."
1854,PGR,ESR1_2,positive,MCF7,unsupported,-,,"Duplicated from original edge (PGR -> ESR1, Model=MCF7). Original note: Only the ligand-free progesterone receptor has a positive effect on ESR1. The ligand-bound PGR binds ESR1 and redirects ERα chromatin binding and transcriptional activity."
1855,ERK_2,GSK3B,negative,MCF7,direct in the network sense,1,,"Duplicated from original edge (ERK -> GSK3B, Model=MCF7). Original note: phosphorylation. ERK binds GSK3β and phosphorylates it and primes it for subsequent Ser9 phosphorylation by RSK, which then inhibits GSK3β activity. RSK itself is activated by ERK. RSK is not part of the model."
1856,HER3_2,HER2,positive,MCF7,replaced,,,"Duplicated from original edge (HER3 -> HER2, Model=MCF7). Original note: The HER2-HER3 heterodimer formation is represented with a separate HER2HER3c node. HER3 does not have any effect on HER2 outside of heterodimer formation. This edge is replaced by a HER3->HER2HER3c edge."
1857,HER2,HER3_2,positive,MCF7,replaced,,,"Duplicated from original edge (HER2 -> HER3, Model=MCF7). Original note: The effect of HER2 on HER3 is through HER2-HER3 heterodimer formation, which is represented by the HER2HER3c node. This edge is replaced by a HER2->HER2HER3c edge."
1858,NRG1,HER3_2,positive,MCF7,direct,1,,"Duplicated from original edge (NRG1 -> HER3, Model=MCF7). Original note: ligand-receptor binding"
1859,PIP3_2,HRAS,positive,MCF7,indirect,2,,"Duplicated from original edge (PIP3 -> HRAS, Model=MCF7). Original note: causal effect likely mediated by PIP3-responsive Ras regulatory complex/GEF"
1860,ESR1,IGF1R_2,positive,MCF7,indirect,2,,"Duplicated from original edge (ESR1 -> IGF1R, Model=MCF7). Original note: ERα binds regulatory regions of the IGF1R gene, often together with other transcription factors/cofactors. Estrogen/ER signaling increases IGF1R expression in ER-positive breast-cancer cells. Because there is a separate node denoting ER transcription regulatory activity, this edge is categorized indirect."
1861,ESR1_2,IGF1R,positive,MCF7,indirect,2,,"Duplicated from original edge (ESR1 -> IGF1R, Model=MCF7). Original note: ERα binds regulatory regions of the IGF1R gene, often together with other transcription factors/cofactors. Estrogen/ER signaling increases IGF1R expression in ER-positive breast-cancer cells. Because there is a separate node denoting ER transcription regulatory activity, this edge is categorized indirect."
1862,ESR1_2,IGF1R_2,positive,MCF7,indirect,2,,"Duplicated from original edge (ESR1 -> IGF1R, Model=MCF7). Original note: ERα binds regulatory regions of the IGF1R gene, often together with other transcription factors/cofactors. Estrogen/ER signaling increases IGF1R expression in ER-positive breast-cancer cells. Because there is a separate node denoting ER transcription regulatory activity, this edge is categorized indirect."
1863,FOXO3,IGF1R_2,positive,MCF7,indirect,2,,"Duplicated from original edge (FOXO3 -> IGF1R, Model=MCF7). Original note: causal effect. Activated FOXO3 increases IGF1R mRNA and protein expression, and FOXO knockdown decreases IGF1R expression. The exact mechanism is not known."
1864,IGF1,IGF1R_2,positive,MCF7,direct,1,,"Duplicated from original edge (IGF1 -> IGF1R, Model=MCF7). Original note: ligand-receptor binding. "
1865,INS,IGF1R_2,positive,MCF7,direct,1,,"Duplicated from original edge (INS -> IGF1R, Model=MCF7). Original note: ligand-receptor binding. Insulin can directly bind IGF1R and weakly activate its intrinsic tyrosine kinase."
1866,SRC,IGF1R_2,positive,MCF7,direct,1,,"Duplicated from original edge (SRC -> IGF1R, Model=MCF7). Original note: phosphorylation. SRC can induce ligand-independent IGF1R phosphorylation and activation."
1867,IGF1R_2,IRS1,positive,MCF7,direct,1,,"Duplicated from original edge (IGF1R -> IRS1, Model=MCF7). Original note: phosphorylation. Activated IGF1R physically recruits IRS1 and directly phosphorylates it on tyrosine residues, generating docking sites for SH2-domain-containing signaling proteins."
1868,ERK_2,JUN,positive,MCF7,indirect,2,,"Duplicated from original edge (ERK -> JUN, Model=MCF7). Original note: causal effect on JUN stability mediated by GSK3B, there also is an indirect effect on JUN transcription."
1869,ERK_2,LCK,positive,MCF7,unsupported,-,,"Duplicated from original edge (ERK -> LCK, Model=MCF7). Original note: ERK phosphorylate LCK at Ser59, but the literature describes this phosphorylation as inhibitory/modulatory, not activating."
1870,ERK_2,MCL1,positive,MCF7,direct,1,,"Duplicated from original edge (ERK -> MCL1, Model=MCF7). Original note: phosphorylation. ERK1/2 phosphorylates MCL1, which stabilizes MCL1 and increases its anti-apoptotic activity. ERK1/2 also has indirect effects on MCL1 transcription and translation."
1871,RAF1,MEK_2,positive,MCF7,direct,1,,"Duplicated from original edge (RAF1 -> MEK, Model=MCF7). Original note: phosphorylation. RAF1 (c-RAF) directly phosphorylates MEK1/2 (MAP2K1/2) on their activating serine residues. This activates MEK kinase activity."
1872,RAF1_2,MEK,positive,MCF7,direct,1,,"Duplicated from original edge (RAF1 -> MEK, Model=MCF7). Original note: phosphorylation. RAF1 (c-RAF) directly phosphorylates MEK1/2 (MAP2K1/2) on their activating serine residues. This activates MEK kinase activity."
1873,RAF1_2,MEK_2,positive,MCF7,direct,1,,"Duplicated from original edge (RAF1 -> MEK, Model=MCF7). Original note: phosphorylation. RAF1 (c-RAF) directly phosphorylates MEK1/2 (MAP2K1/2) on their activating serine residues. This activates MEK kinase activity."
1874,PIP3_2,mTORC2_pm,positive,MCF7,direct,1,,"Duplicated from original edge (PIP3 -> mTORC2_pm, Model=MCF7). Original note: protein-protein interaction. The SIN1/MAPKAP1 subunit of mTORC2 contains a PH domain that directly binds PIP3, recruiting mTORC2 to the plasma membrane and allowing it to phosphorylate substrates such as AKT. "
1875,CTNNB1,MYC_2,positive,MCF7,direct,1,,"Duplicated from original edge (CTNNB1 -> MYC, Model=MCF7). Original note: regulation of transcription. In canonical Wnt signaling, nuclear β-catenin forms a transcriptional complex with TCF/LEF factors, and this complex directly regulates MYC transcription through TCF-binding regulatory elements."
1876,EIF4,MYC_2,positive,MCF7,indirect,2,,"Duplicated from original edge (EIF4 -> MYC, Model=MCF7). Original note: causal effect mediated by the node Translation"
1877,ERK,MYC_2,positive,MCF7,direct,1,,"Duplicated from original edge (ERK -> MYC, Model=MCF7). Original note: phosphorylation. ERK1/2 directly phosphorylates MYC, which increases MYC protein stability and can enhance its transcriptional activity."
1878,ERK_2,MYC,positive,MCF7,direct,1,,"Duplicated from original edge (ERK -> MYC, Model=MCF7). Original note: phosphorylation. ERK1/2 directly phosphorylates MYC, which increases MYC protein stability and can enhance its transcriptional activity."
1879,ERK_2,MYC_2,positive,MCF7,direct,1,,"Duplicated from original edge (ERK -> MYC, Model=MCF7). Original note: phosphorylation. ERK1/2 directly phosphorylates MYC, which increases MYC protein stability and can enhance its transcriptional activity."
1880,ESR1,MYC_2,positive,MCF7,indirect,2,,"Duplicated from original edge (ESR1 -> MYC, Model=MCF7). Original note: ERα occupies regulatory elements associated with the MYC locus and induces MYC transcription. Because there is a separate node ER_transcription, which activates MYC, this edge is classified as indirect."
1881,ESR1_2,MYC,positive,MCF7,indirect,2,,"Duplicated from original edge (ESR1 -> MYC, Model=MCF7). Original note: ERα occupies regulatory elements associated with the MYC locus and induces MYC transcription. Because there is a separate node ER_transcription, which activates MYC, this edge is classified as indirect."
1882,ESR1_2,MYC_2,positive,MCF7,indirect,2,,"Duplicated from original edge (ESR1 -> MYC, Model=MCF7). Original note: ERα occupies regulatory elements associated with the MYC locus and induces MYC transcription. Because there is a separate node ER_transcription, which activates MYC, this edge is classified as indirect."
1883,FOXO3,MYC_2,positive,MCF7,unsupported,-,,"Duplicated from original edge (FOXO3 -> MYC, Model=MCF7). Original note: This edge is contradicted by multiple known indirect negative effects of FOXO3 on MYC, and by perturbation evidence that FOXO3 loss increases MYC target expression."
1884,GSK3B,MYC_2,negative,MCF7,direct,1,,"Duplicated from original edge (GSK3B -> MYC, Model=MCF7). Original note: phosphorylation. GSK3B directly phosphorylates MYC; phosphorylated Thr58 is recognized through the FBXW7 ubiquitin-ligase pathway, leading to ubiquitination and proteasomal degradation of MYC."
1885,IGF1,MYC_2,positive,MCF7,indirect,2,,"Duplicated from original edge (IGF1 -> MYC, Model=MCF7). Original note: causal effect mediated by multiple mechanisms that increase MYC abundance or activity"
1886,KMT2D,MYC_2,positive,MCF7,indirect,2,,"Duplicated from original edge (KMT2D -> MYC, Model=MCF7). Original note: causal effect mediated by ESR1, ER_transcription"
1887,NRG1,MYC_2,positive,MCF7,indirect,2,,"Duplicated from original edge (NRG1 -> MYC, Model=MCF7). Original note: causal effect mediated by HER2/HER3 and the MAPK pathway"
1888,PIM,MYC_2,positive,MCF7,direct,1,,"Duplicated from original edge (PIM -> MYC, Model=MCF7). Original note: phosphorylation. PIM kinases, especially PIM1, phosphorylate MYC, which increases MYC protein stability and transcriptional activity."
1889,STAT3,MYC_2,positive,MCF7,direct,1,,"Duplicated from original edge (STAT3 -> MYC, Model=MCF7). Original note: regulation of transcription. STAT3 binds a regulatory region of the MYC promoter overlapping an E2F site and promotes MYC transcription."
1890,ERK_2,p21,negative,MCF7,indirect,2,,"Duplicated from original edge (ERK -> p21, Model=MCF7). Original note: causal effect, mediated by MYC and possibly alternative mediators as well"
1891,MYC_2,p21,negative,MCF7,indirect,2,,"Duplicated from original edge (MYC -> p21, Model=MCF7). Original note: causal effect. MYC interacts with transcription factors already associated with the CDKN1A (p21) promoter, particularly MIZ1 (ZBTB17), represssing CDKN1A transcription. As there is a separate p21_T node in the Z21 model, this edge is indirect"
1892,IGF1R_2,PDK1_pm,positive,MCF7,indirect,2,,"Duplicated from original edge (IGF1R -> PDK1_pm, Model=MCF7). Original note: causal effect mediated by PI3K, PIP3"
1893,PIP3_2,PDK1_pm,positive,MCF7,direct,1,,"Duplicated from original edge (PIP3 -> PDK1_pm, Model=MCF7). Original note: protein-protein interaction. PIP3 recruits PDK1 to the plasma membrane."
1894,ERK_2,PGR,negative,MCF7,unsupported,-,,"Duplicated from original edge (ERK -> PGR, Model=MCF7). Original note: ERK phosphorylates of PRB at Ser294, and this makes PR more transcriptionally active, more nuclear, and more responsive to ligand, even though it also accelerates ligand-dependent receptor turnover."
1895,ESR1_2,PGR,negative,MCF7,unsupported,-,,"Duplicated from original edge (ESR1 -> PGR, Model=MCF7). Original note: Contrary to this assumption, ESR1 upregulates the transcription of PGR."
1896,EGFR,PI3K_2,positive,MCF7,direct,1,,"Duplicated from original edge (EGFR -> PI3K, Model=MCF7). Original note: protein-protein interaction.  Activated EGFR recruits the p85 regulatory subunit of class IA PI3K into a receptor-associated complex."
1897,ESR1,PI3K_2,positive,MCF7,direct,1,,"Duplicated from original edge (ESR1 -> PI3K, Model=MCF7). Original note: protein-protein interaction. The estrogen receptor ERα (ESR1) physically associates with the p85 regulatory subunit of PI3K."
1898,ESR1_2,PI3K,positive,MCF7,direct,1,,"Duplicated from original edge (ESR1 -> PI3K, Model=MCF7). Original note: protein-protein interaction. The estrogen receptor ERα (ESR1) physically associates with the p85 regulatory subunit of PI3K."
1899,ESR1_2,PI3K_2,positive,MCF7,direct,1,,"Duplicated from original edge (ESR1 -> PI3K, Model=MCF7). Original note: protein-protein interaction. The estrogen receptor ERα (ESR1) physically associates with the p85 regulatory subunit of PI3K."
1900,IGF1R,PI3K_2,positive,MCF7,indirect,2,,"Duplicated from original edge (IGF1R -> PI3K, Model=MCF7). Original note: causal effect mediated by IRS1"
1901,IGF1R_2,PI3K,positive,MCF7,indirect,2,,"Duplicated from original edge (IGF1R -> PI3K, Model=MCF7). Original note: causal effect mediated by IRS1"
1902,IGF1R_2,PI3K_2,positive,MCF7,indirect,2,,"Duplicated from original edge (IGF1R -> PI3K, Model=MCF7). Original note: causal effect mediated by IRS1"
1903,INSR,PI3K_2,positive,MCF7,indirect,2,,"Duplicated from original edge (INSR -> PI3K, Model=MCF7). Original note: causal effect mediated by IRS1"
1904,IRS1,PI3K_2,positive,MCF7,direct,1,,"Duplicated from original edge (IRS1 -> PI3K, Model=MCF7). Original note: protein-protein interaction. phosphorylated IRS1 proteins bind the p85 regulatory subunit of PI3K."
1905,RAS,PI3K_2,positive,MCF7,direct,1,,"Duplicated from original edge (RAS -> PI3K, Model=MCF7). Original note: protein-protein interaction. GTP-bound RAS binds the Ras-binding domain (RBD) of the p110 catalytic subunit of class I PI3K. This interaction promotes PI3K activation."
1906,RAS_2,PI3K,positive,MCF7,direct,1,,"Duplicated from original edge (RAS -> PI3K, Model=MCF7). Original note: protein-protein interaction. GTP-bound RAS binds the Ras-binding domain (RBD) of the p110 catalytic subunit of class I PI3K. This interaction promotes PI3K activation."
1907,RAS_2,PI3K_2,positive,MCF7,direct,1,,"Duplicated from original edge (RAS -> PI3K, Model=MCF7). Original note: protein-protein interaction. GTP-bound RAS binds the Ras-binding domain (RBD) of the p110 catalytic subunit of class I PI3K. This interaction promotes PI3K activation."
1908,RAS_3,PI3K,positive,MCF7,direct,1,,"Duplicated from original edge (RAS -> PI3K, Model=MCF7). Original note: protein-protein interaction. GTP-bound RAS binds the Ras-binding domain (RBD) of the p110 catalytic subunit of class I PI3K. This interaction promotes PI3K activation."
1909,RAS_3,PI3K_2,positive,MCF7,direct,1,,"Duplicated from original edge (RAS -> PI3K, Model=MCF7). Original note: protein-protein interaction. GTP-bound RAS binds the Ras-binding domain (RBD) of the p110 catalytic subunit of class I PI3K. This interaction promotes PI3K activation."
1910,PI3K,PIP3_2,positive,MCF7,direct,1,,"Duplicated from original edge (PI3K -> PIP3, Model=MCF7). Original note: PI3K catalyzes the reaction that produces PIP3."
1911,PI3K_2,PIP3,positive,MCF7,direct,1,,"Duplicated from original edge (PI3K -> PIP3, Model=MCF7). Original note: PI3K catalyzes the reaction that produces PIP3."
1912,PI3K_2,PIP3_2,positive,MCF7,direct,1,,"Duplicated from original edge (PI3K -> PIP3, Model=MCF7). Original note: PI3K catalyzes the reaction that produces PIP3."
1913,PTEN,PIP3_2,negative,MCF7,direct,1,,"Duplicated from original edge (PTEN -> PIP3, Model=MCF7). Original note: PTEN dephosphorylates PIP3"
1914,PTEN_2,PIP3,negative,MCF7,direct,1,,"Duplicated from original edge (PTEN -> PIP3, Model=MCF7). Original note: PTEN dephosphorylates PIP3"
1915,PTEN_2,PIP3_2,negative,MCF7,direct,1,,"Duplicated from original edge (PTEN -> PIP3, Model=MCF7). Original note: PTEN dephosphorylates PIP3"
1916,CYCLINDc_2,RB,negative,MCF7,indirect,2,,"Duplicated from original edge (CYCLINDc -> RB, Model=MCF7). Original note: The Cyclin D–CDK4/6 complex directly phosphorylates RB, which leads to a decrease in the hypophosphorylated RB. As pRB is a separate node of the network, we consider this edge indirect."
1917,S6K,PTEN_2,positive,MCF7,unsupported,-,,"Duplicated from original edge (S6K -> PTEN, Model=MCF7). Original note: There is no evidence to support a positive effect. Instead, there is evidence of a negative effect: mTOR/S6K signaling promotes PTEN phosphorylation at Thr366, which can increase PTEN ubiquitination and degradation."
1918,SRC,PTEN_2,negative,MCF7,indirect,2,,"Duplicated from original edge (SRC -> PTEN, Model=MCF7). Original note: causal effect. Src-family kinases inhibit PTEN function via an unknown mediator."
1919,PI3K_2,RAC1,positive,MCF7,indirect,2,,"Duplicated from original edge (PI3K -> RAC1, Model=MCF7). Original note: causal effect mediated by PIP3  and Rac guanine-nucleotide exchange factors"
1920,HRAS,RAF1_2,positive,MCF7,direct,1,,"Duplicated from original edge (HRAS -> RAF1, Model=MCF7). Original note: protein-protein interaction. GTP-bound HRAS directly binds RAF1 through RAF1's Ras-binding domain. This recruits RAF1 to the plasma membrane and promotes the conformational changes needed for RAF1 activation."
1921,RAS,RAF1_2,positive,MCF7,direct,1,,"Duplicated from original edge (RAS -> RAF1, Model=MCF7). Original note: protein-protein interaction. RAS-GTP directly binds RAF1 (c-RAF) through RAF1's RAS-binding domain and cysteine-rich domain. This recruits RAF1 to the plasma membrane and is an essential step in RAF1 activation."
1922,RAS_2,RAF1,positive,MCF7,direct,1,,"Duplicated from original edge (RAS -> RAF1, Model=MCF7). Original note: protein-protein interaction. RAS-GTP directly binds RAF1 (c-RAF) through RAF1's RAS-binding domain and cysteine-rich domain. This recruits RAF1 to the plasma membrane and is an essential step in RAF1 activation."
1923,RAS_2,RAF1_2,positive,MCF7,direct,1,,"Duplicated from original edge (RAS -> RAF1, Model=MCF7). Original note: protein-protein interaction. RAS-GTP directly binds RAF1 (c-RAF) through RAF1's RAS-binding domain and cysteine-rich domain. This recruits RAF1 to the plasma membrane and is an essential step in RAF1 activation."
1924,RAS_3,RAF1,positive,MCF7,direct,1,,"Duplicated from original edge (RAS -> RAF1, Model=MCF7). Original note: protein-protein interaction. RAS-GTP directly binds RAF1 (c-RAF) through RAF1's RAS-binding domain and cysteine-rich domain. This recruits RAF1 to the plasma membrane and is an essential step in RAF1 activation."
1925,RAS_3,RAF1_2,positive,MCF7,direct,1,,"Duplicated from original edge (RAS -> RAF1, Model=MCF7). Original note: protein-protein interaction. RAS-GTP directly binds RAF1 (c-RAF) through RAF1's RAS-binding domain and cysteine-rich domain. This recruits RAF1 to the plasma membrane and is an essential step in RAF1 activation."
1926,IGF1,RAS_2,positive,MCF7,indirect,2,,"Duplicated from original edge (IGF1 -> RAS, Model=MCF7). Original note: causal effect mediated by IGFR, SOS/GRB2"
1927,IGF1,RAS_3,positive,MCF7,indirect,2,,"Duplicated from original edge (IGF1 -> RAS, Model=MCF7). Original note: causal effect mediated by IGFR, SOS/GRB2"
1928,PIP3,RAS_2,positive,MCF7,assumption,4,,"Duplicated from original edge (PIP3 -> RAS, Model=MCF7). Original note: There is some evidence that PI3K signaling can enhance RAS activation, supporting this assumption."
1929,PIP3,RAS_3,positive,MCF7,assumption,4,,"Duplicated from original edge (PIP3 -> RAS, Model=MCF7). Original note: There is some evidence that PI3K signaling can enhance RAS activation, supporting this assumption."
1930,PIP3_2,RAS,positive,MCF7,assumption,4,,"Duplicated from original edge (PIP3 -> RAS, Model=MCF7). Original note: There is some evidence that PI3K signaling can enhance RAS activation, supporting this assumption."
1931,PIP3_2,RAS_2,positive,MCF7,assumption,4,,"Duplicated from original edge (PIP3 -> RAS, Model=MCF7). Original note: There is some evidence that PI3K signaling can enhance RAS activation, supporting this assumption."
1932,PIP3_2,RAS_3,positive,MCF7,assumption,4,,"Duplicated from original edge (PIP3 -> RAS, Model=MCF7). Original note: There is some evidence that PI3K signaling can enhance RAS activation, supporting this assumption."
1933,SOS1,RAS_2,positive,MCF7,direct,1,,"Duplicated from original edge (SOS1 -> RAS, Model=MCF7). Original note: protein-protein interaction. SOS1 directly binds RAS and acts as a guanine-nucleotide exchange factor (GEF), promoting release of GDP so that GTP can bind. This converts RAS into its active GTP-bound state."
1934,SOS1,RAS_3,positive,MCF7,direct,1,,"Duplicated from original edge (SOS1 -> RAS, Model=MCF7). Original note: protein-protein interaction. SOS1 directly binds RAS and acts as a guanine-nucleotide exchange factor (GEF), promoting release of GDP so that GTP can bind. This converts RAS into its active GTP-bound state."
1935,ERK_2,STK11,negative,MCF7,indirect,2,,"Duplicated from original edge (ERK -> STK11, Model=MCF7). Original note: causal effect, mediated by an unknown kinase."
1936,ERK_2,TSC2,negative,MCF7,direct in the network sense,1,,"Duplicated from original edge (ERK -> TSC2, Model=MCF7). Original note: ERK phosphorylates RSK, which phosphorylates TSC2 at inhibitory sites such as Ser1798. RSK is not in the network."
1937,ERK_2,TWIST1,positive,MCF7,direct,1,,"Duplicated from original edge (ERK -> TWIST1, Model=MCF7). Original note: phosphorylation. ERK1/2 phosphorylates TWIST1 at Ser68. This phosphorylation protects TWIST1 from ubiquitination and proteasomal degradation, increasing TWIST1 protein stability."
1938,HER2,HER2HER3c_2,positive,MCF7,,0,,"Duplicated from original edge (HER2 -> HER2HER3c, Model=MCF7). Original note: Replaces HER2 -> HER3. The effect of HER2 on HER3 is through HER2-HER3 heterodimer formation, which is represented by the HER2HER3c node."
1939,HER3,HER2HER3c_2,positive,MCF7,,0,,"Duplicated from original edge (HER3 -> HER2HER3c, Model=MCF7). Original note: Replaces HER3 -> HER2. The HER2-HER3 heterodimer formation is represented with a separate HER2HER3c node. HER3 does not have any effect on HER2 outside of heterodimer formation."
1940,HER3_2,HER2HER3c,positive,MCF7,,0,,"Duplicated from original edge (HER3 -> HER2HER3c, Model=MCF7). Original note: Replaces HER3 -> HER2. The HER2-HER3 heterodimer formation is represented with a separate HER2HER3c node. HER3 does not have any effect on HER2 outside of heterodimer formation."
1941,HER3_2,HER2HER3c_2,positive,MCF7,,0,,"Duplicated from original edge (HER3 -> HER2HER3c, Model=MCF7). Original note: Replaces HER3 -> HER2. The HER2-HER3 heterodimer formation is represented with a separate HER2HER3c node. HER3 does not have any effect on HER2 outside of heterodimer formation."
1942,HER3_2,AKT,positive,SL,indirect,2,,"Duplicated from original edge (HER3 -> AKT, Model=SL). Original note: causal effect mediated by PI3K, others"
1943,PTEN_2,AKT,negative,SL,indirect,2,,"Duplicated from original edge (PTEN -> AKT, Model=SL). Original note: causal effect mediated by PIP3"
1944,AKT,CyclinD_2,positive,SL,indirect,2,,"Duplicated from original edge (AKT -> CyclinD, Model=SL). Original note: causal effect mediated by GSK3B"
1945,CyclinD,CyclinD_2,positive,SL,,0,necessary,Reaching a higher level necessitates achieving the lower level first.
1946,CyclinD_2,CyclinD,positive,SL,unsupported,-,,High-level should not activate low-level.
1947,CyclinD_2,CyclinD_2,positive,SL,unsupported,-,,This inferred self-regulation is not supported by experimental evidence of self-regulation or a positive feedback loop.
1948,ERK,CyclinD_2,positive,SL,indirect,2,,"Duplicated from original edge (ERK -> CyclinD, Model=SL). Original note: causal effect mediated by JUN and other transcription factors that upregulate CCND1 transcription."
1949,ERK_2,CyclinD,positive,SL,indirect,2,,"Duplicated from original edge (ERK -> CyclinD, Model=SL). Original note: causal effect mediated by JUN and other transcription factors that upregulate CCND1 transcription."
1950,ERK_2,CyclinD_2,positive,SL,indirect,2,,"Duplicated from original edge (ERK -> CyclinD, Model=SL). Original note: causal effect mediated by JUN and other transcription factors that upregulate CCND1 transcription."
1951,GSK3B,CyclinD_2,negative,SL,direct,1,,"Duplicated from original edge (GSK3B -> CyclinD, Model=SL). Original note: phosphorylation. GSK3B directly phosphorylates Cyclin D1 at Thr286, promoting its nuclear export and degradation."
1952,PTEN,CyclinD_2,positive,SL,unsupported,-,,"Duplicated from original edge (PTEN -> CyclinD, Model=SL). Original note: This inferred edge is contradicted by the experimental observation that PTEN expression decreases Cyclin D1 levels and nuclear localization, contributing to G1 arrest."
1953,PTEN_2,CyclinD,positive,SL,unsupported,-,,"Duplicated from original edge (PTEN -> CyclinD, Model=SL). Original note: This inferred edge is contradicted by the experimental observation that PTEN expression decreases Cyclin D1 levels and nuclear localization, contributing to G1 arrest."
1954,PTEN_2,CyclinD_2,positive,SL,unsupported,-,,"Duplicated from original edge (PTEN -> CyclinD, Model=SL). Original note: This inferred edge is contradicted by the experimental observation that PTEN expression decreases Cyclin D1 levels and nuclear localization, contributing to G1 arrest."
1955,JUN,CyclinD_2,positive,SL,direct,1,,"Duplicated from original edge (JUN -> CyclinD, Model=SL). Original note: regulation of transcription. c-JUN is part of the AP-1 transcription factor complex and directly binds an AP-1-responsive element in the CCND1 promoter, promoting Cyclin D1 transcription."
1956,AKT,HER3_2,negative,SL,indirect,2,,"Duplicated from original edge (AKT -> HER3, Model=SL). Original note: causal effect mediated by FOXO3"
1957,HER3,HER3_2,positive,SL,,0,necessary,Reaching a higher level necessitates achieving the lower level first.
1958,HER3_2,HER3,positive,SL,unsupported,-,,High-level should not activate low-level.
1959,HER3_2,HER3_2,positive,SL,unsupported,-,,"HER3 does not self-regulate. This inferred positive self-regulation contradicted by strong evidence of a negative feedback loop mediated by PI3K, AKT, and FOXO3."
1960,erlotinib,HER3_2,negative,SL,indirect,2,,"Duplicated from original edge (erlotinib -> HER3, Model=SL). Original note: causal effect mediated by HER2 or another kinase"
1961,pertuzumab,HER3_2,negative,SL,replaced,,,"Duplicated from original edge (pertuzumab -> HER3, Model=SL). Original note: Pertuzumab does not act on HER3 but on the HER2-HER3 complex, which is a separate node. This edge is replaced by a Pertuzumab-| HER2HER3c edge."
1962,stimulus,HER3_2,positive,SL,correlation,3,,"Duplicated from original edge (stimulus -> HER3, Model=SL). Original note: This proteomics- inferred edge is consistent with evidence that growth factors in a growth medium lead to HER3 activation"
1963,CyclinB1,ERK_2,positive,SL,unsupported,-,,"Duplicated from original edge (CyclinB1 -> ERK, Model=SL). Original note: This proteomics-inferred edge is not supported by causal or mechanistic evidence. Any causal effects would need the active Cyclin B1- CDK1 complex."
1964,EGFR,ERK_2,positive,SL,indirect,2,,"Duplicated from original edge (EGFR -> ERK, Model=SL). Original note: causal effect mediated by SOS/GRB, RAS, RAF, MEK"
1965,ERK,ERK_2,positive,SL,,0,necessary,Reaching a higher level necessitates achieving the lower level first.
1966,ERK_2,ERK,positive,SL,unsupported,-,,High-level should not activate low-level.
1967,ERK_2,ERK_2,positive,SL,unsupported,-,,This proteomics- inferred self-regulation is contradicted by the fact that ERK activity is strongly self-limiting via negative feedback loops.
1968,RAF1,ERK_2,positive,SL,indirect,2,,"Duplicated from original edge (RAF1 -> ERK, Model=SL). Original note: causal effect mediated by MEK"
1969,RAF1_2,ERK,positive,SL,indirect,2,,"Duplicated from original edge (RAF1 -> ERK, Model=SL). Original note: causal effect mediated by MEK"
1970,RAF1_2,ERK_2,positive,SL,indirect,2,,"Duplicated from original edge (RAF1 -> ERK, Model=SL). Original note: causal effect mediated by MEK"
1971,HER3_2,NFKB,positive,SL,indirect,2,,"Duplicated from original edge (HER3 -> NFKB, Model=SL). Original note: causal effect mediated by multiple mechanisms, including PI3K and PLCg"
1972,HER3_2,PRAS40,positive,SL,unsupported,-,,"Duplicated from original edge (HER3 -> PRAS40, Model=SL). Original note: This inferred edge is not supported by experimental evidence; instead, there is a negative causal effect from HER3 to PRAS40."
1973,GSK3B,PTEN_2,negative,SL,direct,1,,"Duplicated from original edge (GSK3B -> PTEN, Model=SL). Original note: phosphorylation. GSK3B phosphorylates PTEN, yielding reduced PTEN stability / enhanced PTEN degradation."
1974,PTEN,PTEN_2,positive,SL,,0,necessary,Reaching a higher level necessitates achieving the lower level first.
1975,PTEN_2,PTEN,positive,SL,unsupported,-,,High-level should not activate low-level.
1976,PTEN_2,PTEN_2,positive,SL,indirect,2,,"PTEN promotes its own stability via a positive feedback loop mediated by AKT, FOXO, USP11."
1977,S6K,PTEN_2,positive,SL,unsupported,-,,"Duplicated from original edge (S6K -> PTEN, Model=SL). Original note: There is no evidence to support a positive effect. Instead, there is evidence of a negative effect: mTOR/S6K signaling promotes PTEN phosphorylation at Thr366, which can increase PTEN ubiquitination and degradation."
1978,CyclinD_2,RB,negative,SL,indirect,2,,"Duplicated from original edge (CyclinD -> RB, Model=SL). Original note: causal effect mediated by CYCLINDc"
1979,ERK_2,TSC2,negative,SL,direct in the network sense,1,,"Duplicated from original edge (ERK -> TSC2, Model=SL). Original note: ERK phosphorylates RSK, which phosphorylates TSC2 at inhibitory sites such as Ser1798. RSK is not in the network."
1980,EGFR,RAF1_2,positive,SL,indirect,2,,"Duplicated from original edge (EGFR -> RAF1, Model=SL). Original note: causal effect mediated by SOS/GRB and RAS"
1981,HER2,RAF1_2,positive,SL,indirect,2,,"Duplicated from original edge (HER2 -> RAF1, Model=SL). Original note: causal effect mediated by adaptor proteins and RAS"
1982,ERK,RAF1_2,negative,SL,direct,1,,"Duplicated from original edge (ERK -> RAF1, Model=SL). Original note: phosphorylation. ERK1/2 phosphorylates RAF1/C-RAF at inhibitory regulatory sites. These phosphorylations promote an inhbited RAF1 state."
1983,ERK_2,RAF1,negative,SL,direct,1,,"Duplicated from original edge (ERK -> RAF1, Model=SL). Original note: phosphorylation. ERK1/2 phosphorylates RAF1/C-RAF at inhibitory regulatory sites. These phosphorylations promote an inhbited RAF1 state."
1984,ERK_2,RAF1_2,negative,SL,direct,1,,"Duplicated from original edge (ERK -> RAF1, Model=SL). Original note: phosphorylation. ERK1/2 phosphorylates RAF1/C-RAF at inhibitory regulatory sites. These phosphorylations promote an inhbited RAF1 state."
1985,RPS6,RAF1_2,positive,SL,assumption,4,,"Duplicated from original edge (RPS6 -> RAF1, Model=SL). Original note: This inferred edge has no mechanistic or causal support. The RAF1->RPS6 direction is well supported."
1986,RAF1,RAF1_2,positive,SL,,0,necessary,Reaching a higher level necessitates achieving the lower level first.
1987,RAF1_2,RAF1,positive,SL,unsupported,-,,High-level should not activate low-level.
1988,RAF1_2,RAF1_2,positive,SL,unsupported,-,,This inferred self-activation is contradicted by the strongly supported RAF1 self-limiting circuit via MEK and ERK.
1989,p53,RAF1_2,negative,SL,unsupported,-,,"Duplicated from original edge (p53 -> RAF1, Model=SL). Original note: This inferred edge is contradicted by the observation that p53 can activate a RAF1-dependent MAPK response."
1990,PTEN_2,p53,positive,SL,direct,1,,"Duplicated from original edge (PTEN -> p53, Model=SL). Original note: protein-protein interaction. PTEN can physically bind p53 and stabilize it, increasing p53 half-life and transcriptional activity. PTEN also raises p53 indirectly through PI3K, AKT, MDM2."
1991,ERK_2,S6K,positive,SL,direct,1,,"Duplicated from original edge (ERK -> S6K, Model=SL). Original note: phosphorylation. ERK phosphorylates S6K, contributing to its activation"
1992,pertuzumab,HER2HER3c_2,negative,SL,direct,1,,"Duplicated from original edge (pertuzumab -> HER2HER3c, Model=SL). Original note: Replaces pertuzumab -| HER3. Pertuzumab inhibits HER3's ability to heterodimerize with HER2, thus it inhibits the HER2-HER3 complex."
1993,HER3_2,AKT,positive,SS,indirect,2,,"Duplicated from original edge (HER3 -> AKT, Model=SS). Original note: causal effect mediated by PI3K, others"
1994,HER3,HER3_2,positive,SS,,0,necessary,Reaching a higher level necessitates achieving the lower level first.
1995,HER3_2,HER3,positive,SS,unsupported,-,,High-level should not activate low-level.
1996,HER3_2,HER3_2,positive,SS,unsupported,-,,"HER3 does not self-regulate. This inferred positive self-regulation contradicted by strong evidence of a negative feedback loop mediated by PI3K, AKT, and FOXO3."
1997,NRG1,HER3_2,positive,SS,direct,1,,"Duplicated from original edge (NRG1 -> HER3, Model=SS). Original note: ligand-receptor binding"
1998,erlotinib,HER3_2,negative,SS,indirect,2,,"Duplicated from original edge (erlotinib -> HER3, Model=SS). Original note: causal effect mediated by HER2 or another kinase"
1999,pertuzumab,HER3_2,negative,SS,replaced,,,"Duplicated from original edge (pertuzumab -> HER3, Model=SS). Original note: Pertuzumab does not act on HER3 but on the HER2-HER3 complex, which is a separate node. This edge is replaced by a Pertuzumab-| HER2HER3c edge."
2000,HER3,ERK_2,positive,SS,indirect,2,,"Duplicated from original edge (HER3 -> ERK, Model=SS). Original note: causal effect mediated by HER2HER3c, RAS, RAF, MEK"
2001,HER3_2,ERK,positive,SS,indirect,2,,"Duplicated from original edge (HER3 -> ERK, Model=SS). Original note: causal effect mediated by HER2HER3c, RAS, RAF, MEK"
2002,HER3_2,ERK_2,positive,SS,indirect,2,,"Duplicated from original edge (HER3 -> ERK, Model=SS). Original note: causal effect mediated by HER2HER3c, RAS, RAF, MEK"
2003,ERK,ERK_2,positive,SS,,0,necessary,Reaching a higher level necessitates achieving the lower level first.
2004,ERK_2,ERK,positive,SS,unsupported,-,,High-level should not activate low-level.
2005,ERK_2,ERK_2,positive,SS,unsupported,-,,This proteomics- inferred self-regulation is contradicted by the fact that ERK activity is strongly self-limiting via negative feedback loops.
2006,MEK,ERK_2,positive,SS,direct,1,,"Duplicated from original edge (MEK -> ERK, Model=SS). Original note: phosphorylation. MEK1/2 directly binds and phosphorylates ERK1/2, activating its kinase activity."
2007,MEK_2,ERK,positive,SS,direct,1,,"Duplicated from original edge (MEK -> ERK, Model=SS). Original note: phosphorylation. MEK1/2 directly binds and phosphorylates ERK1/2, activating its kinase activity."
2008,MEK_2,ERK_2,positive,SS,direct,1,,"Duplicated from original edge (MEK -> ERK, Model=SS). Original note: phosphorylation. MEK1/2 directly binds and phosphorylates ERK1/2, activating its kinase activity."
2009,PDK1_pm,ERK_2,positive,SS,indirect,2,,"Duplicated from original edge (PDK1_pm -> ERK, Model=SS). Original note: causal effect mediated by MEK"
2010,EGFR,MEK_2,positive,SS,indirect,2,,"Duplicated from original edge (EGFR -> MEK, Model=SS). Original note: causal effect mediated by RAS, RAF"
2011,HER2,MEK_2,positive,SS,indirect,2,,"Duplicated from original edge (HER2 -> MEK, Model=SS). Original note: causal effect mediated by RAS, RAF"
2012,HER3,MEK_2,positive,SS,indirect,2,,"Duplicated from original edge (HER3 -> MEK, Model=SS). Original note: causal effect mediated by HER2HER3c, RAS, RAF"
2013,HER3_2,MEK,positive,SS,indirect,2,,"Duplicated from original edge (HER3 -> MEK, Model=SS). Original note: causal effect mediated by HER2HER3c, RAS, RAF"
2014,HER3_2,MEK_2,positive,SS,indirect,2,,"Duplicated from original edge (HER3 -> MEK, Model=SS). Original note: causal effect mediated by HER2HER3c, RAS, RAF"
2015,MEK,MEK_2,positive,SS,,0,necessary,Reaching a higher level necessitates achieving the lower level first.
2016,MEK_2,MEK,positive,SS,unsupported,-,,High-level should not activate low-level.
2017,MEK_2,MEK_2,positive,SS,unsupported,-,,This inferred self-regulation is contradicted by evidence of a negative feedback regulation of MEK: ERK phosphorylates MEK1 at Thr292; disruption of this feedback produces increased and prolonged MEK2 and ERK phosphorylation.
2018,HER3_2,PDK1_pm,positive,SS,indirect,2,,"Duplicated from original edge (HER3 -> PDK1_pm, Model=SS). Original note: causal effect mediated by PI3K, PIP3"
2019,HER3_2,PLCg,positive,SS,assumption,4,,"Duplicated from original edge (HER3 -> PLCg, Model=SS). Original note: There is evidence for binding but no evidence of a functional effect. Any indirect relationship would need to involve HER2, but there is no causal or mechanistic evidence."
2020,ERK_2,S6K,positive,SS,direct,1,,"Duplicated from original edge (ERK -> S6K, Model=SS). Original note: phosphorylation. ERK phosphorylates S6K, contributing to its activation."
2021,pertuzumab,HER2HER3c_2,negative,SS,direct,1,,"Duplicated from original edge (pertuzumab -> HER2HER3c, Model=SS). Original note: Replaces pertuzumab -| HER3. Pertuzumab inhibits HER3's ability to heterodimerize with HER2, thus it inhibits the HER2-HER3 complex."
2022,IGF1R_2,AKT,positive,T47D,indirect,2,,"Duplicated from original edge (IGF1R -> AKT, Model=T47D). Original note: causal effect mediated by IRS1, PI3K"
2023,PIP3_2,AKT,positive,T47D,direct,1,,"Duplicated from original edge (PIP3 -> AKT, Model=T47D). Original note: protein-protein interaction. PIP3 directly binds the PH domain of AKT, recruiting AKT to the plasma membrane and inducing conformational changes that expose its activating phosphorylation sites"
2024,ERK_2,BAD,negative,T47D,direct in the network sense,1,,"Duplicated from original edge (ERK -> BAD, Model=T47D). Original note: phosphorylation. ERK1/2 phosphorylate RSK, which phosphorylates BAD, which leads to its sequestration by 14-3-3 proteins, making it unable to inhibit BCLXL, BCL2. RSK is not in the network."
2025,ERK_2,BCL2,positive,T47D,direct,1,,"Duplicated from original edge (ERK -> BCL2, Model=T47D). Original note: phosphorylation. ERK1/2 phosphorylate BCL2 at Ser70. This phosphorylation enhances BCL2's anti-apoptotic function."
2026,ERK_2,CASP8,negative,T47D,direct,1,,"Duplicated from original edge (ERK -> CASP8, Model=T47D). Original note: phosphorylation. Active ERK1/2 directly phosphorylates procaspase-8 at Ser387, and this phosphorylation inhibits caspase-8 activation/processing."
2027,ERK_2,CASP9,negative,T47D,direct,1,,"Duplicated from original edge (ERK -> CASP9, Model=T47D). Original note: phosphorylation. ERK1/2 directly binds and phosphorylates caspase-9 at Thr125, inhibiting its activation/activity."
2028,MYC_2,CDKN2A,negative,T47D,indirect,2,,"Duplicated from original edge (MYC -> CDKN2A, Model=T47D). Original note: causal effect. MYC can suppress the p16/RB senescence program in proliferating cells through several mechanisms, and MYC loss can lead to increased p16 expression and senescence."
2029,CDKN2A,CYCLINDc_2,negative,T47D,direct,1,,"Duplicated from original edge (CDKN2A -> CYCLINDc, Model=T47D). Original note: protein-protein interaction. CDKN2A (p16INK4A)  binds CDK4 and CDK6 and prevents/antagonizes formation of functional Cyclin D–CDK4/6 complexes."
2030,EIF4,CYCLINDc_2,positive,T47D,indirect,2,,"Duplicated from original edge (EIF4 -> CYCLINDc, Model=T47D). Original note: causal effect: eIF4E promotes both Cyclin D1 mRNA export and cap-dependent translation; experimentally increasing eIF4E increases Cyclin D1 protein, thus more CyclinDc complex can be formed."
2031,ERK,CYCLINDc_2,positive,T47D,indirect,2,,"Duplicated from original edge (ERK -> CYCLINDc, Model=T47D). Original note: causal effect mediated by JUN and other transcription factors that upregulate CCND1 transcription."
2032,ERK_2,CYCLINDc,positive,T47D,indirect,2,,"Duplicated from original edge (ERK -> CYCLINDc, Model=T47D). Original note: causal effect mediated by JUN and other transcription factors that upregulate CCND1 transcription."
2033,ERK_2,CYCLINDc_2,positive,T47D,indirect,2,,"Duplicated from original edge (ERK -> CYCLINDc, Model=T47D). Original note: causal effect mediated by JUN and other transcription factors that upregulate CCND1 transcription."
2034,ESR1,CYCLINDc_2,positive,T47D,indirect,2,,"Duplicated from original edge (ESR1 -> CYCLINDc, Model=T47D). Original note: causal effect. Estrogen-activated ERα promotes CCND1 transcription; this allows increased CYCLINDc formation."
2035,ESR1_2,CYCLINDc,positive,T47D,indirect,2,,"Duplicated from original edge (ESR1 -> CYCLINDc, Model=T47D). Original note: causal effect. Estrogen-activated ERα promotes CCND1 transcription; this allows increased CYCLINDc formation."
2036,ESR1_2,CYCLINDc_2,positive,T47D,indirect,2,,"Duplicated from original edge (ESR1 -> CYCLINDc, Model=T47D). Original note: causal effect. Estrogen-activated ERα promotes CCND1 transcription; this allows increased CYCLINDc formation."
2037,FOXO3,CYCLINDc_2,positive,T47D,unsupported,-,,"Duplicated from original edge (FOXO3 -> CYCLINDc, Model=T47D). Original note: This assumed edge is not supported by evidence. Instead, there is an indirect negative effect mediated by p27."
2038,GSK3B,CYCLINDc_2,negative,T47D,indirect,2,,"Duplicated from original edge (GSK3B -> CYCLINDc, Model=T47D). Original note: causal effect. GSK3B promotes the nuclear export and degradation of CyclinD1, thus less cyclin-CDK complex CYCLINDc can be formed."
2039,IGF1,CYCLINDc_2,positive,T47D,indirect,2,,"Duplicated from original edge (IGF1 -> CYCLINDc, Model=T47D). Original note: causal effect mediated by IGFR, PI3K, ERK"
2040,KMT2D,CYCLINDc_2,positive,T47D,indirect,2,,"Duplicated from original edge (KMT2D -> CYCLINDc, Model=T47D). Original note: causal effect. KMT2D is a histone methyltransferase complex that helps recruit FOXA1, PBX1, and ERα/ESR1 to chromatin. It participates this way in the transcriptional regulation of Cyclin D1, the cyclin component of CyclinDc."
2041,MYC,CYCLINDc_2,positive,T47D,indirect,2,,"Duplicated from original edge (MYC -> CYCLINDc, Model=T47D). Original note: causal effect. c-MYC activates CDK4 transcription, thus leading to more CYCLINDc formation."
2042,MYC_2,CYCLINDc,positive,T47D,indirect,2,,"Duplicated from original edge (MYC -> CYCLINDc, Model=T47D). Original note: causal effect. c-MYC activates CDK4 transcription, thus leading to more CYCLINDc formation."
2043,MYC_2,CYCLINDc_2,positive,T47D,indirect,2,,"Duplicated from original edge (MYC -> CYCLINDc, Model=T47D). Original note: causal effect. c-MYC activates CDK4 transcription, thus leading to more CYCLINDc formation."
2044,NRG1,CYCLINDc_2,positive,T47D,indirect,2,,"Duplicated from original edge (NRG1 -> CYCLINDc, Model=T47D). Original note: causal effect mediated by HER3, PI3K, ERK"
2045,p21,CYCLINDc_2,negative,T47D,unsupported,-,,"Duplicated from original edge (p21 -> CYCLINDc, Model=T47D). Original note: This assumed edge is contradicted by evidence that p21 (and p27) can serve as an assembly factor for Cyclin D–CDK4/6 and facilitate nuclear localization.  p21-bound Cyclin D–CDK complexes can retain their kinase activity."
2046,TCF7L2,CYCLINDc_2,positive,T47D,indirect,2,,"Duplicated from original edge (TCF7L2 -> CYCLINDc, Model=T47D). Original note: Causal effect mediated by β-catenin/TCF complexes activating CCND1 transcription, which then yields more CYCLINDc."
2047,TEAD1,CYCLINDc_2,positive,T47D,indirect,2,,"Duplicated from original edge (TEAD1 -> CYCLINDc, Model=T47D). Original note: causal effect. TEAD-containing YAP/TAZ transcriptional complex binds CCND1 regulatory DNA, leading to increased CCND1 transcription, which then allows more CYCLINDc complex formation."
2048,RB,E2F_2,negative,T47D,direct,1,,"Duplicated from original edge (RB -> E2F, Model=T47D). Original note: protein-protein interaction. Hypophosphorylated RB physically binds activating E2Fs, especially E2F1–3, through its pocket and C-terminal domains and directly suppresses their transcriptional activity."
2049,RB,E2F_3,negative,T47D,direct,1,,"Duplicated from original edge (RB -> E2F, Model=T47D). Original note: protein-protein interaction. Hypophosphorylated RB physically binds activating E2Fs, especially E2F1–3, through its pocket and C-terminal domains and directly suppresses their transcriptional activity."
2050,HER3_2,EGFR,positive,T47D,direct,1,,"Duplicated from original edge (HER3 -> EGFR, Model=T47D). Original note: protein-protein interaction; heterodimerization activates EGFR"
2051,MEK_2,EGFR,negative,T47D,indirect,2,,"Duplicated from original edge (MEK -> EGFR, Model=T47D). Original note: causal effect mediated by ERK"
2052,MEK,ERK_2,positive,T47D,direct,1,,"Duplicated from original edge (MEK -> ERK, Model=T47D). Original note: phosphorylation. MEK1/2 directly binds and phosphorylates ERK1/2, activating its kinase activity."
2053,MEK_2,ERK,positive,T47D,direct,1,,"Duplicated from original edge (MEK -> ERK, Model=T47D). Original note: phosphorylation. MEK1/2 directly binds and phosphorylates ERK1/2, activating its kinase activity."
2054,MEK_2,ERK_2,positive,T47D,direct,1,,"Duplicated from original edge (MEK -> ERK, Model=T47D). Original note: phosphorylation. MEK1/2 directly binds and phosphorylates ERK1/2, activating its kinase activity."
2055,AKT,ESR1_2,positive,T47D,direct,1,,"Duplicated from original edge (AKT -> ESR1, Model=T47D). Original note: phosphorylation. Activated AKT can directly phosphorylate ERα (ESR1 protein) at Ser167, and this phosphorylation increases ERα transcriptional activity."
2056,ES,ESR1_2,positive,T47D,direct,1,,"Duplicated from original edge (ES -> ESR1, Model=T47D). Original note: ligand-receptor binding"
2057,FOXO3,ESR1_2,positive,T47D,direct,1,,"Duplicated from original edge (FOXO3 -> ESR1, Model=T47D). Original note: regulation of transcription. FOXO3a directly binds regulatory sites in the ESR1 (ERα) promoter and increases ESR1 transcription"
2058,KMT2D,ESR1_2,positive,T47D,unsupported,-,,"Duplicated from original edge (KMT2D -> ESR1, Model=T47D). Original note: KMT2D helps establish chromatin conditions that permit recruitment/occupancy of ERα, but it does not affect ESR1 itself."
2059,PGR,ESR1_2,positive,T47D,unsupported,-,,"Duplicated from original edge (PGR -> ESR1, Model=T47D). Original note: Only the ligand-free progesterone receptor has a positive effect on ESR1. The ligand-bound PGR binds ESR1 and redirects ERα chromatin binding and transcriptional activity."
2060,ERK_2,GSK3B,negative,T47D,direct in the network sense,1,,"Duplicated from original edge (ERK -> GSK3B, Model=T47D). Original note: phosphorylation. ERK binds GSK3β and phosphorylates it and primes it for subsequent Ser9 phosphorylation by RSK, which then inhibits GSK3β activity. RSK itself is activated by ERK. RSK is not part of the model."
2061,ESR1_2,HER2,positive,T47D,unsupported,-,,"Duplicated from original edge (ESR1 -> HER2, Model=T47D). Original note: This edge is contradicted by experimental evidence that estrogen–ERα reduces HER2 mRNA and protein, primarily through transcriptional repression."
2062,HER3_2,HER2,positive,T47D,replaced,,,"Duplicated from original edge (HER3 -> HER2, Model=T47D). Original note: The HER2-HER3 heterodimer formation is represented with a separate HER2HER3c node. HER3 does not have any effect on HER2 outside of heterodimer formation. This edge is replaced by a HER3->HER2HER3c edge."
2063,HER2,HER3_2,positive,T47D,replaced,,,"Duplicated from original edge (HER2 -> HER3, Model=T47D). Original note: The effect of HER2 on HER3 is through HER2-HER3 heterodimer formation, which is represented by the HER2HER3c node. This edge is replaced by a HER2->HER2HER3c edge."
2064,NRG1,HER3_2,positive,T47D,direct,1,,"Duplicated from original edge (NRG1 -> HER3, Model=T47D). Original note: ligand-receptor binding"
2065,PIP3_2,HRAS,positive,T47D,indirect,2,,"Duplicated from original edge (PIP3 -> HRAS, Model=T47D). Original note: causal effect likely mediated by PIP3-responsive Ras regulatory complex/GEF"
2066,ESR1_2,HSP90AA1,positive,T47D,correlation,3,,"Duplicated from original edge (ESR1 -> HSP90AA1, Model=T47D). Original note: In human breast tumors high HSP90 expression is associated with high estrogen-receptor expression. HSP90 chaperones ERα/ESR1, helping maintain the receptor in a ligand-responsive conformation."
2067,ESR1,IGF1R_2,positive,T47D,indirect,2,,"Duplicated from original edge (ESR1 -> IGF1R, Model=T47D). Original note: ERα binds regulatory regions of the IGF1R gene, often together with other transcription factors/cofactors. Estrogen/ER signaling increases IGF1R expression in ER-positive breast-cancer cells. Because there is a separate node denoting ER transcription regulatory activity, this edge is categorized indirect."
2068,ESR1_2,IGF1R,positive,T47D,indirect,2,,"Duplicated from original edge (ESR1 -> IGF1R, Model=T47D). Original note: ERα binds regulatory regions of the IGF1R gene, often together with other transcription factors/cofactors. Estrogen/ER signaling increases IGF1R expression in ER-positive breast-cancer cells. Because there is a separate node denoting ER transcription regulatory activity, this edge is categorized indirect."
2069,ESR1_2,IGF1R_2,positive,T47D,indirect,2,,"Duplicated from original edge (ESR1 -> IGF1R, Model=T47D). Original note: ERα binds regulatory regions of the IGF1R gene, often together with other transcription factors/cofactors. Estrogen/ER signaling increases IGF1R expression in ER-positive breast-cancer cells. Because there is a separate node denoting ER transcription regulatory activity, this edge is categorized indirect."
2070,FOXO3,IGF1R_2,positive,T47D,indirect,2,,"Duplicated from original edge (FOXO3 -> IGF1R, Model=T47D). Original note: causal effect. Activated FOXO3 increases IGF1R mRNA and protein expression, and FOXO knockdown decreases IGF1R expression. The exact mechanism is not known."
2071,IGF1,IGF1R_2,positive,T47D,direct,1,,"Duplicated from original edge (IGF1 -> IGF1R, Model=T47D). Original note: ligand-receptor binding. "
2072,IGF1R_2,IRS1,positive,T47D,direct,1,,"Duplicated from original edge (IGF1R -> IRS1, Model=T47D). Original note: phosphorylation. Activated IGF1R physically recruits IRS1 and directly phosphorylates it on tyrosine residues, generating docking sites for SH2-domain-containing signaling proteins."
2073,ERK_2,JUN,positive,T47D,indirect,2,,"Duplicated from original edge (ERK -> JUN, Model=T47D). Original note: causal effect on JUN stability mediated by GSK3B, there also is an indirect effect on JUN transcription."
2074,ERK_2,LCK,positive,T47D,unsupported,-,,"Duplicated from original edge (ERK -> LCK, Model=T47D). Original note: ERK phosphorylate LCK at Ser59, but the literature describes this phosphorylation as inhibitory/modulatory, not activating."
2075,ERK_2,MCL1,positive,T47D,direct,1,,"Duplicated from original edge (ERK -> MCL1, Model=T47D). Original note: phosphorylation. ERK1/2 phosphorylates MCL1, which stabilizes MCL1 and increases its anti-apoptotic activity. ERK1/2 also has indirect effects on MCL1 transcription and translation."
2076,RAF1,MEK_2,positive,T47D,direct,1,,"Duplicated from original edge (RAF1 -> MEK, Model=T47D). Original note: phosphorylation. RAF1 (c-RAF) directly phosphorylates MEK1/2 (MAP2K1/2) on their activating serine residues. This activates MEK kinase activity."
2077,RAF1_2,MEK,positive,T47D,direct,1,,"Duplicated from original edge (RAF1 -> MEK, Model=T47D). Original note: phosphorylation. RAF1 (c-RAF) directly phosphorylates MEK1/2 (MAP2K1/2) on their activating serine residues. This activates MEK kinase activity."
2078,RAF1_2,MEK_2,positive,T47D,direct,1,,"Duplicated from original edge (RAF1 -> MEK, Model=T47D). Original note: phosphorylation. RAF1 (c-RAF) directly phosphorylates MEK1/2 (MAP2K1/2) on their activating serine residues. This activates MEK kinase activity."
2079,PIP3_2,mTORC2_pm,positive,T47D,direct,1,,"Duplicated from original edge (PIP3 -> mTORC2_pm, Model=T47D). Original note: protein-protein interaction. The SIN1/MAPKAP1 subunit of mTORC2 contains a PH domain that directly binds PIP3, recruiting mTORC2 to the plasma membrane and allowing it to phosphorylate substrates such as AKT. "
2080,CTNNB1,MYC_2,positive,T47D,direct,1,,"Duplicated from original edge (CTNNB1 -> MYC, Model=T47D). Original note: regulation of transcription. In canonical Wnt signaling, nuclear β-catenin forms a transcriptional complex with TCF/LEF factors, and this complex directly regulates MYC transcription through TCF-binding regulatory elements."
2081,EIF4,MYC_2,positive,T47D,indirect,2,,"Duplicated from original edge (EIF4 -> MYC, Model=T47D). Original note: causal effect mediated by the node Translation"
2082,ERK,MYC_2,positive,T47D,direct,1,,"Duplicated from original edge (ERK -> MYC, Model=T47D). Original note: phosphorylation. ERK1/2 phosphorylates MYC, which increases MYC protein stability and can enhance its transcriptional activity."
2083,ERK_2,MYC,positive,T47D,direct,1,,"Duplicated from original edge (ERK -> MYC, Model=T47D). Original note: phosphorylation. ERK1/2 phosphorylates MYC, which increases MYC protein stability and can enhance its transcriptional activity."
2084,ERK_2,MYC_2,positive,T47D,direct,1,,"Duplicated from original edge (ERK -> MYC, Model=T47D). Original note: phosphorylation. ERK1/2 phosphorylates MYC, which increases MYC protein stability and can enhance its transcriptional activity."
2085,ESR1,MYC_2,positive,T47D,indirect,2,,"Duplicated from original edge (ESR1 -> MYC, Model=T47D). Original note: ERα occupies regulatory elements associated with the MYC locus and induces MYC transcription. Because there is a separate node ER_transcription, which activates MYC, this edge is classified as indirect."
2086,ESR1_2,MYC,positive,T47D,indirect,2,,"Duplicated from original edge (ESR1 -> MYC, Model=T47D). Original note: ERα occupies regulatory elements associated with the MYC locus and induces MYC transcription. Because there is a separate node ER_transcription, which activates MYC, this edge is classified as indirect."
2087,ESR1_2,MYC_2,positive,T47D,indirect,2,,"Duplicated from original edge (ESR1 -> MYC, Model=T47D). Original note: ERα occupies regulatory elements associated with the MYC locus and induces MYC transcription. Because there is a separate node ER_transcription, which activates MYC, this edge is classified as indirect."
2088,FOXO3,MYC_2,positive,T47D,unsupported,-,,"Duplicated from original edge (FOXO3 -> MYC, Model=T47D). Original note: This edge is contradicted by multiple known indirect negative effects of FOXO3 on MYC, and by perturbation evidence that FOXO3 loss increases MYC target expression."
2089,GSK3B,MYC_2,negative,T47D,direct,1,,"Duplicated from original edge (GSK3B -> MYC, Model=T47D). Original note: phosphorylation. GSK3B directly phosphorylates MYC; phosphorylated Thr58 is recognized through the FBXW7 ubiquitin-ligase pathway, leading to ubiquitination and proteasomal degradation of MYC."
2090,IGF1,MYC_2,positive,T47D,indirect,2,,"Duplicated from original edge (IGF1 -> MYC, Model=T47D). Original note: causal effect mediated by multiple mechanisms that increase MYC abundance or activity"
2091,JAK2,MYC_2,positive,T47D,indirect,2,,"Duplicated from original edge (JAK2 -> MYC, Model=T47D). Original note: causal effect mediated by STAT3 or STAT5"
2092,KMT2D,MYC_2,positive,T47D,indirect,2,,"Duplicated from original edge (KMT2D -> MYC, Model=T47D). Original note: causal effect mediated by ESR1, ER_transcription"
2093,NRG1,MYC_2,positive,T47D,indirect,2,,"Duplicated from original edge (NRG1 -> MYC, Model=T47D). Original note: causal effect mediated by HER2/HER3 and the MAPK pathway"
2094,PIM,MYC_2,positive,T47D,direct,1,,"Duplicated from original edge (PIM -> MYC, Model=T47D). Original note: phosphorylation. PIM kinases, especially PIM1, phosphorylate MYC, which increases MYC protein stability and transcriptional activity."
2095,STAT3,MYC_2,positive,T47D,direct,1,,"Duplicated from original edge (STAT3 -> MYC, Model=T47D). Original note: regulation of transcription. STAT3 binds a regulatory region of the MYC promoter overlapping an E2F site and promotes MYC transcription."
2096,ERK_2,p21,negative,T47D,indirect,2,,"Duplicated from original edge (ERK -> p21, Model=T47D). Original note: causal effect, mediated by MYC and possibly alternative mediators as well"
2097,MYC_2,p21,negative,T47D,indirect,2,,"Duplicated from original edge (MYC -> p21, Model=T47D). Original note: causal effect. MYC interacts with transcription factors already associated with the CDKN1A (p21) promoter, particularly MIZ1 (ZBTB17), represssing CDKN1A transcription. As there is a separate p21_T node, this effect on the protein level is indirect."
2098,IGF1R_2,PDK1_pm,positive,T47D,indirect,2,,"Duplicated from original edge (IGF1R -> PDK1_pm, Model=T47D). Original note: causal effect mediated by PI3K, PIP3"
2099,PIP3_2,PDK1_pm,positive,T47D,direct,1,,"Duplicated from original edge (PIP3 -> PDK1_pm, Model=T47D). Original note: protein-protein interaction. PIP3 recruits PDK1 to the plasma membrane."
2100,ERK_2,PGR,negative,T47D,unsupported,-,,"Duplicated from original edge (ERK -> PGR, Model=T47D). Original note: ERK phosphorylates of PRB at Ser294, and this makes PR more transcriptionally active, more nuclear, and more responsive to ligand, even though it also accelerates ligand-dependent receptor turnover."
2101,ESR1_2,PGR,negative,T47D,unsupported,-,,"Duplicated from original edge (ESR1 -> PGR, Model=T47D). Original note: Contrary to this assumption, ESR1 upregulates the transcription of PGR."
2102,EGFR,PI3K_2,positive,T47D,direct,1,,"Duplicated from original edge (EGFR -> PI3K, Model=T47D). Original note: protein-protein interaction. Activated EGFR recruits the p85 regulatory subunit of class IA PI3K into a receptor-associated complex"
2103,ESR1,PI3K_2,positive,T47D,direct,1,,"Duplicated from original edge (ESR1 -> PI3K, Model=T47D). Original note: protein-protein interaction. The estrogen receptor ERα (ESR1) physically associates with the p85 regulatory subunit of PI3K."
2104,ESR1_2,PI3K,positive,T47D,direct,1,,"Duplicated from original edge (ESR1 -> PI3K, Model=T47D). Original note: protein-protein interaction. The estrogen receptor ERα (ESR1) physically associates with the p85 regulatory subunit of PI3K."
2105,ESR1_2,PI3K_2,positive,T47D,direct,1,,"Duplicated from original edge (ESR1 -> PI3K, Model=T47D). Original note: protein-protein interaction. The estrogen receptor ERα (ESR1) physically associates with the p85 regulatory subunit of PI3K."
2106,IGF1R,PI3K_2,positive,T47D,indirect,2,,"Duplicated from original edge (IGF1R -> PI3K, Model=T47D). Original note: causal effect mediated by IRS1"
2107,IGF1R_2,PI3K,positive,T47D,indirect,2,,"Duplicated from original edge (IGF1R -> PI3K, Model=T47D). Original note: causal effect mediated by IRS1"
2108,IGF1R_2,PI3K_2,positive,T47D,indirect,2,,"Duplicated from original edge (IGF1R -> PI3K, Model=T47D). Original note: causal effect mediated by IRS1"
2109,IRS1,PI3K_2,positive,T47D,direct,1,,"Duplicated from original edge (IRS1 -> PI3K, Model=T47D). Original note: protein-protein interaction. phosphorylated IRS1 proteins bind the p85 regulatory subunit of PI3K."
2110,PI3K,PIP3_2,positive,T47D,direct,1,,"Duplicated from original edge (PI3K -> PIP3, Model=T47D). Original note: PI3K catalyzes the reaction that produces PIP3."
2111,PI3K_2,PIP3,positive,T47D,direct,1,,"Duplicated from original edge (PI3K -> PIP3, Model=T47D). Original note: PI3K catalyzes the reaction that produces PIP3."
2112,PI3K_2,PIP3_2,positive,T47D,direct,1,,"Duplicated from original edge (PI3K -> PIP3, Model=T47D). Original note: PI3K catalyzes the reaction that produces PIP3."
2113,PTEN,PIP3_2,negative,T47D,direct,1,,"Duplicated from original edge (PTEN -> PIP3, Model=T47D). Original note: PTEN dephosphorylates PIP3"
2114,PTEN_2,PIP3,negative,T47D,direct,1,,"Duplicated from original edge (PTEN -> PIP3, Model=T47D). Original note: PTEN dephosphorylates PIP3"
2115,PTEN_2,PIP3_2,negative,T47D,direct,1,,"Duplicated from original edge (PTEN -> PIP3, Model=T47D). Original note: PTEN dephosphorylates PIP3"
2116,CYCLINDc_2,RB,negative,T47D,indirect,2,,"Duplicated from original edge (CYCLINDc -> RB, Model=T47D). Original note: The Cyclin D–CDK4/6 complex directly phosphorylates RB, which leads to a decrease in the hypophosphorylated RB. As pRB is a separate node of the network, we consider this edge indirect."
2117,S6K,PTEN_2,positive,T47D,unsupported,-,,"Duplicated from original edge (S6K -> PTEN, Model=T47D). Original note: There is no evidence to support a positive effect. Instead, there is evidence of a negative effect: mTOR/S6K signaling promotes PTEN phosphorylation at Thr366, which can increase PTEN ubiquitination and degradation."
2118,SRC,PTEN_2,negative,T47D,indirect,2,,"Duplicated from original edge (SRC -> PTEN, Model=T47D). Original note: causal effect. Src-family kinases inhibit PTEN function via an unknown mediator."
2119,PI3K_2,RAC1,positive,T47D,indirect,2,,"Duplicated from original edge (PI3K -> RAC1, Model=T47D). Original note: causal effect mediated by PIP3  and Rac guanine-nucleotide exchange factors"
2120,HRAS,RAF1_2,positive,T47D,direct,1,,"Duplicated from original edge (HRAS -> RAF1, Model=T47D). Original note: protein-protein interaction. GTP-bound HRAS directly binds RAF1 through RAF1's Ras-binding domain. This recruits RAF1 to the plasma membrane and promotes the conformational changes needed for RAF1 activation."
2121,RAS,RAF1_2,positive,T47D,direct,1,,"Duplicated from original edge (RAS -> RAF1, Model=T47D). Original note: protein-protein interaction. RAS-GTP directly binds RAF1 (c-RAF) through RAF1's RAS-binding domain and cysteine-rich domain. This recruits RAF1 to the plasma membrane and is an essential step in RAF1 activation."
2122,RAS_2,RAF1,positive,T47D,direct,1,,"Duplicated from original edge (RAS -> RAF1, Model=T47D). Original note: protein-protein interaction. RAS-GTP directly binds RAF1 (c-RAF) through RAF1's RAS-binding domain and cysteine-rich domain. This recruits RAF1 to the plasma membrane and is an essential step in RAF1 activation."
2123,RAS_2,RAF1_2,positive,T47D,direct,1,,"Duplicated from original edge (RAS -> RAF1, Model=T47D). Original note: protein-protein interaction. RAS-GTP directly binds RAF1 (c-RAF) through RAF1's RAS-binding domain and cysteine-rich domain. This recruits RAF1 to the plasma membrane and is an essential step in RAF1 activation."
2124,RAS_3,RAF1,positive,T47D,direct,1,,"Duplicated from original edge (RAS -> RAF1, Model=T47D). Original note: protein-protein interaction. RAS-GTP directly binds RAF1 (c-RAF) through RAF1's RAS-binding domain and cysteine-rich domain. This recruits RAF1 to the plasma membrane and is an essential step in RAF1 activation."
2125,RAS_3,RAF1_2,positive,T47D,direct,1,,"Duplicated from original edge (RAS -> RAF1, Model=T47D). Original note: protein-protein interaction. RAS-GTP directly binds RAF1 (c-RAF) through RAF1's RAS-binding domain and cysteine-rich domain. This recruits RAF1 to the plasma membrane and is an essential step in RAF1 activation."
2126,PIP3,RAS_2,positive,T47D,assumption,4,,"Duplicated from original edge (PIP3 -> RAS, Model=T47D). Original note: There is some evidence that PI3K signaling can enhance RAS activation, supporting this assumption."
2127,PIP3,RAS_3,positive,T47D,assumption,4,,"Duplicated from original edge (PIP3 -> RAS, Model=T47D). Original note: There is some evidence that PI3K signaling can enhance RAS activation, supporting this assumption."
2128,PIP3_2,RAS,positive,T47D,assumption,4,,"Duplicated from original edge (PIP3 -> RAS, Model=T47D). Original note: There is some evidence that PI3K signaling can enhance RAS activation, supporting this assumption."
2129,PIP3_2,RAS_2,positive,T47D,assumption,4,,"Duplicated from original edge (PIP3 -> RAS, Model=T47D). Original note: There is some evidence that PI3K signaling can enhance RAS activation, supporting this assumption."
2130,PIP3_2,RAS_3,positive,T47D,assumption,4,,"Duplicated from original edge (PIP3 -> RAS, Model=T47D). Original note: There is some evidence that PI3K signaling can enhance RAS activation, supporting this assumption."
2131,SOS1,RAS_2,positive,T47D,direct,1,,"Duplicated from original edge (SOS1 -> RAS, Model=T47D). Original note: protein-protein interaction. SOS1 directly binds RAS and acts as a guanine-nucleotide exchange factor (GEF), promoting release of GDP so that GTP can bind. This converts RAS into its active GTP-bound state."
2132,SOS1,RAS_3,positive,T47D,direct,1,,"Duplicated from original edge (SOS1 -> RAS, Model=T47D). Original note: protein-protein interaction. SOS1 directly binds RAS and acts as a guanine-nucleotide exchange factor (GEF), promoting release of GDP so that GTP can bind. This converts RAS into its active GTP-bound state."
2133,ERK_2,S6K,positive,T47D,direct,1,,"Duplicated from original edge (ERK -> S6K, Model=T47D). Original note: phosphorylation. ERK phosphorylates S6K, contributing to its activation."
2134,ERK_2,STK11,negative,T47D,indirect,2,,"Duplicated from original edge (ERK -> STK11, Model=T47D). Original note: causal effect, mediated by an unknown kinase."
2135,ERK_2,TSC2,negative,T47D,direct in the network sense,1,,"Duplicated from original edge (ERK -> TSC2, Model=T47D). Original note: ERK phosphorylates RSK, which phosphorylates TSC2 at inhibitory sites such as Ser1798. RSK is not in the network."
2136,ERK_2,TWIST1,positive,T47D,direct,1,,"Duplicated from original edge (ERK -> TWIST1, Model=T47D). Original note: phosphorylation. ERK1/2 phosphorylates TWIST1 at Ser68. This phosphorylation protects TWIST1 from ubiquitination and proteasomal degradation, increasing TWIST1 protein stability"
2137,HER2,HER2HER3c_2,positive,T47D,,0,,"Duplicated from original edge (HER2 -> HER2HER3c, Model=T47D). Original note: Replaces HER2 -> HER3. The effect of HER2 on HER3 is through HER2-HER3 heterodimer formation, which is represented by the HER2HER3c node."
2138,HER3,HER2HER3c_2,positive,T47D,,0,,"Duplicated from original edge (HER3 -> HER2HER3c, Model=T47D). Original note: Replaces HER3 -> HER2. The HER2-HER3 heterodimer formation is represented with a separate HER2HER3c node. HER3 does not have any effect on HER2 outside of heterodimer formation."
2139,HER3_2,HER2HER3c,positive,T47D,,0,,"Duplicated from original edge (HER3 -> HER2HER3c, Model=T47D). Original note: Replaces HER3 -> HER2. The HER2-HER3 heterodimer formation is represented with a separate HER2HER3c node. HER3 does not have any effect on HER2 outside of heterodimer formation."
2140,HER3_2,HER2HER3c_2,positive,T47D,,0,,"Duplicated from original edge (HER3 -> HER2HER3c, Model=T47D). Original note: Replaces HER3 -> HER2. The HER2-HER3 heterodimer formation is represented with a separate HER2HER3c node. HER3 does not have any effect on HER2 outside of heterodimer formation."
2141,IGF1R_2,AKT,positive,TGEN,indirect,2,,"Duplicated from original edge (IGF1R -> AKT, Model=TGEN). Original note: causal effect mediated by IRS1, PI3K, others"
2142,PIP3_2,AKT,positive,TGEN,direct,1,,"Duplicated from original edge (PIP3 -> AKT, Model=TGEN). Original note: protein-protein interaction. PIP3 directly binds the PH domain of AKT, recruiting AKT to the plasma membrane and inducing conformational changes that expose its activating phosphorylation sites"
2143,ERK_2,BAD,negative,TGEN,direct in the network sense,1,,"Duplicated from original edge (ERK -> BAD, Model=TGEN). Original note: phosphorylation. ERK1/2 phosphorylate RSK, which phosphorylates BAD, which leads to its sequestration by 14-3-3 proteins, making it unable to inhibit BCLXL, BCL2. RSK is not in the network."
2144,ERK_2,BCL2,positive,TGEN,direct,1,,"Duplicated from original edge (ERK -> BCL2, Model=TGEN). Original note: phosphorylation. ERK1/2 phosphorylate BCL2 at Ser70. This phosphorylation enhances BCL2's anti-apoptotic function."
2145,ERK_2,CASP8,negative,TGEN,direct,1,,"Duplicated from original edge (ERK -> CASP8, Model=TGEN). Original note: phosphorylation. Active ERK1/2 directly phosphorylates procaspase-8 at Ser387, and this phosphorylation inhibits caspase-8 activation/processing."
2146,ERK_2,CASP9,negative,TGEN,direct,1,,"Duplicated from original edge (ERK -> CASP9, Model=TGEN). Original note: phosphorylation. ERK1/2 directly binds and phosphorylates caspase-9 at Thr125, inhibiting its activation/activity."
2147,MYC_2,CDKN2A,negative,TGEN,indirect,2,,"Duplicated from original edge (MYC -> CDKN2A, Model=TGEN). Original note: causal effect. MYC can suppress the p16/RB senescence program in proliferating cells through several mechanisms, and MYC loss can lead to increased p16 expression and senescence."
2148,PTEN_2,CREB1,negative,TGEN,direct,1,,"Duplicated from original edge (PTEN -> CREB1, Model=TGEN). Original note: dephosphorylation. Nuclear PTEN dephosphorylates CREB at Ser133, which decreases its transcriptional activity."
2149,CDKN2A,CYCLINDc_2,negative,TGEN,direct,1,,"Duplicated from original edge (CDKN2A -> CYCLINDc, Model=TGEN). Original note: protein-protein interaction. CDKN2A (p16INK4A)  binds CDK4 and CDK6 and prevents/antagonizes formation of functional Cyclin D–CDK4/6 complexes."
2150,ESR1,CYCLINDc_2,positive,TGEN,indirect,2,,"Duplicated from original edge (ESR1 -> CYCLINDc, Model=TGEN). Original note: Estrogen-activated ERα promotes CCND1 transcription; this allows increased CYCLINDc formation."
2151,ESR1_2,CYCLINDc,positive,TGEN,indirect,2,,"Duplicated from original edge (ESR1 -> CYCLINDc, Model=TGEN). Original note: Estrogen-activated ERα promotes CCND1 transcription; this allows increased CYCLINDc formation."
2152,ESR1_2,CYCLINDc_2,positive,TGEN,indirect,2,,"Duplicated from original edge (ESR1 -> CYCLINDc, Model=TGEN). Original note: Estrogen-activated ERα promotes CCND1 transcription; this allows increased CYCLINDc formation."
2153,GSK3B,CYCLINDc_2,negative,TGEN,indirect,2,,"Duplicated from original edge (GSK3B -> CYCLINDc, Model=TGEN). Original note: causal effect. GSK3B promotes the nuclear export and degradation of CyclinD1, thus less cyclin-CDK complex CYCLINDc can be formed."
2154,MYC,CYCLINDc_2,positive,TGEN,indirect,2,,"Duplicated from original edge (MYC -> CYCLINDc, Model=TGEN). Original note: causal effect. c-MYC activates CDK4 transcription, thus leading to more CYCLINDc formation."
2155,MYC_2,CYCLINDc,positive,TGEN,indirect,2,,"Duplicated from original edge (MYC -> CYCLINDc, Model=TGEN). Original note: causal effect. c-MYC activates CDK4 transcription, thus leading to more CYCLINDc formation."
2156,MYC_2,CYCLINDc_2,positive,TGEN,indirect,2,,"Duplicated from original edge (MYC -> CYCLINDc, Model=TGEN). Original note: causal effect. c-MYC activates CDK4 transcription, thus leading to more CYCLINDc formation."
2157,p21,CYCLINDc_2,negative,TGEN,unsupported,-,,"Duplicated from original edge (p21 -> CYCLINDc, Model=TGEN). Original note: This assumed edge is contradicted by evidence that p21 (and p27) can serve as an assembly factor for Cyclin D–CDK4/6 and facilitate nuclear localization.  p21-bound Cyclin D–CDK complexes can retain their kinase activity."
2158,TCF7L2,CYCLINDc_2,positive,TGEN,indirect,2,,"Duplicated from original edge (TCF7L2 -> CYCLINDc, Model=TGEN). Original note: Causal effect mediated by β-catenin/TCF complexes activating CCND1 transcription, which then yields more CYCLINDc."
2159,TEAD1,CYCLINDc_2,positive,TGEN,indirect,2,,"Duplicated from original edge (TEAD1 -> CYCLINDc, Model=TGEN). Original note: causal effect. TEAD-containing YAP/TAZ transcriptional complex binds CCND1 regulatory DNA, leading to increased CCND1 transcription, which then allows more CYCLINDc complex formation."
2160,RB,E2F_2,negative,TGEN,direct,1,,"Duplicated from original edge (RB -> E2F, Model=TGEN). Original note: protein-protein interaction. Hypophosphorylated RB physically binds activating E2Fs, especially E2F1–3, through its pocket and C-terminal domains and directly suppresses their transcriptional activity."
2161,RB,E2F_3,negative,TGEN,direct,1,,"Duplicated from original edge (RB -> E2F, Model=TGEN). Original note: protein-protein interaction. Hypophosphorylated RB physically binds activating E2Fs, especially E2F1–3, through its pocket and C-terminal domains and directly suppresses their transcriptional activity."
2162,HER3_2,EGFR,positive,TGEN,direct,1,,"Duplicated from original edge (HER3 -> EGFR, Model=TGEN). Original note: protein-protein interaction; heterodimerization activates EGFR"
2163,MEK_2,EGFR,negative,TGEN,indirect,2,,"Duplicated from original edge (MEK -> EGFR, Model=TGEN). Original note: causal effect mediated by ERK"
2164,MEK,ERK_2,positive,TGEN,direct,1,,"Duplicated from original edge (MEK -> ERK, Model=TGEN). Original note: phosphorylation. MEK1/2 directly binds and phosphorylates ERK1/2, activating its kinase activity."
2165,MEK_2,ERK,positive,TGEN,direct,1,,"Duplicated from original edge (MEK -> ERK, Model=TGEN). Original note: phosphorylation. MEK1/2 directly binds and phosphorylates ERK1/2, activating its kinase activity."
2166,MEK_2,ERK_2,positive,TGEN,direct,1,,"Duplicated from original edge (MEK -> ERK, Model=TGEN). Original note: phosphorylation. MEK1/2 directly binds and phosphorylates ERK1/2, activating its kinase activity."
2167,AKT,ESR1_2,positive,TGEN,direct,1,,"Duplicated from original edge (AKT -> ESR1, Model=TGEN). Original note: phosphorylation. Activated AKT phosphorylates ERα (ESR1 protein) at Ser167, and this phosphorylation increases ERα transcriptional activity."
2168,ES,ESR1_2,positive,TGEN,direct,1,,"Duplicated from original edge (ES -> ESR1, Model=TGEN). Original note: ligand-receptor binding"
2169,FOXO3,ESR1_2,positive,TGEN,direct,1,,"Duplicated from original edge (FOXO3 -> ESR1, Model=TGEN). Original note: regulation of transcription. FOXO3a directly binds regulatory sites in the ESR1 (ERα) promoter and increases ESR1 transcription"
2170,KMT2D,ESR1_2,positive,TGEN,unsupported,-,,"Duplicated from original edge (KMT2D -> ESR1, Model=TGEN). Original note: KMT2D helps establish chromatin conditions that permit recruitment/occupancy of ERα, but it does not affect ESR1 itself."
2171,PGR,ESR1_2,positive,TGEN,unsupported,-,,"Duplicated from original edge (PGR -> ESR1, Model=TGEN). Original note: Only the ligand-free progesterone receptor has a positive effect on ESR1. The ligand-bound PGR binds ESR1 and redirects ERα chromatin binding and transcriptional activity."
2172,ERK_2,GSK3B,negative,TGEN,direct in the network sense,1,,"Duplicated from original edge (ERK -> GSK3B, Model=TGEN). Original note: phosphorylation. ERK binds GSK3β and phosphorylates it and primes it for subsequent Ser9 phosphorylation by RSK, which then inhibits GSK3β activity. RSK itself is activated by ERK. RSK is not part of the model."
2173,HER3_2,HER2,positive,TGEN,replaced,,,"Duplicated from original edge (HER3 -> HER2, Model=TGEN). Original note: The HER2-HER3 heterodimer formation is represented with a separate HER2HER3c node. HER3 does not have any effect on HER2 outside of heterodimer formation. This edge is replaced by a HER3->HER2HER3c edge."
2174,HER2,HER3_2,positive,TGEN,replaced,,,"Duplicated from original edge (HER2 -> HER3, Model=TGEN). Original note: The effect of HER2 on HER3 is through HER2-HER3 heterodimer formation, which is represented by the HER2HER3c node. This edge is replaced by a HER2->HER2HER3c edge."
2175,NRG1,HER3_2,positive,TGEN,direct,1,,"Duplicated from original edge (NRG1 -> HER3, Model=TGEN). Original note: ligand-receptor binding"
2176,PI3K_2,HRAS,positive,TGEN,indirect,2,,"Duplicated from original edge (PI3K -> HRAS, Model=TGEN). Original note: causal effect likely mediated by PIP3 and a PIP3-responsive Ras regulatory complex/GEF"
2177,ESR1,IGF1R_2,positive,TGEN,indirect,2,,"Duplicated from original edge (ESR1 -> IGF1R, Model=TGEN). Original note: ERα binds regulatory regions of the IGF1R gene, often together with other transcription factors/cofactors. Estrogen/ER signaling increases IGF1R expression in ER-positive breast-cancer cells. Because there is a separate node denoting ER transcription regulatory activity, this edge is categorized indirect."
2178,ESR1_2,IGF1R,positive,TGEN,indirect,2,,"Duplicated from original edge (ESR1 -> IGF1R, Model=TGEN). Original note: ERα binds regulatory regions of the IGF1R gene, often together with other transcription factors/cofactors. Estrogen/ER signaling increases IGF1R expression in ER-positive breast-cancer cells. Because there is a separate node denoting ER transcription regulatory activity, this edge is categorized indirect."
2179,ESR1_2,IGF1R_2,positive,TGEN,indirect,2,,"Duplicated from original edge (ESR1 -> IGF1R, Model=TGEN). Original note: ERα binds regulatory regions of the IGF1R gene, often together with other transcription factors/cofactors. Estrogen/ER signaling increases IGF1R expression in ER-positive breast-cancer cells. Because there is a separate node denoting ER transcription regulatory activity, this edge is categorized indirect."
2180,FOXO3,IGF1R_2,positive,TGEN,indirect,2,,"Duplicated from original edge (FOXO3 -> IGF1R, Model=TGEN). Original note: causal effect. Activated FOXO3 increases IGF1R mRNA and protein expression, and FOXO knockdown decreases IGF1R expression. The exact mechanism is not known."
2181,IGF1,IGF1R_2,positive,TGEN,direct,1,,"Duplicated from original edge (IGF1 -> IGF1R, Model=TGEN). Original note: ligand-receptor binding. "
2182,INS,IGF1R_2,positive,TGEN,direct,1,,"Duplicated from original edge (INS -> IGF1R, Model=TGEN). Original note: ligand-receptor binding. Insulin can directly bind IGF1R and weakly activate its intrinsic tyrosine kinase."
2183,SRC,IGF1R_2,positive,TGEN,direct,1,,"Duplicated from original edge (SRC -> IGF1R, Model=TGEN). Original note: phosphorylation. SRC can induce ligand-independent IGF1R phosphorylation and activation."
2184,IGF1R_2,IRS1,positive,TGEN,direct,1,,"Duplicated from original edge (IGF1R -> IRS1, Model=TGEN). Original note: phosphorylation. Activated IGF1R physically recruits IRS1 and directly phosphorylates it on tyrosine residues, generating docking sites for SH2-domain-containing signaling proteins."
2185,ERK_2,JUN,positive,TGEN,indirect,2,,"Duplicated from original edge (ERK -> JUN, Model=TGEN). Original note: causal effect on JUN stability mediated by GSK3B, there also is an indirect effect on JUN transcription."
2186,ERK_2,LCK,positive,TGEN,unsupported,-,,"Duplicated from original edge (ERK -> LCK, Model=TGEN). Original note: ERK phosphorylate LCK at Ser59, but the literature describes this phosphorylation as inhibitory/modulatory, not activating."
2187,ERK_2,MCL1,positive,TGEN,direct,1,,"Duplicated from original edge (ERK -> MCL1, Model=TGEN). Original note: phosphorylation. ERK1/2 phosphorylates MCL1, which stabilizes MCL1 and increases its anti-apoptotic activity. ERK1/2 also has indirect effects on MCL1 transcription and translation."
2188,RAF1,MEK_2,positive,TGEN,direct,1,,"Duplicated from original edge (RAF1 -> MEK, Model=TGEN). Original note: phosphorylation. RAF1 (c-RAF) directly phosphorylates MEK1/2 (MAP2K1/2) on their activating serine residues. This activates MEK kinase activity."
2189,RAF1_2,MEK,positive,TGEN,direct,1,,"Duplicated from original edge (RAF1 -> MEK, Model=TGEN). Original note: phosphorylation. RAF1 (c-RAF) directly phosphorylates MEK1/2 (MAP2K1/2) on their activating serine residues. This activates MEK kinase activity."
2190,RAF1_2,MEK_2,positive,TGEN,direct,1,,"Duplicated from original edge (RAF1 -> MEK, Model=TGEN). Original note: phosphorylation. RAF1 (c-RAF) directly phosphorylates MEK1/2 (MAP2K1/2) on their activating serine residues. This activates MEK kinase activity."
2191,PIP3_2,mTORC2_pm,positive,TGEN,direct,1,,"Duplicated from original edge (PIP3 -> mTORC2_pm, Model=TGEN). Original note: protein-protein interaction. The SIN1/MAPKAP1 subunit of mTORC2 contains a PH domain that directly binds PIP3, recruiting mTORC2 to the plasma membrane and allowing it to phosphorylate substrates such as AKT. "
2192,CTNNB1,MYC_2,positive,TGEN,direct,1,,"Duplicated from original edge (CTNNB1 -> MYC, Model=TGEN). Original note: regulation of transcription. In canonical Wnt signaling, nuclear β-catenin forms a transcriptional complex with TCF/LEF factors, and this complex directly regulates MYC transcription through TCF-binding regulatory elements."
2193,EIF4,MYC_2,positive,TGEN,indirect,2,,"Duplicated from original edge (EIF4 -> MYC, Model=TGEN). Original note: causal effect mediated by the node Translation"
2194,ERK,MYC_2,positive,TGEN,direct,1,,"Duplicated from original edge (ERK -> MYC, Model=TGEN). Original note: phosphorylation. ERK1/2 phosphorylates MYC, which increases MYC protein stability and can enhance its transcriptional activity."
2195,ERK_2,MYC,positive,TGEN,direct,1,,"Duplicated from original edge (ERK -> MYC, Model=TGEN). Original note: phosphorylation. ERK1/2 phosphorylates MYC, which increases MYC protein stability and can enhance its transcriptional activity."
2196,ERK_2,MYC_2,positive,TGEN,direct,1,,"Duplicated from original edge (ERK -> MYC, Model=TGEN). Original note: phosphorylation. ERK1/2 phosphorylates MYC, which increases MYC protein stability and can enhance its transcriptional activity."
2197,ESR1,MYC_2,positive,TGEN,indirect,2,,"Duplicated from original edge (ESR1 -> MYC, Model=TGEN). Original note: ERα occupies regulatory elements associated with the MYC locus and induces MYC transcription. Because there is a separate node ER_transcription, this edge is classified as indirect."
2198,ESR1_2,MYC,positive,TGEN,indirect,2,,"Duplicated from original edge (ESR1 -> MYC, Model=TGEN). Original note: ERα occupies regulatory elements associated with the MYC locus and induces MYC transcription. Because there is a separate node ER_transcription, this edge is classified as indirect."
2199,ESR1_2,MYC_2,positive,TGEN,indirect,2,,"Duplicated from original edge (ESR1 -> MYC, Model=TGEN). Original note: ERα occupies regulatory elements associated with the MYC locus and induces MYC transcription. Because there is a separate node ER_transcription, this edge is classified as indirect."
2200,GSK3B,MYC_2,negative,TGEN,direct,1,,"Duplicated from original edge (GSK3B -> MYC, Model=TGEN). Original note: phosphorylation. GSK3B directly phosphorylates MYC; phosphorylated Thr58 is recognized through the FBXW7 ubiquitin-ligase pathway, leading to ubiquitination and proteasomal degradation of MYC."
2201,PIM,MYC_2,positive,TGEN,direct,1,,"Duplicated from original edge (PIM -> MYC, Model=TGEN). Original note: phosphorylation. PIM kinases, especially PIM1, phosphorylate MYC, which increases MYC protein stability and transcriptional activity."
2202,STAT3,MYC_2,positive,TGEN,direct,1,,"Duplicated from original edge (STAT3 -> MYC, Model=TGEN). Original note: regulation of transcription. STAT3 binds a regulatory region of the MYC promoter overlapping an E2F site and promotes MYC transcription."
2203,ERK_2,p21,negative,TGEN,indirect,2,,"Duplicated from original edge (ERK -> p21, Model=TGEN). Original note: causal effect, mediated by MYC and possibly alternative mediators as well"
2204,MYC_2,p21,negative,TGEN,indirect,2,,"Duplicated from original edge (MYC -> p21, Model=TGEN). Original note: causal effect. MYC interacts with transcription factors already associated with the CDKN1A (p21) promoter, particularly MIZ1 (ZBTB17), represssing CDKN1A transcription. As there is a separate p21_T node, this effect on the protein level is indirect."
2205,IGF1R_2,PDK1_pm,positive,TGEN,indirect,2,,"Duplicated from original edge (IGF1R -> PDK1_pm, Model=TGEN). Original note: causal effect mediated by PI3K, PIP3"
2206,PIP3_2,PDK1_pm,positive,TGEN,direct,1,,"Duplicated from original edge (PIP3 -> PDK1_pm, Model=TGEN). Original note: protein-protein interaction. PIP3 recruits PDK1 to the plasma membrane."
2207,ERK_2,PGR,negative,TGEN,unsupported,-,,"Duplicated from original edge (ERK -> PGR, Model=TGEN). Original note: ERK phosphorylates of PRB at Ser294, and this makes PR more transcriptionally active, more nuclear, and more responsive to ligand, even though it also accelerates ligand-dependent receptor turnover."
2208,ESR1_2,PGR,negative,TGEN,unsupported,-,,"Duplicated from original edge (ESR1 -> PGR, Model=TGEN). Original note: Contrary to this assumption, ESR1 upregulates the transcription of PGR."
2209,EGFR,PI3K_2,positive,TGEN,direct,1,,"Duplicated from original edge (EGFR -> PI3K, Model=TGEN). Original note: protein-protein interaction. Activated EGFR recruits the p85 regulatory subunit of class IA PI3K into a receptor-associated complex"
2210,ESR1,PI3K_2,positive,TGEN,direct,1,,"Duplicated from original edge (ESR1 -> PI3K, Model=TGEN). Original note: protein-protein interaction. The estrogen receptor ERα (ESR1) physically associates with the p85 regulatory subunit of PI3K."
2211,ESR1_2,PI3K,positive,TGEN,direct,1,,"Duplicated from original edge (ESR1 -> PI3K, Model=TGEN). Original note: protein-protein interaction. The estrogen receptor ERα (ESR1) physically associates with the p85 regulatory subunit of PI3K."
2212,ESR1_2,PI3K_2,positive,TGEN,direct,1,,"Duplicated from original edge (ESR1 -> PI3K, Model=TGEN). Original note: protein-protein interaction. The estrogen receptor ERα (ESR1) physically associates with the p85 regulatory subunit of PI3K."
2213,IGF1R,PI3K_2,positive,TGEN,indirect,2,,"Duplicated from original edge (IGF1R -> PI3K, Model=TGEN). Original note: causal effect mediated by IRS1"
2214,IGF1R_2,PI3K,positive,TGEN,indirect,2,,"Duplicated from original edge (IGF1R -> PI3K, Model=TGEN). Original note: causal effect mediated by IRS1"
2215,IGF1R_2,PI3K_2,positive,TGEN,indirect,2,,"Duplicated from original edge (IGF1R -> PI3K, Model=TGEN). Original note: causal effect mediated by IRS1"
2216,INSR,PI3K_2,positive,TGEN,indirect,2,,"Duplicated from original edge (INSR -> PI3K, Model=TGEN). Original note: causal effect mediated by IRS1"
2217,IRS1,PI3K_2,positive,TGEN,direct,1,,"Duplicated from original edge (IRS1 -> PI3K, Model=TGEN). Original note: protein-protein interaction. phosphorylated IRS1 proteins bind the p85 regulatory subunit of PI3K."
2218,RAS,PI3K_2,positive,TGEN,direct,1,,"Duplicated from original edge (RAS -> PI3K, Model=TGEN). Original note: protein-protein interaction. GTP-bound RAS binds the Ras-binding domain (RBD) of the p110 catalytic subunit of class I PI3K. This interaction promotes PI3K activation."
2219,RAS_2,PI3K,positive,TGEN,direct,1,,"Duplicated from original edge (RAS -> PI3K, Model=TGEN). Original note: protein-protein interaction. GTP-bound RAS binds the Ras-binding domain (RBD) of the p110 catalytic subunit of class I PI3K. This interaction promotes PI3K activation."
2220,RAS_2,PI3K_2,positive,TGEN,direct,1,,"Duplicated from original edge (RAS -> PI3K, Model=TGEN). Original note: protein-protein interaction. GTP-bound RAS binds the Ras-binding domain (RBD) of the p110 catalytic subunit of class I PI3K. This interaction promotes PI3K activation."
2221,RAS_3,PI3K,positive,TGEN,direct,1,,"Duplicated from original edge (RAS -> PI3K, Model=TGEN). Original note: protein-protein interaction. GTP-bound RAS binds the Ras-binding domain (RBD) of the p110 catalytic subunit of class I PI3K. This interaction promotes PI3K activation."
2222,RAS_3,PI3K_2,positive,TGEN,direct,1,,"Duplicated from original edge (RAS -> PI3K, Model=TGEN). Original note: protein-protein interaction. GTP-bound RAS binds the Ras-binding domain (RBD) of the p110 catalytic subunit of class I PI3K. This interaction promotes PI3K activation."
2223,PI3K,PIP3_2,positive,TGEN,direct,1,,"Duplicated from original edge (PI3K -> PIP3, Model=TGEN). Original note: PI3K catalyzes the reaction that produces PIP3."
2224,PI3K_2,PIP3,positive,TGEN,direct,1,,"Duplicated from original edge (PI3K -> PIP3, Model=TGEN). Original note: PI3K catalyzes the reaction that produces PIP3."
2225,PI3K_2,PIP3_2,positive,TGEN,direct,1,,"Duplicated from original edge (PI3K -> PIP3, Model=TGEN). Original note: PI3K catalyzes the reaction that produces PIP3."
2226,PTEN,PIP3_2,negative,TGEN,direct,1,,"Duplicated from original edge (PTEN -> PIP3, Model=TGEN). Original note: PTEN dephosphorylates PIP3"
2227,PTEN_2,PIP3,negative,TGEN,direct,1,,"Duplicated from original edge (PTEN -> PIP3, Model=TGEN). Original note: PTEN dephosphorylates PIP3"
2228,PTEN_2,PIP3_2,negative,TGEN,direct,1,,"Duplicated from original edge (PTEN -> PIP3, Model=TGEN). Original note: PTEN dephosphorylates PIP3"
2229,CYCLINDc_2,RB,negative,TGEN,indirect,2,,"Duplicated from original edge (CYCLINDc -> RB, Model=TGEN). Original note: The Cyclin D–CDK4/6 complex directly phosphorylates RB, which leads to a decrease in the hypophosphorylated RB. As pRB is a separate node of the network, we consider this edge indirect."
2230,S6K,PTEN_2,positive,TGEN,unsupported,-,,"Duplicated from original edge (S6K -> PTEN, Model=TGEN). Original note: There is no evidence to support a positive effect. Instead, there is evidence of a negative effect: mTOR/S6K signaling promotes PTEN phosphorylation at Thr366, which can increase PTEN ubiquitination and degradation."
2231,SRC,PTEN_2,negative,TGEN,indirect,2,,"Duplicated from original edge (SRC -> PTEN, Model=TGEN). Original note: causal effect. Src-family kinases inhibit PTEN function via an unknown mediator."
2232,PI3K_2,RAC1,positive,TGEN,indirect,2,,"Duplicated from original edge (PI3K -> RAC1, Model=TGEN). Original note: causal effect mediated by PIP3  and Rac guanine-nucleotide exchange factors"
2233,HRAS,RAF1_2,positive,TGEN,direct,1,,"Duplicated from original edge (HRAS -> RAF1, Model=TGEN). Original note: protein-protein interaction. GTP-bound HRAS directly binds RAF1 through RAF1's Ras-binding domain. This recruits RAF1 to the plasma membrane and promotes the conformational changes needed for RAF1 activation."
2234,RAS,RAF1_2,positive,TGEN,direct,1,,"Duplicated from original edge (RAS -> RAF1, Model=TGEN). Original note: protein-protein interaction. RAS-GTP directly binds RAF1 (c-RAF) through RAF1's RAS-binding domain and cysteine-rich domain. This recruits RAF1 to the plasma membrane and is an essential step in RAF1 activation."
2235,RAS_2,RAF1,positive,TGEN,direct,1,,"Duplicated from original edge (RAS -> RAF1, Model=TGEN). Original note: protein-protein interaction. RAS-GTP directly binds RAF1 (c-RAF) through RAF1's RAS-binding domain and cysteine-rich domain. This recruits RAF1 to the plasma membrane and is an essential step in RAF1 activation."
2236,RAS_2,RAF1_2,positive,TGEN,direct,1,,"Duplicated from original edge (RAS -> RAF1, Model=TGEN). Original note: protein-protein interaction. RAS-GTP directly binds RAF1 (c-RAF) through RAF1's RAS-binding domain and cysteine-rich domain. This recruits RAF1 to the plasma membrane and is an essential step in RAF1 activation."
2237,RAS_3,RAF1,positive,TGEN,direct,1,,"Duplicated from original edge (RAS -> RAF1, Model=TGEN). Original note: protein-protein interaction. RAS-GTP directly binds RAF1 (c-RAF) through RAF1's RAS-binding domain and cysteine-rich domain. This recruits RAF1 to the plasma membrane and is an essential step in RAF1 activation."
2238,RAS_3,RAF1_2,positive,TGEN,direct,1,,"Duplicated from original edge (RAS -> RAF1, Model=TGEN). Original note: protein-protein interaction. RAS-GTP directly binds RAF1 (c-RAF) through RAF1's RAS-binding domain and cysteine-rich domain. This recruits RAF1 to the plasma membrane and is an essential step in RAF1 activation."
2239,IGF1,RAS_2,positive,TGEN,indirect,2,,"Duplicated from original edge (IGF1 -> RAS, Model=TGEN). Original note: causal effect mediated by IGFR, SOS/GRB2"
2240,IGF1,RAS_3,positive,TGEN,indirect,2,,"Duplicated from original edge (IGF1 -> RAS, Model=TGEN). Original note: causal effect mediated by IGFR, SOS/GRB2"
2241,PI3K,RAS_2,positive,TGEN,indirect,2,,"Duplicated from original edge (PI3K -> RAS, Model=TGEN). Original note: causal effect: PI3K-dependent enhancement of RAS activation was observed."
2242,PI3K,RAS_3,positive,TGEN,indirect,2,,"Duplicated from original edge (PI3K -> RAS, Model=TGEN). Original note: causal effect: PI3K-dependent enhancement of RAS activation was observed."
2243,PI3K_2,RAS,positive,TGEN,indirect,2,,"Duplicated from original edge (PI3K -> RAS, Model=TGEN). Original note: causal effect: PI3K-dependent enhancement of RAS activation was observed."
2244,PI3K_2,RAS_2,positive,TGEN,indirect,2,,"Duplicated from original edge (PI3K -> RAS, Model=TGEN). Original note: causal effect: PI3K-dependent enhancement of RAS activation was observed."
2245,PI3K_2,RAS_3,positive,TGEN,indirect,2,,"Duplicated from original edge (PI3K -> RAS, Model=TGEN). Original note: causal effect: PI3K-dependent enhancement of RAS activation was observed."
2246,SOS1,RAS_2,positive,TGEN,direct,1,,"Duplicated from original edge (SOS1 -> RAS, Model=TGEN). Original note: protein-protein interaction. SOS1 directly binds RAS and acts as a guanine-nucleotide exchange factor (GEF), promoting release of GDP so that GTP can bind. This converts RAS into its active GTP-bound state."
2247,SOS1,RAS_3,positive,TGEN,direct,1,,"Duplicated from original edge (SOS1 -> RAS, Model=TGEN). Original note: protein-protein interaction. SOS1 directly binds RAS and acts as a guanine-nucleotide exchange factor (GEF), promoting release of GDP so that GTP can bind. This converts RAS into its active GTP-bound state."
2248,ERK_2,STK11,negative,TGEN,indirect,2,,"Duplicated from original edge (ERK -> STK11, Model=TGEN). Original note: causal effect, mediated by an unknown kinase."
2249,ERK_2,TSC2,negative,TGEN,direct in the network sense,1,,"Duplicated from original edge (ERK -> TSC2, Model=TGEN). Original note: ERK phosphorylates RSK, which phosphorylates TSC2 at inhibitory sites such as Ser1798. RSK is not in the network."
2250,ERK_2,TWIST1,positive,TGEN,direct,1,,"Duplicated from original edge (ERK -> TWIST1, Model=TGEN). Original note: phosphorylation. ERK1/2 phosphorylates TWIST1 at Ser68. This phosphorylation protects TWIST1 from ubiquitination and proteasomal degradation, increasing TWIST1 protein stability"
2251,HER2,HER2HER3c_2,positive,TGEN,,0,,"Duplicated from original edge (HER2 -> HER2HER3c, Model=TGEN). Original note: Replaces HER2 -> HER3. The effect of HER2 on HER3 is through HER2-HER3 heterodimer formation, which is represented by the HER2HER3c node."
2252,HER3,HER2HER3c_2,positive,TGEN,,0,,"Duplicated from original edge (HER3 -> HER2HER3c, Model=TGEN). Original note: Replaces HER3 -> HER2. The HER2-HER3 heterodimer formation is represented with a separate HER2HER3c node. HER3 does not have any effect on HER2 outside of heterodimer formation."
2253,HER3_2,HER2HER3c,positive,TGEN,,0,,"Duplicated from original edge (HER3 -> HER2HER3c, Model=TGEN). Original note: Replaces HER3 -> HER2. The HER2-HER3 heterodimer formation is represented with a separate HER2HER3c node. HER3 does not have any effect on HER2 outside of heterodimer formation."
2254,HER3_2,HER2HER3c_2,positive,TGEN,,0,,"Duplicated from original edge (HER3 -> HER2HER3c, Model=TGEN). Original note: Replaces HER3 -> HER2. The HER2-HER3 heterodimer formation is represented with a separate HER2HER3c node. HER3 does not have any effect on HER2 outside of heterodimer formation."
2255,IGF1R_T_2,IGF1R,positive,Z17,direct,1,,"Duplicated from original edge (IGF1R_T -> IGF1R, Model=Z17). Original note: protein translation"
2256,IGF1R_T_2,IGF1R_2,positive,Z17,direct,1,,"Duplicated from original edge (IGF1R_T -> IGF1R_2, Model=Z17). Original note: protein translation"
2257,IGF1R_T_2,IGF1R,positive,Z17,direct,1,,"Duplicated from original edge (IGF1R_T -> IGF1R, Model=Z17). Original note: protein translation"
2258,IGF1R_T_2,IGF1R_2,positive,Z17,direct,1,,"Duplicated from original edge (IGF1R_T -> IGF1R_2, Model=Z17). Original note: protein translation"
2259,PTEN_2,PIP3,negative,Z17,direct,1,,"Duplicated from original edge (PTEN -> PIP3, Model=Z17). Original note: PTEN dephosphorylates PIP3"
2260,PTEN_2,PIP3_2,negative,Z17,direct,1,,"Duplicated from original edge (PTEN -> PIP3_2, Model=Z17). Original note: PTEN dephosphorylates PIP3"
2261,PTEN_2,PIP3,negative,Z17,direct,1,,"Duplicated from original edge (PTEN -> PIP3, Model=Z17). Original note: PTEN dephosphorylates PIP3. We consider that the confidence ranking is the same as that of the PTEN-| PIP3 edge."
2262,PTEN_2,PIP3_2,negative,Z17,direct,1,,"Duplicated from original edge (PTEN -> PIP3_2, Model=Z17). Original note: PTEN dephosphorylates PIP3. We consider that the confidence ranking is the same as that of the PTEN-| PIP3 edge."
2263,E2F,E2F_3,positive,Z21,unsupported,-,,This is already represented by other inter-level edges
2264,E2F_3,E2F,positive,Z21,unsupported,-,,High-level should not activate low-level.
2265,pRB_2,E2F_3,positive,Z21,indirect,2,,"Duplicated from original edge (pRB_2 -> E2F_2, Model=Z21). Original note: causal effect. Hypophosphorylated RB binds to E2F; phosphorylation of RB changes RB conformation and disrupts that binding. This can be represented as a pRB-|RB-|E2F path, if pRB-|RB is added to the network."
2266,pRB_3,E2F_2,positive,Z21,indirect,2,,"Duplicated from original edge (pRB_2 -> E2F_2, Model=Z21). Original note: causal effect. Hypophosphorylated RB binds to E2F; phosphorylation of RB changes RB conformation and disrupts that binding. This can be represented as a pRB-|RB-|E2F path, if pRB-|RB is added to the network."
2267,pRB_3,E2F_3,positive,Z21,indirect,2,,"Duplicated from original edge (pRB_2 -> E2F_2, Model=Z21). Original note: causal effect. Hypophosphorylated RB binds to E2F; phosphorylation of RB changes RB conformation and disrupts that binding. This can be represented as a pRB-|RB-|E2F path, if pRB-|RB is added to the network."
2268,E2F,E2F_3,positive,Z21,unsupported,-,,This is already represented by other inter-level edges
2269,E2F_3,E2F,positive,Z21,unsupported,-,,High-level should not activate low-level.
2270,pRB_2,E2F_3,positive,Z21,indirect,2,,"Duplicated from original edge (pRB_2 -> E2F_2, Model=Z21). Original note: causal effect. Hypophosphorylated RB binds to E2F; phosphorylation of RB changes RB conformation and disrupts that binding. We consider that the confidence ranking is the same as that of the pRB->E2F edge."
2271,pRB_3,E2F_2,positive,Z21,indirect,2,,"Duplicated from original edge (pRB_2 -> E2F_2, Model=Z21). Original note: causal effect. Hypophosphorylated RB binds to E2F; phosphorylation of RB changes RB conformation and disrupts that binding. We consider that the confidence ranking is the same as that of the pRB->E2F edge."
2272,pRB_3,E2F_3,positive,Z21,indirect,2,,"Duplicated from original edge (pRB_2 -> E2F_2, Model=Z21). Original note: causal effect. Hypophosphorylated RB binds to E2F; phosphorylation of RB changes RB conformation and disrupts that binding. We consider that the confidence ranking is the same as that of the pRB->E2F edge."
2273,E2F,Proliferation_4,positive,Z21,indirect,2,,"Duplicated from original edge (E2F -> Proliferation_3, Model=Z21). Original note: causal effect. E2F1/2/3 are transcription factors that promote cell-cycle progression by regulating genes required for DNA replication and G1/S progression."
2274,E2F_2,Proliferation_4,positive,Z21,indirect,2,,"Duplicated from original edge (E2F_2 -> Proliferation_3, Model=Z21). Original note: causal effect. E2F1/2/3 are transcription factors that promote cell-cycle progression by regulating genes required for DNA replication and G1/S progression."
2275,E2F_3,Proliferation_2,positive,Z21,indirect,2,,"Duplicated from original edge (E2F_2 -> Proliferation_2, Model=Z21). Original note: causal effect. E2F1/2/3 are transcription factors that promote cell-cycle progression by regulating genes required for DNA replication and G1/S progression."
2276,E2F_3,Proliferation_3,positive,Z21,indirect,2,,"Duplicated from original edge (E2F_2 -> Proliferation_3, Model=Z21). Original note: causal effect. E2F1/2/3 are transcription factors that promote cell-cycle progression by regulating genes required for DNA replication and G1/S progression."
2277,E2F_3,Proliferation_4,positive,Z21,indirect,2,,"Duplicated from original edge (E2F_2 -> Proliferation_3, Model=Z21). Original note: causal effect. E2F1/2/3 are transcription factors that promote cell-cycle progression by regulating genes required for DNA replication and G1/S progression."
2278,MYC_targets_2,Proliferation_4,positive,Z21,assumption,4,,"Duplicated from original edge (MYC_targets_2 -> Proliferation_3, Model=Z21). Original note: This assumption is consistent with the observation that MYC overexpression can cause resistance to PI3K inhibitors."
2279,E2F,Proliferation_4,positive,Z21,indirect,2,,"Duplicated from original edge (E2F -> Proliferation_3, Model=Z21). Original note: causal effect. E2F1/2/3 are transcription factors that promote cell-cycle progression by regulating genes required for DNA replication and G1/S progression. We consider the confidence ranking the same as that of the E2F-> Proliferation edge."
2280,E2F_2,Proliferation_4,positive,Z21,indirect,2,,"Duplicated from original edge (E2F_2 -> Proliferation_3, Model=Z21). Original note: causal effect. E2F1/2/3 are transcription factors that promote cell-cycle progression by regulating genes required for DNA replication and G1/S progression. We consider the confidence ranking the same as that of the E2F-> Proliferation edge."
2281,E2F_3,Proliferation_2,positive,Z21,indirect,2,,"Duplicated from original edge (E2F_2 -> Proliferation_2, Model=Z21). Original note: causal effect. E2F1/2/3 are transcription factors that promote cell-cycle progression by regulating genes required for DNA replication and G1/S progression. We consider the confidence ranking the same as that of the E2F-> Proliferation edge."
2282,E2F_3,Proliferation_3,positive,Z21,indirect,2,,"Duplicated from original edge (E2F_2 -> Proliferation_3, Model=Z21). Original note: causal effect. E2F1/2/3 are transcription factors that promote cell-cycle progression by regulating genes required for DNA replication and G1/S progression. We consider the confidence ranking the same as that of the E2F-> Proliferation edge."
2283,E2F_3,Proliferation_4,positive,Z21,indirect,2,,"Duplicated from original edge (E2F_2 -> Proliferation_3, Model=Z21). Original note: causal effect. E2F1/2/3 are transcription factors that promote cell-cycle progression by regulating genes required for DNA replication and G1/S progression. We consider the confidence ranking the same as that of the E2F-> Proliferation edge."
2284,E2F,Proliferation_4,positive,Z21,indirect,2,,"Duplicated from original edge (E2F -> Proliferation_3, Model=Z21). Original note: causal effect. E2F1/2/3 are transcription factors that promote cell-cycle progression by regulating genes required for DNA replication and G1/S progression. We consider the confidence ranking the same as that of the E2F-> Proliferation edge."
2285,E2F_2,Proliferation_4,positive,Z21,indirect,2,,"Duplicated from original edge (E2F_2 -> Proliferation_3, Model=Z21). Original note: causal effect. E2F1/2/3 are transcription factors that promote cell-cycle progression by regulating genes required for DNA replication and G1/S progression. We consider the confidence ranking the same as that of the E2F-> Proliferation edge."
2286,E2F_3,Proliferation_2,positive,Z21,indirect,2,,"Duplicated from original edge (E2F_2 -> Proliferation_2, Model=Z21). Original note: causal effect. E2F1/2/3 are transcription factors that promote cell-cycle progression by regulating genes required for DNA replication and G1/S progression. We consider the confidence ranking the same as that of the E2F-> Proliferation edge."
2287,E2F_3,Proliferation_3,positive,Z21,indirect,2,,"Duplicated from original edge (E2F_2 -> Proliferation_3, Model=Z21). Original note: causal effect. E2F1/2/3 are transcription factors that promote cell-cycle progression by regulating genes required for DNA replication and G1/S progression. We consider the confidence ranking the same as that of the E2F-> Proliferation edge."
2288,E2F_3,Proliferation_4,positive,Z21,indirect,2,,"Duplicated from original edge (E2F_2 -> Proliferation_3, Model=Z21). Original note: causal effect. E2F1/2/3 are transcription factors that promote cell-cycle progression by regulating genes required for DNA replication and G1/S progression. We consider the confidence ranking the same as that of the E2F-> Proliferation edge."
2289,E2F,Proliferation_4,positive,Z21,indirect,2,,"Duplicated from original edge (E2F -> Proliferation_3, Model=Z21). Original note: causal effect. E2F1/2/3 are transcription factors that promote cell-cycle progression by regulating genes required for DNA replication and G1/S progression. We consider the confidence ranking the same as that of the E2F-> Proliferation edge."
2290,E2F_2,Proliferation_4,positive,Z21,indirect,2,,"Duplicated from original edge (E2F_2 -> Proliferation_3, Model=Z21). Original note: causal effect. E2F1/2/3 are transcription factors that promote cell-cycle progression by regulating genes required for DNA replication and G1/S progression. We consider the confidence ranking the same as that of the E2F-> Proliferation edge."
2291,E2F_3,Proliferation_2,positive,Z21,indirect,2,,"Duplicated from original edge (E2F_2 -> Proliferation_2, Model=Z21). Original note: causal effect. E2F1/2/3 are transcription factors that promote cell-cycle progression by regulating genes required for DNA replication and G1/S progression. We consider the confidence ranking the same as that of the E2F-> Proliferation edge."
2292,E2F_3,Proliferation_3,positive,Z21,indirect,2,,"Duplicated from original edge (E2F_2 -> Proliferation_3, Model=Z21). Original note: causal effect. E2F1/2/3 are transcription factors that promote cell-cycle progression by regulating genes required for DNA replication and G1/S progression. We consider the confidence ranking the same as that of the E2F-> Proliferation edge."
2293,E2F_3,Proliferation_4,positive,Z21,indirect,2,,"Duplicated from original edge (E2F_2 -> Proliferation_3, Model=Z21). Original note: causal effect. E2F1/2/3 are transcription factors that promote cell-cycle progression by regulating genes required for DNA replication and G1/S progression. We consider the confidence ranking the same as that of the E2F-> Proliferation edge."
2294,MYC_targets_2,Proliferation_4,positive,Z21,assumption,4,,"Duplicated from original edge (MYC_targets_2 -> Proliferation_3, Model=Z21). Original note: This assumption is consistent with the observation that MYC overexpression can cause resistance to PI3K inhibitors."
2295,E2F_3,cycE_CDK2_T,positive,Z21,direct,1,,"Duplicated from original edge (E2F_2 -> cycE_CDK2_T, Model=Z21). Original note: regulation of transcription. CycE_CDK2_T represents the transcripts of the components underlying the Cyclin E–CDK2 complex.  E2F1 binds E2F sites in the CCNE1 promoter and activates Cyclin E transcription. There is also evidence of E2F1 can promote CDK2 transcription."
2296,E2F_3,cycE_CDK2_T,positive,Z21,direct,1,,"Duplicated from original edge (E2F_2 -> cycE_CDK2_T, Model=Z21). Original note: regulation of transcription. CycE_CDK2_T represents transcription of the components underlying the Cyclin E–CDK2 complex. E2F directly transcriptionally activates Cyclin E genes (CCNE1 and CCNE2) through E2F-responsive regulatory elements, thus upregulating CycE_CDK2_T. We consider that the confidence rank is the same as that of the E2F-> cycE_CDK2_T edge."
2297,Rb_T,pRB_3,negative,Z21,assumption,4,,"Duplicated from original edge (Rb_T -> pRB_2, Model=Z21). Original note: This assumption reflects the experimental observation that the loss of Rb_T results in the loss of the inhibitory effect of Rb on E2F family members."
2298,CYCLINDc,pRB_3,positive,Z21,direct,1,,"Duplicated from original edge (CYCLINDc -> pRB_2, Model=Z21). Original note: phosphorylation. The Cyclin D–CDK4/6 complex directly phosphorylates RB, yielding pRB. We consider the confidence ranking the same as that of the CYCLINDc->pRB edge."
2299,CYCLINDc_2,pRB_3,positive,Z21,direct,1,,"Duplicated from original edge (CYCLINDc_2 -> pRB_2, Model=Z21). Original note: phosphorylation. The Cyclin D–CDK4/6 complex directly phosphorylates RB, yielding pRB. We consider the confidence ranking the same as that of the CYCLINDc->pRB edge."
2300,CYCLINDc,pRB_3,positive,Z21,direct,1,,"Duplicated from original edge (CYCLINDc -> pRB_2, Model=Z21). Original note: phosphorylation. The Cyclin D–CDK4/6 complex directly phosphorylates RB, yielding pRB. We consider the confidence ranking the same as that of the CYCLINDc->pRB edge."
2301,CYCLINDc_2,pRB_3,positive,Z21,direct,1,,"Duplicated from original edge (CYCLINDc_2 -> pRB_2, Model=Z21). Original note: phosphorylation. The Cyclin D–CDK4/6 complex directly phosphorylates RB, yielding pRB. We consider the confidence ranking the same as that of the CYCLINDc->pRB edge."
2302,pRB,pRB_3,positive,Z21,unsupported,-,,This is already represented by other inter-level edges
2303,pRB_3,pRB,positive,Z21,unsupported,-,,High-level should not activate low-level.
2304,Rb_T,pRB_3,negative,Z21,assumption,4,,"Duplicated from original edge (Rb_T -> pRB_2, Model=Z21). Original note: This assumption reflects the experimental observation that the loss of Rb_T results in the loss of inhibitory effect of Rb on E2F family members."
2305,CYCLINDc,pRB_3,positive,Z21,direct,1,,"Duplicated from original edge (CYCLINDc -> pRB_2, Model=Z21). Original note: phosphorylation. The Cyclin D–CDK4/6 complex directly phosphorylates RB, yielding pRB. We consider the confidence ranking the same as that of the CYCLINDc->pRB edge."
2306,CYCLINDc_2,pRB_3,positive,Z21,direct,1,,"Duplicated from original edge (CYCLINDc_2 -> pRB_2, Model=Z21). Original note: phosphorylation. The Cyclin D–CDK4/6 complex directly phosphorylates RB, yielding pRB. We consider the confidence ranking the same as that of the CYCLINDc->pRB edge."
2307,CYCLINDc,pRB_3,positive,Z21,direct,1,,"Duplicated from original edge (CYCLINDc -> pRB_2, Model=Z21). Original note: phosphorylation. The Cyclin D–CDK4/6 complex directly phosphorylates RB, yielding pRB. We consider the confidence ranking the same as that of the CYCLINDc->pRB edge."
2308,CYCLINDc_2,pRB_3,positive,Z21,direct,1,,"Duplicated from original edge (CYCLINDc_2 -> pRB_2, Model=Z21). Original note: phosphorylation. The Cyclin D–CDK4/6 complex directly phosphorylates RB, yielding pRB. We consider the confidence ranking the same as that of the CYCLINDc->pRB edge."
2309,cycE_CDK2,pRB_3,positive,Z21,direct,1,,"Duplicated from original edge (cycE_CDK2 -> pRB_2, Model=Z21). Original note: phosphorylation. Cyclin E–CDK2 directly recognizes and phosphorylates RB. We consider the confidence ranking of this edge is the same as that of the cycE_CDK2 edge."
2310,pRB,pRB_3,positive,Z21,unsupported,-,,This is already represented by other inter-level edges
2311,pRB_3,pRB,positive,Z21,unsupported,-,,High-level should not activate low-level.
