index,Regulator,Target,Sign,Model,Classification,Confidence rank,Constraint,Notes
1,AKT,AKT,positive,BL,indirect,2,,AKT does not self-regulate but it participates in a positive feedback loop with mTORC2_pm.
2,EGFR,AKT,positive,BL,indirect,2,,"causal effect mediated by PI3K, others"
3,HER2,AKT,positive,BL,indirect,2,,"causal effect mediated by PI3K, others"
4,HER3,AKT,positive,BL,indirect,2,,"causal effect mediated by PI3K, others"
5,PTEN,AKT,negative,BL,indirect,2,,causal effect mediated by PIP3
6,CyclinB1,CyclinB1,positive,BL,unsupported,-,,This inferred self-regulation is not supported by mechanistic evidence of self-regulation or a positive feedback loop.
7,EGFR,CyclinB1,positive,BL,indirect,2,,causal effect mediated by the PI3K and/or MAPK pathways
8,HER3,CyclinB1,positive,BL,indirect,2,,"causal effect mediated by PI3K, AKT, MEK"
9,p53,CyclinB1,negative,BL,direct,1,regulates,regulation of transcription. p53 can associate with the CCNB1 promoter through other DNA-bound transcription factors and reduces CCNB1 transcription.
10,AKT,CyclinD,positive,BL,indirect,2,,causal effect mediated by GSK3B
11,CyclinD,CyclinD,positive,BL,unsupported,-,,This inferred self-regulation is not supported by experimental evidence of self-regulation or a positive feedback loop.
12,ERK,CyclinD,positive,BL,indirect,2,,causal effect mediated by JUN and other transcription factors that upregulate CCND1 transcription.
13,GSK3B,CyclinD,negative,BL,direct,1,regulates,"phosphorylation. GSK3B directly phosphorylates Cyclin D1 at Thr286, promoting its nuclear export and degradation."
14,RPS6,CyclinD,positive,BL,indirect,2,,causal effect with unknown mediator(s). There is experimental evidence that the phosphorylation state/function of ribosomal protein S6 (RPS6) affects Cyclin D1 abundance.
15,EGFR,EGFR,positive,BL,direct,1,regulates,phosphorylation. EGFR homodimers phosphorylate each other
16,erlotinib,EGFR,negative,BL,direct,1,regulates,Erlotinib is a small molecule that binds the intracellular kinase domain of EGFR.
17,pertuzumab,EGFR,negative,BL,indirect,2,,causal effect. pertuzumab binds the extracellular domain II of HER2 and inhibits EGFR-HER2 heterodimerization. This is an indirect effect on EGFR.
18,stimulus,EGFR,positive,BL,correlation,3,,This proteomics-inferred edge is consistent with evidence that growth factors in a growth medium lead to EGFR activation.
19,HER2,HER2,positive,BL,direct,1,regulates,protein-protein interaction. Homodimerization of HER2 receptors leads to their trans-phosphorylation and activation
20,erlotinib,HER2,negative,BL,direct,1,regulates,Erlotinib is a small molecule that binds the intracellular kinase domain of HER2
21,pertuzumab,HER2,negative,BL,direct,1,regulates,pertuzumab is a monoclonal antibody that binds the extracellular domain II of HER2.
22,stimulus,HER2,positive,BL,correlation,3,,This proteomics-inferred edge is consistent with evidence that growth factors in a growth medium activate receptors that recruit HER2 into active heterodimers
23,trastuzumab,HER2,negative,BL,direct,1,regulates,trastuzumab is a monoclonal antibody binds the extracellular domain IV of HER2
24,HER3,HER3,positive,BL,unsupported,-,,"HER3 does not self-regulate. This inferred positive self-regulation contradicted by strong evidence of a negative feedback loop mediated by PI3K, AKT, and FOXO3."
25,PTEN,HER3,negative,BL,indirect,2,,causal effect; PTEN loss increased HER3 phosphorylation and enhanced HER3-dependent PI3K signaling. Likely mediated by AKT and FOXO3.
26,RPS6,HER3,positive,BL,unsupported,-,,This proteomics-inferred edge is contradicted by the known negative mTORC1-to-HER3 feedback effect.
27,erlotinib,HER3,negative,BL,indirect,2,,causal effect mediated by HER2 or another kinase
28,pertuzumab,HER3,negative,BL,replaced,,,"Pertuzumab does not act on HER3 but on the HER2-HER3 complex, which is a separate node. This edge is replaced by a Pertuzumab-| HER2HER3c edge."
29,stimulus,HER3,positive,BL,correlation,3,,This proteomics- inferred edge is consistent with evidence that growth factors in a growth medium lead to HER3 activation
30,ERK,ERK,positive,BL,unsupported,-,,This proteomics- inferred self-regulation is contradicted by the fact that ERK activity is strongly self-limiting via negative feedback loops.
31,RAF1,ERK,positive,BL,indirect,2,,causal effect mediated by MEK
32,AKT,FOXO1FOXO3,negative,BL,replaced,,,"FOXO1FOXO3 unites the FOXO1 and FOXO3 nodes, which are represented separately in other models. AKT has direct effects on both FOXO1 and FOXO3, which are included as separate edges. This edge is replaced by the AKT-| FOXO1 and AKT-| FOXO3 edges."
33,FOXO1FOXO3,FOXO1FOXO3,positive,BL,unsupported,-,,"This assumed self-activation is contradicted by the fact that neither FOXO1 nor FOXO3 has functional self regulation, and they participate in a negative feedback loop with HER3/IGFR1, PI3K, and AKT."
34,CyclinD,GSK3B,positive,BL,unsupported,-,,This proteomics-inferred edge is contradicted by the fact that proliferative signaling tends to produce an anti-correlation of Cyclin D and GSK3B.
35,GSK3B,GSK3B,positive,BL,direct,1,regulates,"phosphorylation. GSK3β autophosphorylates at Tyr216, and Tyr216 phosphorylation is associated with the active form of GSK3β."
36,p53,GSK3B,positive,BL,direct,1,regulates,protein-protein interaction. p53 binds GSK3B and increases its kinase activity.
37,AKT,PRAS40,negative,BL,direct,1,regulates,phosphorylation. AKT phosphorylates PRAS40 (AKT1S1). This promotes PRAS40 association with 14-3-3 and reduces its association/inhibitory action on mTORC1.
38,PRAS40,PRAS40,positive,BL,indirect,2,,PRAS40 participates in mutual inhibition with mTORC1.
39,GSK3B,PTEN,negative,BL,direct,1,regulates,"phosphorylation. GSK3B phosphorylates PTEN, yielding reduced PTEN stability / enhanced PTEN degradation."
40,PTEN,PTEN,positive,BL,indirect,2,,"PTEN promotes its own stability via a positive feedback loop mediated by AKT, FOXO, USP11."
41,CyclinD,RB,negative,BL,indirect,2,,causal effect mediated by CYCLINDc
42,NFKB,RB,positive,BL,unsupported,-,,This proteomics-inferred edge is inconsistent with an established indirect negative effect mediated by CYCLINDc.
43,RB,RB,positive,BL,unsupported,-,,"This proteomics-inferred edge is not supported by mechanistic evidence. Instead, there is indirect negative feedback regulation of RB."
44,RPS6,RPS6,positive,BL,unsupported,-,,RPS6 is a ribosomal protein and kinase substrate; it cannot self-activate. The feedback loops in which RPS6 participates are compensatory (negative).
45,S6K,RPS6,positive,BL,direct,1,regulates,phosphorylation. S6K1 directly phosphorylates ribosomal protein S6 (RPS6) on multiple serine residues.
46,AKT,TSC2,negative,BL,direct,1,regulates,"phosphorylation. AKT phosphorylates TSC2 (tuberin) at multiple sites, inhibiting the TSC1–TSC2 complex's GAP activity."
47,ERK,TSC2,negative,BL,direct in the network sense,1,regulates,"ERK phosphorylates RSK, which phosphorylates TSC2 at inhibitory sites such as Ser1798. RSK is not in the network."
48,GSK3B,TSC2,negative,BL,unsupported,-,,This inferred edge is contradicted by an observed positive regulation of TSC2 by GSK3B.
49,TSC2,TSC2,positive,BL,unsupported,-,,This inferred positive self-regulation is contradicted by the fact that TSC2 participates in several well-established negative feedback loops.
50,GSK3B,JUN,negative,BL,direct,1,regulates,phosphorylation. GSK3B phosphorylates residues in the C-terminal DNA-binding region of JUN. These modifications reduce JUN's DNA-binding/transcriptional activity.
51,JUN,JUN,positive,BL,direct,1,regulates,"regulation of transcription. The JUN promoter contains AP-1-binding sites, and c-JUN-containing AP-1 complexes bind these regulatory elements and stimulate JUN transcription."
52,EGFR,RAF1,positive,BL,indirect,2,,causal effect mediated by SOS/GRB and RAS
53,HER2,RAF1,positive,BL,indirect,2,,causal effect mediated by adaptor proteins and RAS
54,ERK,RAF1,negative,BL,direct,1,regulates,phosphorylation. ERK1/2 phosphorylates RAF1/C-RAF at inhibitory regulatory sites. These phosphorylations promote an inhbited RAF1 state.
55,RAF1,RAF1,positive,BL,unsupported,-,,This inferred self-activation is contradicted by the strongly supported RAF1 self-limiting circuit via MEK and ERK.
56,AKT,p38,positive,BL,correlation,3,,This proteomics-inferred edge is consistent with correlation between the Pi3K/AKT and p38 MAPK pathway.
57,p38,p38,positive,BL,assumption,4,,"p38 can autophosphorylate when bound to TAB1, which is an AMPK-activated scaffold protein. TAB1 is not in the network so the relevance of this mechanism is unclear."
58,CyclinB1,p53,positive,BL,unsupported,-,,This proteomics-inferred edge is not supported by causal or mechanistic evidence. Any causal effects would need the active Cyclin B1- CDK1 complex.
59,PTEN,p53,positive,BL,direct,1,regulates,"protein-protein interaction. PTEN can physically bind p53 and stabilize it, increasing p53 half-life and transcriptional activity. PTEN also raises p53 indirectly through PI3K, AKT, MDM2."
60,RB,p53,positive,BL,indirect,2,,"causal effect mediated by MDM2. RB interferes with MDM2-mediated ubiquitination/degradation of p53, thereby stabilizing p53."
61,p38,p53,positive,BL,direct,1,regulates,"phosphorylation. p38 MAPK phosphorylates p53. Co-expression of p38 stabilized p53, while inhibition of p38 after UV irradiation reduced p53 phosphorylation and p53-dependent apoptosis."
62,p53,p53,positive,BL,direct,1,regulates,regulation of transcription. p53 can induce TP53 transcription by binding its own promoter.
63,stimulus,p53,positive,BL,assumption,4,,This proteomics-inferred edge is not supported by evidence.
64,ERK,S6K,positive,BL,direct,1,regulates,"phosphorylation. ERK phosphorylates S6K, contributing to its activation"
65,NFKB,S6K,negative,BL,unsupported,-,,A positive effect from S6K to NFKB is more supported. There is some evidence that NFκB can have a positive effect on S6K1 abundance/stability.
66,PRAS40,S6K,negative,BL,indirect,2,,causal effect mediated by mTORC1
67,TSC2,S6K,negative,BL,indirect,2,,"causal effect, mediated by RHEB and mTORC1"
68,S6K,S6K,positive,BL,unsupported,-,,This proteomics- inferred edge is contradicted by the well-known self-inhibiting negative feedback loop of S6K1  mediated by PI3K–AKT–mTORC1 signaling.
69,AKT,AKT,positive,HL,indirect,2,,AKT does not self-regulate but it participates in a positive feedback loop with mTORC2_pm.
70,CyclinB1,AKT,positive,HL,indirect,2,,causal effect supported by perturbation evidence; the mechanism is not clear
71,EGFR,AKT,positive,HL,indirect,2,,"causal effect mediated by PI3K, PIP3"
72,HER2,AKT,positive,HL,indirect,2,,"causal effect mediated by PI3K, others"
73,HER3,AKT,positive,HL,indirect,2,,"causal effect mediated by PI3K, others"
74,PTEN,AKT,negative,HL,indirect,2,,causal effect mediated by PIP3
75,CyclinB1,CyclinB1,positive,HL,unsupported,-,,This inferred self-regulation is not supported by mechanistic evidence of self-regulation or a positive feedback loop.
76,p53,CyclinB1,negative,HL,direct,1,regulates,regulation of transcription. p53 can associate with the CCNB1 promoter through other DNA-bound transcription factors and reduces CCNB1 transcription.
77,AKT,CyclinD,positive,HL,indirect,2,,causal effect mediated by GSK3B
78,CyclinD,CyclinD,positive,HL,unsupported,-,,This inferred self-regulation is not supported by experimental evidence of self-regulation or a positive feedback loop.
79,ERK,CyclinD,positive,HL,indirect,2,,causal effect mediated by JUN and other transcription factors that upregulate CCND1 transcription.
80,JUN,CyclinD,positive,HL,direct,1,regulates,"regulation of transcription. c-JUN is part of the AP-1 transcription factor complex and directly binds an AP-1-responsive element in the CCND1 promoter, promoting Cyclin D1 transcription."
81,S6K,CyclinD,positive,HL,indirect,2,,"causal effect on the translation of Cyclin D, mediated by EIF4"
82,EGFR,EGFR,positive,HL,direct,1,regulates,phosphorylation. EGFR homodimers phosphorylate each other
83,HER3,EGFR,positive,HL,direct,1,regulates,protein-protein interaction; heterodimerization activates EGFR
84,JUN,EGFR,positive,HL,direct,1,regulates,regulation of transcription. c-JUN/AP-1 directly regulates EGFR transcription.
85,erlotinib,EGFR,negative,HL,direct,1,regulates,Erlotinib is a small molecule that binds the intracellular kinase domain of EGFR.
86,pertuzumab,EGFR,negative,HL,indirect,2,,causal effect. pertuzumab binds the extracellular domain II of HER2 and inhibits EGFR-HER2 heterodimerization
87,stimulus,EGFR,positive,HL,correlation,3,,This proteomics-inferred edge is consistent with evidence that growth factors in a growth medium lead to EGFR activation
88,HER2,HER2,positive,HL,direct,1,regulates,protein-protein interaction. Homodimerization of HER2 receptors leads to their trans-phosphorylation and activation
89,erlotinib,HER2,negative,HL,direct,1,regulates,Erlotinib is a small molecule that binds the intracellular kinase domain of HER2
90,pertuzumab,HER2,negative,HL,direct,1,regulates,pertuzumab is a monoclonal antibody that binds the extracellular domain II of HER2.
91,stimulus,HER2,positive,HL,correlation,3,,This proteomics-nferred edge is consistent with evidence that growth factors in a growth medium activate receptors that recruit HER2 into active heterodimers.
92,trastuzumab,HER2,negative,HL,direct,1,regulates,trastuzumab is a monoclonal antibody binds the extracellular domain IV of HER2
93,HER3,HER3,positive,HL,unsupported,-,,"HER3 does not self-regulate. This inferred positive self-regulation contradicted by strong evidence of a negative feedback loop mediated by PI3K, AKT, and FOXO3."
94,RPS6,HER3,positive,HL,unsupported,-,,This proteomics-inferred edge is contradicted by the known negative mTORC1-to-HER3 feedback effect.
95,erlotinib,HER3,negative,HL,indirect,2,,causal effect mediated by HER2 or another kinase
96,pertuzumab,HER3,negative,HL,replaced,,,"Pertuzumab does not act on HER3 but on the HER2-HER3 complex, which is a separate node. This edge is replaced by a Pertuzumab-| HER2HER3c edge."
97,stimulus,HER3,positive,HL,correlation,3,,This proteomics-inferred edge is consistent with evidence that growth factors in a growth medium lead to HER3 activation
98,EGFR,ERK,positive,HL,indirect,2,,"causal effect mediated by SOS/GRB, RAS, RAF, MEK"
99,ERK,ERK,positive,HL,unsupported,-,,This proteomics- inferred self-regulation is contradicted by the fact that ERK activity is strongly self-limiting via negative feedback loops.
100,RAF1,ERK,positive,HL,indirect,2,,causal effect mediated by MEK
101,AKT,FOXO1FOXO3,negative,HL,replaced,,,"FOXO1FOXO3 unites the FOXO1 and FOXO3 nodes, which are represented separately in other models. AKT has direct effects on both FOXO1 and FOXO3, which are included as separate edges. This edge is replaced by the AKT-| FOXO1 and AKT-| FOXO3 edges."
102,FOXO1FOXO3,FOXO1FOXO3,positive,HL,unsupported,-,,"This assumed self-activation is contradicted by the fact that neither FOXO1 nor FOXO3 has functional self regulation, and they participate in a negative feedback loop with HER3/IGFR1, PI3K, and AKT."
103,GSK3B,GSK3B,positive,HL,direct,1,regulates,"phosphorylation. GSK3β autophosphorylates at Tyr216, and Tyr216 phosphorylation is associated with the active form of GSK3β."
104,p53,GSK3B,positive,HL,direct,1,regulates,protein-protein interaction. p53 binds GSK3B and increases its kinase activity.
105,AKT,PRAS40,negative,HL,direct,1,regulates,phosphorylation. AKT phosphorylates PRAS40 (AKT1S1). This promotes PRAS40 association with 14-3-3 and reduces its association/inhibitory action on mTORC1.
106,PRAS40,PRAS40,positive,HL,indirect,2,,PRAS40 participates in mutual inhibition with mTORC1.
107,JUN,PRAS40,positive,HL,indirect,2,,"causal effect mediated by PDK1, AKT"
108,GSK3B,PTEN,negative,HL,direct,1,regulates,"phosphorylation. GSK3B phosphorylates PTEN, yielding reduced PTEN stability / enhanced PTEN degradation."
109,PTEN,PTEN,positive,HL,indirect,2,,"PTEN promotes its own stability via a positive feedback loop mediated by AKT, FOXO, USP11."
110,RAF1,PTEN,positive,HL,unsupported,-,,"This inferred edge is contradicted by the observation that MEK inhibition can increase PTEN expression, while constitutive MAPK signaling is associated with reduced PTEN."
111,CyclinB1,RB,negative,HL,unsupported,-,,"This inferred edge is contradicted by the fact that only CDKs phosphorylate RB, not cyclins."
112,RB,RB,positive,HL,unsupported,-,,"This proteomics-inferred edge is not supported by mechanistic evidence. Instead, there is indirect negative feedback regulation of RB."
113,p53,RB,positive,HL,indirect,2,,causal effect. p53 transcriptionally activates CDKN1A/p21. p21 then inhibits the Cyclin D–CDK4/6 and Cyclin E–CDK2 machinery responsible for RB phosphorylation.
114,RPS6,RPS6,positive,HL,unsupported,-,,RPS6 is a ribosomal protein and kinase substrate; it cannot self-activate. The feedback loops in which RPS6 participates are compensatory (negative).
115,S6K,RPS6,positive,HL,direct,1,regulates,phosphorylation. S6K1 directly phosphorylates ribosomal protein S6 (RPS6) on multiple serine residues
116,AKT,TSC2,negative,HL,direct,1,regulates,"phosphorylation. AKT phosphorylates TSC2 (tuberin) at multiple sites, inhibiting the TSC1–TSC2 complex's GAP activity."
117,ERK,TSC2,negative,HL,direct in the network sense,1,regulates,"ERK phosphorylates RSK, which phosphorylates TSC2 at inhibitory sites such as Ser1798. RSK is not in the network."
118,GSK3B,TSC2,negative,HL,unsupported,-,,This inferred edge is contradicted by an observed positive regulation of TSC2 by GSK3B.
119,RB,TSC2,positive,HL,assumption,4,,This proteomics-inferred edge is not supported by mechanistic evidence.
120,TSC2,TSC2,positive,HL,unsupported,-,,This inferred positive self-regulation is contradicted by the fact that TSC2 participates in several well-established negative feedback loops.
121,GSK3B,JUN,negative,HL,direct,1,regulates,phosphorylation. GSK3B phosphorylates residues in the C-terminal DNA-binding region of JUN. These modifications reduce JUN's DNA-binding/transcriptional activity.
122,JUN,JUN,positive,HL,direct,1,regulates,"regulation of transcription. The JUN promoter contains AP-1-binding sites, and c-JUN-containing AP-1 complexes bind these regulatory elements and stimulate JUN transcription"
123,EGFR,RAF1,positive,HL,indirect,2,,causal effect mediated by SOS/GRB and RAS
124,HER2,RAF1,positive,HL,indirect,2,,causal effect mediated by adaptor proteins and RAS
125,ERK,RAF1,negative,HL,direct,1,regulates,phosphorylation. ERK1/2 phosphorylates RAF1/C-RAF at inhibitory regulatory sites. These phosphorylations promote an inhbited RAF1 state.
126,RAF1,RAF1,positive,HL,unsupported,-,,This inferred self-activation is contradicted by the strongly supported RAF1 self-limiting circuit via MEK and ERK.
127,AKT,p38,positive,HL,correlation,3,,This proteomics-inferred edge  is consistent with correlation between the Pi3K/AKT and p38 MAPK pathway.
128,p38,p38,positive,HL,assumption,4,,"p38 can autophosphorylate when bound to TAB1, which is an AMPK-activated scaffold protein. TAB1 is not in the network so the relevance of this mechanism is unclear."
129,CyclinB1,p53,positive,HL,unsupported,-,,This proteomics-inferred edge is not supported by causal or mechanistic evidence. Any causal effects would need the active Cyclin B1- CDK1 complex.
130,RB,p53,positive,HL,indirect,2,,"causal effect mediated by MDM2. RB interferes with MDM2-mediated ubiquitination/degradation of p53, thereby stabilizing p53."
131,p38,p53,positive,HL,direct,1,regulates,"phosphorylation. p38 MAPK phosphorylates p53. Co-expression of p38 stabilized p53, while inhibition of p38 after UV irradiation reduced p53 phosphorylation and p53-dependent apoptosis."
132,p53,p53,positive,HL,direct,1,regulates,regulation of transcription. p53 can induce TP53 transcription by binding its own promoter.
133,ERK,S6K,positive,HL,direct,1,regulates,"phosphorylation. ERK phosphorylates S6K, contributing to its activation"
134,PRAS40,S6K,negative,HL,indirect,2,,causal effect mediated by mTORC1
135,TSC2,S6K,negative,HL,indirect,2,,"causal effect, mediated by RHEB and mTORC1"
136,S6K,S6K,positive,HL,unsupported,-,,This proteomics- inferred edge is contradicted by the well-known self-inhibiting negative feedback loop of S6K1  mediated by PI3K–AKT–mTORC1 signaling.
137,AKT,AKT,positive,BS,indirect,2,,AKT does not self-regulate but it participates in a positive feedback loop with mTORC2_pm.
138,HER3,AKT,positive,BS,indirect,2,,"causal effect mediated by PI3K, others"
139,PDK1_pm,AKT,positive,BS,direct,1,regulates,phosphorylation. Plasma-membrane-bound PDK1 directly phosphorylates AKT at Thr308 in its activation loop.
140,mTORC1,AKT,positive,BS,unsupported,-,,"This inferred edge is not supported by evidence; instead, there is a negative feedback effect"
141,EGF,EGFR,positive,BS,direct,1,regulates,ligand-receptor binding
142,EGFR,EGFR,positive,BS,direct,1,regulates,phosphorylation. EGFR homodimers phosphorylate each other
143,PLCg,EGFR,positive,BS,unsupported,-,,"This edge is not supported by evidence, there is an indirect negative effect instead"
144,erlotinib,EGFR,negative,BS,direct,1,regulates,Erlotinib is a small molecule that binds the intracellular kinase domain of EGFR.
145,pertuzumab,EGFR,negative,BS,indirect,2,,causal effect. pertuzumab binds the extracellular domain II of HER2 and inhibits EGFR-HER2 heterodimerization. This is an indirect effect on EGFR.
146,EGF,HER2,positive,BS,indirect,2,,causal effect mediated by EGFR heterodimerization with HER2
147,HER2,HER2,positive,BS,direct,1,regulates,protein-protein interaction. Homodimerization of HER2 receptors leads to their trans-phosphorylation and activation
148,HER3,HER2,positive,BS,replaced,,,The HER2-HER3 heterodimer formation is represented with a separate HER2HER3c node. HER3 does not have any effect on HER2 outside of heterodimer formation. This edge is replaced by a HER3->HER2HER3c edge.
149,erlotinib,HER2,negative,BS,direct,1,regulates,Erlotinib is a small molecule that binds the intracellular kinase domain of HER2
150,pertuzumab,HER2,negative,BS,direct,1,regulates,pertuzumab is a monoclonal antibody that binds the extracellular domain II of HER2.
151,trastuzumab,HER2,negative,BS,direct,1,regulates,trastuzumab is a monoclonal antibody binds the extracellular domain IV of HER2
152,HER3,HER3,positive,BS,unsupported,-,,"HER3 does not self-regulate. This inferred positive self-regulation contradicted by strong evidence of a negative feedback loop mediated by PI3K, AKT, and FOXO3."
153,NRG1,HER3,positive,BS,direct,1,regulates,ligand-receptor binding
154,erlotinib,HER3,negative,BS,indirect,2,,causal effect mediated by HER2 or another kinase
155,pertuzumab,HER3,negative,BS,replaced,,,"Pertuzumab does not act on HER3 but on the HER2-HER3 complex, which is a separate node. This edge is replaced by a Pertuzumab-| HER2HER3c edge."
156,EGF,ERK,positive,BS,indirect,2,,"causal effect mediated by EGFR, RAS, RAF, MEK"
157,ERK,ERK,positive,BS,unsupported,-,,This proteomics- inferred self-regulation is contradicted by the fact that ERK activity is strongly self-limiting via negative feedback loops.
158,MEK,ERK,positive,BS,direct,1,necessary,"phosphorylation. MEK1/2 directly binds and phosphorylates ERK1/2, activating its kinase activity."
159,pertuzumab,ERK,positive,BS,indirect,2,,causal effect. Inhibition of MAPK signaling is an established downstream consequence of pertuzumab-mediated HER2 blockade
160,EGFR,MEK,positive,BS,indirect,2,,"causal effect mediated by RAS, RAF"
161,HER2,MEK,positive,BS,indirect,2,,"causal effect mediated by RAS, RAF"
162,HER3,MEK,positive,BS,indirect,2,,"causal effect mediated by HER2HER3c, RAS, RAF"
163,MEK,MEK,positive,BS,unsupported,-,,This inferred self-regulation is contradicted by evidence of a negative feedback regulation of MEK: ERK phosphorylates MEK1 at Thr292; disruption of this feedback produces increased and prolonged MEK2 and ERK phosphorylation.
164,EGFR,PDK1_pm,positive,BS,indirect,2,,"causal effect mediated by PI3K, PIP3"
165,HER2,PDK1_pm,positive,BS,indirect,2,,"causal effect mediated by PI3K, PIP3"
166,HER3,PDK1_pm,positive,BS,indirect,2,,"causal effect mediated by PI3K, PIP3"
167,MEK,PDK1_pm,positive,BS,unsupported,-,,This inferred edge is contradicted by evidence that a MEK inhibitor did not affect PDK1 phosphorylation.
168,PDK1_pm,PDK1_pm,positive,BS,unsupported,-,,This inferred self-regulation is contradicted by a lack of self-regulation and the existence of negative feedback loops involving PDK1_pm.
169,PKCa,PKCa,positive,BS,unsupported,-,,This inferred self-regulation is contradicted by evidence for activity-dependent self-limitation of PKCa.
170,PLCg,PKCa,positive,BS,direct in the network sense,1,regulates,"mediated by DAG, which is not part of the network"
171,EGF,PLCg,positive,BS,indirect,2,,causal effect mediated by EGFR
172,EGFR,PLCg,positive,BS,direct,1,regulates,phosphorylation. EGFR recruits PLCgamma1 and phosphorylates it
173,HER2,PLCg,positive,BS,direct,1,regulates,phosphorylation. Activated HER2 binds to PLCgamma1 and phosphorylates it.
174,HER3,PLCg,positive,BS,assumption,4,,"There is evidence for binding but no evidence of a functional effect. Any indirect relationship would need to involve HER2, but there is no causal or mechanistic evidence."
175,PLCg,PLCg,positive,BS,unsupported,-,,"This inferred positive self-regulation is contradicted by a well-supported negative feedback loop mediated by DAG, PKC and receptor downregulation."
176,AKT,mTORC1,positive,BS,indirect,2,,"causal effect mediated by PRAS40, TSC2"
177,mTORC1,mTORC1,positive,BS,unsupported,-,,"mTOR kinase undergoes autophosphorylation, but this does not have a functional effect"
178,pertuzumab,mTORC1,positive,BS,indirect,2,,causal effect. Pertuzumab-mediated HER2 blockade can indirectly inhibit mTORC1
179,AKT,S6K,positive,BS,indirect,2,,causal effect mediated by mTORC1
180,ERK,S6K,positive,BS,direct,1,regulates,"phosphorylation. ERK phosphorylates S6K, contributing to its activation"
181,mTORC1,S6K,positive,BS,direct,1,regulates,phosphorylation. mTORC1 phosphorylates S6K. This phosphorylation is essential for efficient S6K1 activation; full activation is done by PDK1.
182,S6K,S6K,positive,BS,unsupported,-,,This proteomics- inferred edge is contradicted by the well-known self-inhibiting negative feedback loop of S6K1  mediated by PI3K–AKT–mTORC1 signaling.
183,AKT,AKT,positive,HS,indirect,2,,AKT does not self-regulate but it participates in a positive feedback loop with mTORC2_pm.
184,HER3,AKT,positive,HS,indirect,2,,"causal effect mediated by PI3K, others"
185,PDK1_pm,AKT,positive,HS,direct,1,regulates,phosphorylation. Plasma-membrane-bound PDK1 directly phosphorylates AKT at Thr308 in its activation loop.
186,mTORC1,AKT,positive,HS,unsupported,-,,A positive effect is not supported by evidence; there is a negative feedback effect
187,S6K,AKT,positive,HS,unsupported,-,,A positive interaction is not supported by evidence; instead there is a negative feedback effect
188,EGF,EGFR,positive,HS,direct,1,regulates,ligand-receptor binding
189,EGFR,EGFR,positive,HS,direct,1,regulates,phosphorylation. EGFR homodimers phosphorylate each other
190,PLCg,EGFR,positive,HS,unsupported,-,,"This edge is not supported by evidence, there is an indirect negative effect instead."
191,erlotinib,EGFR,negative,HS,direct,1,regulates,Erlotinib is a small molecule that binds the intracellular kinase domain of EGFR.
192,pertuzumab,EGFR,negative,HS,indirect,2,,causal effect. pertuzumab binds the extracellular domain II of HER2 and inhibits EGFR-HER2 heterodimerization
193,EGFR,HER2,positive,HS,direct,1,regulates,protein-protein interaction; heterodimerization activates HER2
194,HER2,HER2,positive,HS,direct,1,regulates,protein-protein interaction. Homodimerization of HER2 receptors leads to their trans-phosphorylation and activation.
195,PDK1_pm,HER2,positive,HS,correlation,3,,This proteomics-inferred edge is consistent with observed co-activation of PDK1 and HER2
196,erlotinib,HER2,negative,HS,direct,1,regulates,Erlotinib is a small molecule that binds the intracellular kinase domain of HER2
197,pertuzumab,HER2,negative,HS,direct,1,regulates,pertuzumab is a monoclonal antibody that binds the extracellular domain II of HER2
198,trastuzumab,HER2,negative,HS,direct,1,regulates,trastuzumab is a monoclonal antibody binds the extracellular domain IV of HER2
199,HER3,HER3,positive,HS,unsupported,-,,"HER3 does not self-regulate. This inferred positive self-regulation contradicted by strong evidence of a negative feedback loop mediated by PI3K, AKT, and FOXO3."
200,ERK,HER3,positive,HS,unsupported,-,,there is no evidence for a positive relationship; a negative feedback effect is known
201,NRG1,HER3,positive,HS,direct,1,regulates,ligand-receptor binding
202,erlotinib,HER3,negative,HS,indirect,2,,causal effect mediated by HER2 or another kinase
203,pertuzumab,HER3,negative,HS,replaced,,,"Pertuzumab does not act on HER3 but on the HER2-HER3 complex, which is a separate node. This edge is replaced by a Pertuzumab-| HER2HER3c edge."
204,ERK,ERK,positive,HS,unsupported,-,,This proteomics- inferred self-regulation is contradicted by the fact that ERK activity is strongly self-limiting via negative feedback loops.
205,MEK,ERK,positive,HS,direct,1,necessary,"phosphorylation. MEK1/2 directly binds and phosphorylates ERK1/2, activating its kinase activity."
206,EGFR,MEK,positive,HS,indirect,2,,"causal effect mediated by RAS, RAF"
207,HER2,MEK,positive,HS,indirect,2,,"causal effect mediated by RAS, RAF"
208,HER3,MEK,positive,HS,indirect,2,,"causal effect mediated by HER2HER3c, RAS, RAF"
209,MEK,MEK,positive,HS,unsupported,-,,This inferred self-regulation is contradicted by evidence of a negative feedback regulation of MEK: ERK phosphorylates MEK1 at Thr292; disruption of this feedback produces increased and prolonged MEK2 and ERK phosphorylation.
210,PDK1_pm,MEK,positive,HS,direct,1,regulates,phosphorylation. PDK1 phosphorylates MEK1 and MEK2
211,EGFR,PDK1_pm,positive,HS,indirect,2,,"causal effect mediated by PI3K, PIP3"
212,HER2,PDK1_pm,positive,HS,indirect,2,,"causal effect mediated by PI3K, PIP3"
213,HER3,PDK1_pm,positive,HS,indirect,2,,"causal effect mediated by PI3K, PIP3"
214,PDK1_pm,PDK1_pm,positive,HS,unsupported,-,,This inferred self-regulation is contradicted by a lack of self-regulation and the existence of negative feedback loops involving PDK1_pm.
215,PKCa,PKCa,positive,HS,unsupported,-,,This inferred self-regulation is contradicted by evidence for activity-dependent self-limitation of PKCa.
216,PLCg,PKCa,positive,HS,direct in the network sense,1,regulates,"mediated by DAG, which is not part of the network"
217,trastuzumab,PKCa,positive,HS,unsupported,-,,This inferred edge is contradicted by evidence that trastuzumab tends to reduce HER2-dependent PKCα signaling
218,EGFR,PLCg,positive,HS,direct,1,regulates,phosphorylation. EGFR recruits PLCgamma1 and phosphorylates it
219,HER2,PLCg,positive,HS,direct,1,regulates,phosphorylation. Activated HER2 binds to PLCgamma1 and phosphorylates it.
220,HER3,PLCg,positive,HS,assumption,4,,"There is evidence for binding but no evidence of a functional effect. Any indirect relationship would need to involve HER2, but there is no causal or mechanistic evidence."
221,PLCg,PLCg,positive,HS,unsupported,-,,"This inferred positive self-regulation is contradicted by a well-supported negative feedback loop mediated by DAG, PKC and receptor downregulation."
222,AKT,mTORC1,positive,HS,indirect,2,,"causal effect mediated by PRAS40, TSC2"
223,mTORC1,mTORC1,positive,HS,unsupported,-,,This inferred self-regulation is contradicted by the fact that the autophosphorylation of mTOR kinase does not have a functional effect.
224,AKT,S6K,positive,HS,indirect,2,,causal effect mediated by mTORC1
225,ERK,S6K,positive,HS,direct,1,regulates,"phosphorylation. ERK phosphorylates S6K, contributing to its activation"
226,erlotinib,S6K,positive,HS,unsupported,-,,This inferred edge is contradicted by experimental evidence that erlotinib treatment decreased phosphorylation of p70S6K
227,mTORC1,S6K,positive,HS,direct,1,regulates,phosphorylation. mTORC1 phosphorylates S6K. This phosphorylation is essential for efficient S6K1 activation; full activation is done by PDK1.
228,S6K,S6K,positive,HS,unsupported,-,,This proteomics- inferred edge is contradicted by the well-known self-inhibiting negative feedback loop of S6K1  mediated by PI3K–AKT–mTORC1 signaling.
229,AKT,AKT,positive,SS,indirect,2,,AKT does not self-regulate but it participates in a positive feedback loop with mTORC2_pm.
230,HER3,AKT,positive,SS,indirect,2,,"causal effect mediated by PI3K, others"
231,PDK1_pm,AKT,positive,SS,direct,1,regulates,phosphorylation. Plasma-membrane-bound PDK1 directly phosphorylates AKT at Thr308 in its activation loop.
232,mTORC1,AKT,positive,SS,unsupported,-,,A positive effect is not supported by evidence; there is a negative feedback effect
233,EGF,EGFR,positive,SS,direct,1,regulates,ligand-receptor binding
234,EGFR,EGFR,positive,SS,direct,1,regulates,phosphorylation. EGFR homodimers phosphorylate each other
235,PLCg,EGFR,positive,SS,unsupported,-,,"This edge is not supported by evidence, there is an indirect negative effect instead"
236,erlotinib,EGFR,negative,SS,direct,1,regulates,Erlotinib is a small molecule that binds the intracellular kinase domain of EGFR
237,pertuzumab,EGFR,negative,SS,indirect,2,,causal effect. pertuzumab binds the extracellular domain II of HER2 and inhibits EGFR-HER2 heterodimerization. This is an indirect effect on EGFR.
238,HER2,HER2,positive,SS,direct,1,regulates,protein-protein interaction. Homodimerization of HER2 receptors leads to their trans-phosphorylation and activation
239,erlotinib,HER2,negative,SS,direct,1,regulates,Erlotinib is a small molecule that binds the intracellular kinase domain of HER2
240,pertuzumab,HER2,negative,SS,direct,1,regulates,pertuzumab is a monoclonal antibody that binds the extracellular domain II of HER2
241,trastuzumab,HER2,negative,SS,direct,1,regulates,trastuzumab is a monoclonal antibody binds the extracellular domain IV of HER2
242,HER3,HER3,positive,SS,unsupported,-,,"HER3 does not self-regulate. This inferred positive self-regulation contradicted by strong evidence of a negative feedback loop mediated by PI3K, AKT, and FOXO3."
243,NRG1,HER3,positive,SS,direct,1,regulates,ligand-receptor binding
244,erlotinib,HER3,negative,SS,indirect,2,,causal effect mediated by HER2 or another kinase
245,pertuzumab,HER3,negative,SS,replaced,,,"Pertuzumab does not act on HER3 but on the HER2-HER3 complex, which is a separate node. This edge is replaced by a Pertuzumab-| HER2HER3c edge."
246,HER3,ERK,positive,SS,indirect,2,,"causal effect mediated by HER2HER3c, RAS, RAF, MEK"
247,ERK,ERK,positive,SS,unsupported,-,,This proteomics- inferred self-regulation is contradicted by the fact that ERK activity is strongly self-limiting via negative feedback loops.
248,MEK,ERK,positive,SS,direct,1,necessary,"phosphorylation. MEK1/2 directly binds and phosphorylates ERK1/2, activating its kinase activity."
249,PDK1_pm,ERK,positive,SS,indirect,2,,causal effect mediated by MEK
250,EGFR,MEK,positive,SS,indirect,2,,"causal effect mediated by RAS, RAF"
251,HER2,MEK,positive,SS,indirect,2,,"causal effect mediated by RAS, RAF"
252,HER3,MEK,positive,SS,indirect,2,,"causal effect mediated by HER2HER3c, RAS, RAF"
253,MEK,MEK,positive,SS,unsupported,-,,This inferred self-regulation is contradicted by evidence of a negative feedback regulation of MEK: ERK phosphorylates MEK1 at Thr292; disruption of this feedback produces increased and prolonged MEK2 and ERK phosphorylation.
254,EGFR,PDK1_pm,positive,SS,indirect,2,,"causal effect mediated by PI3K, PIP3"
255,HER2,PDK1_pm,positive,SS,indirect,2,,"causal effect mediated by PI3K, PIP3"
256,HER3,PDK1_pm,positive,SS,indirect,2,,"causal effect mediated by PI3K, PIP3"
257,PDK1_pm,PDK1_pm,positive,SS,unsupported,-,,This inferred self-regulation is contradicted by a lack of self-regulation and the existence of negative feedback loops involving PDK1_pm.
258,PKCa,PKCa,positive,SS,unsupported,-,,This inferred self-regulation is contradicted by evidence for activity-dependent self-limitation of PKCa.
259,PLCg,PKCa,positive,SS,direct in the network sense,1,regulates,"mediated by DAG, which is not part of the network"
260,EGFR,PLCg,positive,SS,direct,1,regulates,phosphorylation. EGFR recruits PLCgamma1 and phosphorylates it
261,HER2,PLCg,positive,SS,direct,1,regulates,phosphorylation.  Activated HER2 binds to PLCgamma1 and phosphorylates it.
262,HER3,PLCg,positive,SS,assumption,4,,"There is evidence for binding but no evidence of a functional effect. Any indirect relationship would need to involve HER2, but there is no causal or mechanistic evidence."
263,PLCg,PLCg,positive,SS,unsupported,-,,"This inferred positive self-regulation is contradicted by a well-supported negative feedback loop mediated by DAG, PKC and receptor downregulation."
264,AKT,mTORC1,positive,SS,indirect,2,,"causal effect mediated by PRAS40, TSC2"
265,mTORC1,mTORC1,positive,SS,unsupported,-,,This inferred self-regulation is contradicted by the fact that the autophosphorylation of mTOR kinase does not have a functional effect.
266,AKT,S6K,positive,SS,indirect,2,,causal effect mediated by mTORC1
267,ERK,S6K,positive,SS,direct,1,regulates,"phosphorylation. ERK phosphorylates S6K, contributing to its activation."
268,mTORC1,S6K,positive,SS,direct,1,regulates,phosphorylation. mTORC1 phosphorylates S6K. This phosphorylation is essential for efficient S6K1 activation; full activation is done by PDK1.
269,S6K,S6K,positive,SS,unsupported,-,,This proteomics- inferred edge is contradicted by the well-known self-inhibiting negative feedback loop of S6K1  mediated by PI3K–AKT–mTORC1 signaling.
270,AKT,AKT,positive,SL,indirect,2,,AKT does not self-regulate but it participates in a positive feedback loop with mTORC2_pm.
271,CyclinB1,AKT,negative,SL,unsupported,-,,This inferred edge is contradicted by perturbation experiments showing a positive relationship
272,EGFR,AKT,positive,SL,indirect,2,,"causal effect mediated by PI3K, PIP3"
273,HER2,AKT,positive,SL,indirect,2,,"causal effect mediated by PI3K, PIP3"
274,HER3,AKT,positive,SL,indirect,2,,"causal effect mediated by PI3K, others"
275,PTEN,AKT,negative,SL,indirect,2,,causal effect mediated by PIP3
276,stimulus,AKT,positive,SL,correlation,3,,This proteomics-inferred edge is consistent with evidence that growth factors in a growth medium lead to AKT activation
277,BAX,BAX,positive,SL,direct,1,regulates,"Active BAX oligomerizes, and it also activates additional BAX molecules."
278,EGFR,BAX,positive,SL,unsupported,-,,This proteomics-inferred edge is contradicted by the observed anti-apoptotic effect of EGFR.
279,CyclinB1,CyclinB1,positive,SL,unsupported,-,,This inferred self-regulation is not supported by mechanistic evidence of self-regulation or a positive feedback loop.
280,p53,CyclinB1,negative,SL,direct,1,regulates,regulation of transcription. p53 can associate with the CCNB1 promoter through other DNA-bound transcription factors and reduces CCNB1 transcription.
281,S6K,CyclinB1,positive,SL,assumption,4,,"S6K1 indirectly promotes cell-cycle progression and G2/M entry, but there is no support for this specific edge."
282,AKT,CyclinD,positive,SL,indirect,2,,causal effect mediated by GSK3B
283,CyclinD,CyclinD,positive,SL,unsupported,-,,This inferred self-regulation is not supported by experimental evidence of self-regulation or a positive feedback loop.
284,ERK,CyclinD,positive,SL,indirect,2,,causal effect mediated by JUN and other transcription factors that upregulate CCND1 transcription.
285,GSK3B,CyclinD,negative,SL,direct,1,regulates,"phosphorylation. GSK3B directly phosphorylates Cyclin D1 at Thr286, promoting its nuclear export and degradation."
286,PTEN,CyclinD,positive,SL,unsupported,-,,"This inferred edge is contradicted by the experimental observation that PTEN expression decreases Cyclin D1 levels and nuclear localization, contributing to G1 arrest."
287,JUN,CyclinD,positive,SL,direct,1,regulates,"regulation of transcription. c-JUN is part of the AP-1 transcription factor complex and directly binds an AP-1-responsive element in the CCND1 promoter, promoting Cyclin D1 transcription."
288,EGFR,EGFR,positive,SL,direct,1,regulates,phosphorylation. EGFR homodimers phosphorylate each other
289,erlotinib,EGFR,negative,SL,direct,1,regulates,Erlotinib is a small molecule that binds the intracellular kinase domain of EGFR.
290,pertuzumab,EGFR,negative,SL,indirect,2,,causal effect. pertuzumab binds the extracellular domain II of HER2 and inhibits EGFR-HER2 heterodimerization. This is an indirect effect on EGFR.
291,stimulus,EGFR,positive,SL,correlation,3,,This proteomics-inferred edge is consistent with evidence that growth factors in a growth medium lead to EGFR activation
292,BAX,HER2,positive,SL,unsupported,-,,"This inferred edge is contradicted by the positive opposite relationship, HER2-| BAX."
293,HER2,HER2,positive,SL,direct,1,regulates,protein-protein interaction. Homodimerization of HER2 receptors leads to their trans-phosphorylation and activation.
294,erlotinib,HER2,negative,SL,direct,1,regulates,Erlotinib is a small molecule that binds the intracellular kinase domain of HER2
295,pertuzumab,HER2,negative,SL,direct,1,regulates,pertuzumab is a monoclonal antibody that binds the extracellular domain II of HER2.
296,stimulus,HER2,positive,SL,correlation,3,,This proteomics-inferred edge is consistent with evidence that growth factors in a growth medium activate receptors that recruit HER2 into active heterodimers
297,trastuzumab,HER2,negative,SL,direct,1,regulates,trastuzumab is a monoclonal antibody binds the extracellular domain IV of HER2
298,AKT,HER3,negative,SL,indirect,2,,causal effect mediated by FOXO3
299,HER3,HER3,positive,SL,unsupported,-,,"HER3 does not self-regulate. This inferred positive self-regulation contradicted by strong evidence of a negative feedback loop mediated by PI3K, AKT, and FOXO3."
300,erlotinib,HER3,negative,SL,indirect,2,,causal effect mediated by HER2 or another kinase
301,pertuzumab,HER3,negative,SL,replaced,,,"Pertuzumab does not act on HER3 but on the HER2-HER3 complex, which is a separate node. This edge is replaced by a Pertuzumab-| HER2HER3c edge."
302,stimulus,HER3,positive,SL,correlation,3,,This proteomics- inferred edge is consistent with evidence that growth factors in a growth medium lead to HER3 activation
303,CyclinB1,ERK,positive,SL,unsupported,-,,This proteomics-inferred edge is not supported by causal or mechanistic evidence. Any causal effects would need the active Cyclin B1- CDK1 complex.
304,EGFR,ERK,positive,SL,indirect,2,,"causal effect mediated by SOS/GRB, RAS, RAF, MEK"
305,ERK,ERK,positive,SL,unsupported,-,,This proteomics- inferred self-regulation is contradicted by the fact that ERK activity is strongly self-limiting via negative feedback loops.
306,RAF1,ERK,positive,SL,indirect,2,,causal effect mediated by MEK
307,AKT,FOXO1FOXO3,negative,SL,replaced,,,"FOXO1FOXO3 unites the FOXO1 and FOXO3 nodes, which are represented separately in other models. AKT has direct effects on both FOXO1 and FOXO3, which are included as separate edges. This edge is replaced by the AKT-| FOXO1 and AKT-| FOXO3 edges."
308,FOXO1FOXO3,FOXO1FOXO3,positive,SL,unsupported,-,,"This assumed self-activation is contradicted by the fact that neither FOXO1 nor FOXO3 has functional self regulation, and they participate in a negative feedback loop with HER3/IGFR1, PI3K, and AKT."
309,GSK3B,GSK3B,positive,SL,direct,1,regulates,"phosphorylation. GSK3β autophosphorylates at Tyr216, and Tyr216 phosphorylation is associated with the active form of GSK3β."
310,p53,GSK3B,positive,SL,direct,1,regulates,protein-protein interaction. p53 binds GSK3B and increases its kinase activity.
311,HER3,NFKB,positive,SL,indirect,2,,"causal effect mediated by multiple mechanisms, including PI3K and PLCg"
312,NFKB,NFKB,positive,SL,unsupported,-,,This assumed self-activation is contradicted by the well-established negative feedback loop of NFKB with IKB.
313,RPS6,NFKB,positive,SL,correlation,3,,mTOR/S6K signaling and NFκB signaling are frequently activated together
314,AKT,PRAS40,negative,SL,direct,1,regulates,phosphorylation. AKT phosphorylates PRAS40 (AKT1S1). This promotes PRAS40 association with 14-3-3 and reduces its association/inhibitory action on mTORC1.
315,HER3,PRAS40,positive,SL,unsupported,-,,"This inferred edge is not supported by experimental evidence; instead, there is a negative causal effect from HER3 to PRAS40."
316,PRAS40,PRAS40,positive,SL,indirect,2,,PRAS40 participates in mutual inhibition with mTORC1.
317,GSK3B,PTEN,negative,SL,direct,1,regulates,"phosphorylation. GSK3B phosphorylates PTEN, yielding reduced PTEN stability / enhanced PTEN degradation."
318,PTEN,PTEN,positive,SL,indirect,2,,"PTEN promotes its own stability via a positive feedback loop mediated by AKT, FOXO, USP11."
319,S6K,PTEN,positive,SL,unsupported,-,,"There is no evidence to support a positive effect. Instead, there is evidence of a negative effect: mTOR/S6K signaling promotes PTEN phosphorylation at Thr366, which can increase PTEN ubiquitination and degradation."
320,CyclinD,RB,negative,SL,indirect,2,,causal effect mediated by CYCLINDc
321,HER2,RB,positive,SL,unsupported,-,,"This proteomics-inferred edge is not supported. Instead, there is an indirect negative relationship from HER2 to RB."
322,RB,RB,positive,SL,unsupported,-,,"This proteomics-inferred edge is not supported by mechanistic evidence. Instead, there is indirect negative feedback regulation of RB."
323,TSC2,RB,negative,SL,unsupported,-,,"This proteomics-inferred edge is not supported by mechanistic evidence. Instead, there is evidence of and indirect positive effect form TSC2 to RB."
324,p53,RB,negative,SL,unsupported,-,,This negative effect from p53 to RB is contradicted by evidence of a positive causal effect.
325,RPS6,RPS6,positive,SL,unsupported,-,,RPS6 is a ribosomal protein and kinase substrate; it cannot self-activate. The feedback loops in which RPS6 participates are compensatory (negative).
326,S6K,RPS6,positive,SL,direct,1,regulates,phosphorylation. S6K1 directly phosphorylates ribosomal protein S6 (RPS6) on multiple serine residues.
327,AKT,TSC2,negative,SL,direct,1,regulates,"phosphorylation. AKT phosphorylates TSC2 (tuberin) at multiple sites, inhibiting the TSC1–TSC2 complex's GAP activity."
328,HER2,TSC2,positive,SL,indirect,2,,"causal effect mediated by PI3K, AKT"
329,ERK,TSC2,negative,SL,direct in the network sense,1,regulates,"ERK phosphorylates RSK, which phosphorylates TSC2 at inhibitory sites such as Ser1798. RSK is not in the network."
330,GSK3B,TSC2,negative,SL,unsupported,-,,This inferred edge is contradicted by an observed positive regulation of TSC2 by GSK3B.
331,TSC2,TSC2,positive,SL,unsupported,-,,This inferred positive self-regulation is contradicted by the fact that TSC2 participates in several well-established negative feedback loops.
332,GSK3B,JUN,negative,SL,direct,1,regulates,phosphorylation. GSK3B phosphorylates residues in the C-terminal DNA-binding region of JUN. These modifications reduce JUN's DNA-binding/transcriptional activity.
333,JUN,JUN,positive,SL,direct,1,regulates,"regulation of transcription. The JUN promoter contains AP-1-binding sites, and c-JUN-containing AP-1 complexes bind these regulatory elements and stimulate JUN transcription"
334,EGFR,RAF1,positive,SL,indirect,2,,causal effect mediated by SOS/GRB and RAS
335,HER2,RAF1,positive,SL,indirect,2,,causal effect mediated by adaptor proteins and RAS
336,ERK,RAF1,negative,SL,direct,1,regulates,phosphorylation. ERK1/2 phosphorylates RAF1/C-RAF at inhibitory regulatory sites. These phosphorylations promote an inhbited RAF1 state.
337,RPS6,RAF1,positive,SL,assumption,4,,This inferred edge has no mechanistic or causal support. The RAF1->RPS6 direction is well supported.
338,RAF1,RAF1,positive,SL,unsupported,-,,This inferred self-activation is contradicted by the strongly supported RAF1 self-limiting circuit via MEK and ERK.
339,p53,RAF1,negative,SL,unsupported,-,,This inferred edge is contradicted by the observation that p53 can activate a RAF1-dependent MAPK response.
340,AKT,p38,positive,SL,correlation,3,,This proteomics-inferred edge  is consistent with correlation between the Pi3K/AKT and p38 MAPK pathway.
341,p38,p38,positive,SL,assumption,4,,"p38 can autophosphorylate when bound to TAB1, which is an AMPK-activated scaffold protein. TAB1 is not in the network so the relevance of this mechanism is unclear."
342,CyclinB1,p53,positive,SL,unsupported,-,,This proteomics-inferred edge is not supported by causal or mechanistic evidence. Any causal effects would need the active Cyclin B1- CDK1 complex.
343,PTEN,p53,positive,SL,direct,1,regulates,"protein-protein interaction. PTEN can physically bind p53 and stabilize it, increasing p53 half-life and transcriptional activity. PTEN also raises p53 indirectly through PI3K, AKT, MDM2."
344,RB,p53,positive,SL,indirect,2,,"causal effect mediated by MDM2. RB interferes with MDM2-mediated ubiquitination/degradation of p53, thereby stabilizing p53."
345,p53,p53,positive,SL,direct,1,regulates,regulation of transcription. p53 can induce TP53 transcription by binding its own promoter.
346,HER2,S6K,positive,SL,indirect,2,,"causal effect mediated by PI3K, AKT, mTORC1"
347,ERK,S6K,positive,SL,direct,1,regulates,"phosphorylation. ERK phosphorylates S6K, contributing to its activation"
348,PRAS40,S6K,negative,SL,indirect,2,,causal effect mediated by mTORC1
349,TSC2,S6K,negative,SL,indirect,2,,"causal effect, mediated by RHEB and mTORC1"
350,S6K,S6K,positive,SL,unsupported,-,,This proteomics- inferred edge is contradicted by the well-known self-inhibiting negative feedback loop of S6K1  mediated by PI3K–AKT–mTORC1 signaling.
351,Ipatasertib,AKT,negative,Z17,direct,1,regulates,Ipatasertib is a small-molecule AKT inhibitor that directly binds the kinase domain of AKT1/2/3 and inhibits its catalytic activity
352,PDK1_pm,AKT,positive,Z17,direct,1,regulates,phosphorylation. Plasma-membrane-bound PDK1 directly phosphorylates AKT at Thr308 in its activation loop.
353,PIP3,AKT,positive,Z17,direct,1,regulates,"protein-protein interaction. PIP3 directly binds the PH domain of AKT, recruiting AKT to the plasma membrane and inducing conformational changes that expose its activating phosphorylation sites"
354,PIP3_2,AKT,positive,Z17,direct,1,regulates,"protein-protein interaction. PIP3 directly binds the PH domain of AKT, recruiting AKT to the plasma membrane and inducing conformational changes that expose its activating phosphorylation sites. We consider the confidence the same as that of the PIP3->AKT edge."
355,mTORC2_pm,AKT,positive,Z17,direct,1,regulates,phosphorylation. Plasma membrane-localized mTORC2 directly phosphorylates AKT.
356,Apoptosis,Apoptosis,positive,Z17,assumption,4,,This assumed self-regulation reflects the irreversible nature of the commitment to apoptosis.
357,BAD,Apoptosis,positive,Z17,indirect,2,,"causal effect mediated by CYCS, CASP9, CASP3"
358,BCL2,Apoptosis,negative,Z17,indirect,2,,"causal effect mediated by BAK/BAX, CYCS, CASP9, CASP3"
359,BIM,Apoptosis,positive,Z17,indirect,2,,"causal effect mediated by BAK/BAX, CYCS, CASP9, CASP3"
360,MCL1,Apoptosis,negative,Z17,indirect,2,,"causal effect mediated by BAK/BAX, CYCS, CASP9, CASP3"
361,Apoptosis_2,Apoptosis_2,positive,Z17,assumption,4,,This assumed self-regulation reflects the irreversible nature of the commitment to apoptosis.
362,BAD,Apoptosis_2,positive,Z17,indirect,2,,"causal effect mediated by CYCS, CASP9, CASP3; we consider that the confidence ranking is the same as the BAD->Apoptosis edge."
363,BCL2,Apoptosis_2,negative,Z17,indirect,2,,"causal effect mediated by BAK/BAX, CYCS, CASP9, CASP3; we consider the same confidence ranking as that of BCL2->Apoptosis."
364,BIM,Apoptosis_2,positive,Z17,indirect,2,,"causal effect mediated by BAK/BAX, CYCS, CASP9, CASP3; we consider the same confidence ranking as that of BIM->Apoptosis."
365,MCL1,Apoptosis_2,negative,Z17,indirect,2,,"causal effect mediated by BAK/BAX, CYCS, CASP9, CASP3. We consider that the confidence rank is the same as that of the MCL1->Apoptosis edge."
366,Apoptosis_3,Apoptosis_3,positive,Z17,assumption,4,,This assumed self-regulation reflects the irreversible nature of the commitment to apoptosis.
367,BAD,Apoptosis_3,positive,Z17,indirect,2,,"causal effect mediated by CYCS, CASP9, CASP3; we consider that the confidence ranking is the same as the BAD->Apoptosis edge."
368,BCL2,Apoptosis_3,negative,Z17,indirect,2,,"causal effect mediated by BAK/BAX, CYCS, CASP9, CASP3; we consider the same confidence ranking as that of BCL2->Apoptosis."
369,BIM,Apoptosis_3,positive,Z17,indirect,2,,"causal effect mediated by BAK/BAX, CYCS, CASP9, CASP3; we consider the same confidence ranking as that of BIM->Apoptosis."
370,MCL1,Apoptosis_3,negative,Z17,indirect,2,,"causal effect mediated by BAK/BAX, CYCS, CASP9, CASP3. We consider that the confidence rank is the same as that of the MCL1->Apoptosis edge."
371,AKT,BAD,negative,Z17,direct,1,regulates,"phosphorylation. AKT phosphorylates BAD, which leads to its sequestration by 14-3-3 proteins, making it unable to inhibit BCLXL"
372,MAPK,BAD,negative,Z17,replaced,,,"The MAPK node refers to the pathway of RAF1, MEK, ERK. Other models contain separate nodes for RAF1, MEK, ERK. ERK1/2 inhibits BAD via RSK. This edge is replaced by the ERK-| BAD edge."
373,MAPK_2,BAD,negative,Z17,replaced,,,"The MAPK_2 node refers to a high activity of the pathway of RAF1, MEK, ERK, which are represented as separate nodes in other models. The mechanism behind this edge is that ERK1/2 inhibits BAD via RSK. This edge is replaced by the ERK_2-| BAD edge."
374,PIM,BAD,negative,Z17,direct,1,regulates,"phosphorylation. PIM kinases phosphorylate BAD. This promotes BAD's sequestration by 14-3-3 proteins, suppressing BAD's pro-apoptotic function."
375,BCL2_T,BCL2,positive,Z17,direct,1,necessary,protein translation
376,ER_transcription_2,BCL2,positive,Z17,direct,1,regulates,"regulation of transcription. ERα-containing transcriptional complexes occupy regulatory regions of the BCL2 locus, and estrogen treatment increases BCL2 mRNA/protein in ER-responsive breast-cancer cells."
377,BIM_T,BIM,positive,Z17,direct,1,regulates,protein translation
378,FOXO3,BIM,positive,Z17,direct,1,regulates,regulation of transcription. FOXO3 binds conserved forkhead-response elements in the promoter of  BCL2L11 (the gene encoding BIM) and stimulates its transcription.
379,MAPK_2,BIM,negative,Z17,replaced,,,"The MAPK_2 node refers to a high activity of the pathway of RAF1, MEK, ERK.  Other models have separate RAF1, MEK, ERK nodes. The mechanism behind this edge is that ERK1/2 directly phosphorylates BIM (BCL2L11), which promotes is proteasomal degradation. This edge is replaced by an ERK_2-| BIM edge."
380,Palbociclib,CDK46,negative,Z17,direct,1,regulates,"Palbociclib directly binds the ATP-binding pockets of CDK4 and CDK6, inhibiting their kinase activity."
381,E2F_2,E2F,positive,Z17,unsupported,-,,This edge is an artifact of the Boolean represtentation of a multi-level node.
382,E2F_3,E2F,positive,Z17,unsupported,-,,This edge is an artifact of the Boolean represtentation of a multi-level node.
383,pRB,E2F,positive,Z17,indirect,2,,"causal effect. Hypophosphorylated RB binds to E2F; phosphorylation of RB changes RB conformation and disrupts that binding. This can be represented as a pRB-|RB-|E2F path, if pRB-|RB is added to the network."
384,E2F,E2F_2,positive,Z17,,0,necessary,Reaching a higher level necessitates reaching the lower level first.
385,E2F_3,E2F_2,positive,Z17,unsupported,-,,This edge is an artifact of the Boolean represtentation of a multi-level node.
386,pRB_2,E2F_2,positive,Z17,indirect,2,,causal effect. Hypophosphorylated RB binds to E2F; phosphorylation of RB changes RB conformation and disrupts that binding. We consider that the confidence ranking is the same as that of the pRB->E2F edge.
387,E2F,E2F_3,positive,Z17,,0,necessary,Reaching a higher level necessitates reaching the lower level first.
388,E2F_2,E2F_3,positive,Z17,,0,necessary,Reaching a higher level necessitates reaching the lower level first.
389,E2F_3,E2F_3,positive,Z17,direct,1,regulates,"regulation of transcription. The promoters of activator E2Fs (E2F1, E2F2, E2F3) contain functional E2F-binding sites, thus E2F activity can induce further expression of activator E2Fs."
390,pRB_2,E2F_3,positive,Z17,indirect,2,,causal effect. Hypophosphorylated RB binds to E2F; phosphorylation of RB changes RB conformation and disrupts that binding. We consider that the confidence ranking is the same as that of the pRB->E2F edge.
391,pRB_3,E2F_3,positive,Z17,indirect,2,,causal effect. Hypophosphorylated RB binds to E2F; phosphorylation of RB changes RB conformation and disrupts that binding. We consider that the confidence ranking is the same as that of the pRB->E2F edge.
392,mTORC1,EIF4,positive,Z17,indirect,2,,causal effect mediated by EIF4EBP1
393,ER,ER_transcription,positive,Z17,direct,1,regulates,"ER refers to the estrogen receptor status, and ER_transcription is the transcriptional regulatory role of the estrogen receptor. Their relationship is mediated by the ESR1 node."
394,ER_transcription_2,ER_transcription,positive,Z17,unsupported,-,,This edge is an artifact of the Boolean representation of multi-level nodes.
395,ESR1,ER_transcription,positive,Z17,,0,necessary,ESR1 activity is needed for the transcriptional regulatory function of the estrogen receptor.
396,ESR1_2,ER_transcription,positive,Z17,,0,regulates,ESR1 activity is needed for the transcriptional regulatory function of the estrogen receptor. We consider that the confidence ranking is the same as that of the ESR1-> ER_transcription_2 edge.
397,ER,ER_transcription_2,positive,Z17,direct,1,regulates,"ER refers to a basal estrogen receptor level, and ER_transcription_2 is the high-level transcriptional regulatory role of the estrogen receptor. Their relationship is mediated by the ESR1 node."
398,ER_transcription,ER_transcription_2,positive,Z17,,0,necessary,Reaching a higher level necessitates reaching the lower level first.
399,ESR1_2,ER_transcription_2,positive,Z17,,0,necessary,ESR1 activity is needed for the transcriptional regulatory function of the estrogen receptor. We consider that the confidence ranking is the same as that of the ESR1-> ER_transcription_2 edge.
400,FOXA1,ER_transcription_2,positive,Z17,direct,1,regulates,FOXA1 is a pioneer factor that helps the transcriptional regulatory activity of the estrogen receptor. The Z21 model assumes that this effect is only relevant at high regulatory activity.
401,KMT2D,ER_transcription_2,positive,Z17,direct,1,regulates,KMT2D helps establish chromatin conditions that permit recruitment/occupancy of ERα. KMT2D depletion reduces ERα occupancy at target loci and ER-dependent transcription.
402,PBX1,ER_transcription_2,positive,Z17,direct,1,regulates,PBX1 is a pioneer factor that helps the transcriptional regulatory activity of the estrogen receptor. The Z21 model assumes that this effect is only relevant to high transcriptional activity.
403,ER,ESR1,positive,Z17,,0,regulates,ER is one way of activating the estrogen receptor ESR1.
404,ESR1_2,ESR1,positive,Z17,unsupported,-,,This edge is an artifact of the Boolean representation of a multi-level variable
405,FOXO3,ESR1,positive,Z17,direct,1,regulates,regulation of transcription. FOXO3a directly binds regulatory sites in the ESR1 (ERα) promoter and increases ESR1 transcription
406,Fulvestrant,ESR1,negative,Z17,direct,1,regulates,Fulvestrant is a selective estrogen receptor degrader/downregulator (SERD). It directly binds ERα (ESR1 protein) with high affinity.
407,ER,ESR1_2,positive,Z17,,0,necessary,ER is one way of activating the estrogen receptor ESR1.
408,ESR1,ESR1_2,positive,Z17,,0,necessary,Reaching a higher level necessitates achieving the lower level first.
409,FOXO3,ESR1_2,positive,Z17,direct,1,regulates,regulation of transcription. FOXO3a directly binds regulatory sites in the ESR1 (ERα) promoter and increases ESR1 transcription. We assume the classification of the FOXO3->ESR1 edge applies to ESR1_2 as well.
410,Fulvestrant,ESR1_2,negative,Z17,direct,1,regulates,Fulvestrant is a selective estrogen receptor degrader/downregulator (SERD). It directly binds ERα (ESR1 protein) with high affinity.
411,FOXO3,FOXA1,positive,Z17,correlation,3,,Tumors with predominantly nuclear (active) FOXO3a had significantly higher FOXA1 expression.
412,AKT,FOXO3,negative,Z17,direct,1,regulates,"phosphorylation. AKT phosphorylates FOXO1 at several regulatory residues. These promote binding to 14-3-3 proteins and retention in the cytoplasm, which decreases FOXO1 transcriptional activity"
413,FOXO3_Ub,FOXO3,negative,Z17,direct,1,regulates,"The node FOXO3_Ub represents the ubiquitin-tagged FOXO3, which is targeted to degradation. This edge reflects that such degradation depletes FOXO3."
414,PIM,FOXO3,negative,Z17,direct,1,regulates,phosphorylation. PIM kinases phosphorylate FOXO3 (FOXO3a). This phosphorylation suppresses FOXO3 transcriptional activity by promoting its nuclear exclusion and association with 14-3-3 proteins.
415,SGK1,FOXO3,negative,Z17,direct,1,regulates,"phosphorylation. SGK1 directly phosphorylates FOXO3a at canonical regulatory sites; these events promote interaction with 14-3-3 proteins, nuclear exclusion, and loss of FOXO3 transcriptional activity."
416,MAPK_2,FOXO3_Ub,positive,Z17,replaced,,,"The MAPK_2 node refers to a high activity of the pathway of RAF1, MEK, ERK.  ERK phosphorylates FOXO3, which promotes interaction of FOXO3 with the E3 ubiquitin ligase MDM2, which then ubiquitinates FOXO3. This edge is replaced  by the ERK_2->FOXO3_Ub edge."
417,HER2,HER2HER3c,positive,Z17,,0,necessary,This edge represents HER2's participation in the HER2HER3c heterodimer complex.
418,HER2HER3c_2,HER2HER3c,positive,Z17,unsupported,-,,This edge is an artifact of the representation of multi-level variables
419,HER3,HER2HER3c,positive,Z17,,0,necessary,This edge represents HER3's participation in the HER2HER3c heterodimer complex. This edge replaces the HER2->HER3 edge.
420,HER3_2,HER2HER3c,positive,Z17,,0,regulates,HER3's participation in the HER2HER3c heterodimer complex. We consider that the confidence ranking of the HER3-> HER2HER3c applies to this edge as well.
421,Neratinib,HER2HER3c,negative,Z17,direct,1,regulates,Neratinib is an irreversible pan-HER tyrosine kinase inhibitor that covalently binds the kinase domains of HER2 and EGFR.
422,HER2,HER2HER3c_2,positive,Z17,,0,necessary,HER2's participation in the HER2HER3c heterodimer complex; we consider that the confidence ranking applies to this edge as well.
423,HER2HER3c,HER2HER3c_2,positive,Z17,,0,necessary,Reaching a higher level necessitates reaching the lower level first
424,HER3,HER2HER3c_2,positive,Z17,,0,necessary,HER2's participation in the HER2HER3c heterodimer complex. We consider that the confidence ranking of the HER2-> HER2HER3c applies to this edge as well.
425,HER3_2,HER2HER3c_2,positive,Z17,,0,necessary,HER3's participation in the HER2HER3c heterodimer complex. We consider that the confidence ranking of the HER3-> HER2HER3c applies to this edge as well.
426,MAPK_2,HER2HER3c_2,negative,Z17,replaced,,,"The MAPK_2 node refers to a high activity of the pathway of RAF1, MEK, ERK.  The mechanism behind this edge is that MEK induces feedback mechanisms that suppress HER-family receptor signaling, while MEK inhibition relieves that feedback and causes rebound HER3/HER2 activation. This edge is replaced by the MEK_2-|HER2HER3c_2 edge."
427,Neratinib,HER2HER3c_2,negative,Z17,direct,1,regulates,Neratinib is an irreversible pan-HER tyrosine kinase inhibitor that covalently binds the kinase domains of HER2 and EGFR. We consider that the confidence rank is the same as the Neratinib-| HER2HER3c edge
428,FOXO3,HER3,positive,Z17,direct,1,regulates,regulation of transcription. FOXO3 binds regulatory regions of ERBB3/HER3 and leads to increased HER3 transcription
429,HER3_2,HER3,positive,Z17,unsupported,-,,This edge is an artifact of the Boolean representation of multi-level variables.
430,HER3_T,HER3,positive,Z17,direct,1,regulates,protein translation
431,FOXO3,HER3_2,positive,Z17,direct,1,regulates,regulation of transcription. FOXO3 binds regulatory regions of ERBB3/HER3 and leads to increased HER3 transcription. We assume that the confidence ranking of this edge is the same as that of FOXO3->HER3.
432,HER3,HER3_2,positive,Z17,,0,necessary,Reaching a higher level necessitates reaching the lower level first.
433,FOXO3,IGF1R,positive,Z17,indirect,2,,"causal effect. Activated FOXO3 increases IGF1R mRNA and protein expression, and FOXO knockdown decreases IGF1R expression. The exact mechanism is not known."
434,HER2,IGF1R,positive,Z17,correlation,3,,This assumed edge is consistent with observed higher IGF1R signaling in trastuzumab-resistant cells
435,IGF1R_2,IGF1R,positive,Z17,unsupported,-,,This edge is an artifact of a Boolean representation of multi-level nodes.
436,IGF1R_T,IGF1R,positive,Z17,direct,1,regulates,protein translation
437,FOXO3,IGF1R_2,positive,Z17,indirect,2,,"causal effect. Activated FOXO3 increases IGF1R mRNA and protein expression, and FOXO knockdown decreases IGF1R expression. The exact mechanism is not known. We assume that the confidence rank of the FOXO3->IGF1 edge applies to IGF1R_2 as well."
438,HER2,IGF1R_2,positive,Z17,correlation,3,,This assumed edge is consistent with observed higher IGF1R signaling in trastuzumab-resistant cells
439,IGF1R,IGF1R_2,positive,Z17,,0,necessary,Reaching a higher level necessitates reaching the lower level first.
440,IGF1R_T,IGF1R_2,positive,Z17,direct,1,regulates,protein translation
441,S6K,IGF1R_2,negative,Z17,unsupported,-,,"S6K affects signaling downstream of IGF1R via its inhibition of IRS1, but does not affect IGF1R."
442,AKT,KMT2D,negative,Z17,direct,1,regulates,phosphorylation. AKT phosphorylates KMT2D at Ser1331; this reduces KMT2D chromatin recruitment/function and consequently suppresses KMT2D-dependent ER transcriptional activity.
443,MAPK_2,MAPK,positive,Z17,unsupported,-,,This edge is an artifact of the Boolean representation of a multi-level node.
444,PIP3,MAPK,positive,Z17,replaced,,,"The MAPK node refers to the pathway of RAF1, MEK, ERK. The mechanism behind this edge is that PIP3 indirectly activates RAF1 via RAC and PAK1. Thus, this edge is replaced by the PIP3->RAF1 edge."
445,PIP3_2,MAPK,positive,Z17,replaced,,,"The MAPK node refers to the pathway of RAF1, MEK, ERK. The mechanism behind this edge is that PIP3 indirectly activates RAF1 via RAC and PAK1. Thus, this edge is replaced by the PIP3_2->RAF1 edge."
446,RAS,MAPK,positive,Z17,replaced,,,"The MAPK node refers to the pathway of RAF1, MEK, ERK. The mechanism behind this edge is that RAS activates RAF1. Thus, this edge is replaced by the RAS->RAF1 edge."
447,RAS_2,MAPK,positive,Z17,replaced,,,"The MAPK node refers to the pathway of RAF1, MEK, ERK. The mechanism behind this edge is that RAS activates RAF1. Thus, this edge is replaced by the RAS_2->RAF1 edge."
448,RAS_3,MAPK,positive,Z17,replaced,,,"The MAPK node refers to the pathway of RAF1, MEK, ERK. TThe mechanism behind this edge is that RAS activates RAF1. Thus, this edge is replaced by the RAS_3->RAF1 edge."
449,Trametinib,MAPK,negative,Z17,replaced,,,"The MAPK node refers to the pathway of RAF1, MEK, ERK.  Trametinib is a highly selective allosteric inhibitor of MEK1 (MAP2K1) and MEK2 (MAP2K2). This edge is replaced by a Trametinib-| MEK edge."
450,MAPK,MAPK_2,positive,Z17,,0,necessary,Reaching a higher level necessitates reaching the lower level first.
451,PIP3,MAPK_2,positive,Z17,replaced,,,"The MAPK_2 node refers to the high activity of the pathway of RAF1, MEK, ERK.  The mechanism behind this edge is that PIP3 indirectly activates RAF1 via RAC and PAK1. Thus, this edge is replaced by the PIP3->RAF1_2 edge."
452,PIP3_2,MAPK_2,positive,Z17,replaced,,,"The MAPK_2 node refers to the high activity of the pathway of RAF1, MEK, ERK. The mechanism behind this edge is that PIP3 indirectly activates RAF1 via RAC and PAK1. Thus, this edge is replaced by the PIP3_2->RAF1_2 edge."
453,RAS_2,MAPK_2,positive,Z17,replaced,,,"The MAPK_2 node refers to the high activity of the pathway of RAF1, MEK, ERK. We introduce the nodes RAF1_2, MEK_2, ERK_2 to resolve this node. The mechanism behind this edge is that RAS activates RAF1. Thus, this edge is replaced by the RAS_2->RAF1_2 edge."
454,RAS_3,MAPK_2,positive,Z17,replaced,,,"The MAPK_2 node refers to the high activity of the pathway of RAF1, MEK, ERK. We introduce the nodes RAF1_2, MEK_2, ERK_2 to resolve this node. The mechanism behind this edge is that RAS activates RAF1. Thus, this edge is replaced by the RAS_3->RAF1_2 edge."
455,Trametinib,MAPK_2,negative,Z17,replaced,,,"The MAPK_2 node refers to the high activity of the pathway of RAF1, MEK, ERK. Trametinib is a highly selective allosteric inhibitor of MEK1 (MAP2K1) and MEK2 (MAP2K2). This edge is replaced by a Trametinib-|MEK_2 edge"
456,Translation,MCL1,positive,Z17,direct,1,regulates,"MCL1 is translated in a cap-dependent manner. Because MCL1 has a short half-life, translation is an important contributor to MCL1 protein abundance."
457,ER_transcription,MYC,positive,Z17,direct,1,regulates,regulation of transcription. ERα occupies regulatory elements associated with the MYC locus and induces MYC transcription. ER_transcription represents the transcriptional activity of the estrogen receptor.
458,MYC_2,MYC,positive,Z17,unsupported,-,,This edge is an artifact of the Boolean representation of multi-level nodes.
459,ER_transcription_2,MYC_2,positive,Z17,direct,1,regulates,regulation of transcription. ERα occupies regulatory elements associated with the MYC locus and induces MYC transcription. ER_transcription_2 represents high transcriptional activity of the estrogen receptor.
460,MYC,MYC_2,positive,Z17,,0,necessary,Reaching a higher level necessitates reaching the lower level first.
461,PIP3,PDK1_pm,positive,Z17,direct,1,necessary,protein-protein interaction. PIP3 recruits PDK1 to the plasma membrane.
462,PIP3_2,PDK1_pm,positive,Z17,direct,1,regulates,protein-protein interaction. PIP3 recruits PDK1 to the plasma membrane. We consider that the confidence ranking is the same as that of the PIP3->PDK1_pm edge.
463,Alpelisib,PI3K,negative,Z17,direct,1,regulates,Alpelisib is a small-molecule inhibitor that directly binds the p110α catalytic subunit (PIK3CA) of PI3Kα and inhibits its lipid-kinase activity.
464,HER2HER3c,PI3K,positive,Z17,direct,1,regulates,protein-protein interaction. Phosphorylated HER3 within the HER2–HER3 complex directly recruits PI3K by binding to its p85 subunit.
465,HER2HER3c_2,PI3K,positive,Z17,direct,1,regulates,protein-protein interaction. Phosphorylated HER3 within the HER2–HER3 complex directly recruits PI3K by binding to its p85 subunit. We consider that the confidence ranking of the edge with the lower-level variable applies.
466,IGF1R,PI3K,positive,Z17,indirect,2,,causal effect mediated by IRS1
467,IGF1R_2,PI3K,positive,Z17,indirect,2,,causal effect mediated by IRS1; we consider that the confidence ranking of the IGFR->PI3K edge applies.
468,PI3K_2,PI3K,positive,Z17,unsupported,-,,This edge is an artifact of the Boolean representation of multi-level nodes.
469,RAS,PI3K,positive,Z17,direct,1,regulates,protein-protein interaction. GTP-bound RAS binds the Ras-binding domain of the p110 catalytic subunit of class I PI3K. This interaction promotes PI3K activation.
470,RAS_2,PI3K,positive,Z17,direct,1,regulates,protein-protein interaction. GTP-bound RAS binds the Ras-binding domain of the p110 catalytic subunit of class I PI3K. This interaction promotes PI3K activation. We consider that the confidence ranking of the RAS->PI3K edge applies.
471,RAS_3,PI3K,positive,Z17,direct,1,regulates,protein-protein interaction. GTP-bound RAS binds the Ras-binding domain of the p110 catalytic subunit of class I PI3K. This interaction promotes PI3K activation. We consider that the confidence ranking of the RAS->PI3K edge applies.
472,Alpelisib,PI3K_2,negative,Z17,direct,1,regulates,Alpelisib is a small-molecule inhibitor that directly binds the p110α catalytic subunit (PIK3CA) of PI3Kα and inhibits its lipid-kinase activity. We consider the confidence ranking the same as that of the Alpelisib->PI3K edge.
473,HER2HER3c_2,PI3K_2,positive,Z17,direct,1,regulates,protein-protein interaction. Phosphorylated HER3 within the HER2–HER3 complex directly recruits PI3K by binding to its p85 subunit. We consider that the confidence ranking of the edge with the lower-level variable applies.
474,PI3K,PI3K_2,positive,Z17,,0,necessary,Reaching a higher level necessitates reaching the lower level first.
475,PI3K,PIP3,positive,Z17,direct,1,regulates,PI3K catalyzes the reaction that produces PIP3.
476,PI3K_2,PIP3,positive,Z17,direct,1,regulates,PI3K catalyzes the reaction that produces PIP3.
477,PIP3_2,PIP3,positive,Z17,unsupported,-,,This edge is an artifact of the Boolean representation of a multi-level variable.
478,PTEN,PIP3,negative,Z17,direct,1,regulates,PTEN dephosphorylates PIP3
479,PI3K_2,PIP3_2,positive,Z17,direct,1,regulates,PI3K catalyzes the reaction that produces PIP3.
480,PIP3,PIP3_2,positive,Z17,,0,necessary,Reaching a higher level necessitates reaching the lower level first.
481,PTEN,PIP3_2,negative,Z17,direct,1,regulates,PTEN dephosphorylates PIP3. We consider that the confidence ranking is the same as that of the PTEN-| PIP3 edge.
482,AKT,PRAS40,negative,Z17,direct,1,regulates,phosphorylation. AKT phosphorylates PRAS40 (AKT1S1). This promotes PRAS40 association with 14-3-3 and reduces its association/inhibitory action on mTORC1.
483,PIM,PRAS40,negative,Z17,direct,1,regulates,"protein-protein interaction. PIM1 directly phosphorylates PRAS40 (AKT1S1) at Thr246. Functionally, this phosphorylation inhibits PRAS40's mTORC1-repressive function."
484,E2F,Proliferation,positive,Z17,indirect,2,,causal effect. E2F1/2/3 are transcription factors that promote cell-cycle progression by regulating genes required for DNA replication and G1/S progression.
485,E2F_2,Proliferation,positive,Z17,indirect,2,,causal effect. E2F1/2/3 are transcription factors that promote cell-cycle progression by regulating genes required for DNA replication and G1/S progression. We consider the confidence ranking the same as that of the E2F-> Proliferation edge.
486,E2F_3,Proliferation,positive,Z17,indirect,2,,causal effect. E2F1/2/3 are transcription factors that promote cell-cycle progression by regulating genes required for DNA replication and G1/S progression. We consider the confidence ranking the same as that of the E2F-> Proliferation edge.
487,Translation,Proliferation,positive,Z17,assumption,4,,This assumed direct effect between the two process nodes was replaced by an more indirect effect in the Z21 model.
488,E2F_2,Proliferation_2,positive,Z17,indirect,2,,causal effect. E2F1/2/3 are transcription factors that promote cell-cycle progression by regulating genes required for DNA replication and G1/S progression. We consider the confidence ranking the same as that of the E2F-> Proliferation edge.
489,E2F_3,Proliferation_2,positive,Z17,indirect,2,,causal effect. E2F1/2/3 are transcription factors that promote cell-cycle progression by regulating genes required for DNA replication and G1/S progression. We consider the confidence ranking the same as that of the E2F-> Proliferation edge.
490,Translation,Proliferation_2,positive,Z17,assumption,4,,This assumed direct effect between the two process nodes was replaced by an more indirect effect in the Z21 model.
491,E2F_2,Proliferation_3,positive,Z17,indirect,2,,causal effect. E2F1/2/3 are transcription factors that promote cell-cycle progression by regulating genes required for DNA replication and G1/S progression. We consider the confidence ranking the same as that of the E2F-> Proliferation edge.
492,E2F_3,Proliferation_3,positive,Z17,indirect,2,,causal effect. E2F1/2/3 are transcription factors that promote cell-cycle progression by regulating genes required for DNA replication and G1/S progression. We consider the confidence ranking the same as that of the E2F-> Proliferation edge.
493,Translation,Proliferation_3,positive,Z17,assumption,4,,This assumed direct effect between the two process nodes was replaced by an more indirect effect in the Z21 model.
494,E2F_3,Proliferation_4,positive,Z17,indirect,2,,causal effect. E2F1/2/3 are transcription factors that promote cell-cycle progression by regulating genes required for DNA replication and G1/S progression. We consider the confidence ranking the same as that of the E2F-> Proliferation edge.
495,Translation,Proliferation_4,positive,Z17,assumption,4,,This assumed direct effect between the two process nodes was replaced by an more indirect effect in the Z21 model.
496,HER2HER3c,RAS,positive,Z17,indirect,2,,"causal effect mediated by GRB2, SOS"
497,HER2HER3c_2,RAS,positive,Z17,indirect,2,,"causal effect mediated by GRB2, SOS. We consider the confidence level the same as that of the HER2HER3c->RAS edge."
498,IGF1R,RAS,positive,Z17,indirect,2,,"causal effect mediated by GRB2, SOS"
499,IGF1R_2,RAS,positive,Z17,indirect,2,,causal effect mediated by IRS1; we consider that the confidence ranking of the IGFR->PI3K edge applies.
500,RAS_2,RAS,positive,Z17,unsupported,-,,This edge is an artifact of the Boolean representation of multi-level nodes.
501,RAS_3,RAS,positive,Z17,unsupported,-,,This edge is an artifact of the Boolean representation of multi-level nodes.
502,HER2HER3c,RAS_2,positive,Z17,indirect,2,,"causal effect mediated by GRB2, SOS. We consider the confidence level the same as that of the HER2HER3c->RAS edge."
503,HER2HER3c_2,RAS_2,positive,Z17,indirect,2,,"causal effect mediated by GRB2, SOS. We consider the confidence level the same as that of the HER2HER3c->RAS edge."
504,RAS,RAS_2,positive,Z17,,0,necessary,Reaching a higher level necessitates reaching the lower level first.
505,RAS_3,RAS_2,positive,Z17,unsupported,-,,This edge is an artifact of the Boolean representation of multi-level nodes.
506,HER2HER3c_2,RAS_3,positive,Z17,indirect,2,,"causal effect mediated by GRB2, SOS. We consider the confidence level the same as that of the HER2HER3c->RAS edge."
507,RAS,RAS_3,positive,Z17,,0,necessary,Reaching a higher level necessitates reaching the lower level first.
508,RAS_2,RAS_3,positive,Z17,,0,necessary,Reaching a higher level necessitates reaching the lower level first.
509,mTORC1,S6K,positive,Z17,direct,1,regulates,phosphorylation. mTORC1 phosphorylates S6K. This phosphorylation is essential for efficient S6K1 activation; full activation is done by PDK1.
510,PDK1_ic,SGK1,positive,Z17,direct,1,necessary,"phosphorylation. Intracellular PDK1 phosphorylates SGK1 at Thr256 in its activation loop, producing full kinase activation after the hydrophobic-motif site (Ser422) has been phosphorylated by mTORC2. "
511,SGK1_T,SGK1,positive,Z17,direct,1,necessary,protein translation
512,mTORC2_ic,SGK1,positive,Z17,direct,1,necessary,"phosphorylation. Intracellular mTORC2 directly phosphorylates the SGK1 hydrophobic-motif site Ser422, enabling subsequent activation by PDK1."
513,AKT,TSC2,negative,Z17,direct,1,regulates,"phosphorylation. AKT phosphorylates TSC2 (tuberin) at multiple sites, inhibiting the TSC1–TSC2 complex's GAP activity."
514,MAPK_2,TSC2,negative,Z17,replaced,,,"The MAPK_2 node refers to a high activity of the pathway of RAF1, MEK, ERK.  The mechanism behind this edge is that ERK inhibits TSC2 via RSK. This edge is replaced by the ERK_2-| TSC2 edge."
515,SGK1,TSC2,negative,Z17,direct,1,regulates,phosphorylation. SGK1 directly phosphorylate TSC2 (tuberin). This inhibits TSC2's ability to suppress RHEB.
516,EIF4,Translation,positive,Z17,direct in the network sense,1,regulates,eIF4F is part of the molecular machinery that initiates cap-dependent translation.
517,S6K,Translation,positive,Z17,indirect,2,,causal effect mediated by EIF4
518,CDK46,CYCLINDc,positive,Z17,,0,necessary,CDK4 or CDK6 (denoted CDK46) make up one component of the cyclin-CDK complex CYCLINDc
519,CYCLINDc_2,CYCLINDc,positive,Z17,unsupported,-,,This edge is an artifact of the Boolean representation of a multi-level variable.
520,CyclinD,CYCLINDc,positive,Z17,,0,necessary,Cyclin D1 is one of two components of the cyclin-CDK complex CYCLINDc
521,CyclinD_2,CYCLINDc,positive,Z17,,0,necessary,Cyclin D1 is one of two components of the cyclin-CDK complex CYCLINDc. We assign the same rank as that of the CyclinD1->CYCLIND_c edge.
522,CDK46,CYCLINDc_2,positive,Z17,,0,necessary,CDK4 or CDK6 (denoted CDK46) make up one component of the cyclin-CDK complex CYCLINDc. We consider that the same confidence ranking applies as that of the CDK46->CYCLINDc edge.
523,CYCLINDc,CYCLINDc_2,positive,Z17,,0,necessary,Reaching a higher level necessitates achieving the lower level first.
524,CyclinD_2,CYCLINDc_2,positive,Z17,,0,necessary,Cyclin D1 is one of two components of the cyclin-CDK complex CYCLINDc. We assign the same rank as that of the CyclinD1->CYCLIND_c edge.
525,cycE_CDK2_T,cycE_CDK2,positive,Z17,direct,1,necessary,protein translation
526,p21_p27,cycE_CDK2,negative,Z17,direct,1,regulates,"protein-protein interaction. Both p21 and p27,  members of the CIP/KIP family, bind  Cyclin E–CDK2 complexes. This prevents phosphorylation of substrates required for S-phase entry and progression."
527,E2F,cycE_CDK2_T,positive,Z17,direct,1,necessary,regulation of transcription. CycE_CDK2_T represents the transcripts of the components underlying the Cyclin E–CDK2 complex. E2F1 binds E2F sites in the CCNE1 promoter and activates Cyclin E transcription. There is also evidence of E2F1 can promote CDK2 transcription.
528,E2F_2,cycE_CDK2_T,positive,Z17,direct,1,regulates,"regulation of transcription. CycE_CDK2_T represents the transcripts of the components underlying the Cyclin E–CDK2 complex. E2F directly transcriptionally activates Cyclin E genes (CCNE1 and CCNE2) through E2F-responsive regulatory elements, thus upregulating CycE_CDK2_T. We consider that the confidence rank is the same as that of the E2F-> cycE_CDK2_T edge."
529,E2F_3,cycE_CDK2_T,positive,Z17,indirect,2,,"causal effect. CycE_CDK2_T represents the transcript of the components underlying the Cyclin E–CDK2 complex. E2F directly transcriptionally activates Cyclin E genes (CCNE1 and CCNE2) through E2F-responsive regulatory elements, thus contributing to more CycE_CDK2_T."
530,MYC,CyclinD,positive,Z17,unsupported,-,,"Contrary to this assumption, there is evidence that MYC can bind to  the Cyclin D1 promoter and repress CCND1 transcription."
531,CyclinD_2,CyclinD,positive,Z17,unsupported,-,,This edge is an artifact of the Boolean representation of a multi-level variable.
532,MYC_2,CyclinD_2,positive,Z17,unsupported,-,,"Contrary to this assumption, there is evidence that MYC can bind to  the Cyclin D1 promoter and repress CCND1 transcription."
533,CyclinD,CyclinD_2,positive,Z17,,0,necessary,Reaching a higher level necessitates achieving the lower level first.
534,Everolimus,mTORC1,negative,Z17,direct in the network sense,1,regulates,"Everolimus binds the intracellular protein FKBP12; the everolimus–FKBP12 complex then binds the FRB domain of mTOR within mTORC1, inhibiting mTORC1 signaling. FKBP12 is not in the network."
535,PRAS40,mTORC1,negative,Z17,direct,1,regulates,protein-protein interaction. Unphosphorylated PRAS40 binds RAPTOR (a component of mTORC1) and restrains mTORC1 substrate phosphorylation.
536,TSC2,mTORC1,negative,Z17,indirect,2,,causal effect mediated by RHEB
537,Everolimus,mTORC2_ic,negative,Z17,indirect,2,,Everolimus does not directly target mTORC2. Prolonged exposure to everolimus can indirectly inhibit mTORC2 because drug-bound mTOR becomes unavailable for assembly of new mTORC2 complexes.
538,mTORC2_ic,mTORC2_ic,positive,Z17,unsupported,-,,This edge is an representational artifact of the assumption that the intracellular mTORC2 level is low.
539,Everolimus,mTORC2_pm,negative,Z17,indirect,2,,"Prolonged exposure to rapalogs can deplete mTORC2, and thus also mTORC2_pm, because drug-bound mTOR becomes unavailable for assembly of new mTORC2 complexes."
540,PIP3,mTORC2_pm,positive,Z17,direct,1,necessary,"protein-protein interaction. The SIN1/MAPKAP1 subunit of mTORC2 contains a PH domain that directly binds PIP3, recruiting mTORC2 to the plasma membrane and allowing it to phosphorylate substrates such as AKT. "
541,PIP3_2,mTORC2_pm,positive,Z17,direct,1,regulates,"protein-protein interaction. The SIN1/MAPKAP1 subunit of mTORC2 contains a PH domain that directly binds PIP3, recruiting mTORC2 to the plasma membrane and allowing it to phosphorylate substrates such as AKT. "
542,AKT,p21_p27,negative,Z17,direct,1,regulates,phosphorylation. The p21_p27 node unites p21 and p27. AKT phosphorylates and inhibits both p21 and p27. This inhibition can be interpreted as a direct inhibition of the p21_p27 node.
543,PIM,p21_p27,negative,Z17,assumption,4,,The p21_p27 node refers both to p21 and p27. This assumed edge is supported by the fact that PIM kinases suppress p27 through phosphorylation that promotes its cytoplasmic localization and/or degradation.
544,p21_p27_T,p21_p27,positive,Z17,direct,1,regulates,"protein translation. The p21_p27 node unites the p21 and p27 proteins. The p21_p27_T node unites the transcripts of p21 and p27. Thus, this edge represents translation."
545,FOXO3,p21_p27_T,positive,Z17,direct,1,regulates,"regulation of transcription. FOXO3 binds both the CDKN1A (p21) and CDKN1B (p27) promoter, and activates the transcription of both. "
546,MYC,p21_p27_T,negative,Z17,assumption,4,,The p21_p27_T node refers to the transcripts of p21 and p27. This assumed edge is consistent with the fact that MYC represses the transcription of CDKN1A (p21).
547,MYC_2,p21_p27_T,negative,Z17,assumption,4,,The p21_p27_T node refers to the transcripts of p21 and p27. This assumed edge is consistent with the fact that MYC represses the transcription of CDKN1A (p21).
548,CYCLINDc,pRB,positive,Z17,direct,1,regulates,"phosphorylation. The Cyclin D–CDK4/6 complex directly phosphorylates RB, yielding pRB."
549,CYCLINDc_2,pRB,positive,Z17,direct,1,regulates,"phosphorylation. The Cyclin D–CDK4/6 complex directly phosphorylates RB, yielding pRB. We consider the confidence ranking the same as that of the CYCLINDc->pRB edge."
550,cycE_CDK2,pRB,positive,Z17,direct,1,regulates,phosphorylation. Cyclin E–CDK2 directly recognizes and phosphorylates RB.
551,pRB_2,pRB,positive,Z17,unsupported,-,,This edge is an artifact of the Boolean representation of a multi-level node.
552,pRB_3,pRB,positive,Z17,unsupported,-,,This edge is an artifact of the Boolean representation of a multi-level node.
553,CYCLINDc,pRB_2,positive,Z17,direct,1,regulates,"phosphorylation. The Cyclin D–CDK4/6 complex directly phosphorylates RB, yielding pRB. We consider the confidence ranking the same as that of the CYCLINDc->pRB edge."
554,CYCLINDc_2,pRB_2,positive,Z17,direct,1,regulates,"phosphorylation. The Cyclin D–CDK4/6 complex directly phosphorylates RB, yielding pRB. We consider the confidence ranking the same as that of the CYCLINDc->pRB edge."
555,cycE_CDK2,pRB_2,positive,Z17,direct,1,regulates,phosphorylation. Cyclin E–CDK2 directly recognizes and phosphorylates RB. We consider the confidence ranking of this edge is the same as that of the cycE_CDK2 edge.
556,pRB,pRB_2,positive,Z17,,0,necessary,Reaching a higher level necessitates reaching the lower level first.
557,pRB_3,pRB_2,positive,Z17,unsupported,-,,This edge is an artifact of the Boolean representation of a multi-level node.
558,CYCLINDc_2,pRB_3,positive,Z17,direct,1,regulates,"phosphorylation. The Cyclin D–CDK4/6 complex directly phosphorylates RB, yielding pRB. We consider the confidence ranking the same as that of the CYCLINDc->pRB edge."
559,cycE_CDK2,pRB_3,positive,Z17,direct,1,regulates,phosphorylation. Cyclin E–CDK2 directly recognizes and phosphorylates RB. We consider the confidence ranking of this edge is the same as that of the cycE_CDK2 edge.
560,pRB,pRB_3,positive,Z17,,0,necessary,Reaching a higher level necessitates reaching the lower level first.
561,pRB_2,pRB_3,positive,Z17,,0,necessary,Reaching a higher level necessitates reaching the lower level first.
562,Ipatasertib,AKT,negative,Z21,direct,1,regulates,Ipatasertib is a small-molecule AKT inhibitor that directly binds the kinase domain of AKT1/2/3 and inhibits its catalytic activity
563,PDK1_pm,AKT,positive,Z21,direct,1,regulates,phosphorylation. Plasma-membrane-bound PDK1 directly phosphorylates AKT at Thr308 in its activation loop.
564,PIP3,AKT,positive,Z21,direct,1,regulates,"protein-protein interaction. PIP3 directly binds the PH domain of AKT, recruiting AKT to the plasma membrane and inducing conformational changes that expose its activating phosphorylation sites"
565,PIP3_2,AKT,positive,Z21,direct,1,regulates,"protein-protein interaction. PIP3 directly binds the PH domain of AKT, recruiting AKT to the plasma membrane and inducing conformational changes that expose its activating phosphorylation sites. We consider the confidence the same as that of the PIP3->AKT edge."
566,mTORC2_pm,AKT,positive,Z21,direct,1,regulates,phosphorylation. Plasma membrane-localized mTORC2 directly phosphorylates AKT
567,Apoptosis,Apoptosis,positive,Z21,assumption,4,,This assumed self-regulation reflects the irreversible nature of the commitment to apoptosis.
568,BAD,Apoptosis,positive,Z21,indirect,2,,"causal effect mediated by CYCS, CASP9, CASP3"
569,BIM,Apoptosis,positive,Z21,indirect,2,,"causal effect mediated by BAK/BAX, CYCS, CASP9, CASP3"
570,Apoptosis_2,Apoptosis_2,positive,Z21,assumption,4,,This assumed self-regulation reflects the irreversible nature of the commitment to apoptosis.
571,BCL2,Apoptosis_2,negative,Z21,indirect,2,,"causal effect mediated by BAK/BAX, CYCS, CASP9, CASP3; we consider the same confidence ranking as that of BCL2->Apoptosis."
572,BCLXL,Apoptosis_2,negative,Z21,indirect,2,,"causal effect mediated by BAK/BAX, CYCS, CASP9, CASP3"
573,MCL1,Apoptosis_2,negative,Z21,indirect,2,,"causal effect mediated by BAK/BAX, CYCS, CASP9, CASP3. We consider that the confidence rank is the same as that of the MCL1->Apoptosis edge."
574,Apoptosis_3,Apoptosis_3,positive,Z21,assumption,4,,This assumed self-regulation reflects the irreversible nature of the commitment to apoptosis.
575,BCL2,Apoptosis_3,negative,Z21,indirect,2,,"causal effect mediated by BAK/BAX, CYCS, CASP9, CASP3; we consider the same confidence ranking as that of BCL2->Apoptosis."
576,BCLXL,Apoptosis_3,negative,Z21,indirect,2,,"causal effect mediated by BAK/BAX, CYCS, CASP9, CASP3"
577,BIM,Apoptosis_3,positive,Z21,indirect,2,,"causal effect mediated by BAK/BAX, CYCS, CASP9, CASP3; we consider the same confidence ranking as that of BIM->Apoptosis."
578,MCL1,Apoptosis_3,negative,Z21,indirect,2,,"causal effect mediated by BAK/BAX, CYCS, CASP9, CASP3. We consider that the confidence rank is the same as that of the MCL1->Apoptosis edge."
579,AKT,BAD,negative,Z21,direct,1,regulates,"phosphorylation. AKT phosphorylates BAD, which leads to its sequestration by 14-3-3 proteins, making it unable to inhibit BCLXL"
580,MAPK_2,BAD,negative,Z21,replaced,,,"The MAPK_2 node refers to a high activity of the pathway of RAF1, MEK, ERK. ERK1/2 inhibit BAD via RSK. This edge is replaced by the ERK-| BAD edge."
581,PIM,BAD,negative,Z21,direct,1,regulates,"phosphorylation. PIM kinases phosphorylate BAD. This promotes BAD's sequestration by 14-3-3 proteins, suppressing BAD's pro-apoptotic function."
582,BCL2_T,BCL2,positive,Z21,direct,1,necessary,protein translation
583,Navitoclax,BCL2,negative,Z21,direct,1,regulates,"Navitoclax is a BH3 mimetic that directly binds BCL2, occupies BCL2's BH3-binding groove, preventing BCL2 from sequestering pro-apoptotic BH3-domain proteins."
584,BCLXL_T,BCLXL,positive,Z21,direct,1,necessary,protein translation
585,Navitoclax,BCLXL,negative,Z21,direct,1,regulates,"Navitoclax is a BH3 mimetic that directly binds BCLXL, occupies BCLXL's BH3-binding groove, preventing BCLXL from sequestering pro-apoptotic BH3-domain proteins."
586,BIM_T,BIM,positive,Z21,direct,1,regulates,protein translation
587,FOXO3,BIM,positive,Z21,direct,1,regulates,regulation of transcription. FOXO3 binds conserved forkhead-response elements in the promoter of  BCL2L11 (the gene encoding BIM) and stimulates its transcription.
588,MAPK_2,BIM,negative,Z21,replaced,,,"The MAPK_2 node refers to a high activity of the pathway of RAF1, MEK, ERK.  Other models have separate RAF1, MEK, ERK nodes. The mechanism behind this edge is that ERK1/2 directly phosphorylates BIM (BCL2L11), which promotes is proteasomal degradation. This edge is replaced by an ERK_2-| BIM edge."
589,Palbociclib,CDK46,negative,Z21,direct,1,regulates,"Palbociclib directly binds the ATP-binding pockets of CDK4 and CDK6, inhibiting their kinase activity."
590,E2F_2,E2F,positive,Z21,unsupported,-,,This edge is an artifact of the Boolean represtentation of a multi-level node.
591,pRB,E2F,positive,Z21,indirect,2,,"causal effect. Hypophosphorylated RB binds to E2F; phosphorylation of RB changes RB conformation and disrupts that binding. This can be represented as a pRB-|RB-|E2F path, if pRB-|RB is added to the network."
592,E2F,E2F_2,positive,Z21,,0,necessary,Reaching a higher level necessitates reaching the lower level first.
593,pRB_2,E2F_2,positive,Z21,indirect,2,,causal effect. Hypophosphorylated RB binds to E2F; phosphorylation of RB changes RB conformation and disrupts that binding. We consider that the confidence ranking is the same as that of the pRB->E2F edge.
594,mTORC1,EIF4,positive,Z21,indirect,2,,causal effect mediated by EIF4EBP1
595,ER_transcription_2,ER_transcription,positive,Z21,unsupported,-,,This edge is an artifact of the Boolean representation of multi-level nodes.
596,ESR1,ER_transcription,positive,Z21,,0,necessary,ESR1 activity is needed for the transcriptional regulatory function of the estrogen receptor 
597,ESR1_2,ER_transcription,positive,Z21,,0,regulates,ESR1 activity is needed for the transcriptional regulatory function of the estrogen receptor. We consider that the confidence ranking is the same as that of the ESR1-> ER_transcription_2 edge.
598,ER_transcription,ER_transcription_2,positive,Z21,,0,necessary,Reaching a higher level necessitates reaching the lower level first.
599,ESR1_2,ER_transcription_2,positive,Z21,,0,necessary,ESR1 activity is needed for the transcriptional regulatory function of the estrogen receptor. We consider that the confidence ranking is the same as that of the ESR1-> ER_transcription_2 edge.
600,FOXA1,ER_transcription_2,positive,Z21,direct,1,regulates,FOXA1 is a pioneer factor that helps the transcriptional regulatory activity of the estrogen receptor. The Z21 model assumes that this effect is only relevant at high regulatory activity
601,KMT2D,ER_transcription_2,positive,Z21,direct,1,regulates,KMT2D deposits enhancer-associated H3K4me1/2 and helps establish chromatin conditions that permit recruitment/occupancy of ERα together with pioneer/cofactor proteins such as FOXA1 and PBX1. KMT2D depletion reduces ERα occupancy at target loci and ER-dependent transcription.
602,PBX1,ER_transcription_2,positive,Z21,direct,1,regulates,PBX1 is a pioneer factor that helps the transcriptional regulatory activity of the estrogen receptor. The Z21 model assumes that this effect is only relevant to high transcriptional activity.
603,ER_transcription_2,ER_transcription_feedback_1,positive,Z21,assumption,4,,"This edge is part of an assumed negative feedback loop on the estrogen receptor, which models the transient nature of the Alpelisib-induced upregulation of ESR1."
604,ER_transcription_feedback_1,ER_transcription_feedback_2,positive,Z21,assumption,4,,"This edge is part of an assumed negative feedback loop on the estrogen receptor, which models the transient nature of the Alpelisib-induced upregulation of ESR1."
605,ER_transcription_feedback_2,ER_transcription_feedback_2,positive,Z21,assumption,4,,"This edge is part of an assumed negative feedback loop on the estrogen receptor, which models the transient nature of the Alpelisib-induced upregulation of ESR1."
606,ER,ESR1,positive,Z21,,0,regulates,ER is one way of activating the estrogen receptor ESR1.
607,ESR1_2,ESR1,positive,Z21,unsupported,-,,This edge is an artifact of the Boolean representation of a multi-level variable
608,FOXO3,ESR1,positive,Z21,direct,1,regulates,regulation of transcription. FOXO3a directly binds regulatory sites in the ESR1 (ERα) promoter and increases ESR1 transcription
609,Fulvestrant,ESR1,negative,Z21,direct,1,regulates,Fulvestrant is a selective estrogen receptor degrader/downregulator (SERD). It directly binds ERα (ESR1 protein) with high affinity.
610,ER,ESR1_2,positive,Z21,,0,necessary,ER is one way of activating the estrogen receptor ESR1.
611,ES,ESR1_2,positive,Z21,direct,1,regulates,ligand-receptor binding
612,ER_transcription_feedback_2,ESR1_2,negative,Z21,assumption,4,,"This edge is part of an assumed negative feedback loop on the estrogen receptor, which models the transient nature of the Alpelisib-induced upregulation of ESR1"
613,ESR1,ESR1_2,positive,Z21,,0,necessary,Reaching a higher level necessitates achieving the lower level first.
614,FOXO3,ESR1_2,positive,Z21,direct,1,regulates,regulation of transcription. FOXO3a directly binds regulatory sites in the ESR1 (ERα) promoter and increases ESR1 transcription. We assume the classification of the FOXO3->ESR1 edge applies to ESR1_2 as well.
615,Fulvestrant,ESR1_2,negative,Z21,direct,1,regulates,Fulvestrant is a selective estrogen receptor degrader/downregulator (SERD). It directly binds ERα (ESR1 protein) with high affinity.
616,AKT,FOXO3,negative,Z21,direct,1,regulates,"phosphorylation. AKT phosphorylates FOXO1 at several regulatory residues. These promote binding to 14-3-3 proteins and retention in the cytoplasm, which decreases FOXO1 transcriptional activity"
617,FOXO3_Ub,FOXO3,negative,Z21,direct,1,regulates,"The node FOXO3_Ub represents the ubiquitin-tagged FOXO3, which is targeted to degradation. This edge reflects that such degradation depletes FOXO3."
618,PIM,FOXO3,negative,Z21,direct,1,regulates,phosphorylation. PIM kinases phosphorylate FOXO3 (FOXO3a). This phosphorylation suppresses FOXO3 transcriptional activity by promoting its nuclear exclusion and association with 14-3-3 proteins.
619,SGK1,FOXO3,negative,Z21,direct,1,regulates,"phosphorylation. SGK1 directly phosphorylates FOXO3a at canonical regulatory sites; these events promote interaction with 14-3-3 proteins, nuclear exclusion, and loss of FOXO3 transcriptional activity."
620,MAPK_2,FOXO3_Ub,positive,Z21,replaced,,,"The MAPK_2 node refers to a high activity of the pathway of RAF1, MEK, ERK.  The mechanism behind this edge is that ERK phosphorylates FOXO3, which promote interaction of FOXO3 with the E3 ubiquitin ligase MDM2, which then ubiquitinates FOXO3. This edge is replaced  by the ERK->FOXO3_Ub edge."
621,HER2,HER2HER3c,positive,Z21,,0,necessary,This edge represents HER2's participation in the HER2HER3c heterodimer complex.
622,HER2HER3c_2,HER2HER3c,positive,Z21,unsupported,-,,This edge is an artifact of the representation of multi-level variables
623,HER3,HER2HER3c,positive,Z21,,0,necessary,This edge represents HER3's participation in the HER2HER3c heterodimer complex. This edge replaces the HER3->HER2 edge.
624,HER3_2,HER2HER3c,positive,Z21,,0,regulates,HER3's participation in the HER2HER3c heterodimer complex. We consider that the confidence ranking of the HER3-> HER2HER3c applies to this edge as well.
625,Neratinib,HER2HER3c,negative,Z21,direct,1,regulates,Neratinib is an irreversible pan-HER tyrosine kinase inhibitor that covalently binds the kinase domains of HER2 and EGFR.
626,HER2,HER2HER3c_2,positive,Z21,,0,necessary,HER2's participation in the HER2HER3c heterodimer complex; we consider that the confidence ranking applies to this edge as well.
627,HER2HER3c,HER2HER3c_2,positive,Z21,,0,necessary,Reaching a higher level necessitates reaching the lower level first
628,HER3,HER2HER3c_2,positive,Z21,,0,necessary,HER2's participation in the HER2HER3c heterodimer complex. We consider that the confidence ranking of the HER2-> HER2HER3c applies to this edge as well.
629,HER3_2,HER2HER3c_2,positive,Z21,,0,necessary,HER3's participation in the HER2HER3c heterodimer complex. We consider that the confidence ranking of the HER3-> HER2HER3c applies to this edge as well.
630,NRG1,HER2HER3c_2,positive,Z21,indirect,2,,"causal effect mediated by HER3, PI3K, ERK"
631,MAPK_2,HER2HER3c_2,negative,Z21,replaced,,,"The MAPK_2 node refers to a high activity of the pathway of RAF1, MEK, ERK.  The mechanism behind this edge is that MEK induces feedback mechanisms that suppress HER-family receptor signaling, while MEK inhibition relieves that feedback and causes rebound HER3/HER2 activation. This edge is replaced by the MEK_2-|HER2HER3c_2 edge."
632,Neratinib,HER2HER3c_2,negative,Z21,direct,1,regulates,Neratinib is an irreversible pan-HER tyrosine kinase inhibitor that covalently binds the kinase domains of HER2 and EGFR.
633,FOXO3,HER3,positive,Z21,direct,1,regulates,regulation of transcription. FOXO3 binds regulatory regions of ERBB3/HER3 and leads to increased HER3 transcription
634,HER3_2,HER3,positive,Z21,unsupported,-,,This edge is an artifact of the Boolean representation of multi-level variables.
635,HER3_T,HER3,positive,Z21,direct,1,regulates,protein translation
636,FOXO3,HER3_2,positive,Z21,direct,1,regulates,regulation of transcription. FOXO3 binds regulatory regions of ERBB3/HER3 and leads to increased HER3 transcription. We assume that the confidence ranking of this edge is the same as that of FOXO3->HER3.
637,HER3,HER3_2,positive,Z21,,0,necessary,Reaching a higher level necessitates reaching the lower level first.
638,FOXO3,IGF1R,positive,Z21,indirect,2,,"causal effect. Activated FOXO3 increases IGF1R mRNA and protein expression, and FOXO knockdown decreases IGF1R expression. The exact mechanism is not known."
639,HER2,IGF1R,positive,Z21,correlation,3,,This assumed edge is consistent with observed higher IGF1R signaling in trastuzumab-resistant cells
640,IGF1R_2,IGF1R,positive,Z21,unsupported,-,,This edge is an artifact of a Boolean representation of multi-level nodes.
641,IGF1R_T,IGF1R,positive,Z21,direct,1,regulates,protein translation
642,FOXO3,IGF1R_2,positive,Z21,indirect,2,,"causal effect. Activated FOXO3 increases IGF1R mRNA and protein expression, and FOXO knockdown decreases IGF1R expression. The exact mechanism is not known."
643,HER2,IGF1R_2,positive,Z21,correlation,3,,This assumed edge is consistent with observed higher IGF1R signaling in trastuzumab-resistant cells
644,IGF1R,IGF1R_2,positive,Z21,,0,necessary,Reaching a higher level necessitates reaching the lower level first.
645,IGF1R_T_2,IGF1R_2,positive,Z21,direct,1,regulates,protein translation
646,S6K,IGF1R_2,negative,Z21,unsupported,-,,"S6K affects signaling downstream of IGF1R via its inhibition of IRS1, but does not affect IGF1R."
647,IGF1R_T,IGF1R_T,positive,Z21,unsupported,-,,This self-edge is an artifact of the implementation of the Z21 model's assumption of a constitutive basal IGF1R transcript level. 
648,IGF1R_T_2,IGF1R_T,positive,Z21,unsupported,-,,This edge is an artifact of a Boolean representation of multi-level nodes.
649,IGF1R_T,IGF1R_T_2,positive,Z21,,0,necessary,Reaching a higher level necessitates reaching the lower level first.
650,IGF1R_T_2,IGF1R_T_2,positive,Z21,unsupported,-,,This self-edge is an artifact of the implementation of the Z21 model assumption of the sustained absence of high IGF1R transcript level (IGF1R_T_2=0)
651,AKT,KMT2D,negative,Z21,direct,1,regulates,phosphorylation. AKT phosphorylates KMT2D at Ser1331; this reduces KMT2D chromatin recruitment/function and consequently suppresses KMT2D-dependent ER transcriptional activity.
652,MAPK_2,MAPK,positive,Z21,unsupported,-,,This edge is an artifact of the Boolean representation of a multi-level node.
653,PIP3,MAPK,positive,Z21,replaced,,,"The MAPK node refers to the pathway of RAF1, MEK, ERK. The mechanism behind this edge is that PIP3 indirectly activates RAF1 via RAC and PAK1. Thus, this edge is replaced by the PIP3->RAF1 edge."
654,PIP3_2,MAPK,positive,Z21,replaced,,,"The MAPK node refers to the pathway of RAF1, MEK, ERK. We introduce the nodes RAF1_2, MEK_2, ERK_2 to resolve this node. The mechanism behind this edge is that PIP3 indirectly activates RAF1 via RAC and PAK1. Thus, this edge is replaced by the PIP3_2->RAF1 edge."
655,RAS,MAPK,positive,Z21,replaced,,,"The MAPK node refers to the pathway of RAF1, MEK, ERK. The mechanism behind this edge is that RAS activates RAF1. Thus, this edge is replaced by the RAS->RAF1 edge."
656,RAS_2,MAPK,positive,Z21,replaced,,,"The MAPK node refers to the pathway of RAF1, MEK, ERK. The mechanism behind this edge is that RAS activates RAF1. Thus, this edge is replaced by the RAS_2->RAF1 edge."
657,RAS_3,MAPK,positive,Z21,replaced,,,"The MAPK node refers to the pathway of RAF1, MEK, ERK. TThe mechanism behind this edge is that RAS activates RAF1. Thus, this edge is replaced by the RAS_3->RAF1 edge."
658,Trametinib,MAPK,negative,Z21,replaced,,,"The MAPK node refers to the pathway of RAF1, MEK, ERK.  Trametinib is a highly selective allosteric inhibitor of MEK1 (MAP2K1) and MEK2 (MAP2K2). This edge is replaced by a Trametinib-| MEK edge."
659,MAPK,MAPK_2,positive,Z21,,0,necessary,Reaching a higher level necessitates reaching the lower level first.
660,PIP3,MAPK_2,positive,Z21,replaced,,,"The MAPK_2 node refers to the high activity of the pathway of RAF1, MEK, ERK. We introduce the nodes RAF1_2, MEK_2, ERK_2 to resolve this node. The mechanism behind this edge is that PIP3 indirectly activates RAF1 via RAC and PAK1. Thus, this edge is replaced by the PIP3->RAF1 edge."
661,PIP3_2,MAPK_2,positive,Z21,replaced,,,"The MAPK_2 node refers to the high activity of the pathway of RAF1, MEK, ERK. We introduce the nodes RAF1_2, MEK_2, ERK_2 to resolve this node.The mechanism behind this edge is that PIP3 indirectly activates RAF1 via RAC and PAK1. Thus, this edge is replaced by the PIP3_2->RAF1 edge."
662,RAS_2,MAPK_2,positive,Z21,replaced,,,"The MAPK_2 node refers to the high activity of the pathway of RAF1, MEK, ERK. We introduce the nodes RAF1_2, MEK_2, ERK_2 to resolve this node.The mechanism behind this edge is that RAS activates RAF1. Thus, this edge is replaced by the RAS_2->RAF1_2 edge."
663,RAS_3,MAPK_2,positive,Z21,replaced,,,"The MAPK_2 node refers to the high activity of the pathway of RAF1, MEK, ERK. We introduce the nodes RAF1_2, MEK_2, ERK_2 to resolve this node. The mechanism behind this edge is that RAS activates RAF1. Thus, this edge is replaced by the RAS_3->RAF1_2 edge."
664,Trametinib,MAPK_2,negative,Z21,replaced,,,"The MAPK node refers to the pathway of RAF1, MEK, ERK.  Trametinib is a highly selective allosteric inhibitor of MEK1 (MAP2K1) and MEK2 (MAP2K2).  This edge is replaced by a Trametinib-|MEK_2 edge."
665,MCL1_T,MCL1,positive,Z21,direct,1,regulates,protein translation
666,S63845,MCL1,negative,Z21,direct,1,regulates,"S63845 is a selective BH3-mimetic inhibitor of MCL-1. It binds to the BH3-binding groove of MCL-1 with very high affinity and displaces pro-apoptotic partners such as BAX/BAK/BIM, thereby neutralizing MCL-1’s anti-apoptotic function."
667,ER_transcription,MYC,positive,Z21,direct,1,regulates,regulation of transcription. ERα occupies regulatory elements associated with the MYC locus and induces MYC transcription. ER_transcription represents the transcriptional activity of the estrogen receptor.
668,MYC_2,MYC,positive,Z21,unsupported,-,,This edge is an artifact of the Boolean representation of multi-level nodes.
669,ER_transcription_2,MYC_2,positive,Z21,direct,1,regulates,regulation of transcription. ERα occupies regulatory elements associated with the MYC locus and induces MYC transcription. ER_transcription_2 represents the transcriptional activity of the estrogen receptor.
670,MYC,MYC_2,positive,Z21,,0,necessary,Reaching a higher level necessitates reaching the lower level first.
671,MYC_T,MYC_2,positive,Z21,direct,1,regulates,translation of the MYC protein.
672,MYC,MYC_targets,positive,Z21,direct,1,regulates,regulation of transcription. MYC_targets represents genes regulated both transcriptionally by MYC and translationally by the mTORC1 pathway.
673,MYC_2,MYC_targets,positive,Z21,direct,1,regulates,regulation of transcription. MYC_targets represents genes regulated both transcriptionally by MYC and translationally by the mTORC1 pathway. We assign the same confidence ranking as that of the MYC->MYC_targets edge.
674,MYC_targets_2,MYC_targets,positive,Z21,unsupported,-,,This edge is an artifact of the Boolean representation of multi-level nodes.
675,Translation,MYC_targets,positive,Z21,direct,1,regulates,"MYC_targets represents genes regulated both transcriptionally by MYC and translationally by the mTORC1 pathway, consistent with findings of convergent effects of these two pathways."
676,MYC,MYC_targets_2,positive,Z21,direct,1,regulates,regulation of transcription. MYC_targets represents genes regulated both transcriptionally by MYC and translationally by the mTORC1 pathway. We assign the same confidence ranking as that of the MYC->MYC_targets edge.
677,MYC_2,MYC_targets_2,positive,Z21,direct,1,regulates,regulation of transcription. MYC_targets represents genes regulated both transcriptionally by MYC and translationally by the mTORC1 pathway. We assign the same confidence ranking as that of the MYC->MYC_targets edge.
678,MYC_targets,MYC_targets_2,positive,Z21,,0,necessary,Reaching a higher level necessitates reaching the lower level first.
679,Translation,MYC_targets_2,positive,Z21,direct,1,regulates,"MYC_targets represents genes regulated both transcriptionally by MYC and translationally by the mTORC1 pathway, consistent with findings of convergent effects of these two pathways."
680,PIP3,PDK1_pm,positive,Z21,direct,1,necessary,protein-protein interaction. PIP3 recruits PDK1 to the plasma membrane.
681,PIP3_2,PDK1_pm,positive,Z21,direct,1,regulates,PIP3 recruits PDK1 to the plasma membrane. We consider that the confidence ranking is the same as that of the PIP3->PDK1_pm edge.
682,Alpelisib,PI3K,negative,Z21,direct,1,regulates,Alpelisib is a small-molecule inhibitor that directly binds the p110α catalytic subunit (PIK3CA) of PI3Kα and inhibits its lipid-kinase activity.
683,HER2HER3c,PI3K,positive,Z21,direct,1,regulates,protein-protein interaction. Phosphorylated HER3 within the HER2–HER3 complex directly recruits PI3K by binding to its p85 subunit.
684,HER2HER3c_2,PI3K,positive,Z21,direct,1,regulates,protein-protein interaction. Phosphorylated HER3 within the HER2–HER3 complex directly recruits PI3K by binding to its p85 subunit. We consider that the confidence ranking of the edge with the lower-level variable applies.
685,IGF1R,PI3K,positive,Z21,indirect,2,,causal effect mediated by IRS1
686,IGF1R_2,PI3K,positive,Z21,indirect,2,,causal effect mediated by IRS1; we consider that the confidence ranking of the IGFR->PI3K edge applies.
687,PI3K_2,PI3K,positive,Z21,unsupported,-,,This edge is an artifact of the Boolean representation of multi-level nodes.
688,RAS,PI3K,positive,Z21,direct,1,regulates,protein-protein interaction. GTP-bound RAS binds the Ras-binding domain (RBD) of the p110 catalytic subunit of class I PI3K. This interaction promotes PI3K activation.
689,RAS_2,PI3K,positive,Z21,direct,1,regulates,protein-protein interaction. GTP-bound RAS binds the Ras-binding domain of the p110 catalytic subunit of class I PI3K. This interaction promotes PI3K activation. We consider that the confidence ranking of the RAS->PI3K edge applies.
690,RAS_3,PI3K,positive,Z21,direct,1,regulates,protein-protein interaction. GTP-bound RAS binds the Ras-binding domain of the p110 catalytic subunit of class I PI3K. This interaction promotes PI3K activation. We consider that the confidence ranking of the RAS->PI3K edge applies.
691,Alpelisib,PI3K_2,negative,Z21,direct,1,regulates,Alpelisib is a small-molecule inhibitor that directly binds the p110α catalytic subunit (PIK3CA) of PI3Kα and inhibits its lipid-kinase activity. We consider the confidence ranking the same as that of the Alpelisib->PI3K edge.
692,HER2HER3c_2,PI3K_2,positive,Z21,direct,1,regulates,protein-protein interaction. Phosphorylated HER3 within the HER2–HER3 complex directly recruits PI3K by binding to its p85 subunit. We consider that the confidence ranking of the edge with the lower-level variable applies.
693,PI3K,PI3K_2,positive,Z21,,0,necessary,Reaching a higher level necessitates reaching the lower level first.
694,PI3K,PIP3,positive,Z21,direct,1,regulates,PI3K catalyzes the reaction that produces PIP3.
695,PI3K_2,PIP3,positive,Z21,direct,1,regulates,PI3K catalyzes the reaction that produces PIP3.
696,PIP3_2,PIP3,positive,Z21,unsupported,-,,This edge is an artifact of the Boolean representation of a multi-level variable.
697,PTEN,PIP3,negative,Z21,direct,1,regulates,PTEN dephosphorylates PIP3
698,PTEN_2,PIP3,negative,Z21,direct,1,regulates,PTEN dephosphorylates PIP3. We consider that the confidence ranking is the same as that of the PTEN-| PIP3 edge.
699,PI3K_2,PIP3_2,positive,Z21,direct,1,regulates,PI3K catalyzes the reaction that produces PIP3.
700,PIP3,PIP3_2,positive,Z21,,0,necessary,Reaching a higher level necessitates reaching the lower level first.
701,PTEN_2,PIP3_2,negative,Z21,direct,1,regulates,PTEN dephosphorylates PIP3. We consider that the confidence ranking is the same as that of the PTEN-| PIP3 edge.
702,AKT,PRAS40,negative,Z21,direct,1,regulates,phosphorylation. AKT directly phosphorylates PRAS40 (AKT1S1). This promotes PRAS40 association with 14-3-3 and reduces its association/inhibitory action on mTORC1.
703,PIM,PRAS40,negative,Z21,direct,1,regulates,"protein-protein interaction. PIM1 directly phosphorylates PRAS40 (AKT1S1) at Thr246. Functionally, this phosphorylation inhibits PRAS40's mTORC1-repressive function."
704,PTEN_2,PTEN,positive,Z21,unsupported,-,,This is an artifact of the Boolean representation of a multi-level node.
705,PTEN_T,PTEN,positive,Z21,direct,1,necessary,protein translation
706,PTEN,PTEN_2,positive,Z21,,0,necessary,Reaching a higher level necessitates reaching the lower level first.
707,PTEN_T_2,PTEN_2,positive,Z21,direct,1,necessary,protein translation
708,PTEN_T,PTEN_T,positive,Z21,unsupported,-,,This self-edge is an artifact of the implementation of the Z21 model 's assumption of a basal expression of PTEN mRNA (PTEN_T=1).
709,PTEN_T_2,PTEN_T,positive,Z21,unsupported,-,,This is an artifact of the Boolean representation of a multi-level node.
710,PTEN_T,PTEN_T_2,positive,Z21,,0,necessary,Reaching a higher level necessitates reaching the lower level first.
711,PTEN_T_2,PTEN_T_2,positive,Z21,unsupported,-,,This self-edge is an artifact of the implementation of the Z21 model's assumption of a basal expression of PTEN mRNA (PTEN_T_2=0).
712,E2F,Proliferation,positive,Z21,indirect,2,,causal effect. E2F1/2/3 are transcription factors that promote cell-cycle progression by regulating genes required for DNA replication and G1/S progression.
713,MYC_targets,Proliferation,positive,Z21,assumption,4,,This assumption is consistent with the observation that MYC overexpression can cause resistance to PI3K inhibitors.
714,E2F_2,Proliferation_2,positive,Z21,indirect,2,,causal effect. E2F1/2/3 are transcription factors that promote cell-cycle progression by regulating genes required for DNA replication and G1/S progression. We consider the confidence ranking the same as that of the E2F-> Proliferation edge.
715,E2F,Proliferation_3,positive,Z21,indirect,2,,causal effect. E2F1/2/3 are transcription factors that promote cell-cycle progression by regulating genes required for DNA replication and G1/S progression. We consider the confidence ranking the same as that of the E2F-> Proliferation edge.
716,E2F_2,Proliferation_3,positive,Z21,indirect,2,,causal effect. E2F1/2/3 are transcription factors that promote cell-cycle progression by regulating genes required for DNA replication and G1/S progression. We consider the confidence ranking the same as that of the E2F-> Proliferation edge.
717,MYC_targets_2,Proliferation_3,positive,Z21,assumption,4,,This assumption is consistent with the observation that MYC overexpression can cause resistance to PI3K inhibitors.
718,HER2HER3c,RAS,positive,Z21,indirect,2,,"causal effect mediated by GRB2, SOS"
719,HER2HER3c_2,RAS,positive,Z21,indirect,2,,"causal effect mediated by GRB2, SOS. We consider the confidence level the same as that of the HER2HER3c->RAS edge."
720,IGF1R,RAS,positive,Z21,indirect,2,,"causal effect mediated by GRB2, SOS"
721,IGF1R_2,RAS,positive,Z21,indirect,2,,"causal effect mediated by GRB2, SOS; we consider that the confidence ranking of the IGF1R->RAS edge applies."
722,RAS_2,RAS,positive,Z21,unsupported,-,,This edge is an artifact of the Boolean representation of multi-level nodes.
723,RAS_3,RAS,positive,Z21,unsupported,-,,This edge is an artifact of the Boolean representation of multi-level nodes.
724,HER2HER3c,RAS_2,positive,Z21,indirect,2,,"causal effect mediated by GRB2, SOS. We consider the confidence level the same as that of the HER2HER3c->RAS edge."
725,HER2HER3c_2,RAS_2,positive,Z21,indirect,2,,"causal effect mediated by GRB2, SOS. We consider the confidence level the same as that of the HER2HER3c->RAS edge."
726,RAS,RAS_2,positive,Z21,,0,necessary,Reaching a higher level necessitates reaching the lower level first.
727,RAS_3,RAS_2,positive,Z21,unsupported,-,,This edge is an artifact of the Boolean representation of multi-level nodes.
728,HER2HER3c_2,RAS_3,positive,Z21,indirect,2,,"causal effect mediated by GRB2, SOS. We consider the confidence level the same as that of the HER2HER3c->RAS edge."
729,RAS,RAS_3,positive,Z21,,0,necessary,Reaching a higher level necessitates reaching the lower level first.
730,RAS_2,RAS_3,positive,Z21,,0,necessary,Reaching a higher level necessitates reaching the lower level first.
731,mTORC1,S6K,positive,Z21,direct,1,regulates,phosphorylation. mTORC1 phosphorylates S6K. This phosphorylation is essential for efficient S6K1 activation; full activation is done by PDK1.
732,PDK1_ic,SGK1,positive,Z21,direct,1,necessary,"phosphorylation. Intracellular PDK1 phosphorylates SGK1 at Thr256 in its activation loop, producing full kinase activation after the hydrophobic-motif site (Ser422) has been phosphorylated by mTORC2. "
733,SGK1_T,SGK1,positive,Z21,direct,1,necessary,protein translation
734,mTORC2_ic,SGK1,positive,Z21,direct,1,necessary,"phosphorylation. Intracellular mTORC2 directly phosphorylates the SGK1 hydrophobic-motif site Ser422, enabling subsequent activation by PDK1."
735,AKT,TSC2,negative,Z21,direct,1,regulates,"phosphorylation. AKT phosphorylates TSC2 (tuberin) at multiple sites, inhibiting the TSC1–TSC2 complex's GAP activity."
736,MAPK_2,TSC2,negative,Z21,replaced,,,"The MAPK_2 node refers to a high activity of the pathway of RAF1, MEK, ERK.  The mechanism behind this edge is that ERK inhibits TSC2 via RSK. This edge is replaced by the ERK_2-| TSC2 edge."
737,SGK1,TSC2,negative,Z21,direct,1,regulates,phosphorylation. SGK1 directly phosphorylate TSC2 (tuberin). This inhibits TSC2's ability to suppress RHEB.
738,EIF4,Translation,positive,Z21,direct in the network sense,1,regulates,eIF4F is part of the molecular machinery that initiates cap-dependent translation.
739,S6K,Translation,positive,Z21,indirect,2,,causal effect mediated by EIF4
740,CDK46,CYCLINDc,positive,Z21,,0,necessary,CDK4 or CDK6 (denoted CDK46) make up one component of the cyclin-CDK complex CYCLINDc.
741,CYCLINDc_2,CYCLINDc,positive,Z21,unsupported,-,,This edge is an artifact of the Boolean representation of a multi-level variable.
742,CyclinD,CYCLINDc,positive,Z21,,0,necessary,Cyclin D1 is one of two components of the cyclin-CDK complex CYCLINDc
743,CyclinD_2,CYCLINDc,positive,Z21,,0,necessary,Cyclin D1 is one of two components of the cyclin-CDK complex CYCLINDc. We assign the same rank as that of the CyclinD1->CYCLIND_c edge.
744,CDK46,CYCLINDc_2,positive,Z21,,0,necessary,CDK4 or CDK6 (denoted CDK46) make up one component of the cyclin-CDK complex CYCLINDc. We consider that the same confidence ranking applies as that of the CDK46->CYCLINDc edge.
745,CYCLINDc,CYCLINDc_2,positive,Z21,,0,necessary,Reaching a higher level necessitates achieving the lower level first.
746,CyclinD_2,CYCLINDc_2,positive,Z21,,0,necessary,Cyclin D1 is one of two components of the cyclin-CDK complex CYCLINDc. We assign the same rank as that of the CyclinD1->CYCLIND_c edge.
747,cycE_CDK2_T,cycE_CDK2,positive,Z21,direct,1,necessary,protein translation
748,p21_p27,cycE_CDK2,negative,Z21,direct,1,regulates,"protein-protein interaction. Both p21 and p27,  members of the CIP/KIP family, bind  Cyclin E–CDK2 complexes. This prevents phosphorylation of substrates required for S-phase entry and progression."
749,E2F,cycE_CDK2_T,positive,Z21,direct,1,necessary,regulation of transcription. CycE_CDK2_T represents the transcripts of the components underlying the Cyclin E–CDK2 complex.  E2F1 binds E2F sites in the CCNE1 promoter and activates Cyclin E transcription. There is also evidence of E2F1 can promote CDK2 transcription.
750,E2F_2,cycE_CDK2_T,positive,Z21,direct,1,regulates,"regulation of transcription. CycE_CDK2_T represents transcription of the components underlying the Cyclin E–CDK2 complex. E2F directly transcriptionally activates Cyclin E genes (CCNE1 and CCNE2) through E2F-responsive regulatory elements, thus upregulating CycE_CDK2_T. We consider that the confidence rank is the same as that of the E2F-> cycE_CDK2_T edge."
751,MYC,CyclinD,positive,Z21,unsupported,-,,"Contrary to this assumption, there is evidence that MYC can bind to  the Cyclin D1 promoter and repress CCND1 transcription."
752,CyclinD_2,CyclinD,positive,Z21,unsupported,-,,This edge is an artifact of the Boolean representation of a multi-level variable.
753,MYC_2,CyclinD_2,positive,Z21,unsupported,-,,"Contrary to this assumption, there is evidence that MYC can bind to  the Cyclin D1 promoter and repress CCND1 transcription."
754,CyclinD,CyclinD_2,positive,Z21,,0,necessary,Reaching a higher level necessitates achieving the lower level first.
755,Everolimus,mTORC1,negative,Z21,direct in the network sense,1,regulates,"Everolimus binds the intracellular protein FKBP12; the everolimus–FKBP12 complex then binds the FRB domain of mTOR within mTORC1, inhibiting mTORC1 signaling. FKBP12 is not in the network."
756,PRAS40,mTORC1,negative,Z21,direct,1,regulates,protein-protein interaction. Unphosphorylated PRAS40 binds RAPTOR (a component of mTORC1) and restrains mTORC1 substrate phosphorylation.
757,TSC2,mTORC1,negative,Z21,indirect,2,,causal effect mediated by RHEB
758,Everolimus,mTORC2_ic,negative,Z21,indirect,2,,Prolonged exposure to rapalogs can inhibit mTORC2 in some cell types because drug-bound mTOR becomes unavailable for assembly of new mTORC2 complexes.
759,mTORC2_ic,mTORC2_ic,positive,Z21,unsupported,-,,This edge is an representational artifact of the assumption that the intracellular mTORC2 level is low.
760,Everolimus,mTORC2_pm,negative,Z21,indirect,2,,"Prolonged exposure to rapalogs can deplete mTORC2, and thus also mTORC2_pm,  because drug-bound mTOR becomes unavailable for assembly of new mTORC2 complexes."
761,PIP3,mTORC2_pm,positive,Z21,direct,1,necessary,"protein-protein interaction. The SIN1/MAPKAP1 subunit of mTORC2 contains a PH domain that directly binds PIP3, recruiting mTORC2 to the plasma membrane and allowing it to phosphorylate substrates such as AKT. "
762,PIP3_2,mTORC2_pm,positive,Z21,direct,1,regulates,"protein-protein interaction. The SIN1/MAPKAP1 subunit of mTORC2 contains a PH domain that directly binds PIP3, recruiting mTORC2 to the plasma membrane and allowing it to phosphorylate substrates such as AKT. "
763,p21_T,p21_T,positive,Z21,unsupported,-,,This self-edge is an artifact of the implementation of the Z21 model's assumption a constitutive basal p21 transcription status in the context of ER+ PIK3CA mutant breast cancer.
764,p21_T_2,p21_T,positive,Z21,unsupported,-,,This edge is an artifact of the Boolean representation of multi-level nodes.
765,p21_T,p21_T_2,positive,Z21,,0,necessary,Reaching a higher level necessitates reaching the lower level first.
766,p21_T_2,p21_T_2,positive,Z21,unsupported,-,,This self-edge is an artifact of the implementation of the Z21 model's assumption that the transcription status of p21 is constant in ER+ PIK3CA mutant breast cancer. 
767,AKT,p21_p27,negative,Z21,direct,1,regulates,phosphorylation. The p21_p27 node unites p21 and p27. AKT phosphorylates and inhibits both p21 and p27. This inhibition can be interpreted as a direct inhibition of the p21_p27 node.
768,PIM,p21_p27,negative,Z21,assumption,4,,The p21_p27 node refers both to p21 and p27. This assumed edge is supported by the fact that PIM kinases suppress p27 through phosphorylation that promotes its cytoplasmic localization and/or degradation.
769,p21_p27_T,p21_p27,positive,Z21,direct,1,regulates,"protein translation. The p21_p27 node unites the p21 and p27 proteins. The p21_p27_T node unites the transcripts of p21 and p27. Thus, this edge represents translation."
770,FOXO3,p21_p27_T,positive,Z21,direct,1,regulates,"regulation of transcription. FOXO3 binds both the CDKN1A (p21) and CDKN1B (p27) promoter, and activates the transcription of both. "
771,MYC,p21_p27_T,negative,Z21,assumption,4,,The p21_p27_T node refers to the transcripts of p21 and p27. This assumed edge is consistent with the fact that MYC represses the transcription of CDKN1A (p21).
772,MYC_2,p21_p27_T,negative,Z21,assumption,4,,The p21_p27_T node refers to the transcripts of p21 and p27. This assumed edge is consistent with the fact that MYC represses the transcription of CDKN1A (p21).
773,p21_T,p21_p27_T,positive,Z21,,0,regulates,"The p21_p27_T node is a union of the transcripts of p21 and p27. Thus, this edge represents inclusion."
774,p21_T_2,p21_p27_T,positive,Z21,,0,regulates,The p21_p27_T node unites the transcripts of p21 and p27. We consider that the confidence ranking is the same as that of the p21_T->p21-p27_T edge.
775,p27_T,p21_p27_T,positive,Z21,,0,necessary,"The p21_p27_T node unites the transcripts of p21 and p27. Thus, this edge represents inclusion."
776,Rb_T,pRB,negative,Z21,assumption,4,,This assumption reflects the experimental observation that the loss of Rb_T results in the loss of the inhibitory effect of Rb on E2F family members.
777,CYCLINDc,pRB,positive,Z21,direct,1,regulates,"phosphorylation. The Cyclin D–CDK4/6 complex directly phosphorylates RB, yielding pRB. We consider the confidence ranking the same as that of the CYCLINDc->pRB edge."
778,CYCLINDc_2,pRB,positive,Z21,direct,1,regulates,"phosphorylation. The Cyclin D–CDK4/6 complex directly phosphorylates RB, yielding pRB. We consider the confidence ranking the same as that of the CYCLINDc->pRB edge."
779,pRB_2,pRB,positive,Z21,unsupported,-,,This edge is an artifact of the Boolean representation of a multi-level node.
780,Rb_T,pRB_2,negative,Z21,assumption,4,,This assumption reflects the experimental observation that the loss of Rb_T results in the loss of inhibitory effect of Rb on E2F family members.
781,CYCLINDc,pRB_2,positive,Z21,direct,1,regulates,"phosphorylation. The Cyclin D–CDK4/6 complex directly phosphorylates RB, yielding pRB. We consider the confidence ranking the same as that of the CYCLINDc->pRB edge."
782,CYCLINDc_2,pRB_2,positive,Z21,direct,1,regulates,"phosphorylation. The Cyclin D–CDK4/6 complex directly phosphorylates RB, yielding pRB. We consider the confidence ranking the same as that of the CYCLINDc->pRB edge."
783,cycE_CDK2,pRB_2,positive,Z21,direct,1,regulates,phosphorylation. Cyclin E–CDK2 directly recognizes and phosphorylates RB. We consider the confidence ranking of this edge is the same as that of the cycE_CDK2 edge.
784,pRB,pRB_2,positive,Z21,,0,necessary,Reaching a higher level necessitates reaching the lower level first.
785,GRB2,ABL1,positive,TGEN,assumption,4,,"There is evidence for the other direction: ABL phosphorylates/recruits GRB2, but not for an effect from GRB2 to ABL."
786,SRC,ABL1,positive,TGEN,direct,1,regulates,"phosphorylation. SRC phosphorylates ABL1, which increases ABL1 kinase activity"
787,ABL1,ABL2,positive,TGEN,unsupported,-,,"ABL1 (c-Abl) and ABL2 (Arg) are closely related paralogous non-receptor tyrosine kinases. They share many upstream activators, substrates, and functions, and can compensate for each other. But they do not interact or affect each other."
788,IGF1,AKT,positive,TGEN,indirect,2,,"causal effect mediated by IGFR, IRS1, PI3K, others"
789,IGF1R,AKT,positive,TGEN,indirect,2,,"causal effect mediated by IRS1, PI3K, others"
790,IRS1,AKT,positive,TGEN,indirect,2,,"causal effect mediated by PI3K, others"
791,mTORC2_pm,AKT,positive,TGEN,direct,1,regulates,phosphorylation. Plasma membrane-localized mTORC2 phosphorylates AKT
792,NRG1,AKT,positive,TGEN,indirect,2,,"causal effect mediated by PI3K, others"
793,PDK1_pm,AKT,positive,TGEN,direct,1,regulates,phosphorylation. Plasma-membrane-bound PDK1 directly phosphorylates AKT at Thr308 in its activation loop.
794,PIP3,AKT,positive,TGEN,direct,1,regulates,"protein-protein interaction. PIP3 directly binds the PH domain of AKT, recruiting AKT to the plasma membrane and inducing conformational changes that expose its activating phosphorylation sites"
795,AXIN1,APC,positive,TGEN,direct,1,regulates,"protein-protein interaction. The AXIN–APC protein–protein interaction helps assemble and organize the destruction complex together with GSK3β, CK1α, and β-catenin."
796,DVL1,AXIN1,negative,TGEN,direct,1,regulates,protein-protein interaction. DVL1 directly binds AXIN1 through their DIX domains. That physical interaction interferes with AXIN's destruction-complex function.
797,GSK3B,AXIN1,positive,TGEN,direct,1,regulates,protein-protein interaction. GSK3B directly binds AXIN1 through AXIN's GSK3-binding domain. AXIN acts as a scaffold that brings GSK3β together with APC and β-catenin.
798,AKT,BAD,negative,TGEN,direct,1,regulates,"phosphorylation. AKT phosphorylates BAD, which leads to its sequestration by 14-3-3 proteins, making it unable to inhibit BCLXL"
799,ERK,BAD,negative,TGEN,direct in the network sense,1,regulates,"phosphorylation. ERK1/2 phosphorylate RSK, which phosphorylates BAD, which leads to its sequestration by 14-3-3 proteins, making it unable to inhibit BCLXL, BCL2. RSK is not in the network."
800,PAK1,BAD,negative,TGEN,direct,1,regulates,"phosphorylation. PAK1 phosphorylates BAD, which leads to its sequestration by 14-3-3 proteins, making it unable to inhibit BCLXL, BCL2."
801,PIM,BAD,negative,TGEN,direct,1,regulates,"phosphorylation. PIM kinases phosphorylate BAD. This promotes BAD's sequestration by 14-3-3 proteins, suppressing BAD's pro-apoptotic function."
802,BID,BAK1,positive,TGEN,direct,1,regulates,"protein-protein interaction. The active form tBID (generated by caspase-8 cleavage of BID) directly engages BAK, promoting the conformational changes and oligomerization that lead to mitochondrial outer-membrane permeabilization (MOMP)."
803,BIM,BAK1,positive,TGEN,direct,1,regulates,"protein-protein interaction. BIM's BH3 domain can directly engage BAK, causing the conformational changes that lead to BAK oligomerization and mitochondrial outer-membrane permeabilization."
804,MCL1,BAK1,negative,TGEN,direct,1,regulates,"protein-protein interaction. MCL1 binds activated BAK1 through its BH3-binding groove, sequestering BAK1 and preventing the oligomerization required for mitochondrial outer-membrane permeabilization."
805,p53,BAK1,positive,TGEN,direct,1,regulates,regulation of transcription. p53 binds a p53-response element in the BAK1 promoter and increases BAK1 transcription.
806,BID,BAX,positive,TGEN,direct,1,regulates,"protein-protein interaction. The active form tBID directly binds BAX and induces the conformational changes that activate BAX, leading to its mitochondrial membrane insertion and oligomerization."
807,BIM,BAX,positive,TGEN,direct,1,regulates,"protein-protein interaction. BIM's BH3 domain physically binds BAX, inducing conformational changes that promote BAX membrane insertion and oligomerization, leading to mitochondrial outer-membrane permeabilization."
808,MCL1,BAX,negative,TGEN,direct,1,regulates,"protein-protein interaction. MCL1 binds activated BAX through its BH3-binding groove, sequestering BAX and preventing the oligomerization required for mitochondrial outer-membrane permeabilization."
809,p53,BAX,positive,TGEN,direct,1,regulates,regulation of transcription. p53 binds a p53-response element in the BAX promoter and increases BAX transcription.
810,BAD,BCL2,negative,TGEN,direct,1,regulates,"protein-protein interaction. BAD binds BCL-2 through its BH3 domain, occupying the hydrophobic groove of BCL-2. This binding neutralizes BCL-2's anti-apoptotic function."
811,BIM,BCL2,negative,TGEN,direct,1,regulates,"protein-protein interaction. BIM binds BCL-2 through its BH3 domain, occupying the hydrophobic groove of BCL-2. This binding neutralizes BCL-2's anti-apoptotic function."
812,CREB1,BCL2,positive,TGEN,direct,1,regulates,regulation of transcription. CREB/CREB1 directly binds a cAMP-response element (CRE) in the BCL2 promoter and stimulates BCL2 transcription.
813,ERK,BCL2,positive,TGEN,direct,1,regulates,phosphorylation. ERK1/2 phosphorylate BCL2 at Ser70. This phosphorylation enhances BCL2's anti-apoptotic function.
814,BAD,BCLXL,negative,TGEN,direct,1,regulates,"protein-protein interaction. BAD binds BCL-XL through its BH3 domain, occupying the hydrophobic groove of BCL-XL. This binding neutralizes BCL-XL's anti-apoptotic function."
815,BIM,BCLXL,negative,TGEN,direct,1,regulates,protein-protein interaction. BIM directly binds the hydrophobic BH3-binding groove of BCL-XL (BCL2L1) through BIM's BH3 domain. This binding neutralizes BCL-XL's anti-apoptotic function.
816,CREB1,BCLXL,positive,TGEN,direct,1,regulates,regulation of transcription. CREB/CREB1 can directly bind a cAMP-response element (CRE) in the BCL2L1 (BCLXL) promoter and stimulates its transcription.
817,CASP8,BID,positive,TGEN,direct,1,regulates,"Active caspase-8 directly cleaves BID, generating truncated BID (tBID). tBID translocates to mitochondria and activates the mitochondrial apoptosis pathway, including BAX/BAK activation."
818,BCL2,BIM,negative,TGEN,direct,1,regulates,"protein-protein interaction. BCL2 directly binds the BH3 domain of BIM, sequestering BIM and preventing it from activating BAX/BAK."
819,BCLXL,BIM,negative,TGEN,direct,1,regulates,"protein-protein interaction. BCL-XL (BCL2L1) directly binds BIM through BIM's BH3 domain, sequestering BIM and preventing it from activating BAX/BAK."
820,FOXO1,BIM,positive,TGEN,direct,1,regulates,regulation of transcription. FOXO1 binds conserved forkhead-response elements in the promoter of  BCL2L11 (the gene encoding BIM) and stimulate its transcription.
821,FOXO3,BIM,positive,TGEN,direct,1,regulates,regulation of transcription. FOXO3 binds conserved forkhead-response elements in the promoter of  BCL2L11 (the gene encoding BIM) and stimulates its transcription.
822,CASP9,CASP3,positive,TGEN,direct,1,regulates,"Active caspase-9 directly cleaves procaspase-3 at its activating processing sites, generating active caspase-3"
823,ERK,CASP8,negative,TGEN,direct,1,regulates,"phosphorylation. Active ERK1/2 directly phosphorylates procaspase-8 at Ser387, and this phosphorylation inhibits caspase-8 activation/processing."
824,FADD,CASP8,positive,TGEN,direct,1,regulates,"protein-protein interaction. After FADD has been recruited to FAS, it binds procaspase-8 through their death-effector domain. This assembles the death-inducing signaling complex (DISC)."
825,NF1,CASP8,positive,TGEN,indirect,2,,"causal effect mediated by RAS, RAF, ERK"
826,SRC,CASP8,negative,TGEN,direct,1,regulates,phosphorylation. SRC directly phosphorylates procaspase-8 at Tyr380. This interferes with efficient processing/cleavage of procaspase-8 and thereby reduces its pro-apoptotic activity.
827,AKT,CASP9,negative,TGEN,direct,1,regulates,"phosphorylation. AKT phosphorylates human caspase-9 at Ser196, inhibiting its protease activity and thereby suppressing apoptosis."
828,BCLXL,CASP9,negative,TGEN,indirect,2,,causal effect mediated by CYCS.
829,CASP3,CASP9,positive,TGEN,direct in the network sense,1,regulates,"The mechanism includes Caspase-3 cleaving caspase-9 and the inhibition of XIAP, which is not in the network"
830,CASP8,CASP9,positive,TGEN,indirect,2,,"causal effect mediated by BID, BAX and others"
831,CYCS,CASP9,positive,TGEN,direct in the network sense,1,regulates,"Cytosolic cytochrome c binds APAF1, causing APAF1 to assemble into the apoptosome. The apoptosome then recruits procaspase-9 through CARD–CARD interactions and activates it by proximity/dimerization.  APAF1 and the apoptosome are not in the network."
832,ERK,CASP9,negative,TGEN,direct,1,regulates,"phosphorylation. ERK1/2 directly binds and phosphorylates caspase-9 at Thr125, inhibiting its activation/activity."
833,PRKACA,CASP9,negative,TGEN,direct,1,regulates,phosphorylation. PRKACA/PKA directly phosphorylates CASP9 and inhibits its activity by interfering with self-processing and substrate binding and destabilizing the active caspase-9 protease core.
834,CASP3,CDKN2A,positive,TGEN,unsupported,-,,This edge is contradicted by observations that binding of CASP3 and p16 (CDKN2A) inhibits CASP3.
835,MYC,CDKN2A,negative,TGEN,indirect,2,,"causal effect. MYC can suppress the p16/RB senescence program in proliferating cells through several mechanisms, and MYC loss can lead to increased p16 expression and senescence."
836,SRC,CDKN2A,negative,TGEN,unsupported,-,,"There is no mechanistic or causal evidence that supports a negative relationship. Instead, there is evidence of a positive indirect relationship: early SRC activation after sublethal cellular damage promotes senescence rather than apoptosis."
837,ABL2,CEBPB,positive,TGEN,direct,1,regulates,phosphorylation. ABL2/Arg phosphorylates C/EBPβ at Tyr79. This phosphorylation increased C/EBPβ stability and enhanced its transcriptional activation activity
838,CREB1,CEBPB,positive,TGEN,direct,1,regulates,"regulation of transcription. The CEBPB promoter contains functional CRE-like elements, and phosphorylated CREB binds these regulatory sequences and stimulates CEBPB expression"
839,AKT,CREB1,positive,TGEN,direct,1,regulates,"phosphorylation. AKT phosphorylates CREB1 Ser133, which increases CREB transcriptional activity"
840,PTEN,CREB1,negative,TGEN,direct,1,regulates,"dephosphorylation. Nuclear PTEN dephosphorylates CREB at Ser133, which decreases its transcriptional activity."
841,DC,CTNNB1,negative,TGEN,direct,1,regulates,"The β-catenin destruction complex directly binds β-catenin/CTNNB1 and promotes its sequential phosphorylation—first by CK1α, then by GSK3β. Those phosphosites are recognized by β-TrCP, leading to ubiquitination and proteasomal degradation of β-catenin."
842,SRC,CTNNB1,positive,TGEN,direct,1,regulates,"phosphorylation. SRC directly phosphorylates β-catenin at Tyr654. This weakens β-catenin's interaction with E-cadherin, and increases the cytoplasmic/nuclear pool."
843,WNT1,CTNNB1,positive,TGEN,indirect,2,,causal effect mediated by RHEB
844,YAP1,CTNNB1,positive,TGEN,correlation,3,,"In breast cancer, active YAP and β-catenin colocalize in the nucleus and YAP1/TEAD4/CTNNB1 occupy overlapping regulatory regions of common target genes."
845,CDKN2A,CYCLINDc,negative,TGEN,direct,1,regulates,protein-protein interaction. CDKN2A (p16INK4A)  binds CDK4 and CDK6 and prevents/antagonizes formation of functional Cyclin D–CDK4/6 complexes.
846,ESR1,CYCLINDc,positive,TGEN,indirect,2,,Estrogen-activated ERα promotes CCND1 transcription; this allows increased CYCLINDc formation.
847,GSK3B,CYCLINDc,negative,TGEN,indirect,2,,"causal effect. GSK3B promotes the nuclear export and degradation of CyclinD1, thus less cyclin-CDK complex CYCLINDc can be formed."
848,MYC,CYCLINDc,positive,TGEN,indirect,2,,"causal effect. c-MYC activates CDK4 transcription, thus leading to more CYCLINDc formation."
849,p21,CYCLINDc,negative,TGEN,unsupported,-,,This assumed edge is contradicted by evidence that p21 (and p27) can serve as an assembly factor for Cyclin D–CDK4/6 and facilitate nuclear localization.  p21-bound Cyclin D–CDK complexes can retain their kinase activity.
850,TCF7L2,CYCLINDc,positive,TGEN,indirect,2,,"Causal effect mediated by β-catenin/TCF complexes activating CCND1 transcription, which then yields more CYCLINDc."
851,TEAD1,CYCLINDc,positive,TGEN,indirect,2,,"causal effect. TEAD-containing YAP/TAZ transcriptional complex binds CCND1 regulatory DNA, leading to increased CCND1 transcription, which then allows more CYCLINDc complex formation."
852,BAK1,CYCS,positive,TGEN,direct in the network sense,1,regulates,Activated BAK oligomerizes in the mitochondrial outer membrane and helps form pores through which Cytochrome c (CYCS) is released from the mitochondrial intermembrane space into the cytosol.
853,BAX,CYCS,positive,TGEN,direct in the network sense,1,regulates,Activated BAX oligomerizes in the mitochondrial outer membrane and helps form pores through which Cytochrome c (CYCS) is released from the mitochondrial intermembrane space into the cytosol.
854,APC,DC,positive,TGEN,,0,necessary,"APC is a core structural component of the β-catenin destruction complex (DC), together with AXIN1/2, GSK3β and CK1α."
855,GSK3B,DC,positive,TGEN,,0,necessary,GSK3β is a core enzymatic component of the β-catenin destruction complex.
856,FZD,DVL1,positive,TGEN,direct,1,regulates,"protein-protein interaction. Following Wnt binding, activated Frizzled (FZD) recruits Dishevelled proteins, including DVL1, to the plasma membrane."
857,NF1,DVL1,positive,TGEN,unsupported,-,,There is no evidence that supports this edge. It is contradicted by the fact that NF1 loss tends to enhance Wnt signaling.
858,RB,E2F,negative,TGEN,direct,1,regulates,"protein-protein interaction. Hypophosphorylated RB physically binds activating E2Fs, especially E2F1–3, through its pocket and C-terminal domains and directly suppresses their transcriptional activity."
859,EGF,EGFR,positive,TGEN,direct,1,regulates,ligand-receptor binding
860,HER2,EGFR,positive,TGEN,direct,1,regulates,protein-protein interaction; heterodimerization activates EGFR
861,HER3,EGFR,positive,TGEN,direct,1,regulates,protein-protein interaction; heterodimerization activates EGFR
862,MEK,EGFR,negative,TGEN,indirect,2,,causal effect mediated by ERK
863,EIF4EBP1,EIF4,negative,TGEN,direct,1,regulates,"protein-protein interaction. EIF4EBP1/4E-BP1 directly binds eIF4E through its eIF4E-binding motif. This prevents eIF4E from binding eIF4G, thereby blocking assembly of the eIF4F translation-initiation complex"
864,MEK,ERK,positive,TGEN,direct,1,necessary,"phosphorylation. MEK1/2 directly binds and phosphorylates ERK1/2, activating its kinase activity."
865,AKT,ESR1,positive,TGEN,direct,1,regulates,"phosphorylation. Activated AKT phosphorylates ERα (ESR1 protein) at Ser167, and this phosphorylation increases ERα transcriptional activity."
866,ES,ESR1,positive,TGEN,direct,1,regulates,ligand-receptor binding
867,FOXO3,ESR1,positive,TGEN,direct,1,regulates,regulation of transcription. FOXO3a directly binds regulatory sites in the ESR1 (ERα) promoter and increases ESR1 transcription
868,KMT2D,ESR1,positive,TGEN,unsupported,-,,"KMT2D helps establish chromatin conditions that permit recruitment/occupancy of ERα, but it does not affect ESR1 itself."
869,PGR,ESR1,positive,TGEN,unsupported,-,,Only the ligand-free progesterone receptor has a positive effect on ESR1. The ligand-bound PGR binds ESR1 and redirects ERα chromatin binding and transcriptional activity.
870,FAS,FADD,positive,TGEN,direct,1,regulates,protein-protein interaction. Ligand-activated FAS/CD95 recruits FADD directly through a death-domain–death-domain interaction.
871,TRADD,FADD,positive,TGEN,direct,1,regulates,"protein-protein interaction. TRADD binds FADD through their death domains (DDs), which then allows FADD to recruit procaspase-8."
872,AKT,FAS,negative,TGEN,assumption,4,,"AKT suppresses the broader death-receptor/apoptotic program, but there is no mechanistic or causal evidence of AKT inhibiting FAS."
873,FASLG,FAS,positive,TGEN,direct,1,necessary,ligand-receptor binding
874,p53,FAS,positive,TGEN,direct,1,regulates,"regulation of transcription. The FAS gene contains a high-affinity p53-responsive element in its first intron. Wild-type p53 binds this element, and reporter experiments showed that it strongly increases FAS transcription."
875,FASLG,FASLG,positive,TGEN,indirect,2,,"There is no evidence of direct FASL self-regulation but there is a positive feedback loop mediated by FAS, CASP8/3, MAPK8."
876,FOXO3,FASLG,positive,TGEN,direct,1,regulates,regulation of transcription. FOXO3 binds forkhead-response elements in the FASLG promoter and activate FASL transcription; constitutively active FOXO3 increases FASL promoter activity.
877,p53,FASLG,positive,TGEN,indirect,2,,causal effect. There is good perturbational evidence that functional p53 can increase FASLG expression.
878,AKT,FOXO1,negative,TGEN,direct,1,regulates,"phosphorylation. AKT phosphorylates FOXO1 at several regulatory residues. These promote binding to 14-3-3 proteins and retention in the cytoplasm, which decreases FOXO1 transcriptional activity"
879,SGK1,FOXO1,negative,TGEN,direct,1,regulates,"phosphorylation. SGK1 directly phosphorylates FOXO1 at canonical regulatory sites; these events promote interaction with 14-3-3 proteins, nuclear exclusion, and loss of FOXO1 transcriptional activity."
880,AKT,FOXO3,negative,TGEN,direct,1,regulates,"phosphorylation. AKT phosphorylates FOXO1 at several regulatory residues. These promote binding to 14-3-3 proteins and retention in the cytoplasm, which decreases FOXO1 transcriptional activity"
881,CREB1,FZD,positive,TGEN,assumption,4,,"There is no mechanistic or causal support for this edge. The reverse signaling relationship, from FZD3 to CREB1, is causally supported."
882,WNT1,FZD,positive,TGEN,unsupported,-,,"WNT1 activates several FZD receptors, but receptor-specific functional assays do not support FZD3 and instead implicate FZD4, FZD5 or FZD8,  depending on context."
883,STAT1,GATA3,negative,TGEN,direct in the network sense,1,regulates,"STAT1 is required for efficient IFNγ-dependent induction of T-bet, and T-bet then antagonizes GATA3. T-bet is not in the network."
884,EGFR,GRB2,positive,TGEN,direct,1,regulates,protein-protein interaction. Activated EGFR recruits the adaptor protein GRB2.
885,IRS1,GRB2,positive,TGEN,direct,1,regulates,"protein-protein interaction. GRB2 directly binds phosphorylated IRS1 through its SH2 domain, recruiting the GRB2–SOS machinery."
886,LATS1,GRB2,positive,TGEN,unsupported,-,,There is no evidence that supports this edge. It is contradicted by the fact that Hippo signaling (mediated by LATS) and growth-factor signaling (mediated by GRB2) mutually inhibit each other.
887,SRC,GRB2,positive,TGEN,direct,1,regulates,phosphorylation. SRC phosphorylates GRB2 at Y160. That phosphorylation shifts GRB2 away from its inactive dimeric state toward the monomeric signaling-competent state.
888,INSR,GRB7,positive,TGEN,direct,1,regulates,"protein-protein interaction. After activated INSR becomes tyrosine-phosphorylated, the adaptor protein GRB7 binds it through its SH2 domain."
889,PRKACA,GRB7,negative,TGEN,unsupported,-,,There is no evidence of PRKACA–GRB7 binding or causal effect. This may be a mis-annotation as no corresponding interaction found in current or historical SIGNOR releases.
890,AKT,GSK3B,negative,TGEN,direct,1,regulates,"phosphorylation. AKT directly phosphorylates GSK3β at Ser9, which inhibits GSK3β kinase activity."
891,ERK,GSK3B,negative,TGEN,direct in the network sense,1,regulates,"phosphorylation. ERK binds GSK3β and phosphorylates it and primes it for subsequent Ser9 phosphorylation by RSK, which then inhibits GSK3β activity. RSK itself is activated by ERK. RSK is not part of the model."
892,EGF,HER2,positive,TGEN,indirect,2,,causal effect mediated by EGFR heterodimerization with HER2
893,HER3,HER2,positive,TGEN,replaced,,,The HER2-HER3 heterodimer formation is represented with a separate HER2HER3c node. HER3 does not have any effect on HER2 outside of heterodimer formation. This edge is replaced by a HER2->HER2HER3c edge.
894,HER2,HER3,positive,TGEN,replaced,,,"The effect of HER2 on HER3 is through HER2-HER3 heterodimer formation, which is represented by the HER2HER3c node. This edge is replaced by a HER2->HER2HER3c edge."
895,NRG1,HER3,positive,TGEN,direct,1,regulates,ligand-receptor binding
896,CASP3,HES1,negative,TGEN,unsupported,-,,"This edge is contradicted by evidence that during apoptosis, caspase-3 and caspase-6 cleave NOTCH1 intracellular domain (NICD)."
897,NICD,HES1,positive,TGEN,direct,1,regulates,"regulation of transcription. NICD binds the DNA-bound transcription factor RBPJ/CSL, converting it to an activating complex. Together with co-activators they activate the transcription of HES1."
898,NICD,HEY1,positive,TGEN,direct,1,regulates,"regulation of transcription. NICD binds the DNA-bound transcription factor RBPJ/CSL, converting it to an activating complex. Together with co-activators they activate the transcription of HEY1."
899,IGF1,HRAS,positive,TGEN,indirect,2,,"causal effect mediated by IGFR, SOS/GRB2"
900,NF1,HRAS,negative,TGEN,direct,1,regulates,"protein-protein interaction. NF1 (neurofibromin) is a Ras GTPase-activating protein (Ras-GAP), which accelerates RAS intrinsic GTP hydrolysis and converts it into the GDP-bound inactive state."
901,PI3K,HRAS,positive,TGEN,indirect,2,,causal effect likely mediated by PIP3 and a PIP3-responsive Ras regulatory complex/GEF
902,SOS1,HRAS,positive,TGEN,direct,1,regulates,"protein-protein interaction. SOS1 directly binds HRAS and acts as a guanine-nucleotide exchange factor (GEF), promoting release of GDP so that GTP can bind. This converts RAS into its active GTP-bound state."
903,PDK1_pm,HSP90AA1,negative,TGEN,unsupported,-,,"HSP90 physically associates with PDK1 through the PDK1 kinase domain, but this binding affects PDK1, not HSP90."
904,ESR1,IGF1R,positive,TGEN,indirect,2,,"ERα binds regulatory regions of the IGF1R gene, often together with other transcription factors/cofactors. Estrogen/ER signaling increases IGF1R expression in ER-positive breast-cancer cells. Because there is a separate node denoting ER transcription regulatory activity, this edge is categorized indirect."
905,FOXO3,IGF1R,positive,TGEN,indirect,2,,"causal effect. Activated FOXO3 increases IGF1R mRNA and protein expression, and FOXO knockdown decreases IGF1R expression. The exact mechanism is not known."
906,IGF1,IGF1R,positive,TGEN,direct,1,regulates,ligand-receptor binding. 
907,INS,IGF1R,positive,TGEN,direct,1,regulates,ligand-receptor binding. Insulin can directly bind IGF1R and weakly activate its intrinsic tyrosine kinase.
908,SRC,IGF1R,positive,TGEN,direct,1,regulates,phosphorylation. SRC can induce ligand-independent IGF1R phosphorylation and activation.
909,NOS3,IL1B,positive,TGEN,unsupported,-,,This edge is not supported by evidence; instead an indirect negative effect has more support.
910,RELA,IL1B,positive,TGEN,replaced,,,Activated RELA/p65-containing NF-κB complexes bind the IL1B promoter/regulatory regions and activate IL1B transcription.  We replace this edge with an NFKB->IL1B edge to follow the general principle of attributing interactions of a subunit of a protein complex to the complex.
911,IL1B,IL6,positive,TGEN,indirect,2,,"causal effect mediated by IRAK, NFKB"
912,IL6,IL6,positive,TGEN,indirect,2,,"There is an indirect positive feedback loop mediated by IL6R, STAT3, JUN."
913,IL6,IL6R,positive,TGEN,direct,1,necessary,ligand-receptor binding
914,STAT5,IL8,positive,TGEN,direct,1,regulates,"regulation of transcription. STAT5, espectially STAT5B binds to CXCL8/IL8 regulatory DNA and promotes IL8 transcription."
915,FOXO3,INSR,positive,TGEN,indirect,2,,"causal effect. In BT474 cells, AKT inhibition, which is known to upregulate FOXO3, caused increased expression of several RTKs, including INSR."
916,INS,INSR,positive,TGEN,direct,1,regulates,ligand-receptor binding
917,IGF1R,IRS1,positive,TGEN,direct,1,regulates,"phosphorylation. Activated IGF1R physically recruits IRS1 and directly phosphorylates it on tyrosine residues, generating docking sites for SH2-domain-containing signaling proteins."
918,INSR,IRS1,positive,TGEN,direct,1,regulates,phosphorylation. Activated INSR recruits IRS1 and phosphorylates IRS1 on multiple tyrosine residues. Those phosphotyrosines then serve as docking sites for downstream signaling proteins.
919,S6K,IRS1,negative,TGEN,direct,1,regulates,"phosphorylation. S6K1 directly phosphorylates IRS1 on serine residues, which decreases IRS1 signaling competence."
920,mTORC1,EIF4EBP1,negative,TGEN,direct,1,regulates,"phosphorylation. mTORC1 directly phosphorylates 4E-BP1/EIF4EBP1 at multiple sites. This causes 4E-BP1 to lose affinity for eIF4E, thereby disabling its translational-repressor function."
921,ABL1,JAK2,positive,TGEN,direct,1,regulates,phosphorylation.  c-Abl/ABL1 directly interacts with JAK2 and promotes its tyrosine phosphorylation and activation
922,IL6R,JAK2,positive,TGEN,direct,1,regulates,protein-protein interaction. JAK2 is physically associated with the GP130 subunit of the receptor complex; receptor activation directly causes JAK activation.
923,IL8,JAK2,positive,TGEN,unsupported,-,,"IL-8 (CXCL8) signals through the GPCRs CXCR1 and CXCR2, not through a JAK-associated cytokine receptor."
924,IRS1,JAK2,positive,TGEN,assumption,4,,There is a JAK2->IRS1 relationship but no evidence to support this edge.
925,ERK,JUN,positive,TGEN,indirect,2,,"causal effect on JUN stability mediated by GSK3B, there also is an indirect effect on JUN transcription."
926,MAPK8,JUN,positive,TGEN,direct,1,regulates,"phosphorylation. MAPK8/JNK1 directly phosphorylates JUN in its N-terminal transactivation domain, which increases JUN transcriptional activity and AP-1 function."
927,PPARG,JUN,positive,TGEN,unsupported,-,,Activated PPARγ can suppress JUN (AP-1)-dependent transcription through protein–protein/cofactor mechanisms. There is no evidence of a positive functional effect.
928,RELA,JUN,positive,TGEN,unsupported,-,,This edge is contradicted by causal evidence that inhibition of endogenous NF-κB increased c-JUN synthesis.
929,AKT,KMT2D,negative,TGEN,direct,1,regulates,phosphorylation. AKT phosphorylates KMT2D at Ser1331; this reduces KMT2D chromatin recruitment/function and consequently suppresses KMT2D-dependent ER transcriptional activity.
930,PAX7,KMT2D,positive,TGEN,unsupported,-,,"This edge is not supported by functional evidence. PAX7 binds KMT2D and recruits it to PAX target loci. This is a PAX-specific effect and not a functional activation of KMT2S. In particular, it does not influence KMT2D's participation in ESR1 transcriptional activity. "
931,EGFR,KRT14,positive,TGEN,indirect,2,,causal effect mediated by the MAPK pathway and JUN
932,PAK2,KRT14,positive,TGEN,assumption,4,,This edge is not supported by mechanistic or causal evidence. PAK2's established regulation of other intermediate-filament proteins makes the interaction mechanistically conceivable.
933,LCK,LATS1,positive,TGEN,unsupported,-,,This edge is contradicted by the evidence of a lack of direct or indirect effect of LCK on LATS1. 
934,NF2,LATS1,positive,TGEN,direct,1,regulates,"protein-protein interaction. Merlin (NF2) directly binds LATS1/2 through its FERM domain and recruits LATS to the plasma membrane, where it is phosphorylated by the MST1/2–SAV1 complex, then autophosphorylates and reaches full activity."
935,AKT,LCK,negative,TGEN,unsupported,-,,"As  the opposite direction and sign, LCK -> AKT, is supported., and there is no support for a negative feedback effect, this edge is unsupported."
936,ERK,LCK,positive,TGEN,unsupported,-,,"ERK phosphorylate LCK at Ser59, but the literature describes this phosphorylation as inhibitory/modulatory, not activating."
937,RAC1,MAPK8,positive,TGEN,indirect,2,,"causal effect; constitutively active RAC1 strongly activates JNK (MAPK8), whereas dominant-negative RAC1 blocks JNK activation induced by upstream stimuli."
938,RND1,MAPK8,positive,TGEN,unsupported,-,,"There is no mechanistic or causal evidence of a positive effect. On the contrary, the well-established signaling effect of RND1 is suppression of Ras–MAPK signaling."
939,ERK,MCL1,positive,TGEN,direct,1,regulates,"phosphorylation. ERK1/2 phosphorylates MCL1, which stabilizes MCL1 and increases its anti-apoptotic activity. ERK1/2 also has indirect effects on MCL1 transcription and translation."
940,GSK3B,MCL1,negative,TGEN,direct in the network sense,1,regulates,"phosphorylation. GSK3B phosphorylates MCL1. This creates/promotes a phosphodegron that is recognized by ubiquitin ligases, leading to MCL1 ubiquitination and proteasomal degradation."
941,AKT,MDM2,positive,TGEN,direct,1,regulates,"phosphorylation. AKT phosphorylates MDM2, particularly at Ser166 and Ser186. This phosphorylation promotes MDM2 nuclear localization and its effect on p53."
942,p53,MDM2,positive,TGEN,direct,1,regulates,regulation of transcription. p53 binds response elements associated with the inducible P2 promoter of MDM2 and increases MDM2 transcription.
943,RAF1,MEK,positive,TGEN,direct,1,necessary,phosphorylation. RAF1 (c-RAF) directly phosphorylates MEK1/2 (MAP2K1/2) on their activating serine residues. This activates MEK kinase activity.
944,IGF1,mTORC1,positive,TGEN,indirect,2,,"causal effect mediated by IGFR, PI3K, AKT"
945,NRG1,mTORC1,positive,TGEN,indirect,2,,"causal effect mediated by PI3K, AKT"
946,RHEB,mTORC1,positive,TGEN,direct,1,regulates,"protein-protein interaction. RHEB directly binds mTORC1, and allosterically activates the mTOR kinase"
947,PIP3,mTORC2_pm,positive,TGEN,direct,1,necessary,"protein-protein interaction. The SIN1/MAPKAP1 subunit of mTORC2 contains a PH domain that directly binds PIP3, recruiting mTORC2 to the plasma membrane and allowing it to phosphorylate substrates such as AKT. "
948,S6K,mTORC2_pm,negative,TGEN,indirect,2,,causal effect: active S6K reduces upstream PI3K signaling and thereby can reduce plasma-membrane-associated mTORC2
949,CTNNB1,MYC,positive,TGEN,direct,1,regulates,"regulation of transcription. In canonical Wnt signaling, nuclear β-catenin forms a transcriptional complex with TCF/LEF factors, and this complex directly regulates MYC transcription through TCF-binding regulatory elements."
950,EIF4,MYC,positive,TGEN,indirect,2,,causal effect mediated by the node Translation
951,ERK,MYC,positive,TGEN,direct,1,regulates,"phosphorylation. ERK1/2 phosphorylates MYC, which increases MYC protein stability and can enhance its transcriptional activity."
952,ESR1,MYC,positive,TGEN,indirect,2,,"ERα occupies regulatory elements associated with the MYC locus and induces MYC transcription. Because there is a separate node ER_transcription, this edge is classified as indirect."
953,GSK3B,MYC,negative,TGEN,direct,1,regulates,"phosphorylation. GSK3B directly phosphorylates MYC; phosphorylated Thr58 is recognized through the FBXW7 ubiquitin-ligase pathway, leading to ubiquitination and proteasomal degradation of MYC."
954,PIM,MYC,positive,TGEN,direct,1,regulates,"phosphorylation. PIM kinases, especially PIM1, phosphorylate MYC, which increases MYC protein stability and transcriptional activity."
955,STAT3,MYC,positive,TGEN,direct,1,regulates,regulation of transcription. STAT3 binds a regulatory region of the MYC promoter overlapping an E2F site and promotes MYC transcription.
956,ABL1,MYOD1,negative,TGEN,assumption,4,,"DNA-damage-activated ABL1 directly phosphorylates MyoD (MYOD1) at Tyr30 inhibits MyoD's transcriptional activity and blocks the myogenic differentiation program. Yet, this mode of activation of ABL1 is not included in this network, making this edge an assumption."
957,HES1,MYOD1,negative,TGEN,direct,1,regulates,regulation of transcription. HES1 binds to regulatory sequences associated with the MYOD1 promoter and directly represses MYOD1 transcription.
958,HEY1,MYOG,negative,TGEN,direct,1,regulates,"regulation of transcription. HEY1 is a bHLH transcriptional repressor induced by Notch signaling, and suppresses MYOG/myogenin expression."
959,MYOD1,MYOG,positive,TGEN,direct,1,regulates,regulation of transcription. MYOD1 is a bHLH transcription factor that directly activates MYOG transcription.
960,NOTCH1,NICD,positive,TGEN,direct,1,necessary,NICD is a proteolytic product of activated NOTCH1.
961,PRKACA,NEDD4L,negative,TGEN,direct,1,regulates,"phosphorylation. PRKACA is the catalytic subunit of PKA. PKA can directly phosphorylate NEDD4L/NEDD4-2. This promotes binding of 14-3-3 proteins to NEDD4L, inhibiting NEDD4L's E3 ubiquitin-ligase function toward several membrane targets."
962,S6K,NEDD4L,negative,TGEN,assumption,4,,This edge is not supported by mechanistic or causal evidence.
963,SGK1,NEDD4L,negative,TGEN,direct,1,regulates,phosphorylation. SGK1 phosphorylates NEDD4L; this promotes binding to 14-3-3 proteins and inhibits NEDD4L's ability to interact with and ubiquitinate its substrates.
964,p53,NF1,positive,TGEN,indirect,2,,"causal effect:  p53 positively regulates NF1/neurofibromin expression, but the mechanism is not clear"
965,TWIST1,NF1,negative,TGEN,assumption,4,,"There is no mechanistic or causal evidence for this edge. There is evidence in the opposite direction, with NF1 loss promoting TWIST1."
966,NEDD4L,NF2,positive,TGEN,direct in the network sense,1,regulates,"AMOTL1 acts as a scaffold that brings NEDD4L to Merlin. NEDD4L ubiquitinates NF2/merlin, which promotes Merlin's interaction with LATS1."
967,NOTCH1,NFKB,positive,TGEN,indirect,2,,"causal effect mediated by NICD, IKB"
968,AKT,NOS3,positive,TGEN,direct,1,regulates,phosphorylation. AKT phosphorylates NOS3/eNOS; this increases eNOS enzymatic activity.
969,HSP90AA1,NOS3,positive,TGEN,direct,1,regulates,"protein-protein interaction. HSP90 directly associates with NOS3/eNOS, and that binding increases eNOS enzymatic activity"
970,CTNNB1,NOTCH1,positive,TGEN,indirect,2,,causal effect. Stabilized β-catenin can increase NOTCH1 expression and Notch signaling in several cellular contexts.
971,DLL,NOTCH1,positive,TGEN,direct,1,necessary,ligand-receptor binding
972,LCK,NOTCH1,positive,TGEN,assumption,4,,"LCK binds NOTCH1 and they co-occur in a NOTCH1, LCK, and PI3K complex. LCK is required for NOTCH1 mediated activation of AKT, but there is no evidence of LCK1 regulating NOTCH1."
973,MDM2,NOTCH1,positive,TGEN,direct,1,regulates,"MDM2 directly binds NOTCH1 and ubiquitinates it; experimentally, this results in increased activation of the NOTCH1 intracellular domain rather than receptor degradation"
974,AKT,p21,negative,TGEN,direct,1,regulates,"phosphorylation. AKT phosphorylates p21 (CDKN1A), which causes p21 to be retained/relocalized to the cytoplasm, reducing its nuclear inhibition of cyclin–CDK complexes."
975,ERK,p21,negative,TGEN,indirect,2,,"causal effect, mediated by MYC and possibly alternative mediators as well"
976,MYC,p21,negative,TGEN,indirect,2,,"causal effect. MYC interacts with transcription factors already associated with the CDKN1A (p21) promoter, particularly MIZ1 (ZBTB17), represssing CDKN1A transcription. As there is a separate p21_T node, this effect on the protein level is indirect."
977,MDM2,p53,negative,TGEN,direct,1,regulates,"MDM2 binds the N-terminal transactivation domain of p53, suppressing p53's transcriptional activity. MDM2 is also an E3 ubiquitin ligase for p53, promoting its ubiquitination, nuclear export, and proteasomal degradation."
978,TCF7L2,PAK1,positive,TGEN,assumption,4,,This edge does not have causal or mechanistic support. The opposite direction is supported: PAK1 can regulate β-catenin signaling and thereby influence TCF/LEF-dependent transcription.
979,RAC1,PAK2,positive,TGEN,direct,1,regulates,"protein-protein interaction. Active RAC1-GTP directly binds the PBD/CRIB domain of PAK2. This binding disrupts PAK2's autoinhibited conformation, permitting PAK2 autophosphorylation and activation of its kinase activity."
980,SRC,PAK2,positive,TGEN,indirect,2,,causal effect mediated by adaptor proteins and RAC1
981,HES1,PAX7,negative,TGEN,unsupported,-,,This edge is not supported by mechanistic or causal evidence. Co-expression of HES1 and PAK1 is more supported.
982,HEY1,PAX7,negative,TGEN,unsupported,-,,This edge is not supported by mechanistic or causal evidence. Co-expression of HEY1 and PAK1 in Notch signaling is more supported.
983,MYOG,PAX7,negative,TGEN,correlation,3,,PAX7 is downregulated as MYOG/myogenin rises during myogenic differentiation. 
984,NOTCH1,PAX7,positive,TGEN,indirect,2,,"causal effect mediated by NICD, which together with coactivators regulates PAX7 transcription. The NICD-> PAX7 edge is not in the network."
985,IGF1R,PDK1_pm,positive,TGEN,indirect,2,,"causal effect mediated by PI3K, PIP3"
986,PIP3,PDK1_pm,positive,TGEN,direct,1,necessary,protein-protein interaction. PIP3 recruits PDK1 to the plasma membrane.
987,ERK,PGR,negative,TGEN,unsupported,-,,"ERK phosphorylates of PRB at Ser294, and this makes PR more transcriptionally active, more nuclear, and more responsive to ligand, even though it also accelerates ligand-dependent receptor turnover."
988,ESR1,PGR,negative,TGEN,unsupported,-,,"Contrary to this assumption, ESR1 upregulates the transcription of PGR."
989,PG,PGR,positive,TGEN,direct,1,regulates,ligand-receptor binding
990,EGFR,PI3K,positive,TGEN,direct,1,regulates,protein-protein interaction. Activated EGFR recruits the p85 regulatory subunit of class IA PI3K into a receptor-associated complex
991,ESR1,PI3K,positive,TGEN,direct,1,regulates,protein-protein interaction. The estrogen receptor ERα (ESR1) physically associates with the p85 regulatory subunit of PI3K.
992,IGF1R,PI3K,positive,TGEN,indirect,2,,causal effect mediated by IRS1
993,INSR,PI3K,positive,TGEN,indirect,2,,causal effect mediated by IRS1
994,IRS1,PI3K,positive,TGEN,direct,1,regulates,protein-protein interaction. phosphorylated IRS1 proteins bind the p85 regulatory subunit of PI3K.
995,RAS,PI3K,positive,TGEN,direct,1,regulates,protein-protein interaction. GTP-bound RAS binds the Ras-binding domain (RBD) of the p110 catalytic subunit of class I PI3K. This interaction promotes PI3K activation.
996,STAT5,PIM,positive,TGEN,direct,1,regulates,regulation of transcription. Activated STAT5 binds regulatory elements of PIM1 and induces its transcription.
997,PI3K,PIP3,positive,TGEN,direct,1,regulates,PI3K catalyzes the reaction that produces PIP3.
998,PTEN,PIP3,negative,TGEN,direct,1,regulates,PTEN dephosphorylates PIP3
999,CEBPB,PPARG,positive,TGEN,direct,1,regulates,regulation of transcription. C/EBPβ (CEBPB) is a transcription factor that directly binds regulatory regions of the PPARG gene and promotes its transcription.
1000,GATA3,PPARG,negative,TGEN,direct,1,regulates,regulation of transcription. GATA3 binds the PPARG promoter and represses its transcription.
1001,CYCLINDc,RB,negative,TGEN,indirect,2,,"The Cyclin D–CDK4/6 complex directly phosphorylates RB, which leads to a decrease in the hypophosphorylated RB. As pRB is a separate node of the network, we consider this edge indirect."
1002,PRKACA,PRKAA2,negative,TGEN,assumption,4,,"PRKACA (PKA) directly inhibits AMPKα1/PRKAA1, but there is no evidence of it interacting with PRKAA2 this way."
1003,STK11,PRKAA2,positive,TGEN,direct,1,regulates,"phosphorylation. STK11 (LKB1) directly phosphorylates the AMPK α catalytic subunit (PRKAA2) at the critical activation-loop residue Thr172, thereby activating AMPK."
1004,AKT,PRKACA,positive,TGEN,assumption,4,,This assumed edge is not supported by experimental evidence.
1005,WNT1,PRKACA,positive,TGEN,assumption,4,,"There is cross-talk between Wnt and PKA, but the direction is usually discussed as PKA regulating Wnt/β-catenin signaling, not WNT1 activating PRKACA."
1006,S6K,PTEN,positive,TGEN,unsupported,-,,"There is no evidence to support a positive effect. Instead, there is evidence of a negative effect: mTOR/S6K signaling promotes PTEN phosphorylation at Thr366, which can increase PTEN ubiquitination and degradation."
1007,SRC,PTEN,negative,TGEN,indirect,2,,causal effect. Src-family kinases inhibit PTEN function via an unknown mediator.
1008,AKT,RAC1,negative,TGEN,direct,1,regulates,"phosphorylation. AKT phosphorylates RAC1, which reduces RAC1's GTP-binding activity."
1009,DVL1,RAC1,positive,TGEN,direct in the network sense,1,regulates,Dishevelled proteins can cause activation of RAC1 by engaging RAC1 GEF proteins such as TIAM1. These are not in the network.
1010,PI3K,RAC1,positive,TGEN,indirect,2,,causal effect mediated by PIP3  and Rac guanine-nucleotide exchange factors
1011,HRAS,RAF1,positive,TGEN,direct,1,regulates,protein-protein interaction. GTP-bound HRAS directly binds RAF1 through RAF1's Ras-binding domain. This recruits RAF1 to the plasma membrane and promotes the conformational changes needed for RAF1 activation.
1012,RAS,RAF1,positive,TGEN,direct,1,regulates,protein-protein interaction. RAS-GTP directly binds RAF1 (c-RAF) through RAF1's RAS-binding domain and cysteine-rich domain. This recruits RAF1 to the plasma membrane and is an essential step in RAF1 activation.
1013,IGF1,RAS,positive,TGEN,indirect,2,,"causal effect mediated by IGFR, SOS/GRB2"
1014,PI3K,RAS,positive,TGEN,indirect,2,,causal effect: PI3K-dependent enhancement of RAS activation was observed.
1015,SOS1,RAS,positive,TGEN,direct,1,regulates,"protein-protein interaction. SOS1 directly binds RAS and acts as a guanine-nucleotide exchange factor (GEF), promoting release of GDP so that GTP can bind. This converts RAS into its active GTP-bound state."
1016,NFKB,RELA,positive,TGEN,,0,necessary,RELA is the transcriptionally active p65 NF-κB subunit.
1017,PIM,RELA,positive,TGEN,direct,1,regulates,"phosphorylation. PIM1 phosphorylates RELA/p65 at Ser276. This phosphorylation reduces ubiquitin-mediated degradation of RELA, stabilizes the protein, and enhances its transcriptional activity."
1018,TSC2,RHEB,negative,TGEN,direct,1,regulates,"protein-protein interaction. TSC2 (as part of the TSC complex) directly acts on RHEB-GTP, stimulates its GTP hydrolysis, which decreases functional RHEB activity."
1019,DVL1,RND1,positive,TGEN,unsupported,-,,RND1 is unlike other Rho-family proteins because it is essentially constitutively GTP-bound. There is no causal or mechanistic evidence of DVL1 regulating RND1.
1020,GRB7,RND1,positive,TGEN,unsupported,-,,"GRB7 binding to RND1 was observed but no functional effect was documented. RND1 is essentially constitutively GTP-bound, thus there is no support of its activation by GRB7."
1021,mTORC1,S6K,positive,TGEN,direct,1,regulates,phosphorylation. mTORC1 phosphorylates S6K. This phosphorylation is essential for efficient S6K1 activation; full activation is done by PDK1.
1022,mTORC1,SGK1,positive,TGEN,unsupported,-,,"There is strong evidence that mTORC2 activates SGK1, but this is done by components of mTORC2 that mTORC1 does not contain. Studies that separate mTORC1 from mTORC2 established a lack of effect from mTORC1 to SGK1, e.g. rapamycin suppressed S6K but not SGK1 phosphorylation/activity, including in MCF-7 breast-cancer cells."
1023,mTORC2_pm,SGK1,positive,TGEN,replaced,,,"Intracellular mTORC2 directly phosphorylates the SGK1 hydrophobic-motif site Ser422, enabling subsequent activation by PDK1. This edge is replaced by the mTORC2_ic-> SGK1 edge."
1024,PDK1_pm,SGK1,positive,TGEN,replaced,,,"Intracellular PDK1 phosphorylates SGK1 at Thr256 in its activation loop, producing full kinase activation after the hydrophobic-motif site (Ser422) has been phosphorylated by mTORC2. This edge is replaced by the PDK1_ic-> SGK1 edge."
1025,GRB2,SOS1,positive,TGEN,direct,1,regulates,"protein-protein interaction. GRB2 acts as an adaptor: its SH3 domains bind proline-rich sequences in SOS1, while its SH2 domain connects the GRB2–SOS1 complex to phosphorylated receptor/adaptor proteins."
1026,ABL1,SRC,positive,TGEN,assumption,4,,"There is strong evidence of SRC activating ABL1, and some evidence of a positive feedback loop between the two kinase systems."
1027,PRKACA,SRC,positive,TGEN,assumption,4,,"PRKACA phosphorylates SRC, but the functional effect of this phosphorylation is insufficiently established."
1028,JAK2,STAT1,positive,TGEN,direct,1,regulates,"phosphorylation. Activated JAK2 directly phosphorylates STAT1, which promotes STAT1 dimerization, nuclear translocation, DNA binding, and transcriptional activity."
1029,SRC,STAT1,positive,TGEN,direct,1,regulates,"phosphorylation. SRC directly phosphorylates STAT1, including the canonical activating residue Tyr701. This phosphorylation promotes STAT1 dimerization, nuclear translocation, DNA binding, and transcriptional activity."
1030,IL1B,STAT3,positive,TGEN,indirect,2,,"causal effect mediated by IL6, IL6R"
1031,JAK2,STAT3,positive,TGEN,direct,1,regulates,"phosphorylation. Activated JAK2 directly phosphorylates STAT3, which promotes STAT1 dimerization, nuclear translocation, DNA binding, and transcriptional activity."
1032,MAPK8,STAT3,positive,TGEN,unsupported,-,,"MAPK8/JNK can directly phosphorylate STAT3 at Ser727, but this is not the canonical STAT3 activation that leads to dimerization and DNA binding. The functional effects of this phosphorylation are not clear; there is evidence of a negative effect."
1033,SRC,STAT3,positive,TGEN,direct,1,regulates,"phosphorylation. SRC physically associates with STAT3 and directly phosphorylates STAT3 at Tyr705. This phosphorylation promotes STAT3 dimerization, nuclear translocation, DNA binding, and transcriptional activity."
1034,EGFR,STAT5,positive,TGEN,direct,1,regulates,"phosphorylation. STAT5, especially STAT5b, associates with activated EGFR and becomes tyrosine-phosphorylated. The phosphorylated STAT5 molecules form SH2-domain-mediated dimers, which bind STAT5-responsive DNA elements, and regulate transcription."
1035,JAK2,STAT5,positive,TGEN,direct,1,regulates,"phosphorylation. Activated JAK2 directly phosphorylates STAT5, which promotes STAT5 dimerization, nuclear translocation, DNA binding, and transcriptional activity."
1036,SRC,STAT5,positive,TGEN,direct,1,regulates,"phosphorylation. SRC phosphorylates STAT5 on its activating tyrosine, whichn promotes STAT5 dimerization, nuclear localization, DNA binding, and transcriptional activity."
1037,ERK,STK11,negative,TGEN,indirect,2,,"causal effect, mediated by an unknown kinase."
1038,CTNNB1,TCF7L2,positive,TGEN,direct,1,regulates,protein-protein interaction. β-catenin directly binds TCF7L2 through the N-terminal β-catenin-binding domain of TCF7L2. This physical interaction converts TCF7L2 from a repressor/cofactor-bound state into a transcriptionally active β-catenin–TCF7L2 complex
1039,JUN,TCF7L2,positive,TGEN,direct,1,regulates,regulation of transcription. AP-1/c-JUN promotes TCF7L2 transcription.
1040,YAP1,TEAD1,positive,TGEN,direct,1,regulates,"protein-protein interaction. YAP1  physically binds TEAD1–4, and the YAP–TEAD complex drives transcription of many canonical Hippo-pathway target genes."
1041,KRT14,TRADD,negative,TGEN,direct,1,regulates,protein-protein interaction. KRT14 (Keratin) 14 directly binds  and sequesters TRADD.
1042,AKT,TSC2,negative,TGEN,direct,1,regulates,"phosphorylation. AKT phosphorylates TSC2 (tuberin) at multiple sites, inhibiting the TSC1–TSC2 complex's GAP activity."
1043,ERK,TSC2,negative,TGEN,direct in the network sense,1,regulates,"ERK phosphorylates RSK, which phosphorylates TSC2 at inhibitory sites such as Ser1798. RSK is not in the network."
1044,GSK3B,TSC2,positive,TGEN,direct,1,regulates,"phosphorylation. GSK3β  phosphorylates TSC2, this (together with priming by AMPK) increases TSC2's ability to inhibit mTOR signaling."
1045,PRKAA2,TSC2,positive,TGEN,direct,1,regulates,phosphorylation. Activated PRKAA2 (AMPK) directly phosphorylates TSC2; this activates the TSC1–TSC2 complex.
1046,AKT,TWIST1,positive,TGEN,direct,1,regulates,"phosphorylation. AKT1  phosphorylates TWIST1, which enhances its stability and possibly localization. "
1047,ERK,TWIST1,positive,TGEN,direct,1,regulates,"phosphorylation. ERK1/2 phosphorylates TWIST1 at Ser68. This phosphorylation protects TWIST1 from ubiquitination and proteasomal degradation, increasing TWIST1 protein stability"
1048,MAPK8,TWIST1,positive,TGEN,indirect,2,,causal effect mediated by JUN
1049,PGR,WNT1,positive,TGEN,unsupported,-,,"This edge is not present in the original model, only in the BBM model."
1050,WNT1,WNT1,positive,TGEN,unsupported,-,,This edge is an artifact of the BBM model. No self-edge is needed to indicate that WNT1 is an input.
1051,ABL1,YAP1,positive,TGEN,unsupported,-,,"ABL1 phosphorylates YAP at Y357, but this supresses the ability of YAP to activate TEAD, resulting in the opposite sign."
1052,LATS1,YAP1,negative,TGEN,direct,1,regulates,"phosphorylation. LATS1 phosphorylates YAP1 at Ser127. That phosphorylation promotes 14-3-3 binding and cytoplasmic retention of YAP1, reducing YAP1 nuclear transcriptional activity."
1053,GRB2,ABL1,positive,MCF7,assumption,4,,"There is evidence for the other direction: ABL phosphorylates/recruits GRB2, but not for an effect from GRB2 to ABL."
1054,RB,ABL1,negative,MCF7,direct,1,regulates,"protein-protein interaction. RB physically binds ABL1  through the RB pocket and the ABL kinase domain, and RB binding directly inhibits ABL1 kinase activity."
1055,SRC,ABL1,positive,MCF7,direct,1,regulates,"phosphorylation. SRC phosphorylates ABL1, which increases ABL1 kinase activity."
1056,ABL1,ABL2,positive,MCF7,unsupported,-,,"ABL1 (c-Abl) and ABL2 (Arg) are closely related paralogous non-receptor tyrosine kinases. They share many upstream activators, substrates, and functions, and can compensate for each other. But they do not interact or affect each other."
1057,IGF1,AKT,positive,MCF7,indirect,2,,"causal effect mediated by IGFR, IRS1, PI3K"
1058,IGF1R,AKT,positive,MCF7,indirect,2,,"causal effect mediated by IRS1, PI3K"
1059,IRS1,AKT,positive,MCF7,indirect,2,,"causal effect mediated by PI3K, others"
1060,mTORC2_pm,AKT,positive,MCF7,direct,1,regulates,phosphorylation. Plasma membrane-localized mTORC2 phosphorylates AKT
1061,NRG1,AKT,positive,MCF7,indirect,2,,"causal effect mediated by HER3, PI3K, others"
1062,PDK1_pm,AKT,positive,MCF7,direct,1,regulates,phosphorylation. Plasma-membrane-bound PDK1 directly phosphorylates AKT at Thr308 in its activation loop.
1063,PIP3,AKT,positive,MCF7,direct,1,regulates,"protein-protein interaction. PIP3 directly binds the PH domain of AKT, recruiting AKT to the plasma membrane and inducing conformational changes that expose its activating phosphorylation sites"
1064,AXIN1,APC,positive,MCF7,direct,1,regulates,"protein-protein interaction. The AXIN–APC protein–protein interaction helps assemble and organize the destruction complex together with GSK3β, CK1α, and β-catenin."
1065,DVL1,AXIN1,negative,MCF7,direct,1,regulates,protein-protein interaction. DVL1 directly binds AXIN1 through their DIX domains. That physical interaction interferes with AXIN's destruction-complex function.
1066,GSK3B,AXIN1,positive,MCF7,direct,1,regulates,protein-protein interaction. GSK3B directly binds AXIN1 through AXIN's GSK3-binding domain. AXIN acts as a scaffold that brings GSK3β together with APC and β-catenin.
1067,AKT,BAD,negative,MCF7,direct,1,regulates,"phosphorylation. AKT phosphorylates BAD, which leads to its sequestration by 14-3-3 proteins, making it unable to inhibit BCLXL"
1068,ERK,BAD,negative,MCF7,direct in the network sense,1,regulates,"phosphorylation. ERK1/2 phosphorylate RSK, which phosphorylates BAD, which leads to its sequestration by 14-3-3 proteins, making it unable to inhibit BCLXL, BCL2. RSK is not in the network."
1069,PAK1,BAD,negative,MCF7,direct,1,regulates,"phosphorylation. PAK1 phosphorylates BAD, which leads to its sequestration by 14-3-3 proteins, making it unable to inhibit BCLXL, BCL2"
1070,PIM,BAD,negative,MCF7,direct,1,regulates,"phosphorylation. PIM kinases phosphorylate BAD. This promotes BAD's sequestration by 14-3-3 proteins, suppressing BAD's pro-apoptotic function."
1071,BID,BAK1,positive,MCF7,direct,1,regulates,"protein-protein interaction. The active form tBID (generated by caspase-8 cleavage of BID) directly engages BAK, promoting the conformational changes and oligomerization that lead to mitochondrial outer-membrane permeabilization (MOMP)."
1072,BIM,BAK1,positive,MCF7,direct,1,regulates,"protein-protein interaction. BIM's BH3 domain can directly engage BAK, causing the conformational changes that lead to BAK oligomerization and mitochondrial outer-membrane permeabilization."
1073,MCL1,BAK1,negative,MCF7,direct,1,regulates,"protein-protein interaction. MCL1 binds activated BAK1 through its BH3-binding groove, sequestering BAK1 and preventing the oligomerization required for mitochondrial outer-membrane permeabilization."
1074,p53,BAK1,positive,MCF7,direct,1,regulates,"protein-protein interaction. Mitochondria-localized p53 can disrupt inhibitory BAK–MCL1 complexes, freeing BAK1 to oligomerize."
1075,BID,BAX,positive,MCF7,direct,1,regulates,"protein-protein interaction. The active form tBID directly binds BAX and induces the conformational changes that activate BAX, leading to its mitochondrial membrane insertion and oligomerization."
1076,BIM,BAX,positive,MCF7,direct,1,regulates,"protein-protein interaction. BIM's BH3 domain physically binds BAX, inducing conformational changes that promote BAX membrane insertion and oligomerization, leading to mitochondrial outer-membrane permeabilization."
1077,MCL1,BAX,negative,MCF7,direct,1,regulates,"protein-protein interaction. MCL1 binds activated BAX through its BH3-binding groove, sequestering BAX and preventing the oligomerization required for mitochondrial outer-membrane permeabilization."
1078,p53,BAX,positive,MCF7,direct,1,regulates,"regulation of transcription. p53 binds response elements in the BAX regulatory region and increases BAX transcription following cellular stress. p53 can also translocate to mitochondria and promote BAX activation, conformational change, and oligomerization."
1079,BAD,BCL2,negative,MCF7,direct,1,regulates,"protein-protein interaction. BAD binds BCL-2 through its BH3 domain, occupying the hydrophobic groove of BCL-2. This binding neutralizes BCL-2's anti-apoptotic function."
1080,BIM,BCL2,negative,MCF7,direct,1,regulates,"protein-protein interaction. BIM binds BCL-2 through its BH3 domain, occupying the hydrophobic groove of BCL-2. This binding neutralizes BCL-2's anti-apoptotic function."
1081,CREB1,BCL2,positive,MCF7,direct,1,regulates,regulation of transcription. CREB/CREB1 directly binds a cAMP-response element (CRE) in the BCL2 promoter and stimulates BCL2 transcription.
1082,ERK,BCL2,positive,MCF7,direct,1,regulates,phosphorylation. ERK1/2 phosphorylate BCL2 at Ser70. This phosphorylation enhances BCL2's anti-apoptotic function.
1083,BAD,BCLXL,negative,MCF7,direct,1,regulates,"protein-protein interaction. BAD binds BCL-XL through its BH3 domain, occupying the hydrophobic groove of BCL-XL. This binding neutralizes BCL-XL's anti-apoptotic function."
1084,BIM,BCLXL,negative,MCF7,direct,1,regulates,protein-protein interaction. BIM directly binds the hydrophobic BH3-binding groove of BCL-XL (BCL2L1) through BIM's BH3 domain. This binding neutralizes BCL-XL's anti-apoptotic function.
1085,CREB1,BCLXL,positive,MCF7,direct,1,regulates,regulation of transcription. CREB/CREB1 can directly bind a cAMP-response element (CRE) in the BCL2L1 (BCLXL) promoter and stimulates its transcription.
1086,CASP8,BID,positive,MCF7,direct,1,regulates,"Active caspase-8 directly cleaves BID, generating truncated BID (tBID). tBID translocates to mitochondria and activates the mitochondrial apoptosis pathway, including BAX/BAK activation."
1087,BCL2,BIM,negative,MCF7,direct,1,regulates,"protein-protein interaction. BCL2 directly binds the BH3 domain of BIM, sequestering BIM and preventing it from activating BAX/BAK."
1088,BCLXL,BIM,negative,MCF7,direct,1,regulates,"protein-protein interaction. BCL-XL (BCL2L1) directly binds BIM through BIM's BH3 domain, sequestering BIM and preventing it from activating BAX/BAK."
1089,FOXO1,BIM,positive,MCF7,direct,1,regulates,"regulation of transcription. FOXO1 binds FOXO-responsive elements in the BCL2L11/BIM regulatory region, increasing BIM transcription."
1090,FOXO3,BIM,positive,MCF7,direct,1,regulates,regulation of transcription. FOXO3 binds conserved forkhead-response elements in the promoter of  BCL2L11 (the gene encoding BIM) and stimulates its transcription.
1091,CASP9,CASP3,positive,MCF7,direct,1,regulates,"Active caspase-9 directly cleaves procaspase-3 at its activating processing sites, generating active caspase-3"
1092,ERK,CASP8,negative,MCF7,direct,1,regulates,"phosphorylation. Active ERK1/2 directly phosphorylates procaspase-8 at Ser387, and this phosphorylation inhibits caspase-8 activation/processing."
1093,FADD,CASP8,positive,MCF7,direct,1,regulates,"protein-protein interaction. After FADD has been recruited to FAS, it binds procaspase-8 through their death-effector domain. This assembles the death-inducing signaling complex (DISC)."
1094,NF1,CASP8,positive,MCF7,indirect,2,,"causal effect mediated by RAS, RAF, ERK"
1095,SRC,CASP8,negative,MCF7,direct,1,regulates,phosphorylation. SRC directly phosphorylates procaspase-8 at Tyr380. This interferes with efficient processing/cleavage of procaspase-8 and thereby reduces its pro-apoptotic activity.
1096,AKT,CASP9,negative,MCF7,direct,1,regulates,"phosphorylation. AKT phosphorylates human caspase-9 at Ser196, inhibiting its protease activity and thereby suppressing apoptosis."
1097,BCLXL,CASP9,negative,MCF7,indirect,2,,causal effect mediated by CYCS.
1098,CASP3,CASP9,positive,MCF7,direct in the network sense,1,regulates,"The mechanism includes Caspase-3 cleaving caspase-9 and the inhibition of XIAP, which is not in the network"
1099,CASP8,CASP9,positive,MCF7,indirect,2,,"causal effect mediated by BID, BAX and others"
1100,CYCS,CASP9,positive,MCF7,direct in the network sense,1,regulates,"Cytosolic cytochrome c binds APAF1, causing APAF1 to assemble into the apoptosome. The apoptosome then recruits procaspase-9 through CARD–CARD interactions and activates it by proximity/dimerization.  APAF1 and the apoptosome are not in the network."
1101,ERK,CASP9,negative,MCF7,direct,1,regulates,"phosphorylation. ERK1/2 directly binds and phosphorylates caspase-9 at Thr125, inhibiting its activation/activity."
1102,PRKACA,CASP9,negative,MCF7,direct,1,regulates,phosphorylation. PRKACA/PKA directly phosphorylates CASP9 and inhibits its activity by interfering with self-processing and substrate binding and destabilizing the active caspase-9 protease core.
1103,CASP3,CDKN2A,positive,MCF7,unsupported,-,,This edge is contradicted by observations that binding of CASP3 and p16 (CDKN2A) inhibits CASP3.
1104,MYC,CDKN2A,negative,MCF7,indirect,2,,"causal effect. MYC can suppress the p16/RB senescence program in proliferating cells through several mechanisms, and MYC loss can lead to increased p16 expression and senescence."
1105,SRC,CDKN2A,negative,MCF7,unsupported,-,,"There is no mechanistic or causal evidence that supports a negative relationship. Instead, there is evidence of a positive indirect relationship: early SRC activation after sublethal cellular damage promotes senescence rather than apoptosis."
1106,ABL2,CEBPB,positive,MCF7,direct,1,regulates,phosphorylation. ABL2/Arg phosphorylates C/EBPβ at Tyr79. This phosphorylation increased C/EBPβ stability and enhanced its transcriptional activation activity
1107,CREB1,CEBPB,positive,MCF7,direct,1,regulates,"regulation of transcription. The CEBPB promoter contains functional CRE-like elements, and phosphorylated CREB binds these regulatory sequences and stimulates CEBPB expression"
1108,AKT,CREB1,positive,MCF7,direct,1,regulates,"phosphorylation. AKT phosphorylates CREB1 Ser133, which increases CREB transcriptional activity"
1109,PTEN,CREB1,negative,MCF7,direct,1,regulates,"dephosphorylation. Nuclear PTEN dephosphorylates CREB at Ser133, which decreases its transcriptional activity."
1110,DC,CTNNB1,negative,MCF7,direct,1,regulates,"The β-catenin destruction complex directly binds β-catenin/CTNNB1 and promotes its sequential phosphorylation—first by CK1α, then by GSK3β. Those phosphosites are recognized by β-TrCP, leading to ubiquitination and proteasomal degradation of β-catenin."
1111,SRC,CTNNB1,positive,MCF7,direct,1,regulates,"phosphorylation. SRC directly phosphorylates β-catenin at Tyr654. This weakens β-catenin's interaction with E-cadherin, and increases the cytoplasmic/nuclear pool."
1112,WNT1,CTNNB1,positive,MCF7,indirect,2,,causal effect mediated by WNT's inhibition of the β-catenin destruction complex.
1113,YAP1,CTNNB1,positive,MCF7,correlation,3,,"In breast cancer, active YAP and β-catenin colocalize in the nucleus and YAP1/TEAD4/CTNNB1 occupy overlapping regulatory regions of common target genes."
1114,CDKN2A,CYCLINDc,negative,MCF7,direct,1,regulates,protein-protein interaction. CDKN2A (p16INK4A)  binds CDK4 and CDK6 and prevents/antagonizes formation of functional Cyclin D–CDK4/6 complexes.
1115,EIF4,CYCLINDc,positive,MCF7,indirect,2,,"causal effect: eIF4E promotes both Cyclin D1 mRNA export and cap-dependent translation; experimentally increasing eIF4E increases Cyclin D1 protein, thus more CyclinDc complex can be formed."
1116,ESR1,CYCLINDc,positive,MCF7,indirect,2,,causal effect. Estrogen-activated ERα promotes CCND1 transcription; this allows increased CYCLINDc formation.
1117,FOXO3,CYCLINDc,positive,MCF7,unsupported,-,,"This assumed edge is not supported by evidence. Instead, there is an indirect negative effect mediated by p27."
1118,GSK3B,CYCLINDc,negative,MCF7,indirect,2,,"causal effect. GSK3B promotes the nuclear export and degradation of CyclinD1, thus less cyclin-CDK complex CYCLINDc can be formed."
1119,IGF1,CYCLINDc,positive,MCF7,indirect,2,,"causal effect mediated by IGFR, PI3K, ERK"
1120,KMT2D,CYCLINDc,positive,MCF7,indirect,2,,"causal effect. KMT2D is a histone methyltransferase complex that helps recruit FOXA1, PBX1, and ERα/ESR1 to chromatin. It participates this way in the transcriptional regulation of Cyclin D1, the cyclin component of CyclinDc."
1121,MYC,CYCLINDc,positive,MCF7,indirect,2,,"causal effect. c-MYC activates CDK4 transcription, thus leading to more CYCLINDc formation."
1122,NRG1,CYCLINDc,positive,MCF7,indirect,2,,"causal effect mediated by HER3, PI3K, others"
1123,p21,CYCLINDc,negative,MCF7,unsupported,-,,This assumed edge is contradicted by evidence that p21 (and p27) can serve as an assembly factor for Cyclin D–CDK4/6 and facilitate nuclear localization.  p21-bound Cyclin D–CDK complexes can retain their kinase activity.
1124,TCF7L2,CYCLINDc,positive,MCF7,indirect,2,,"Causal effect mediated by β-catenin/TCF complexes activating CCND1 transcription, which then yields more CYCLINDc."
1125,TEAD1,CYCLINDc,positive,MCF7,indirect,2,,"causal effect. TEAD-containing YAP/TAZ transcriptional complex binds CCND1 regulatory DNA, leading to increased CCND1 transcription, which then allows more CYCLINDc complex formation."
1126,BAK1,CYCS,positive,MCF7,direct in the network sense,1,regulates,Activated BAK oligomerizes in the mitochondrial outer membrane and helps form pores through which Cytochrome c (CYCS) is released from the mitochondrial intermembrane space into the cytosol.
1127,BAX,CYCS,positive,MCF7,direct in the network sense,1,regulates,Activated BAX oligomerizes in the mitochondrial outer membrane and helps form pores through which Cytochrome c (CYCS) is released from the mitochondrial intermembrane space into the cytosol.
1128,APC,DC,positive,MCF7,,0,necessary,"APC is a core structural component of the β-catenin destruction complex (DC), together with AXIN1/2, GSK3β and CK1α."
1129,GSK3B,DC,positive,MCF7,,0,necessary,GSK3β is a core enzymatic component of the β-catenin destruction complex.
1130,FZD,DVL1,positive,MCF7,direct,1,regulates,"protein-protein interaction. Following Wnt binding, activated Frizzled (FZD) recruits Dishevelled proteins, including DVL1, to the plasma membrane."
1131,NF1,DVL1,positive,MCF7,unsupported,-,,There is no evidence that supports this edge. It is contradicted by the fact that NF1 loss tends to enhance Wnt signaling.
1132,RB,E2F,negative,MCF7,direct,1,regulates,"protein-protein interaction. Hypophosphorylated RB physically binds activating E2Fs, especially E2F1–3, through its pocket and C-terminal domains and directly suppresses their transcriptional activity."
1133,EGF,EGFR,positive,MCF7,direct,1,regulates,ligand-receptor binding
1134,HER2,EGFR,positive,MCF7,direct,1,regulates,protein-protein interaction; heterodimerization activates EGFR
1135,HER3,EGFR,positive,MCF7,direct,1,regulates,protein-protein interaction; heterodimerization activates EGFR
1136,MEK,EGFR,negative,MCF7,indirect,2,,causal effect mediated by ERK
1137,EIF4EBP1,EIF4,negative,MCF7,direct,1,regulates,"protein-protein interaction. EIF4EBP1/4E-BP1 directly binds eIF4E through its eIF4E-binding motif. This prevents eIF4E from binding eIF4G, thereby blocking assembly of the eIF4F translation-initiation complex."
1138,MEK,ERK,positive,MCF7,direct,1,necessary,"phosphorylation. MEK1/2 directly binds and phosphorylates ERK1/2, activating its kinase activity."
1139,AKT,ESR1,positive,MCF7,direct,1,regulates,"phosphorylation. Activated AKT phosphorylates ERα (ESR1 protein) at Ser167, and this phosphorylation increases ERα transcriptional activity."
1140,ES,ESR1,positive,MCF7,direct,1,regulates,ligand-receptor binding
1141,FOXO3,ESR1,positive,MCF7,direct,1,regulates,regulation of transcription. FOXO3a directly binds regulatory sites in the ESR1 (ERα) promoter and increases ESR1 transcription
1142,KMT2D,ESR1,positive,MCF7,unsupported,-,,"KMT2D helps establish chromatin conditions that permit recruitment/occupancy of ERα, but it does not affect ESR1 itself."
1143,PGR,ESR1,positive,MCF7,unsupported,-,,Only the ligand-free progesterone receptor has a positive effect on ESR1. The ligand-bound PGR binds ESR1 and redirects ERα chromatin binding and transcriptional activity.
1144,FAS,FADD,positive,MCF7,direct,1,regulates,protein-protein interaction. Ligand-activated FAS/CD95 recruits FADD directly through a death-domain–death-domain interaction.
1145,TRADD,FADD,positive,MCF7,direct,1,regulates,"protein-protein interaction. TRADD binds FADD through their death domains (DDs), which then allows FADD to recruit procaspase-8."
1146,AKT,FAS,negative,MCF7,assumption,4,,"AKT suppresses the broader death-receptor/apoptotic program, but there is no mechanistic or causal evidence of AKT inhibiting FAS."
1147,FASLG,FAS,positive,MCF7,direct,1,necessary,ligand-receptor binding
1148,p53,FAS,positive,MCF7,direct,1,regulates,"regulation of transcription. The FAS gene contains a high-affinity p53-responsive element in its first intron. Wild-type p53 binds this element, and reporter experiments showed that it strongly increases FAS transcription."
1149,FASLG,FASLG,positive,MCF7,indirect,2,,"There is no evidence of direct FASL self-regulation but a positive feedback loop mediated by FAS, CASP8/3, MAPK8."
1150,FOXO3,FASLG,positive,MCF7,direct,1,regulates,regulation of transcription. FOXO3 binds forkhead-response elements in the FASLG promoter and activates FASL transcription; constitutively active FOXO3 increases FASL promoter activity
1151,p53,FASLG,positive,MCF7,indirect,2,,causal effect. There is good perturbational evidence that functional p53 can increase FASLG expression.
1152,AKT,FOXO1,negative,MCF7,direct,1,regulates,"phosphorylation. AKT phosphorylates FOXO1 at several regulatory residues. These promote binding to 14-3-3 proteins and retention in the cytoplasm, which decreases FOXO1 transcriptional activity."
1153,SGK1,FOXO1,negative,MCF7,direct,1,regulates,"phosphorylation. SGK1 directly phosphorylates FOXO1 at canonical regulatory sites; these events promote interaction with 14-3-3 proteins, nuclear exclusion, and loss of FOXO1 transcriptional activity."
1154,AKT,FOXO3,negative,MCF7,direct,1,regulates,"phosphorylation. AKT phosphorylates FOXO1 at several regulatory residues. These promote binding to 14-3-3 proteins and retention in the cytoplasm, which decreases FOXO1 transcriptional activity"
1155,CREB1,FZD,positive,MCF7,assumption,4,,"There is no mechanistic or causal support for this edge. The reverse signaling relationship, from FZD3 to CREB1, is causally supported."
1156,WNT1,FZD,positive,MCF7,unsupported,-,,"WNT1 activates several FZD receptors, but receptor-specific functional assays do not support FZD3 and instead implicate FZD4, FZD5 or FZD8,  depending on context."
1157,STAT1,GATA3,negative,MCF7,direct in the network sense,1,regulates,"STAT1 is required for efficient IFNγ-dependent induction of T-bet, and T-bet then antagonizes GATA3. T-bet is not in the network."
1158,EGFR,GRB2,positive,MCF7,direct,1,regulates,protein-protein interaction. Activated EGFR recruits the adaptor protein GRB2.
1159,IRS1,GRB2,positive,MCF7,direct,1,regulates,"protein-protein interaction. GRB2 directly binds phosphorylated IRS1 through its SH2 domain, recruiting the GRB2–SOS machinery."
1160,LATS1,GRB2,positive,MCF7,unsupported,-,,There is no evidence that supports this edge. It is contradicted by the fact that Hippo signaling (mediated by LATS) and growth-factor signaling (mediated by GRB2) mutually inhibit each other.
1161,SRC,GRB2,positive,MCF7,direct,1,regulates,phosphorylation. SRC phosphorylates GRB2 at Y160. That phosphorylation shifts GRB2 away from its inactive dimeric state toward the monomeric signaling-competent state.
1162,INSR,GRB7,positive,MCF7,direct,1,regulates,"protein-protein interaction. After activated INSR becomes tyrosine-phosphorylated, the adaptor protein GRB7 binds it through its SH2 domain."
1163,PRKACA,GRB7,negative,MCF7,unsupported,-,,There is no evidence of PRKACA–GRB7 binding or causal effect. This may be a mis-annotation as no corresponding interaction found in current or historical SIGNOR releases.
1164,AKT,GSK3B,negative,MCF7,direct,1,regulates,"phosphorylation. AKT phosphorylates GSK3β at Ser9, which inhibits GSK3β kinase activity."
1165,ERK,GSK3B,negative,MCF7,direct in the network sense,1,regulates,"phosphorylation. ERK binds GSK3β and phosphorylates it and primes it for subsequent Ser9 phosphorylation by RSK, which then inhibits GSK3β activity. RSK itself is activated by ERK. RSK is not part of the model."
1166,EGF,HER2,positive,MCF7,indirect,2,,causal effect mediated by EGFR heterodimerization with HER2
1167,HER3,HER2,positive,MCF7,replaced,,,The HER2-HER3 heterodimer formation is represented with a separate HER2HER3c node. HER3 does not have any effect on HER2 outside of heterodimer formation. This edge is replaced by a HER3->HER2HER3c edge.
1168,HER2,HER3,positive,MCF7,replaced,,,"The effect of HER2 on HER3 is through HER2-HER3 heterodimer formation, which is represented by the HER2HER3c node. This edge is replaced by a HER2->HER2HER3c edge."
1169,NRG1,HER3,positive,MCF7,direct,1,regulates,ligand-receptor binding
1170,NICD,HES1,positive,MCF7,direct,1,regulates,"regulation of transcription. NICD binds the DNA-bound transcription factor RBPJ/CSL, converting it to an activating complex. Together with co-activators they activate the transcription of HES1."
1171,NICD,HEY1,positive,MCF7,direct,1,regulates,"regulation of transcription. NICD binds the DNA-bound transcription factor RBPJ/CSL, converting it to an activating complex. Together with co-activators they activate the transcription of HEY1."
1172,IGF1,HRAS,positive,MCF7,indirect,2,,"causal effect mediated by IGFR, SOS/GRB2"
1173,NF1,HRAS,negative,MCF7,direct,1,regulates,"protein-protein interaction. NF1 (neurofibromin) is a Ras GTPase-activating protein (Ras-GAP), which accelerates RAS intrinsic GTP hydrolysis and converts it into the GDP-bound inactive state."
1174,PIP3,HRAS,positive,MCF7,indirect,2,,causal effect likely mediated by PIP3-responsive Ras regulatory complex/GEF
1175,SOS1,HRAS,positive,MCF7,direct,1,regulates,"protein-protein interaction. SOS1 directly binds HRAS and acts as a guanine-nucleotide exchange factor (GEF), promoting release of GDP so that GTP can bind. This converts RAS into its active GTP-bound state."
1176,PDK1_pm,HSP90AA1,negative,MCF7,unsupported,-,,"HSP90 physically associates with PDK1 through the PDK1 kinase domain, but this binding affects PDK1, not HSP90."
1177,ESR1,IGF1R,positive,MCF7,indirect,2,,"ERα binds regulatory regions of the IGF1R gene, often together with other transcription factors/cofactors. Estrogen/ER signaling increases IGF1R expression in ER-positive breast-cancer cells. Because there is a separate node denoting ER transcription regulatory activity, this edge is categorized indirect."
1178,FOXO3,IGF1R,positive,MCF7,indirect,2,,"causal effect. Activated FOXO3 increases IGF1R mRNA and protein expression, and FOXO knockdown decreases IGF1R expression. The exact mechanism is not known."
1179,IGF1,IGF1R,positive,MCF7,direct,1,regulates,ligand-receptor binding. 
1180,INS,IGF1R,positive,MCF7,direct,1,regulates,ligand-receptor binding. Insulin can directly bind IGF1R and weakly activate its intrinsic tyrosine kinase.
1181,SRC,IGF1R,positive,MCF7,direct,1,regulates,phosphorylation. SRC can induce ligand-independent IGF1R phosphorylation and activation.
1182,NOS3,IL1B,positive,MCF7,unsupported,-,,This edge is not supported by evidence; instead an indirect negative effect has more support.
1183,RELA,IL1B,positive,MCF7,replaced,,,Activated RELA/p65-containing NF-κB complexes bind the IL1B promoter/regulatory regions and activate IL1B transcription. We replace this edge with an NFKB->IL1B edge to follow the general principle of attributing interactions of a subunit of a protein complex to the complex.
1184,IL1B,IL6,positive,MCF7,indirect,2,,"causal effect mediated by IRAK, NFKB"
1185,IL6,IL6,positive,MCF7,indirect,2,,"There is an indirect positive feedback loop mediated by IL6R, STAT3."
1186,IL6,IL6R,positive,MCF7,direct,1,necessary,ligand-receptor binding
1187,STAT5,IL8,positive,MCF7,direct,1,regulates,"regulation of transcription. STAT5, espectially STAT5B binds to CXCL8/IL8 regulatory DNA and promotes IL8 transcription."
1188,FOXO3,INSR,positive,MCF7,indirect,2,,"causal effect. In BT474 cells, AKT inhibition, which is known to upregulate FOXO3, caused increased expression of several RTKs, including INSR."
1189,INS,INSR,positive,MCF7,direct,1,regulates,ligand-receptor binding
1190,IGF1R,IRS1,positive,MCF7,direct,1,regulates,"phosphorylation. Activated IGF1R physically recruits IRS1 and directly phosphorylates it on tyrosine residues, generating docking sites for SH2-domain-containing signaling proteins."
1191,INSR,IRS1,positive,MCF7,direct,1,regulates,phosphorylation. Activated INSR recruits IRS1 and phosphorylates IRS1 on multiple tyrosine residues. Those phosphotyrosines then serve as docking sites for downstream signaling proteins.
1192,S6K,IRS1,negative,MCF7,direct,1,regulates,"phosphorylation. S6K1 directly phosphorylates IRS1 on serine residues, which decreases IRS1 signaling competence"
1193,mTORC1,EIF4EBP1,negative,MCF7,direct,1,regulates,"phosphorylation. mTORC1 directly phosphorylates 4E-BP1/EIF4EBP1 at multiple sites. This causes 4E-BP1 to lose affinity for eIF4E, thereby disabling its translational-repressor function."
1194,ABL1,JAK2,positive,MCF7,direct,1,regulates,phosphorylation. c-Abl/ABL1 directly interacts with JAK2 and promotes its tyrosine phosphorylation and activation.
1195,IL6R,JAK2,positive,MCF7,direct,1,regulates,protein-protein interaction. JAK2 is physically associated with the GP130 subunit of the receptor complex; receptor activation directly causes JAK activation.
1196,IL8,JAK2,positive,MCF7,unsupported,-,,"IL-8 (CXCL8) signals through the GPCRs CXCR1 and CXCR2, not through a JAK-associated cytokine receptor."
1197,IRS1,JAK2,positive,MCF7,assumption,4,,There is a JAK2->IRS1 relationship but no evidence to support this edge.
1198,ERK,JUN,positive,MCF7,indirect,2,,"causal effect on JUN stability mediated by GSK3B, there also is an indirect effect on JUN transcription."
1199,MAPK8,JUN,positive,MCF7,direct,1,regulates,"phosphorylation. MAPK8/JNK1 directly phosphorylates JUN in its N-terminal transactivation domain, which increases JUN transcriptional activity and AP-1 function."
1200,PPARG,JUN,positive,MCF7,unsupported,-,,Activated PPARγ can suppress JUN (AP-1)-dependent transcription through protein–protein/cofactor mechanisms. There is no evidence of a positive functional effect.
1201,RELA,JUN,positive,MCF7,unsupported,-,,This edge is contradicted by causal evidence that inhibition of endogenous NF-κB increased c-JUN synthesis.
1202,AKT,KMT2D,negative,MCF7,direct,1,regulates,phosphorylation. AKT phosphorylates KMT2D at Ser1331; this reduces KMT2D chromatin recruitment/function and consequently suppresses KMT2D-dependent ER transcriptional activity.
1203,PAX7,KMT2D,positive,MCF7,unsupported,-,,"This edge is not supported by functional evidence. PAX7 binds KMT2D and recruits it to PAX target loci. This is a PAX-specific effect and not a functional activation of KMT2S. In particular, it does not influence KMT2D's participation in ESR1 transcriptional activity. "
1204,EGFR,KRT14,positive,MCF7,indirect,2,,causal effect mediated by the MAPK pathway and JUN
1205,PAK2,KRT14,positive,MCF7,assumption,4,,This edge is not supported by mechanistic or causal evidence. PAK2's established regulation of other intermediate-filament proteins makes the interaction mechanistically conceivable.
1206,LCK,LATS1,positive,MCF7,unsupported,-,,This edge is contradicted by the evidence of a lack of direct or indirect effect of LCK on LATS1. 
1207,NF2,LATS1,positive,MCF7,direct,1,regulates,"protein-protein interaction. Merlin (NF2) directly binds LATS1/2 through its FERM domain and recruits LATS to the plasma membrane, where it is phosphorylated by the MST1/2–SAV1 complex, then autophosphorylates and reaches full activity."
1208,AKT,LCK,negative,MCF7,unsupported,-,,"As  the opposite direction and sign, LCK -> AKT, is supported., and there is no support for a negative feedback effect, this edge is unsupported."
1209,ERK,LCK,positive,MCF7,unsupported,-,,"ERK phosphorylate LCK at Ser59, but the literature describes this phosphorylation as inhibitory/modulatory, not activating."
1210,RAC1,MAPK8,positive,MCF7,indirect,2,,"causal effect; constitutively active RAC1 strongly activates JNK (MAPK8), whereas dominant-negative RAC1 blocks JNK activation induced by upstream stimuli."
1211,RND1,MAPK8,positive,MCF7,unsupported,-,,"There is no mechanistic or causal evidence of a positive effect. On the contrary, the well-established signaling effect of RND1 is suppression of Ras–MAPK signaling."
1212,ERK,MCL1,positive,MCF7,direct,1,regulates,"phosphorylation. ERK1/2 phosphorylates MCL1, which stabilizes MCL1 and increases its anti-apoptotic activity. ERK1/2 also has indirect effects on MCL1 transcription and translation."
1213,GSK3B,MCL1,negative,MCF7,direct in the network sense,1,regulates,"phosphorylation. GSK3B phosphorylates MCL1. This creates/promotes a phosphodegron that is recognized by ubiquitin ligases, leading to MCL1 ubiquitination and proteasomal degradation."
1214,AKT,MDM2,positive,MCF7,direct,1,regulates,"phosphorylation. AKT phosphorylates MDM2, particularly at Ser166 and Ser186. This phosphorylation promotes MDM2 nuclear localization and its effect on p53."
1215,p53,MDM2,positive,MCF7,direct,1,regulates,regulation of transcription. p53 binds response elements associated with the inducible P2 promoter of MDM2 and increases MDM2 transcription.
1216,RAF1,MEK,positive,MCF7,direct,1,necessary,phosphorylation. RAF1 (c-RAF) directly phosphorylates MEK1/2 (MAP2K1/2) on their activating serine residues. This activates MEK kinase activity.
1217,IGF1,mTORC1,positive,MCF7,indirect,2,,"causal effect mediated by IGFR, PI3K, AKT"
1218,NRG1,mTORC1,positive,MCF7,indirect,2,,"causal effect mediated by PI3K, AKT"
1219,PIM,mTORC1,positive,MCF7,indirect,2,,causal effect mediated by PRAS40
1220,RHEB,mTORC1,positive,MCF7,direct,1,regulates,"protein-protein interaction. RHEB directly binds mTORC1, and allosterically activates the mTOR kinase"
1221,PIP3,mTORC2_pm,positive,MCF7,direct,1,necessary,"protein-protein interaction. The SIN1/MAPKAP1 subunit of mTORC2 contains a PH domain that directly binds PIP3, recruiting mTORC2 to the plasma membrane and allowing it to phosphorylate substrates such as AKT. "
1222,S6K,mTORC2_pm,negative,MCF7,indirect,2,,causal effect: active S6K reduces upstream PI3K signaling and thereby can reduce the plasma membrane-associated mTORC2
1223,CTNNB1,MYC,positive,MCF7,direct,1,regulates,"regulation of transcription. In canonical Wnt signaling, nuclear β-catenin forms a transcriptional complex with TCF/LEF factors, and this complex directly regulates MYC transcription through TCF-binding regulatory elements."
1224,EIF4,MYC,positive,MCF7,indirect,2,,causal effect mediated by the node Translation
1225,ERK,MYC,positive,MCF7,direct,1,regulates,"phosphorylation. ERK1/2 directly phosphorylates MYC, which increases MYC protein stability and can enhance its transcriptional activity."
1226,ESR1,MYC,positive,MCF7,indirect,2,,"ERα occupies regulatory elements associated with the MYC locus and induces MYC transcription. Because there is a separate node ER_transcription, which activates MYC, this edge is classified as indirect."
1227,FOXO3,MYC,positive,MCF7,unsupported,-,,"This edge is contradicted by multiple known indirect negative effects of FOXO3 on MYC, and by perturbation evidence that FOXO3 loss increases MYC target expression."
1228,GSK3B,MYC,negative,MCF7,direct,1,regulates,"phosphorylation. GSK3B directly phosphorylates MYC; phosphorylated Thr58 is recognized through the FBXW7 ubiquitin-ligase pathway, leading to ubiquitination and proteasomal degradation of MYC."
1229,IGF1,MYC,positive,MCF7,indirect,2,,causal effect mediated by multiple mechanisms that increase MYC abundance or activity
1230,KMT2D,MYC,positive,MCF7,indirect,2,,"causal effect mediated by ESR1, ER_transcription"
1231,NRG1,MYC,positive,MCF7,indirect,2,,causal effect mediated by HER2/HER3 and the MAPK pathway
1232,PIM,MYC,positive,MCF7,direct,1,regulates,"phosphorylation. PIM kinases, especially PIM1, phosphorylate MYC, which increases MYC protein stability and transcriptional activity."
1233,STAT3,MYC,positive,MCF7,direct,1,regulates,regulation of transcription. STAT3 binds a regulatory region of the MYC promoter overlapping an E2F site and promotes MYC transcription.
1234,ABL1,MYOD1,negative,MCF7,assumption,4,,"DNA-damage-activated ABL1 directly phosphorylates MyoD (MYOD1) at Tyr30 inhibits MyoD's transcriptional activity and blocks the myogenic differentiation program. Yet, this mode of activation of ABL1 is not included in this network."
1235,HES1,MYOD1,negative,MCF7,direct,1,regulates,regulation of transcription. HES1 binds to regulatory sequences associated with the MYOD1 promoter and directly represses MYOD1 transcription.
1236,HEY1,MYOG,negative,MCF7,direct,1,regulates,"regulation of transcription. HEY1 is a bHLH transcriptional repressor induced by Notch signaling, and suppresses MYOG/myogenin expression."
1237,MYOD1,MYOG,positive,MCF7,direct,1,regulates,regulation of transcription. MYOD1 is a bHLH transcription factor that directly activates MYOG transcription
1238,NOTCH1,NICD,positive,MCF7,direct,1,necessary,NICD is a proteolytic product of activated NOTCH1.
1239,PRKACA,NEDD4L,negative,MCF7,direct,1,regulates,"phosphorylation. PRKACA is the catalytic subunit of PKA. PKA can directly phosphorylate NEDD4L/NEDD4-2. This promotes binding of 14-3-3 proteins to NEDD4L, inhibiting NEDD4L's E3 ubiquitin-ligase function toward several membrane targets."
1240,SGK1,NEDD4L,negative,MCF7,direct,1,regulates,phosphorylation. SGK1 phosphorylates NEDD4L; this promotes binding to 14-3-3 proteins and inhibits NEDD4L's ability to interact with and ubiquitinate its substrates.
1241,p53,NF1,positive,MCF7,indirect,2,,"causal effect:  p53 positively regulates NF1/neurofibromin expression, but the mechanism is not clear"
1242,TWIST1,NF1,negative,MCF7,assumption,4,,"There is no mechanistic or causal evidence for this edge. There is evidence in the opposite direction, with NF1 loss promoting TWIST1."
1243,NEDD4L,NF2,positive,MCF7,direct in the network sense,1,regulates,"AMOTL1 acts as a scaffold that brings NEDD4L to Merlin. NEDD4L ubiquitinates NF2/merlin, which promotes Merlin's interaction with LATS1."
1244,NOTCH1,NFKB,positive,MCF7,indirect,2,,"causal effect mediated by NICD, IKB"
1245,AKT,NOS3,positive,MCF7,direct,1,regulates,phosphorylation. AKT phosphorylates NOS3/eNOS; this increases eNOS enzymatic activity.
1246,HSP90AA1,NOS3,positive,MCF7,direct,1,regulates,"protein-protein interaction. HSP90 directly associates with NOS3/eNOS, and that binding increases eNOS enzymatic activity."
1247,CTNNB1,NOTCH1,positive,MCF7,indirect,2,,causal effect. Stabilized β-catenin can increase NOTCH1 expression and Notch signaling in several cellular contexts.
1248,DLL,NOTCH1,positive,MCF7,direct,1,necessary,ligand-receptor binding
1249,LCK,NOTCH1,positive,MCF7,assumption,4,,"LCK binds NOTCH1 and they co-occur in a NOTCH1, LCK, and PI3K complex. LCK is required for NOTCH1 mediated activation of AKT, but there is no evidence of LCK1 regulating NOTCH1."
1250,MDM2,NOTCH1,positive,MCF7,direct,1,regulates,"MDM2 directly binds NOTCH1 and ubiquitinates it; experimentally, this results in increased activation of the NOTCH1 intracellular domain rather than receptor degradation."
1251,AKT,p21,negative,MCF7,direct,1,regulates,"phosphorylation. AKT phosphorylates p21 (CDKN1A), which causes p21 to be retained/relocalized to the cytoplasm, reducing its nuclear inhibition of cyclin–CDK complexes."
1252,ERK,p21,negative,MCF7,indirect,2,,"causal effect, mediated by MYC and possibly alternative mediators as well"
1253,MYC,p21,negative,MCF7,indirect,2,,"causal effect. MYC interacts with transcription factors already associated with the CDKN1A (p21) promoter, particularly MIZ1 (ZBTB17), represssing CDKN1A transcription. As there is a separate p21_T node in the Z21 model, this edge is indirect"
1254,MDM2,p53,negative,MCF7,direct,1,regulates,"MDM2 binds the N-terminal transactivation domain of p53, suppressing p53's transcriptional activity. MDM2 is also an E3 ubiquitin ligase for p53, promoting its ubiquitination, nuclear export, and proteasomal degradation."
1255,TCF7L2,PAK1,positive,MCF7,assumption,4,,This edge does not have causal or mechanistic support. The opposite direction is supported: PAK1 can regulate β-catenin signaling and thereby influence TCF/LEF-dependent transcription.
1256,RAC1,PAK2,positive,MCF7,direct,1,regulates,"protein-protein interaction. Active RAC1-GTP directly binds the PBD/CRIB domain of PAK2. This binding disrupts PAK2's autoinhibited conformation, permitting PAK2 autophosphorylation and activation of its kinase activity."
1257,SRC,PAK2,positive,MCF7,indirect,2,,causal effect mediated by adaptor proteins and RAC1
1258,HES1,PAX7,negative,MCF7,unsupported,-,,This edge is not supported by mechanistic or causal evidence. Co-expression of HES1 and PAK1 is more supported.
1259,HEY1,PAX7,negative,MCF7,unsupported,-,,This edge is not supported by mechanistic or causal evidence. Co-expression of HEY1 and PAK1 in Notch signaling is more supported.
1260,MYOG,PAX7,negative,MCF7,correlation,3,,PAX7 is downregulated as MYOG/myogenin rises during myogenic differentiation. 
1261,NOTCH1,PAX7,positive,MCF7,indirect,2,,"causal effect mediated by NICD, which together with coactivators regulates PAX7 transcription. The NICD-> PAX7 edge is not in the network."
1262,IGF1R,PDK1_pm,positive,MCF7,indirect,2,,"causal effect mediated by PI3K, PIP3"
1263,PIP3,PDK1_pm,positive,MCF7,direct,1,necessary,protein-protein interaction. PIP3 recruits PDK1 to the plasma membrane.
1264,ERK,PGR,negative,MCF7,unsupported,-,,"ERK phosphorylates of PRB at Ser294, and this makes PR more transcriptionally active, more nuclear, and more responsive to ligand, even though it also accelerates ligand-dependent receptor turnover."
1265,ESR1,PGR,negative,MCF7,unsupported,-,,"Contrary to this assumption, ESR1 upregulates the transcription of PGR."
1266,PG,PGR,positive,MCF7,direct,1,regulates,ligand-receptor binding
1267,EGFR,PI3K,positive,MCF7,direct,1,regulates,protein-protein interaction.  Activated EGFR recruits the p85 regulatory subunit of class IA PI3K into a receptor-associated complex.
1268,ESR1,PI3K,positive,MCF7,direct,1,regulates,protein-protein interaction. The estrogen receptor ERα (ESR1) physically associates with the p85 regulatory subunit of PI3K.
1269,IGF1R,PI3K,positive,MCF7,indirect,2,,causal effect mediated by IRS1
1270,INSR,PI3K,positive,MCF7,indirect,2,,causal effect mediated by IRS1
1271,IRS1,PI3K,positive,MCF7,direct,1,regulates,protein-protein interaction. phosphorylated IRS1 proteins bind the p85 regulatory subunit of PI3K.
1272,RAS,PI3K,positive,MCF7,direct,1,regulates,protein-protein interaction. GTP-bound RAS binds the Ras-binding domain (RBD) of the p110 catalytic subunit of class I PI3K. This interaction promotes PI3K activation.
1273,STAT5,PIM,positive,MCF7,direct,1,regulates,regulation of transcription. Activated STAT5 binds regulatory elements of PIM1 and induces its transcription.
1274,PI3K,PIP3,positive,MCF7,direct,1,regulates,PI3K catalyzes the reaction that produces PIP3.
1275,PTEN,PIP3,negative,MCF7,direct,1,regulates,PTEN dephosphorylates PIP3
1276,CEBPB,PPARG,positive,MCF7,direct,1,regulates,regulation of transcription. C/EBPβ (CEBPB) is a transcription factor that directly binds regulatory regions of the PPARG gene and promotes its transcription.
1277,GATA3,PPARG,negative,MCF7,direct,1,regulates,regulation of transcription. GATA3 binds the PPARG promoter and represses its transcription.
1278,CYCLINDc,RB,negative,MCF7,indirect,2,,"The Cyclin D–CDK4/6 complex directly phosphorylates RB, which leads to a decrease in the hypophosphorylated RB. As pRB is a separate node of the network, we consider this edge indirect."
1279,PRKACA,PRKAA2,negative,MCF7,assumption,4,,"PRKACA (PKA) directly inhibits AMPKα1/PRKAA1, but there is no evidence of it interacting with PRKAA2 this way."
1280,STK11,PRKAA2,positive,MCF7,direct,1,regulates,"phosphorylation. STK11 (LKB1) directly phosphorylates the AMPK α catalytic subunit (PRKAA2) at the critical activation-loop residue Thr172, thereby activating AMPK."
1281,AKT,PRKACA,positive,MCF7,assumption,4,,"This assumed edge is not supported by experimental evidence. There is evidence for the other direction, PRKACA->AKT."
1282,WNT1,PRKACA,positive,MCF7,assumption,4,,"There is cross-talk between Wnt and PKA, but the direction is usually discussed as PKA regulating Wnt/β-catenin signaling, not WNT1 activating PRKACA."
1283,S6K,PTEN,positive,MCF7,unsupported,-,,"There is no evidence to support a positive effect. Instead, there is evidence of a negative effect: mTOR/S6K signaling promotes PTEN phosphorylation at Thr366, which can increase PTEN ubiquitination and degradation."
1284,SRC,PTEN,negative,MCF7,indirect,2,,causal effect. Src-family kinases inhibit PTEN function via an unknown mediator.
1285,AKT,RAC1,negative,MCF7,direct,1,regulates,"phosphorylation. AKT phosphorylates RAC1, which reduces RAC1's GTP-binding activity."
1286,DVL1,RAC1,positive,MCF7,direct in the network sense,1,regulates,Dishevelled proteins can cause activation of RAC1 by engaging RAC1 GEF proteins such as TIAM1. These are not in the network.
1287,PI3K,RAC1,positive,MCF7,indirect,2,,causal effect mediated by PIP3  and Rac guanine-nucleotide exchange factors
1288,HRAS,RAF1,positive,MCF7,direct,1,regulates,protein-protein interaction. GTP-bound HRAS directly binds RAF1 through RAF1's Ras-binding domain. This recruits RAF1 to the plasma membrane and promotes the conformational changes needed for RAF1 activation.
1289,RAS,RAF1,positive,MCF7,direct,1,regulates,protein-protein interaction. RAS-GTP directly binds RAF1 (c-RAF) through RAF1's RAS-binding domain and cysteine-rich domain. This recruits RAF1 to the plasma membrane and is an essential step in RAF1 activation.
1290,IGF1,RAS,positive,MCF7,indirect,2,,"causal effect mediated by IGFR, SOS/GRB2"
1291,PIP3,RAS,positive,MCF7,assumption,4,,"There is some evidence that PI3K signaling can enhance RAS activation, supporting this assumption."
1292,SOS1,RAS,positive,MCF7,direct,1,regulates,"protein-protein interaction. SOS1 directly binds RAS and acts as a guanine-nucleotide exchange factor (GEF), promoting release of GDP so that GTP can bind. This converts RAS into its active GTP-bound state."
1293,NFKB,RELA,positive,MCF7,,0,necessary,RELA is the transcriptionally active p65 NF-κB subunit.
1294,PIM,RELA,positive,MCF7,direct,1,regulates,"phosphorylation. PIM1 phosphorylates RELA/p65 at Ser276. This phosphorylation reduces ubiquitin-mediated degradation of RELA, stabilizes the protein, and enhances its transcriptional activity."
1295,TSC2,RHEB,negative,MCF7,direct,1,regulates,"protein-protein interaction. TSC2 (as part of the TSC complex) directly acts on RHEB-GTP, stimulates its GTP hydrolysis, which decreases functional RHEB activity."
1296,DVL1,RND1,positive,MCF7,unsupported,-,,RND1 is unlike other Rho-family proteins because it is essentially constitutively GTP-bound. There is no causal or mechanistic evidence of DVL1 regulating RND1.
1297,GRB7,RND1,positive,MCF7,unsupported,-,,"GRB7 binding to RND1 was observed but no functional effect was documented. RND1 is essentially constitutively GTP-bound, thus there is no support of its activation by RND1."
1298,mTORC1,S6K,positive,MCF7,direct,1,regulates,phosphorylation. mTORC1 phosphorylates S6K. This phosphorylation is essential for efficient S6K1 activation; full activation is done by PDK1.
1299,mTORC1,SGK1,positive,MCF7,unsupported,-,,"There is strong evidence that mTORC2 activates SGK1, but this is done by components of mTORC2 that mTORC1 does not contain. Studies that separate mTORC1 from mTORC2 established a lack of effect from mTORC1 to SGK1, e.g. rapamycin suppressed S6K but not SGK1 phosphorylation/activity, including in MCF-7 breast-cancer cells."
1300,mTORC2_pm,SGK1,positive,MCF7,replaced,,,"Intracellular mTORC2 directly phosphorylates the SGK1 hydrophobic-motif site Ser422, enabling subsequent activation by PDK1. This edge is replaced by the mTORC2_ic-> SGK1 edge."
1301,PDK1_pm,SGK1,positive,MCF7,replaced,,,"Intracellular PDK1 phosphorylates SGK1 at Thr256 in its activation loop, producing full kinase activation after the hydrophobic-motif site (Ser422) has been phosphorylated by mTORC1. This edge is replaced by the PDK1_ic-> SGK1 edge."
1302,GRB2,SOS1,positive,MCF7,direct,1,regulates,"protein-protein interaction. GRB2 acts as an adaptor: its SH3 domains bind proline-rich sequences in SOS1, while its SH2 domain connects the GRB2–SOS1 complex to phosphorylated receptor/adaptor proteins."
1303,ABL1,SRC,positive,MCF7,assumption,4,,"There is strong evidence of SRC activating ABL1, and some evidence of a positive feedback loop between the two kinase systems."
1304,PRKACA,SRC,positive,MCF7,assumption,4,,"PRKACA phosphorylates SRC, but the functional effect of this phosphorylation is insufficiently established."
1305,JAK2,STAT1,positive,MCF7,direct,1,regulates,"phosphorylation. Activated JAK2 directly phosphorylates STAT1, which promotes STAT1 dimerization, nuclear translocation, DNA binding, and transcriptional activity."
1306,SRC,STAT1,positive,MCF7,direct,1,regulates,"phosphorylation. SRC directly phosphorylates STAT1, including the canonical activating residue Tyr701. This phosphorylation promotes STAT1 dimerization, nuclear translocation, DNA binding, and transcriptional activity."
1307,IL1B,STAT3,positive,MCF7,indirect,2,,"causal effect mediated by IL6, IL6R"
1308,JAK2,STAT3,positive,MCF7,direct,1,regulates,"phosphorylation. Activated JAK2 directly phosphorylates STAT3, which promotes STAT3 dimerization, nuclear translocation, DNA binding, and transcriptional activity."
1309,MAPK8,STAT3,positive,MCF7,unsupported,-,,"MAPK8/JNK can directly phosphorylate STAT3 at Ser727, but this is not the canonical STAT3 activation that leads to dimerization and DNA binding. The functional effects of this phosphorylation are not clear; there is evidence of a negative effect."
1310,SRC,STAT3,positive,MCF7,direct,1,regulates,"phosphorylation. SRC physically associates with STAT3 and directly phosphorylates STAT3 at Tyr705. This phosphorylation promotes STAT3 dimerization, nuclear translocation, DNA binding, and transcriptional activity."
1311,EGFR,STAT5,positive,MCF7,direct,1,regulates,"phosphorylation. STAT5, especially STAT5b, associates with activated EGFR and becomes tyrosine-phosphorylated. The phosphorylated STAT5 molecules form SH2-domain-mediated dimers, which bind STAT5-responsive DNA elements, and regulate transcription."
1312,JAK2,STAT5,positive,MCF7,direct,1,regulates,"phosphorylation. Activated JAK2 directly phosphorylates STAT5, which promotes STAT5 dimerization, nuclear translocation, DNA binding, and transcriptional activity."
1313,SRC,STAT5,positive,MCF7,direct,1,regulates,"phosphorylation. SRC phosphorylates STAT5 on its activating tyrosine, whichn promotes STAT5 dimerization, nuclear localization, DNA binding, and transcriptional activity."
1314,ERK,STK11,negative,MCF7,indirect,2,,"causal effect, mediated by an unknown kinase."
1315,CTNNB1,TCF7L2,positive,MCF7,direct,1,regulates,protein-protein interaction. β-catenin directly binds TCF7L2 through the N-terminal β-catenin-binding domain of TCF7L2. This physical interaction converts TCF7L2 from a repressor/cofactor-bound state into a transcriptionally active β-catenin–TCF7L2 complex
1316,JUN,TCF7L2,positive,MCF7,direct,1,regulates,regulation of transcription. AP-1/c-JUN promotes TCF7L2 transcription.
1317,YAP1,TEAD1,positive,MCF7,direct,1,regulates,"protein-protein interaction. YAP1  physically binds TEAD1–4, and the YAP–TEAD complex drives transcription of many canonical Hippo-pathway target genes."
1318,KRT14,TRADD,negative,MCF7,direct,1,regulates,protein-protein interaction. KRT14 (Keratin) 14 directly binds  and sequesters TRADD.
1319,AKT,TSC2,negative,MCF7,direct,1,regulates,"phosphorylation. AKT phosphorylates TSC2 (tuberin) at multiple sites, inhibiting the TSC1–TSC2 complex's GAP activity."
1320,ERK,TSC2,negative,MCF7,direct in the network sense,1,regulates,"ERK phosphorylates RSK, which phosphorylates TSC2 at inhibitory sites such as Ser1798. RSK is not in the network."
1321,GSK3B,TSC2,positive,MCF7,direct,1,regulates,"phosphorylation. GSK3β phosphorylates TSC2, this (together with priming by AMPK) increases TSC2's ability to inhibit mTOR signaling."
1322,PRKAA2,TSC2,positive,MCF7,direct,1,regulates,phosphorylation. Activated PRKAA2 (AMPK) directly phosphorylates TSC2; this activates the TSC1–TSC2 complex.
1323,AKT,TWIST1,positive,MCF7,direct,1,regulates,"phosphorylation. AKT1  phosphorylates TWIST1, which enhances its stability and possibly localization. "
1324,ERK,TWIST1,positive,MCF7,direct,1,regulates,"phosphorylation. ERK1/2 phosphorylates TWIST1 at Ser68. This phosphorylation protects TWIST1 from ubiquitination and proteasomal degradation, increasing TWIST1 protein stability."
1325,MAPK8,TWIST1,positive,MCF7,indirect,2,,causal effect mediated by JUN
1326,ABL1,YAP1,positive,MCF7,unsupported,-,,"ABL1 phosphorylates YAP at Y357, but this supresses the ability of YAP to activate TEAD, resulting in the opposite sign."
1327,LATS1,YAP1,negative,MCF7,direct,1,regulates,"phosphorylation. LATS1 phosphorylates YAP1 at Ser127. That phosphorylation promotes 14-3-3 binding and cytoplasmic retention of YAP1, reducing YAP1 nuclear transcriptional activity."
1328,GRB2,ABL1,positive,T47D,assumption,4,,"There is evidence for the other direction: ABL phosphorylates/recruits GRB2, but not for an effect from GRB2 to ABL."
1329,ABL1,ABL2,positive,T47D,unsupported,-,,"ABL1 (c-Abl) and ABL2 (Arg) are closely related paralogous non-receptor tyrosine kinases. They share many upstream activators, substrates, and functions, and can compensate for each other. But they do not interact or affect each other."
1330,EGF,AKT,positive,T47D,indirect,2,,"causal effect mediated by EGFR, PI3K, others"
1331,EGFR,AKT,positive,T47D,indirect,2,,"causal effect mediated by PI3K, PIP3"
1332,IGF1R,AKT,positive,T47D,indirect,2,,"causal effect mediated by IRS1, PI3K"
1333,IRS1,AKT,positive,T47D,indirect,2,,"causal effect mediated by PI3K, others"
1334,mTORC2_pm,AKT,positive,T47D,direct,1,regulates,phosphorylation. Plasma membrane-localized mTORC2 phosphorylates AKT
1335,PDK1_pm,AKT,positive,T47D,direct,1,regulates,phosphorylation. Plasma-membrane-bound PDK1 directly phosphorylates AKT at Thr308 in its activation loop.
1336,PIP3,AKT,positive,T47D,direct,1,regulates,"protein-protein interaction. PIP3 directly binds the PH domain of AKT, recruiting AKT to the plasma membrane and inducing conformational changes that expose its activating phosphorylation sites"
1337,AXIN1,APC,positive,T47D,direct,1,regulates,"protein-protein interaction. The AXIN–APC protein–protein interaction helps assemble and organize the destruction complex together with GSK3β, CK1α, and β-catenin."
1338,DVL1,AXIN1,negative,T47D,direct,1,regulates,protein-protein interaction. DVL1 directly binds AXIN1 through their DIX domains. That physical interaction interferes with AXIN's destruction-complex function.
1339,GSK3B,AXIN1,positive,T47D,direct,1,regulates,protein-protein interaction. GSK3B directly binds AXIN1 through AXIN's GSK3-binding domain. AXIN acts as a scaffold that brings GSK3β together with APC and β-catenin.
1340,AKT,BAD,negative,T47D,direct,1,regulates,"phosphorylation. AKT phosphorylates BAD, which leads to its sequestration by 14-3-3 proteins, making it unable to inhibit BCLXL"
1341,ERK,BAD,negative,T47D,direct in the network sense,1,regulates,"phosphorylation. ERK1/2 phosphorylate RSK, which phosphorylates BAD, which leads to its sequestration by 14-3-3 proteins, making it unable to inhibit BCLXL, BCL2. RSK is not in the network."
1342,PAK1,BAD,negative,T47D,direct,1,regulates,"phosphorylation. PAK1 phosphorylates BAD, which leads to its sequestration by 14-3-3 proteins, making it unable to inhibit BCLXL, BCL2"
1343,PIM,BAD,negative,T47D,direct,1,regulates,"phosphorylation. PIM kinases phosphorylate BAD. This promotes BAD's sequestration by 14-3-3 proteins, suppressing BAD's pro-apoptotic function."
1344,BID,BAK1,positive,T47D,direct,1,regulates,"protein-protein interaction.The active form tBID (generated by caspase-8 cleavage of BID) directly engages BAK, promoting the conformational changes and oligomerization that lead to mitochondrial outer-membrane permeabilization (MOMP)."
1345,BIM,BAK1,positive,T47D,direct,1,regulates,"protein-protein interaction. BIM's BH3 domain can directly engage BAK, causing the conformational changes that lead to BAK oligomerization and mitochondrial outer-membrane permeabilization."
1346,MCL1,BAK1,negative,T47D,direct,1,regulates,"protein-protein interaction. MCL1 binds activated BAK1 through its BH3-binding groove, sequestering BAK1 and preventing the oligomerization required for mitochondrial outer-membrane permeabilization."
1347,p53,BAK1,positive,T47D,direct,1,regulates,"protein-protein interaction. Mitochondria-localized p53 can disrupt inhibitory BAK–MCL1 complexes, freeing BAK1 to oligomerize."
1348,BID,BAX,positive,T47D,direct,1,regulates,"protein-protein interaction. The active form tBID directly binds BAX and induces the conformational changes that activate BAX, leading to its mitochondrial membrane insertion and oligomerization."
1349,BIM,BAX,positive,T47D,direct,1,regulates,"protein-protein interaction. BIM's BH3 domain physically binds BAX, inducing conformational changes that promote BAX membrane insertion and oligomerization, leading to mitochondrial outer-membrane permeabilization."
1350,MCL1,BAX,negative,T47D,direct,1,regulates,"protein-protein interaction. MCL1 binds activated BAX through its BH3-binding groove, sequestering BAX and preventing the oligomerization required for mitochondrial outer-membrane permeabilization."
1351,p53,BAX,positive,T47D,direct,1,regulates,"regulation of transcription. p53 binds response elements in the BAX regulatory region and increases BAX transcription following cellular stress. p53 can also translocate to mitochondria and promote BAX activation, conformational change, and oligomerization."
1352,BAD,BCL2,negative,T47D,direct,1,regulates,"protein-protein interaction. BAD binds BCL-2 through its BH3 domain, occupying the hydrophobic groove of BCL-2. This binding neutralizes BCL-2's anti-apoptotic function."
1353,BIM,BCL2,negative,T47D,direct,1,regulates,"protein-protein interaction. BIM binds BCL-2 through its BH3 domain, occupying the hydrophobic groove of BCL-2. This binding neutralizes BCL-2's anti-apoptotic function."
1354,CREB1,BCL2,positive,T47D,direct,1,regulates,regulation of transcription. CREB/CREB1 directly binds a cAMP-response element (CRE) in the BCL2 promoter and stimulates BCL2 transcription.
1355,ERK,BCL2,positive,T47D,direct,1,regulates,phosphorylation. ERK1/2 phosphorylate BCL2 at Ser70. This phosphorylation enhances BCL2's anti-apoptotic function.
1356,BAD,BCLXL,negative,T47D,direct,1,regulates,"protein-protein interaction. BAD binds BCL-XL through its BH3 domain, occupying the hydrophobic groove of BCL-XL. This binding neutralizes BCL-XL's anti-apoptotic function."
1357,BIM,BCLXL,negative,T47D,direct,1,regulates,protein-protein interaction. BIM directly binds the hydrophobic BH3-binding groove of BCL-XL (BCL2L1) through BIM's BH3 domain. This binding neutralizes BCL-XL's anti-apoptotic function.
1358,CREB1,BCLXL,positive,T47D,direct,1,regulates,regulation of transcription. CREB/CREB1 can directly bind a cAMP-response element (CRE) in the BCL2L1 (BCLXL) promoter and stimulates its transcription.
1359,CASP8,BID,positive,T47D,direct,1,regulates,"Active caspase-8 directly cleaves BID, generating truncated BID (tBID). tBID translocates to mitochondria and activates the mitochondrial apoptosis pathway, including BAX/BAK activation."
1360,BCL2,BIM,negative,T47D,direct,1,regulates,"protein-protein interaction. BCL2 directly binds the BH3 domain of BIM, sequestering BIM and preventing it from activating BAX/BAK."
1361,BCLXL,BIM,negative,T47D,direct,1,regulates,"protein-protein interaction. BCL-XL (BCL2L1) directly binds BIM through BIM's BH3 domain, sequestering BIM and preventing it from activating BAX/BAK."
1362,FOXO1,BIM,positive,T47D,direct,1,regulates,"regulation of transcription. FOXO1 binds FOXO-responsive elements in the BCL2L11/BIM regulatory region, increasing BIM transcription."
1363,FOXO3,BIM,positive,T47D,direct,1,regulates,regulation of transcription. FOXO3 binds conserved forkhead-response elements in the promoter of  BCL2L11 (the gene encoding BIM) and stimulates its transcription.
1364,CASP8,CASP3,positive,T47D,direct,1,regulates,Active caspase-8 directly cleaves and activates procaspase-3
1365,CASP9,CASP3,positive,T47D,direct,1,regulates,"Active caspase-9 directly cleaves procaspase-3 at its activating processing sites, generating active caspase-3"
1366,ERK,CASP8,negative,T47D,direct,1,regulates,"phosphorylation. Active ERK1/2 directly phosphorylates procaspase-8 at Ser387, and this phosphorylation inhibits caspase-8 activation/processing."
1367,FADD,CASP8,positive,T47D,direct,1,regulates,"protein-protein interaction. After FADD has been recruited to FAS, it binds procaspase-8 through their death-effector domain. This assembles the death-inducing signaling complex (DISC)."
1368,SRC,CASP8,negative,T47D,direct,1,regulates,phosphorylation. SRC directly phosphorylates procaspase-8 at Tyr380. This interferes with efficient processing/cleavage of procaspase-8 and thereby reduces its pro-apoptotic activity.
1369,AKT,CASP9,negative,T47D,direct,1,regulates,"phosphorylation. AKT phosphorylates human caspase-9 at Ser196, inhibiting its protease activity and thereby suppressing apoptosis."
1370,CASP3,CASP9,positive,T47D,direct in the network sense,1,regulates,"The mechanism includes Caspase-3 cleaving caspase-9 and the inhibition of XIAP, which is not in the network"
1371,CASP8,CASP9,positive,T47D,indirect,2,,"causal effect mediated by BID, BAX and others"
1372,CYCS,CASP9,positive,T47D,direct in the network sense,1,regulates,"Cytosolic cytochrome c binds APAF1, causing APAF1 to assemble into the apoptosome. The apoptosome then recruits procaspase-9 through CARD–CARD interactions and activates it by proximity/dimerization.  APAF1 and the apoptosome are not in the network."
1373,ERK,CASP9,negative,T47D,direct,1,regulates,"phosphorylation. ERK1/2 directly binds and phosphorylates caspase-9 at Thr125, inhibiting its activation/activity."
1374,CASP3,CDKN2A,positive,T47D,unsupported,-,,This edge is contradicted by observations that binding of CASP3 and p16 (CDKN2A) inhibits CASP3.
1375,MYC,CDKN2A,negative,T47D,indirect,2,,"causal effect. MYC can suppress the p16/RB senescence program in proliferating cells through several mechanisms, and MYC loss can lead to increased p16 expression and senescence."
1376,SRC,CDKN2A,negative,T47D,unsupported,-,,"There is no mechanistic or causal evidence that supports a negative relationship. Instead, there is evidence of a positive indirect relationship: early SRC activation after sublethal cellular damage promotes senescence rather than apoptosis."
1377,ABL2,CEBPB,positive,T47D,direct,1,regulates,phosphorylation. ABL2/Arg phosphorylates C/EBPβ at Tyr79. This phosphorylation increased C/EBPβ stability and enhanced its transcriptional activation activity
1378,AKT,CREB1,positive,T47D,direct,1,regulates,"phosphorylation. AKT phosphorylates CREB1 Ser133, which increases CREB transcriptional activity"
1379,SGK1,CREB1,positive,T47D,direct,1,regulates,"phosphorylation. SGK1 phosphorylates CREB1 at Ser133, the canonical activating phosphorylation site. This phosphorylation promotes recruitment of the transcriptional coactivators CBP/p300 and increases CREB-dependent transcription."
1380,DC,CTNNB1,negative,T47D,direct,1,regulates,"The β-catenin destruction complex directly binds β-catenin/CTNNB1 and promotes its sequential phosphorylation—first by CK1α, then by GSK3β. Those phosphosites are recognized by β-TrCP, leading to ubiquitination and proteasomal degradation of β-catenin."
1381,WNT1,CTNNB1,positive,T47D,indirect,2,,causal effect mediated by WNT's inhibition of the β-catenin destruction complex.
1382,CDKN2A,CYCLINDc,negative,T47D,direct,1,regulates,protein-protein interaction. CDKN2A (p16INK4A)  binds CDK4 and CDK6 and prevents/antagonizes formation of functional Cyclin D–CDK4/6 complexes.
1383,EIF4,CYCLINDc,positive,T47D,indirect,2,,"causal effect: eIF4E promotes both Cyclin D1 mRNA export and cap-dependent translation; experimentally increasing eIF4E increases Cyclin D1 protein, thus more CyclinDc complex can be formed."
1384,ERK,CYCLINDc,positive,T47D,indirect,2,,causal effect mediated by JUN and other transcription factors that upregulate CCND1 transcription.
1385,ESR1,CYCLINDc,positive,T47D,indirect,2,,causal effect. Estrogen-activated ERα promotes CCND1 transcription; this allows increased CYCLINDc formation.
1386,FOXO3,CYCLINDc,positive,T47D,unsupported,-,,"This assumed edge is not supported by evidence. Instead, there is an indirect negative effect mediated by p27."
1387,GSK3B,CYCLINDc,negative,T47D,indirect,2,,"causal effect. GSK3B promotes the nuclear export and degradation of CyclinD1, thus less cyclin-CDK complex CYCLINDc can be formed."
1388,IGF1,CYCLINDc,positive,T47D,indirect,2,,"causal effect mediated by IGFR, PI3K, ERK"
1389,KMT2D,CYCLINDc,positive,T47D,indirect,2,,"causal effect. KMT2D is a histone methyltransferase complex that helps recruit FOXA1, PBX1, and ERα/ESR1 to chromatin. It participates this way in the transcriptional regulation of Cyclin D1, the cyclin component of CyclinDc."
1390,MYC,CYCLINDc,positive,T47D,indirect,2,,"causal effect. c-MYC activates CDK4 transcription, thus leading to more CYCLINDc formation."
1391,NRG1,CYCLINDc,positive,T47D,indirect,2,,"causal effect mediated by HER3, PI3K, ERK"
1392,p21,CYCLINDc,negative,T47D,unsupported,-,,This assumed edge is contradicted by evidence that p21 (and p27) can serve as an assembly factor for Cyclin D–CDK4/6 and facilitate nuclear localization.  p21-bound Cyclin D–CDK complexes can retain their kinase activity.
1393,TCF7L2,CYCLINDc,positive,T47D,indirect,2,,"Causal effect mediated by β-catenin/TCF complexes activating CCND1 transcription, which then yields more CYCLINDc."
1394,TEAD1,CYCLINDc,positive,T47D,indirect,2,,"causal effect. TEAD-containing YAP/TAZ transcriptional complex binds CCND1 regulatory DNA, leading to increased CCND1 transcription, which then allows more CYCLINDc complex formation."
1395,BAK1,CYCS,positive,T47D,direct in the network sense,1,regulates,Activated BAK oligomerizes in the mitochondrial outer membrane and helps form pores through which Cytochrome c (CYCS) is released from the mitochondrial intermembrane space into the cytosol.
1396,BAX,CYCS,positive,T47D,direct in the network sense,1,regulates,Activated BAX oligomerizes in the mitochondrial outer membrane and helps form pores through which Cytochrome c (CYCS) is released from the mitochondrial intermembrane space into the cytosol.
1397,APC,DC,positive,T47D,,0,necessary,"APC is a core structural component of the β-catenin destruction complex (DC), together with AXIN1/2, GSK3β and CK1α."
1398,GSK3B,DC,positive,T47D,,0,necessary,GSK3β is a core enzymatic component of the β-catenin destruction complex.
1399,FZD,DVL1,positive,T47D,direct,1,regulates,"protein-protein interaction. Following Wnt binding, activated Frizzled (FZD) recruits Dishevelled proteins, including DVL1, to the plasma membrane."
1400,YAP1,DVL1,negative,T47D,unsupported,-,,"Cytoplasmic YAP can interact with DVL and oppose DVL activation/phosphorylation. The YAP node of this network refers to the nucleus-localized one, and the more nucleus-localized YAP there is, the less cytoplasmic YAP. Thus, the sign of this edge is incorrect."
1401,RB,E2F,negative,T47D,direct,1,regulates,"protein-protein interaction. Hypophosphorylated RB physically binds activating E2Fs, especially E2F1–3, through its pocket and C-terminal domains and directly suppresses their transcriptional activity."
1402,EGF,EGFR,positive,T47D,direct,1,regulates,ligand-receptor binding
1403,HER2,EGFR,positive,T47D,direct,1,regulates,protein-protein interaction; heterodimerization activates EGFR
1404,HER3,EGFR,positive,T47D,direct,1,regulates,protein-protein interaction; heterodimerization activates EGFR
1405,MEK,EGFR,negative,T47D,indirect,2,,causal effect mediated by ERK
1406,RELA,EGFR,positive,T47D,replaced,,,"NF-κB can regulate EGFR transcription, but the NF-κB subunit responsible is not necessarily RELA, it is more likely p50 or BCL3. This edge is replaced by an NFKB->EGFR edge."
1407,EIF4EBP1,EIF4,negative,T47D,direct,1,regulates,"protein-protein interaction. EIF4EBP1/4E-BP1 directly binds eIF4E through its eIF4E-binding motif. This prevents eIF4E from binding eIF4G, thereby blocking assembly of the eIF4F translation-initiation complex"
1408,MEK,ERK,positive,T47D,direct,1,necessary,"phosphorylation. MEK1/2 directly binds and phosphorylates ERK1/2, activating its kinase activity."
1409,AKT,ESR1,positive,T47D,direct,1,regulates,"phosphorylation. Activated AKT can directly phosphorylate ERα (ESR1 protein) at Ser167, and this phosphorylation increases ERα transcriptional activity."
1410,ES,ESR1,positive,T47D,direct,1,regulates,ligand-receptor binding
1411,FOXO3,ESR1,positive,T47D,direct,1,regulates,regulation of transcription. FOXO3a directly binds regulatory sites in the ESR1 (ERα) promoter and increases ESR1 transcription
1412,KMT2D,ESR1,positive,T47D,unsupported,-,,"KMT2D helps establish chromatin conditions that permit recruitment/occupancy of ERα, but it does not affect ESR1 itself."
1413,PGR,ESR1,positive,T47D,unsupported,-,,Only the ligand-free progesterone receptor has a positive effect on ESR1. The ligand-bound PGR binds ESR1 and redirects ERα chromatin binding and transcriptional activity.
1414,FAS,FADD,positive,T47D,direct,1,regulates,protein-protein interaction. Ligand-activated FAS/CD95 recruits FADD directly through a death-domain–death-domain interaction.
1415,TRADD,FADD,positive,T47D,direct,1,regulates,"protein-protein interaction. TRADD binds FADD through their death domains (DDs), which then allows FADD to recruit procaspase-8."
1416,AKT,FAS,negative,T47D,assumption,4,,"AKT suppresses the broader death-receptor/apoptotic program, but there is no mechanistic or causal evidence of AKT inhibiting FAS."
1417,FASLG,FAS,positive,T47D,direct,1,necessary,ligand-receptor binding
1418,p53,FAS,positive,T47D,direct,1,regulates,"regulation of transcription. The FAS gene contains a high-affinity p53-responsive element in its first intron. Wild-type p53 binds this element, and reporter experiments showed that it strongly increases FAS transcription."
1419,FASLG,FASLG,positive,T47D,indirect,2,,"There is no evidence of direct FASL self-regulation but there is a positive feedback loop mediated by FAS, CASP8/3, MAPK8."
1420,FOXO3,FASLG,positive,T47D,direct,1,regulates,regulation of transcription. FOXO3 binds forkhead-response elements in the FASLG promoter and activates FASL transcription; constitutively active FOXO3 increases FASL promoter activity
1421,p53,FASLG,positive,T47D,indirect,2,,causal effect. There is good perturbational evidence that functional p53 can increase FASLG expression.
1422,AKT,FOXO1,negative,T47D,direct,1,regulates,"phosphorylation. AKT phosphorylates FOXO1 at several regulatory residues. These promote binding to 14-3-3 proteins and retention in the cytoplasm, which decreases FOXO1 transcriptional activity"
1423,SGK1,FOXO1,negative,T47D,direct,1,regulates,"phosphorylation. SGK1 directly phosphorylates FOXO1 at canonical regulatory sites; these events promote interaction with 14-3-3 proteins, nuclear exclusion, and loss of FOXO1 transcriptional activity."
1424,AKT,FOXO3,negative,T47D,direct,1,regulates,"phosphorylation. AKT phosphorylates FOXO1 at several regulatory residues. These promote binding to 14-3-3 proteins and retention in the cytoplasm, which decreases FOXO1 transcriptional activity"
1425,WNT1,FZD,positive,T47D,unsupported,-,,"WNT1 activates several FZD receptors, but receptor-specific functional assays do not support FZD3 and instead implicate FZD4, FZD5 or FZD8,  depending on context."
1426,STAT1,GATA3,negative,T47D,direct in the network sense,1,regulates,"STAT1 is required for efficient IFNγ-dependent induction of T-bet, and T-bet then antagonizes GATA3. T-bet is not in the network."
1427,EGFR,GRB2,positive,T47D,direct,1,regulates,protein-protein interaction. Activated EGFR recruits the adaptor protein GRB2.
1428,HER2,GRB2,positive,T47D,direct,1,regulates,"protein-protein interaction. Activated, tyrosine-phosphorylated HER2 (ERBB2) physically recruits GRB2: the SH2 domain of GRB2 binds directly to phosphotyrosine-containing sites on HER2."
1429,IRS1,GRB2,positive,T47D,direct,1,regulates,"protein-protein interaction. GRB2 directly binds phosphorylated IRS1 through its SH2 domain, recruiting the GRB2–SOS machinery"
1430,SRC,GRB2,positive,T47D,direct,1,regulates,phosphorylation. SRC phosphorylates GRB2 at Y160. That phosphorylation shifts GRB2 away from its inactive dimeric state toward the monomeric signaling-competent state.
1431,INSR,GRB7,positive,T47D,direct,1,regulates,"protein-protein interaction. After activated INSR becomes tyrosine-phosphorylated, the adaptor protein GRB7 binds it through its SH2 domain."
1432,PRKACA,GRB7,negative,T47D,unsupported,-,,There is no evidence of PRKACA–GRB7 binding or causal effect. This may be a mis-annotation as no corresponding interaction found in current or historical SIGNOR releases.
1433,AKT,GSK3B,negative,T47D,direct,1,regulates,"phosphorylation. AKT directly phosphorylates GSK3β at Ser9, which inhibits GSK3β kinase activity."
1434,ERK,GSK3B,negative,T47D,direct in the network sense,1,regulates,"phosphorylation. ERK binds GSK3β and phosphorylates it and primes it for subsequent Ser9 phosphorylation by RSK, which then inhibits GSK3β activity. RSK itself is activated by ERK. RSK is not part of the model."
1435,ESR1,HER2,positive,T47D,unsupported,-,,"This edge is contradicted by experimental evidence that estrogen–ERα reduces HER2 mRNA and protein, primarily through transcriptional repression."
1436,FOXO3,HER2,positive,T47D,direct,1,regulates,regulation of transcription. FOXO3a directly binds the ERBB2/HER2 promoter and activates its transcription.
1437,HER3,HER2,positive,T47D,replaced,,,The HER2-HER3 heterodimer formation is represented with a separate HER2HER3c node. HER3 does not have any effect on HER2 outside of heterodimer formation. This edge is replaced by a HER2->HER2HER3c edge.
1438,HER2,HER3,positive,T47D,replaced,,,"The effect of HER2 on HER3 is through HER2-HER3 heterodimer formation, which is represented by the HER2HER3c node. This edge is replaced by a HER2->HER2HER3c edge."
1439,NRG1,HER3,positive,T47D,direct,1,regulates,ligand-receptor binding
1440,NICD,HES1,positive,T47D,direct,1,regulates,"regulation of transcription. NICD binds the DNA-bound transcription factor RBPJ/CSL, converting it to an activating complex. Together with co-activators they activate the transcription of HES1."
1441,NICD,HEY1,positive,T47D,direct,1,regulates,"regulation of transcription. NICD binds the DNA-bound transcription factor RBPJ/CSL, converting it to an activating complex. Together with co-activators they activate the transcription of HEY1."
1442,NF1,HRAS,negative,T47D,direct,1,regulates,"protein-protein interaction. NF1 (neurofibromin) is a Ras GTPase-activating protein (Ras-GAP), which accelerates RAS intrinsic GTP hydrolysis and converts it into the GDP-bound inactive state."
1443,PIP3,HRAS,positive,T47D,indirect,2,,causal effect likely mediated by PIP3-responsive Ras regulatory complex/GEF
1444,SOS1,HRAS,positive,T47D,direct,1,regulates,"protein-protein interaction. SOS1 directly binds HRAS and acts as a guanine-nucleotide exchange factor (GEF), promoting release of GDP so that GTP can bind. This converts RAS into its active GTP-bound state."
1445,ESR1,HSP90AA1,positive,T47D,correlation,3,,"In human breast tumors high HSP90 expression is associated with high estrogen-receptor expression. HSP90 chaperones ERα/ESR1, helping maintain the receptor in a ligand-responsive conformation."
1446,PDK1_pm,HSP90AA1,negative,T47D,unsupported,-,,"HSP90 physically associates with PDK1 through the PDK1 kinase domain, but this binding affects PDK1, not HSP90."
1447,ESR1,IGF1R,positive,T47D,indirect,2,,"ERα binds regulatory regions of the IGF1R gene, often together with other transcription factors/cofactors. Estrogen/ER signaling increases IGF1R expression in ER-positive breast-cancer cells. Because there is a separate node denoting ER transcription regulatory activity, this edge is categorized indirect."
1448,FOXO3,IGF1R,positive,T47D,indirect,2,,"causal effect. Activated FOXO3 increases IGF1R mRNA and protein expression, and FOXO knockdown decreases IGF1R expression. The exact mechanism is not known."
1449,IGF1,IGF1R,positive,T47D,direct,1,regulates,ligand-receptor binding. 
1450,NOS3,IL1B,positive,T47D,unsupported,-,,This edge is not supported by evidence; instead an indirect negative effect has more support.
1451,RELA,IL1B,positive,T47D,replaced,,,Activated RELA/p65-containing NF-κB complexes bind the IL1B promoter/regulatory regions and activate IL1B transcription.  We replace this edge with an NFKB->IL1B edge to follow the general principle of attributing interactions of a subunit of a protein complex to the complex.
1452,IL1B,IL6,positive,T47D,indirect,2,,"causal effect mediated by IRAK, NFKB"
1453,IL6,IL6,positive,T47D,indirect,2,,"There is an indirect positive feedback loop mediated by IL6R, STAT3."
1454,IL6,IL6R,positive,T47D,direct,1,necessary,ligand-receptor binding
1455,STAT3,IL6R,positive,T47D,direct,1,regulates,"regulation of transcription. STAT3 binds to an AGG element in the IL6R promoter, and promotes IL6 transcription."
1456,STAT5,IL8,positive,T47D,direct,1,regulates,"regulation of transcription. STAT5, espectially STAT5B binds to CXCL8/IL8 regulatory DNA and promotes IL8 transcription."
1457,FOXO3,INSR,positive,T47D,indirect,2,,"causal effect. In BT474 cells, AKT inhibition, which is known to upregulate FOXO3, caused increased expression of several RTKs, including INSR."
1458,INS,INSR,positive,T47D,direct,1,regulates,ligand-receptor binding
1459,IGF1R,IRS1,positive,T47D,direct,1,regulates,"phosphorylation. Activated IGF1R physically recruits IRS1 and directly phosphorylates it on tyrosine residues, generating docking sites for SH2-domain-containing signaling proteins."
1460,INSR,IRS1,positive,T47D,direct,1,regulates,phosphorylation. Activated INSR recruits IRS1 and phosphorylates IRS1 on multiple tyrosine residues. Those phosphotyrosines then serve as docking sites for downstream signaling proteins.
1461,S6K,IRS1,negative,T47D,direct,1,regulates,"phosphorylation. S6K1 directly phosphorylates IRS1 on serine residues, which decreases IRS1 signaling competence"
1462,mTORC1,EIF4EBP1,negative,T47D,direct,1,regulates,"phosphorylation. mTORC1 directly phosphorylates 4E-BP1/EIF4EBP1 at multiple sites. This causes 4E-BP1 to lose affinity for eIF4E, thereby disabling its translational-repressor function."
1463,ABL1,JAK2,positive,T47D,direct,1,regulates,phosphorylation. c-Abl/ABL1 directly interacts with JAK2 and promotes its yrosine phosphorylation and activation
1464,IL6R,JAK2,positive,T47D,direct,1,regulates,protein-protein interaction. JAK2 is physically associated with the GP130 subunit of the receptor complex; receptor activation directly causes JAK activation.
1465,IL8,JAK2,positive,T47D,unsupported,-,,"IL-8 (CXCL8) signals through the GPCRs CXCR1 and CXCR2, not through a JAK-associated cytokine receptor."
1466,IRS1,JAK2,positive,T47D,assumption,4,,There is a JAK2->IRS1 relationship but no evidence to support this edge.
1467,ERK,JUN,positive,T47D,indirect,2,,"causal effect on JUN stability mediated by GSK3B, there also is an indirect effect on JUN transcription."
1468,MAPK8,JUN,positive,T47D,direct,1,regulates,"phosphorylation. MAPK8/JNK1 directly phosphorylates JUN in its N-terminal transactivation domain, which increases JUN transcriptional activity and AP-1 function."
1469,PPARG,JUN,positive,T47D,unsupported,-,,Activated PPARγ can suppress JUN (AP-1)-dependent transcription through protein–protein/cofactor mechanisms. There is no evidence of a positive functional effect.
1470,RELA,JUN,positive,T47D,unsupported,-,,This edge is contradicted by causal evidence that inhibition of endogenous NF-κB increased c-JUN synthesis.
1471,AKT,KMT2D,negative,T47D,direct,1,regulates,phosphorylation. AKT phosphorylates KMT2D at Ser1331; this reduces KMT2D chromatin recruitment/function and consequently suppresses KMT2D-dependent ER transcriptional activity.
1472,PAX7,KMT2D,positive,T47D,unsupported,-,,"This edge is not supported by functional evidence. PAX7 binds KMT2D and recruits it to PAX target loci. This is a PAX-specific effect and not a functional activation of KMT2S. In particular, it does not influence KMT2D's participation in ESR1 transcriptional activity. "
1473,EGFR,KRT14,positive,T47D,indirect,2,,causal effect mediated by the MAPK pathway and JUN
1474,PAK2,KRT14,positive,T47D,assumption,4,,This edge is not supported by mechanistic or causal evidence. PAK2's established regulation of other intermediate-filament proteins makes the interaction mechanistically conceivable.
1475,LCK,LATS1,positive,T47D,unsupported,-,,This edge is contradicted by the evidence of a lack of direct or indirect effect of LCK on LATS1. 
1476,NF2,LATS1,positive,T47D,direct,1,regulates,"protein-protein interaction. Merlin (NF2) directly binds LATS1/2 through its FERM domain and recruits LATS to the plasma membrane, where it is phosphorylated by the MST1/2–SAV1 complex, then autophosphorylates and reaches full activity."
1477,AKT,LCK,negative,T47D,unsupported,-,,"As  the opposite direction and sign, LCK -> AKT, is supported., and there is no support for a negative feedback effect, this edge is unsupported."
1478,ERK,LCK,positive,T47D,unsupported,-,,"ERK phosphorylate LCK at Ser59, but the literature describes this phosphorylation as inhibitory/modulatory, not activating."
1479,RAC1,MAPK8,positive,T47D,indirect,2,,"causal effect; constitutively active RAC1 strongly activates JNK (MAPK8), whereas dominant-negative RAC1 blocks JNK activation induced by upstream stimuli."
1480,RND1,MAPK8,positive,T47D,unsupported,-,,"There is no mechanistic or causal evidence of a positive effect. On the contrary, the well-established signaling effect of RND1 is suppression of Ras–MAPK signaling."
1481,ERK,MCL1,positive,T47D,direct,1,regulates,"phosphorylation. ERK1/2 phosphorylates MCL1, which stabilizes MCL1 and increases its anti-apoptotic activity. ERK1/2 also has indirect effects on MCL1 transcription and translation."
1482,GSK3B,MCL1,negative,T47D,direct in the network sense,1,regulates,"phosphorylation. GSK3B phosphorylates MCL1. This creates/promotes a phosphodegron that is recognized by ubiquitin ligases, leading to MCL1 ubiquitination and proteasomal degradation."
1483,AKT,MDM2,positive,T47D,direct,1,regulates,"phosphorylation. AKT phosphorylates MDM2, particularly at Ser166 and Ser186. This phosphorylation promotes MDM2 nuclear localization and its effect on p53."
1484,p53,MDM2,positive,T47D,direct,1,regulates,regulation of transcription. p53 binds response elements associated with the inducible P2 promoter of MDM2 and increases MDM2 transcription.
1485,RAF1,MEK,positive,T47D,direct,1,necessary,phosphorylation. RAF1 (c-RAF) directly phosphorylates MEK1/2 (MAP2K1/2) on their activating serine residues. This activates MEK kinase activity.
1486,IGF1,mTORC1,positive,T47D,indirect,2,,"causal effect mediated by IGFR, PI3K, AKT"
1487,NRG1,mTORC1,positive,T47D,indirect,2,,"causal effect mediated by PI3K, AKT"
1488,PIM,mTORC1,positive,T47D,indirect,2,,causal effect mediated by PRAS40
1489,RHEB,mTORC1,positive,T47D,direct,1,regulates,"protein-protein interaction. RHEB directly binds mTORC1, and allosterically activates the mTOR kinase."
1490,PIP3,mTORC2_pm,positive,T47D,direct,1,necessary,"protein-protein interaction. The SIN1/MAPKAP1 subunit of mTORC2 contains a PH domain that directly binds PIP3, recruiting mTORC2 to the plasma membrane and allowing it to phosphorylate substrates such as AKT. "
1491,S6K,mTORC2_pm,negative,T47D,indirect,2,,causal effect: active S6K reduces upstream PI3K signaling and thereby can reduce the plasma membrane-associated mTORC2 
1492,CTNNB1,MYC,positive,T47D,direct,1,regulates,"regulation of transcription. In canonical Wnt signaling, nuclear β-catenin forms a transcriptional complex with TCF/LEF factors, and this complex directly regulates MYC transcription through TCF-binding regulatory elements."
1493,EIF4,MYC,positive,T47D,indirect,2,,causal effect mediated by the node Translation
1494,ERK,MYC,positive,T47D,direct,1,regulates,"phosphorylation. ERK1/2 phosphorylates MYC, which increases MYC protein stability and can enhance its transcriptional activity."
1495,ESR1,MYC,positive,T47D,indirect,2,,"ERα occupies regulatory elements associated with the MYC locus and induces MYC transcription. Because there is a separate node ER_transcription, which activates MYC, this edge is classified as indirect."
1496,FOXO3,MYC,positive,T47D,unsupported,-,,"This edge is contradicted by multiple known indirect negative effects of FOXO3 on MYC, and by perturbation evidence that FOXO3 loss increases MYC target expression."
1497,GSK3B,MYC,negative,T47D,direct,1,regulates,"phosphorylation. GSK3B directly phosphorylates MYC; phosphorylated Thr58 is recognized through the FBXW7 ubiquitin-ligase pathway, leading to ubiquitination and proteasomal degradation of MYC."
1498,IGF1,MYC,positive,T47D,indirect,2,,causal effect mediated by multiple mechanisms that increase MYC abundance or activity
1499,JAK2,MYC,positive,T47D,indirect,2,,causal effect mediated by STAT3 or STAT5
1500,KMT2D,MYC,positive,T47D,indirect,2,,"causal effect mediated by ESR1, ER_transcription"
1501,NRG1,MYC,positive,T47D,indirect,2,,causal effect mediated by HER2/HER3 and the MAPK pathway
1502,PIM,MYC,positive,T47D,direct,1,regulates,"phosphorylation. PIM kinases, especially PIM1, phosphorylate MYC, which increases MYC protein stability and transcriptional activity."
1503,STAT3,MYC,positive,T47D,direct,1,regulates,regulation of transcription. STAT3 binds a regulatory region of the MYC promoter overlapping an E2F site and promotes MYC transcription.
1504,HES1,MYOD1,negative,T47D,direct,1,regulates,regulation of transcription. HES1 binds to regulatory sequences associated with the MYOD1 promoter and directly represses MYOD1 transcription.
1505,NF2,MYOD1,negative,T47D,assumption,4,,This edge is not supported by mechanistic or causal evidence.
1506,HEY1,MYOG,negative,T47D,direct,1,regulates,"regulation of transcription. HEY1 is a bHLH transcriptional repressor induced by Notch signaling, and suppresses MYOG/myogenin expression."
1507,MYOD1,MYOG,positive,T47D,direct,1,regulates,regulation of transcription. MYOD1 is a bHLH transcription factor that directly activates MYOG transcription.
1508,NOTCH1,NICD,positive,T47D,direct,1,necessary,NICD is a proteolytic product of activated NOTCH1.
1509,SGK1,NEDD4L,negative,T47D,direct,1,regulates,phosphorylation. SGK1 phosphorylates NEDD4L; this promotes binding to 14-3-3 proteins and inhibits NEDD4L's ability to interact with and ubiquitinate its substrates.
1510,TWIST1,NF1,negative,T47D,assumption,4,,"There is no mechanistic or causal evidence for this edge. There is evidence in the opposite direction, with NF1 loss promoting TWIST1."
1511,NEDD4L,NF2,positive,T47D,direct in the network sense,1,regulates,"AMOTL1 acts as a scaffold that brings NEDD4L to Merlin. NEDD4L ubiquitinates NF2/merlin, which promotes Merlin's interaction with LATS1."
1512,NOTCH1,NFKB,positive,T47D,indirect,2,,"causal effect mediated by NICD, IKB"
1513,AKT,NOS3,positive,T47D,direct,1,regulates,phosphorylation. AKT phosphorylates NOS3/eNOS; this increases eNOS enzymatic activity.
1514,HSP90AA1,NOS3,positive,T47D,direct,1,regulates,"protein-protein interaction. HSP90 directly associates with NOS3/eNOS, and that binding increases eNOS enzymatic activity"
1515,CTNNB1,NOTCH1,positive,T47D,indirect,2,,causal effect. Stabilized β-catenin can increase NOTCH1 expression and Notch signaling in several cellular contexts.
1516,DLL,NOTCH1,positive,T47D,direct,1,necessary,ligand-receptor binding
1517,LCK,NOTCH1,positive,T47D,assumption,4,,"LCK binds NOTCH1 and they co-occur in a NOTCH1, LCK, and PI3K complex. LCK is required for NOTCH1 mediated activation of AKT, but there is no evidence of LCK1 regulating NOTCH1."
1518,AKT,p21,negative,T47D,direct,1,regulates,"phosphorylation. AKT phosphorylates p21 (CDKN1A), which causes p21 to be retained/relocalized to the cytoplasm, reducing its nuclear inhibition of cyclin–CDK complexes."
1519,ERK,p21,negative,T47D,indirect,2,,"causal effect, mediated by MYC and possibly alternative mediators as well"
1520,MYC,p21,negative,T47D,indirect,2,,"causal effect. MYC interacts with transcription factors already associated with the CDKN1A (p21) promoter, particularly MIZ1 (ZBTB17), represssing CDKN1A transcription. As there is a separate p21_T node, this effect on the protein level is indirect."
1521,MDM2,p53,negative,T47D,direct,1,regulates,"MDM2 binds the N-terminal transactivation domain of p53, suppressing p53's transcriptional activity. MDM2 is also an E3 ubiquitin ligase for p53, promoting its ubiquitination, nuclear export, and proteasomal degradation."
1522,PDK1_pm,PAK1,positive,T47D,replaced,,,"PDK1 phosphorylates PAK1 and increases its kinase activity. Yet, this interaction does not require the PDK1 phosphoinositide-binding function. This edge is replaced by a PDK1_ic-> PAK1 edge."
1523,RAC1,PAK1,positive,T47D,direct,1,regulates,"protein-protein interaction. Active RAC1-GTP directly binds the PBD/CRIB domain of PAK1. This binding disrupts PAK1's autoinhibited conformation, permitting PAK1 autophosphorylation and activation of its kinase activity."
1524,TCF7L2,PAK1,positive,T47D,assumption,4,,This edge does not have causal or mechanistic support. The opposite direction is supported: PAK1 can regulate β-catenin signaling and thereby influence TCF/LEF-dependent transcription.
1525,RAC1,PAK2,positive,T47D,direct,1,regulates,"protein-protein interaction. Active RAC1-GTP directly binds the PBD/CRIB domain of PAK2. This binding disrupts PAK2's autoinhibited conformation, permitting PAK2 autophosphorylation and activation of its kinase activity."
1526,SRC,PAK2,positive,T47D,indirect,2,,causal effect mediated by adaptor proteins and RAC1
1527,MYOG,PAX7,negative,T47D,correlation,3,,PAX7 is downregulated as MYOG/myogenin rises during myogenic differentiation. 
1528,IGF1R,PDK1_pm,positive,T47D,indirect,2,,"causal effect mediated by PI3K, PIP3"
1529,PIP3,PDK1_pm,positive,T47D,direct,1,necessary,protein-protein interaction. PIP3 recruits PDK1 to the plasma membrane.
1530,ERK,PGR,negative,T47D,unsupported,-,,"ERK phosphorylates of PRB at Ser294, and this makes PR more transcriptionally active, more nuclear, and more responsive to ligand, even though it also accelerates ligand-dependent receptor turnover."
1531,ESR1,PGR,negative,T47D,unsupported,-,,"Contrary to this assumption, ESR1 upregulates the transcription of PGR."
1532,PG,PGR,positive,T47D,direct,1,regulates,ligand-receptor binding
1533,EGFR,PI3K,positive,T47D,direct,1,regulates,protein-protein interaction. Activated EGFR recruits the p85 regulatory subunit of class IA PI3K into a receptor-associated complex
1534,ESR1,PI3K,positive,T47D,direct,1,regulates,protein-protein interaction. The estrogen receptor ERα (ESR1) physically associates with the p85 regulatory subunit of PI3K.
1535,IGF1R,PI3K,positive,T47D,indirect,2,,causal effect mediated by IRS1
1536,IRS1,PI3K,positive,T47D,direct,1,regulates,protein-protein interaction. phosphorylated IRS1 proteins bind the p85 regulatory subunit of PI3K.
1537,NFKB,PIM,positive,T47D,assumption,4,,The reverse direction PIM1->RELA/NFκB is strongly supported; evidence for NFκB->PIM1 is lacking.
1538,PI3K,PIP3,positive,T47D,direct,1,regulates,PI3K catalyzes the reaction that produces PIP3.
1539,PTEN,PIP3,negative,T47D,direct,1,regulates,PTEN dephosphorylates PIP3
1540,CEBPB,PPARG,positive,T47D,direct,1,regulates,regulation of transcription. C/EBPβ (CEBPB) is a transcription factor that directly binds regulatory regions of the PPARG gene and promotes its transcription.
1541,GATA3,PPARG,negative,T47D,direct,1,regulates,regulation of transcription. GATA3 binds the PPARG promoter and represses its transcription.
1542,CYCLINDc,RB,negative,T47D,indirect,2,,"The Cyclin D–CDK4/6 complex directly phosphorylates RB, which leads to a decrease in the hypophosphorylated RB. As pRB is a separate node of the network, we consider this edge indirect."
1543,STK11,PRKAA2,positive,T47D,direct,1,regulates,"phosphorylation. STK11 (LKB1) directly phosphorylates the AMPK α catalytic subunit (PRKAA2) at the critical activation-loop residue Thr172, thereby activating AMPK."
1544,AKT,PRKACA,positive,T47D,assumption,4,,"This assumed edge is not supported by experimental evidence. There is evidence for the other direction, PRKACA->AKT."
1545,WNT1,PRKACA,positive,T47D,assumption,4,,"There is cross-talk between Wnt and PKA, but the direction is usually discussed as PKA regulating Wnt/β-catenin signaling, not WNT1 activating PRKACA."
1546,S6K,PTEN,positive,T47D,unsupported,-,,"There is no evidence to support a positive effect. Instead, there is evidence of a negative effect: mTOR/S6K signaling promotes PTEN phosphorylation at Thr366, which can increase PTEN ubiquitination and degradation."
1547,SRC,PTEN,negative,T47D,indirect,2,,causal effect. Src-family kinases inhibit PTEN function via an unknown mediator.
1548,AKT,RAC1,negative,T47D,direct,1,regulates,"phosphorylation. AKT phosphorylates RAC1, which reduces RAC1's GTP-binding activity."
1549,DVL1,RAC1,positive,T47D,direct in the network sense,1,regulates,Dishevelled proteins can cause activation of RAC1 by engaging RAC1 GEF proteins such as TIAM1. These are not in the network.
1550,PI3K,RAC1,positive,T47D,indirect,2,,causal effect mediated by PIP3  and Rac guanine-nucleotide exchange factors
1551,HRAS,RAF1,positive,T47D,direct,1,regulates,protein-protein interaction. GTP-bound HRAS directly binds RAF1 through RAF1's Ras-binding domain. This recruits RAF1 to the plasma membrane and promotes the conformational changes needed for RAF1 activation.
1552,RAS,RAF1,positive,T47D,direct,1,regulates,protein-protein interaction. RAS-GTP directly binds RAF1 (c-RAF) through RAF1's RAS-binding domain and cysteine-rich domain. This recruits RAF1 to the plasma membrane and is an essential step in RAF1 activation.
1553,PIP3,RAS,positive,T47D,assumption,4,,"There is some evidence that PI3K signaling can enhance RAS activation, supporting this assumption."
1554,SOS1,RAS,positive,T47D,direct,1,regulates,"protein-protein interaction. SOS1 directly binds RAS and acts as a guanine-nucleotide exchange factor (GEF), promoting release of GDP so that GTP can bind. This converts RAS into its active GTP-bound state."
1555,NFKB,RELA,positive,T47D,,0,necessary,RELA is the transcriptionally active p65 NF-κB subunit.
1556,PIM,RELA,positive,T47D,direct,1,regulates,"phosphorylation. PIM1 phosphorylates RELA/p65 at Ser276. This phosphorylation reduces ubiquitin-mediated degradation of RELA, stabilizes the protein, and enhances its transcriptional activity."
1557,TSC2,RHEB,negative,T47D,direct,1,regulates,"protein-protein interaction. TSC2 (as part of the TSC complex) directly acts on RHEB-GTP, stimulates its GTP hydrolysis, which decreases functional RHEB activity."
1558,DVL1,RND1,positive,T47D,unsupported,-,,RND1 is unlike other Rho-family proteins because it is essentially constitutively GTP-bound. There is no causal or mechanistic evidence of DVL1 regulating RND1.
1559,GRB7,RND1,positive,T47D,unsupported,-,,"GRB7 binding to RND1 was observed but no functional effect was documented. RND1 is essentially constitutively GTP-bound, thus there is no support of its activation by RND1."
1560,ERK,S6K,positive,T47D,direct,1,regulates,"phosphorylation. ERK phosphorylates S6K, contributing to its activation."
1561,mTORC1,S6K,positive,T47D,direct,1,regulates,phosphorylation. mTORC1 phosphorylates S6K. This phosphorylation is essential for efficient S6K1 activation; full activation is done by PDK1.
1562,mTORC1,SGK1,positive,T47D,unsupported,-,,"There is strong evidence that mTORC2 activates SGK1, but this is done by components of mTORC2 that mTORC1 does not contain. Studies that separate mTORC1 from mTORC2 established a lack of effect from mTORC1 to SGK1, e.g. rapamycin suppressed S6K but not SGK1 phosphorylation/activity, including in MCF-7 breast-cancer cells."
1563,mTORC2_pm,SGK1,positive,T47D,replaced,,,"Intracellular mTORC2 directly phosphorylates the SGK1 hydrophobic-motif site Ser422, enabling subsequent activation by PDK1. This edge is replaced by the mTORC2_ic-> SGK1 edge."
1564,PDK1_pm,SGK1,positive,T47D,replaced,,,"Intracellular PDK1 phosphorylates SGK1 at Thr256 in its activation loop, producing full kinase activation after the hydrophobic-motif site (Ser422) has been phosphorylated by mTORC2. This edge is replaced by the PDK1_ic-> SGK1 edge."
1565,GRB2,SOS1,positive,T47D,direct,1,regulates,"protein-protein interaction. GRB2 acts as an adaptor: its SH3 domains bind proline-rich sequences in SOS1, while its SH2 domain connects the GRB2–SOS1 complex to phosphorylated receptor/adaptor proteins."
1566,PRKACA,SRC,positive,T47D,assumption,4,,"PRKACA phosphorylates SRC, but the functional effect of this phosphorylation is insufficiently established."
1567,EGFR,STAT1,positive,T47D,direct,1,regulates,"phosphorylation.  EGFR phosphorylates STAT1 at Tyr701. The phosphorylated STAT1 molecules form SH2-domain-mediated dimers, which bind STAT1-responsive DNA elements, and regulate transcription.It also activates it indirectly through JAK1 or interferon production. "
1568,JAK2,STAT1,positive,T47D,direct,1,regulates,"phosphorylation. Activated JAK2 directly phosphorylates STAT1, which promotes STAT1 dimerization, nuclear translocation, DNA binding, and transcriptional activity."
1569,SRC,STAT1,positive,T47D,direct,1,regulates,"phosphorylation. SRC directly phosphorylates STAT1, including the canonical activating residue Tyr701. This phosphorylation promotes STAT1 dimerization, nuclear translocation, DNA binding, and transcriptional activity."
1570,IL1B,STAT3,positive,T47D,indirect,2,,"causal effect mediated by IL6, IL6R"
1571,JAK2,STAT3,positive,T47D,direct,1,regulates,"phosphorylation. Activated JAK2 directly phosphorylates STAT3, which promotes STAT3 dimerization, nuclear translocation, DNA binding, and transcriptional activity."
1572,MAPK8,STAT3,positive,T47D,unsupported,-,,"MAPK8/JNK can directly phosphorylate STAT3 at Ser727, but this is not the canonical STAT3 activation that leads to dimerization and DNA binding. The functional effects of this phosphorylation are not clear; there is evidence of a negative effect."
1573,SRC,STAT3,positive,T47D,direct,1,regulates,"phosphorylation. SRC physically associates with STAT3 and directly phosphorylates STAT3 at Tyr705. This phosphorylation promotes STAT3 dimerization, nuclear translocation, DNA binding, and transcriptional activity."
1574,JAK2,STAT5,positive,T47D,direct,1,regulates,"phosphorylation. Activated JAK2 directly phosphorylates STAT5, which promotes STAT5 dimerization, nuclear translocation, DNA binding, and transcriptional activity."
1575,ERK,STK11,negative,T47D,indirect,2,,"causal effect, mediated by an unknown kinase."
1576,FOXO3,STK11,positive,T47D,indirect,2,,causal effect with unknown mediator(s).
1577,CTNNB1,TCF7L2,positive,T47D,direct,1,regulates,protein-protein interaction. β-catenin directly binds TCF7L2 through the N-terminal β-catenin-binding domain of TCF7L2. This physical interaction converts TCF7L2 from a repressor/cofactor-bound state into a transcriptionally active β-catenin–TCF7L2 complex
1578,JUN,TCF7L2,positive,T47D,direct,1,regulates,regulation of transcription. AP-1/c-JUN promotes TCF7L2 transcription.
1579,YAP1,TEAD1,positive,T47D,direct,1,regulates,"protein-protein interaction. YAP1  physically binds TEAD1–4, and the YAP–TEAD complex drives transcription of many canonical Hippo-pathway target genes."
1580,KRT14,TRADD,negative,T47D,direct,1,regulates,protein-protein interaction. KRT14 (Keratin) 14 directly binds  and sequesters TRADD.
1581,AKT,TSC2,negative,T47D,direct,1,regulates,"phosphorylation. AKT phosphorylates TSC2 (tuberin) at multiple sites, inhibiting the TSC1–TSC2 complex's GAP activity."
1582,ERK,TSC2,negative,T47D,direct in the network sense,1,regulates,"ERK phosphorylates RSK, which phosphorylates TSC2 at inhibitory sites such as Ser1798. RSK is not in the network."
1583,GSK3B,TSC2,positive,T47D,direct,1,regulates,"phosphorylation. GSK3β phosphorylates TSC2, this (together with priming by AMPK) increases TSC2's ability to inhibit mTOR signaling."
1584,PRKAA2,TSC2,positive,T47D,direct,1,regulates,phosphorylation. Activated PRKAA2 (AMPK) directly phosphorylates TSC2; this activates the TSC1–TSC2 complex.
1585,ERK,TWIST1,positive,T47D,direct,1,regulates,"phosphorylation. ERK1/2 phosphorylates TWIST1 at Ser68. This phosphorylation protects TWIST1 from ubiquitination and proteasomal degradation, increasing TWIST1 protein stability"
1586,ABL1,YAP1,positive,T47D,unsupported,-,,"ABL1 phosphorylates YAP at Y357, but this supresses the ability of YAP to activate TEAD, resulting in the opposite sign."
1587,LATS1,YAP1,negative,T47D,direct,1,regulates,"phosphorylation. LATS1 phosphorylates YAP1 at Ser127. That phosphorylation promotes 14-3-3 binding and cytoplasmic retention of YAP1, reducing YAP1 nuclear transcriptional activity."