Regulator,Target,Sign in BBM,Model,Sign,Classification,Confidence rank,Constraint,Notes
AKT,AKT,positive,BL,positive,unsupported,,,this inferred self-regulation is not supported by experimental evidence
EGFR,AKT,positive,BL,positive,indirect,2,,"causal effect mediated by PI3K, others"
HER2,AKT,positive,BL,positive,indirect,2,,"causal effect mediated by PI3K, others"
HER3,AKT,positive,BL,positive,indirect,2,,"causal effect mediated by PI3K, others"
PTEN,AKT,negative,BL,negative ,indirect,2,,mediated by PIP3
CyclinB1,CyclinB1,positive,BL,,,,,
EGFR,CyclinB1,positive,BL,,,,,
HER3,CyclinB1,positive,BL,,,,,
p53,CyclinB1,negative,BL,,,,,
AKT,CyclinD,positive,BL,positive,indirect,2,,causal effect mediated by GSK3B
CyclinD,CyclinD,positive,BL,positive,unsupported,,,This inferred self-regulation is not supported by experimental evidence.
ERK,CyclinD,positive,BL,positive,indirect,2,,causal effect mediated by JUN and other transcription factors that upregulate CCND1 transcription.
GSK3B,CyclinD,negative,BL,negative,direct,1,regulates,"GSK3B directly phosphorylates Cyclin D1 at Thr286, promoting its nuclear export and degradation."
RPS6,CyclinD,positive,BL,,,,,
EGFR,EGFR,positive,BL,,,,,
erlotinib,EGFR,negative,BL,,,,,
pertuzumab,EGFR,negative,BL,negative,indirect,2,,pertuzumab binds the extracellular domain II of HER2 and inhibits EGFR-HER2 heterodimerization. This is an indirect effect on EGFR.
stimulus,EGFR,positive,BL,positive,correlation,3,,this inferred edge is consistent with evidence that growth factors in a growth medium lead to AKT activation
HER2,HER2,positive,BL,positive,direct,1,regulates,homodimerization of HER2 receptors leads to their trans-phosphorylation and activation
erlotinib,HER2,negative,BL,,,,,
pertuzumab,HER2,negative,BL,negative ,direct,1,regulates,pertuzumab is a monoclonal antibody that binds the extracellular domain II of HER2.
stimulus,HER2,positive,BL,positive,correlation,3,,This proteomics-inferred edge is consistent with evidence that growth factors in a growth medium lead to AKT activation
trastuzumab,HER2,negative,BL,,,,,This assumed effect between the two process nodes was replaced by a refined assumption in the Z21 model.
HER3,HER3,positive,BL,,,,,
PTEN,HER3,negative,BL,,,,,
RPS6,HER3,positive,BL,,,,,
erlotinib,HER3,negative,BL,,,,,
pertuzumab,HER3,negative,BL,negative ,unsupported,,,"pertuzumab does not act on HER3 but on the HER2-HER3 complex, which is a separate node."
stimulus,HER3,positive,BL,positive,correlation,3,,This proteomics- inferred edge is consistent with evidence that growth factors in a growth medium lead to AKT activation
ERK,ERK,positive,BL,,,,,
RAF1,ERK,positive,BL,,,,,
AKT,FOXO1FOXO3,negative,BL,negative ,direct,1,regulates,"FOXO1FOXO3 unites the FOXO1 and FOXO3 nodes, which are represented separately in other models. The direct effect of AKT on both FOXO1 and FOXO3 translates to a direct effect on FOXO1FOXO3."
FOXO1FOXO3,FOXO1FOXO3,positive,BL,positive,unsupported,,,This inferred self-regulation is not supported by evidence;  neither FOXO1 nor FOXO3 has functional self regulation.
CyclinD,GSK3B,positive,BL,,,,,
GSK3B,GSK3B,positive,BL,,,,,
p53,GSK3B,positive,BL,,,,,
AKT,PRAS40,negative,BL,,,,,
PRAS40,PRAS40,positive,BL,,,,,
GSK3B,PTEN,negative,BL,,,,,
PTEN,PTEN,positive,BL,,,,,
CyclinD,RB,negative,BL,,,,,
NFKB,RB,positive,BL,,,,,
RB,RB,positive,BL,,,,,
RPS6,RPS6,positive,BL,,,,,
S6K,RPS6,positive,BL,,,,,
AKT,TSC2,negative,BL,negative ,direct,1,,"AKT phosphorylates TSC2 (tuberin) at multiple sites, inhibiting the TSC1–TSC2 complex's GAP activity."
ERK,TSC2,negative,BL,,,,,
GSK3B,TSC2,negative,BL,,,,,
TSC2,TSC2,positive,BL,,,,,
GSK3B,JUN,negative,BL,,,,,
JUN,JUN,positive,BL,,,,,
EGFR,RAF1,positive,BL,,,,,
HER2,RAF1,positive,BL,positive,indirect,2,,causal effect mediated by adaptor proteins and RAS
ERK,RAF1,negative,BL,,,,,
RAF1,RAF1,positive,BL,,,,,
AKT,p38,positive,BL,positive,correlation,3,,This observed correlation is consistent with crosstalk between the Pi3K/AKT and p38 MAPK pathway.
p38,p38,positive,BL,,,,,
CyclinB1,p53,positive,BL,,,,,
PTEN,p53,positive,BL,,,,,
RB,p53,positive,BL,,,,,
p38,p53,positive,BL,,,,,
p53,p53,positive,BL,,,,,
stimulus,p53,positive,BL,positive,unsupported,,,This proteomics-inferred edge is not supported by evidence.
ERK,S6K,positive,BL,,,,,
NFKB,S6K,negative,BL,,,,,
PRAS40,S6K,negative,BL,,,,,
TSC2,S6K,negative,BL,negative ,indirect,2,,"causal effect, mediated by RHEB and mTORC1"
S6K,S6K,positive,BL,,,,,
AKT,AKT,positive,HL,positive,unsupported,,,AKT functional self-regulation is not supported by experimental evidence
CyclinB1,AKT,positive,HL,positive,correlation,3,,this inferred edge is supported by perturbation evidence but the mechanism is not clear
EGFR,AKT,positive,HL,positive,indirect,2,,"causal effect mediated by PI3K, PIP3"
HER2,AKT,positive,HL,positive,indirect,2,,"causal effect mediated by PI3K, others"
HER3,AKT,positive,HL,positive,indirect,2,,"causal effect mediated by PI3K, others"
PTEN,AKT,negative,HL,negative ,indirect,2,,mediated by PIP3
CyclinB1,CyclinB1,positive,HL,,,,,
p53,CyclinB1,negative,HL,,,,,
AKT,CyclinD,positive,HL,positive,indirect,2,,causal effect mediated by GSK3B
CyclinD,CyclinD,positive,HL,positive,unsupported,,,This inferred self-regulation is not supported by experimental evidence.
ERK,CyclinD,positive,HL,positive,indirect,2,,causal effect mediated by JUN and other transcription factors that upregulate CCND1 transcription.
JUN,CyclinD,positive,HL,,,,,
S6K,CyclinD,positive,HL,,,,,
EGFR,EGFR,positive,HL,,,,,
HER3,EGFR,positive,HL,,,,,
JUN,EGFR,positive,HL,,,,,
erlotinib,EGFR,negative,HL,,,,,
pertuzumab,EGFR,negative,HL,negative ,indirect,2,,pertuzumab binds the extracellular domain II of HER2 and inhibits EGFR-HER2 heterodimerization
stimulus,EGFR,positive,HL,positive,correlation,3,,This proteomics-inferred edge is consistent with evidence that growth factors in a growth medium lead to AKT activation
HER2,HER2,positive,HL,positive,direct,1,regulates,homodimerization of HER2 receptors leads to their trans-phosphorylation and activation
erlotinib,HER2,negative,HL,,,,,
pertuzumab,HER2,negative,HL,negative,direct,1,regulates,pertuzumab is a monoclonal antibody that binds the extracellular domain II of HER2.
stimulus,HER2,positive,HL,positive,correlation,3,,This proteomics-nferred edge is consistent with evidence that growth factors in a growth medium lead to AKT activation
trastuzumab,HER2,negative,HL,,,,,
HER3,HER3,positive,HL,,,,,
RPS6,HER3,positive,HL,,,,,
erlotinib,HER3,negative,HL,,,,,
pertuzumab,HER3,negative,HL,negative,unsupported,,,"pertuzumab does not act on HER3 but on the HER2-HER3 complex, which is a separate node."
stimulus,HER3,positive,HL,positive,correlation,3,,This proteomics-inferred edge is consistent with evidence that growth factors in a growth medium lead to AKT activation
EGFR,ERK,positive,HL,,,,,
ERK,ERK,positive,HL,,,,,
RAF1,ERK,positive,HL,,,,,
AKT,FOXO1FOXO3,negative,HL,negative ,direct,1,regulates,"FOXO1FOXO3 unites the FOXO1 and FOXO3 nodes, which are represented separately in other models. The direct effect of AKT on both FOXO1 and FOXO3 translates to a direct effect on FOXO1FOXO3."
FOXO1FOXO3,FOXO1FOXO3,positive,HL,positive,unsupported,,,This inferred self-regulation is not supported by evidence;  neither FOXO1 nor FOXO3 has functional self regulation.
GSK3B,GSK3B,positive,HL,,,,,
p53,GSK3B,positive,HL,,,,,
AKT,PRAS40,negative,HL,,,,,
PRAS40,PRAS40,positive,HL,,,,,
JUN,PRAS40,positive,HL,,,,,
GSK3B,PTEN,negative,HL,,,,,
PTEN,PTEN,positive,HL,,,,,
RAF1,PTEN,positive,HL,,,,,
CyclinB1,RB,negative,HL,,,,,
RB,RB,positive,HL,,,,,
p53,RB,positive,HL,,,,,
RPS6,RPS6,positive,HL,,,,,
S6K,RPS6,positive,HL,,,,,
AKT,TSC2,negative,HL,negative,direct,1,,"AKT phosphorylates TSC2 (tuberin) at multiple sites, inhibiting the TSC1–TSC2 complex's GAP activity."
ERK,TSC2,negative,HL,,,,,
GSK3B,TSC2,negative,HL,,,,,
RB,TSC2,positive,HL,,,,,
TSC2,TSC2,positive,HL,,,,,
GSK3B,JUN,negative,HL,,,,,
JUN,JUN,positive,HL,,,,,
EGFR,RAF1,positive,HL,,,,,
HER2,RAF1,positive,HL,positive,indirect,2,,causal effect mediated by adaptor proteins and RAS
ERK,RAF1,negative,HL,,,,,
RAF1,RAF1,positive,HL,,,,,
AKT,p38,positive,HL,positive,correlation,3,,This observed correlation is consistent with crosstalk between the Pi3K/AKT and p38 MAPK pathway.
p38,p38,positive,HL,,,,,
CyclinB1,p53,positive,HL,,,,,
RB,p53,positive,HL,,,,,
p38,p53,positive,HL,,,,,
p53,p53,positive,HL,,,,,
ERK,S6K,positive,HL,,,,,
PRAS40,S6K,negative,HL,,,,,
TSC2,S6K,negative,HL,negative,indirect,2,,"causal effect, mediated by RHEB and mTORC1"
S6K,S6K,positive,HL,,,,,
AKT,AKT,positive,BS,positive,unsupported,,,this inferred self-regulation is not supported by experimental evidence
HER3,AKT,positive,BS,positive,indirect,2,,"causal effect mediated by PI3K, others"
PDK1_pm,AKT,positive,BS,positive,direct,1,regulates,membrane-associated PDK1 directly phosphorylates AKT
mTORC1,AKT,positive,BS,positive,unsupported,,,"This inferred edge is not supported by evidence; instead, there is a negative feedback effect"
EGF,EGFR,positive,BS,positive,direct,1,regulates,ligand-receptor binding
EGFR,EGFR,positive,BS,positive,direct,1,regulates,EGFR homodimers phosphorylate each other
PLCg,EGFR,positive,BS,positive,unsupported,,,"not supported by evidence, there is an indirect negative effect instead"
erlotinib,EGFR,negative,BS,negative,direct,1,regulates,erlotinib is a small molecule that binds the intracellular kinase domain of EGFR
pertuzumab,EGFR,negative,BS,negative,indirect,2,,pertuzumab binds the extracellular domain II of HER2 and inhibits EGFR-HER2 heterodimerization. This is an indirect effect on EGFR.
EGF,HER2,positive,BS,positive,indirect,2,,causal effect mediated by EGFR heterodimerization with HER2
HER2,HER2,positive,BS,positive,direct,1,regulates,homodimerization of HER2 receptors leads to their trans-phosphorylation and activation
HER3,HER2,positive,BS,positive,unsupported,,,The HER2-HER3 heterodimer formation is better represented with a separate HER2HER3c node
erlotinib,HER2,negative,BS,negative,direct,1,regulates,erlotinib is a small molecule that binds the intracellular kinase domain of HER2
pertuzumab,HER2,negative,BS,negative,direct,1,regulates,pertuzumab is a monoclonal antibody that binds the extracellular domain II of HER2.
trastuzumab,HER2,negative,BS,negative,direct,1,,trastuzumab is a monoclonal antibody binds the extracellular domain IV of HER2
HER3,HER3,positive,BS,positive,unsupported,,,this inferred self-regulation is not supported by experimental evidence
NRG1,HER3,positive,BS,positive,direct,1,regulates,ligand-receptor binding
erlotinib,HER3,negative,BS,negative,indirect,2,,indirect causal effect mediated by HER2 or another kinase
pertuzumab,HER3,negative,BS,negative,unsupported,,,"pertuzumab does not act on HER3 but on the HER2-HER3 complex, which is a separate node."
EGF,ERK,positive,BS,positive,indirect,2,,"causal effect mediated by EGFR, RAS, RAF, MEK"
ERK,ERK,positive,BS,positive,unsupported,,,this inferred self-regulation is not supported by experimental evidence
MEK,ERK,positive,BS,positive,direct,1,regulates,MEK1/2 directly binds and phosphorylates ERK1/2
pertuzumab,ERK,positive,BS,positive,unsupported,,,this inferred edge is not supported by experimental evidence
EGFR,MEK,positive,BS,positive,indirect,2,,"causal effect mediated by RAS, RAF"
HER2,MEK,positive,BS,positive,indirect,2,,"causal effect mediated by RAS, RAF"
HER3,MEK,positive,BS,positive,indirect,2,,"causal effect mediated by HER2HER3c, RAS, RAF"
MEK,MEK,positive,BS,positive,unsupported,,,this inferred self-regulation is not supported by experimental evidence
EGFR,PDK1_pm,positive,BS,positive,indirect,2,,"causal effect mediated by PI3K, PIP3"
HER2,PDK1_pm,positive,BS,positive,indirect,2,,"causal effect mediated by PI3K, PIP3"
HER3,PDK1_pm,positive,BS,positive,indirect,2,,"causal effect mediated by PI3K, PIP3"
MEK,PDK1_pm,positive,BS,positive,unsupported,,,This inferred edge is not supported by evidence
PDK1_pm,PDK1_pm,positive,BS,positive,unsupported,,,This inferred self-regulation is not supported by evidence
PKCa,PKCa,positive,BS,positive,unsupported,,,This inferred self-regulation is not supported by evidence
PLCg,PKCa,positive,BS,positive,direct in the network sense,1,,"mediated by DAG, which is not part of the network"
EGF,PLCg,positive,BS,positive,indirect,2,,causal effect mediated by EGFR
EGFR,PLCg,positive,BS,positive,direct,1,regulates,EGFR recruits PLCgamma1 and phosphorylates it
HER2,PLCg,positive,BS,positive,direct,1,regulates,Activated HER2 binds to PLCgamma1 and phosphorylates it.
HER3,PLCg,positive,BS,positive,unsupported,,,This inferred edge is not supported by experimental evidence
PLCg,PLCg,positive,BS,positive,unsupported,,,This inferred edge is not supported by experimental evidence
AKT,mTORC1,positive,BS,positive,indirect,2,,"causal effect mediated by PRAS40, TSC2"
mTORC1,mTORC1,positive,BS,positive,unsupported,,,"mTOR kinase undergoes autophosphorylation, but this does not have a functional effect"
pertuzumab,mTORC1,positive,BS,positive,unsupported,,,this inferred edge is not supported by evidence
AKT,S6K,positive,BS,positive,indirect,2,,this causal effect is mediated by mTORC1
ERK,S6K,positive,BS,positive,direct,1,regulates,"ERK phosphorylates S6K, contributing to its activation"
mTORC1,S6K,positive,BS,positive,direct,1,regulates,mTORC1 phosphorylates S6K
S6K,S6K,positive,BS,positive,unsupported,,,This inferred edge is not supported by experimental evidence
AKT,AKT,positive,HS,positive,unsupported,,,this inferred self-regulation is not supported by experimental evidence
HER3,AKT,positive,HS,positive,indirect,2,,"causal effect mediated by PI3K, others"
PDK1_pm,AKT,positive,HS,positive,direct,1,regulates,membrane-associated PDK1 directly phosphorylates AKT
mTORC1,AKT,positive,HS,positive,unsupported,,,a positive effect is not supported by evidence; there is a negative feedback effect
S6K,AKT,positive,HS,positive,unsupported,,,a positive interaction is not supported by evidence; there is a negative feedback effect
EGF,EGFR,positive,HS,positive,direct,1,regulates,ligand-receptor binding
EGFR,EGFR,positive,HS,positive,direct,1,regulates,EGFR homodimers phosphorylate each other
PLCg,EGFR,positive,HS,positive,unsupported,,,"not supported by evidence, there is an indirect negative effect instead"
erlotinib,EGFR,negative,HS,negative,direct,1,regulates,erlotinib is a small molecule that binds the intracellular kinase domain of EGFR
pertuzumab,EGFR,negative,HS,negative,indirect,2,,pertuzumab binds the extracellular domain II of HER2 and inhibits EGFR-HER2 heterodimerization
EGFR,HER2,positive,HS,positive,direct,1,regulates,protein-protein interaction; heterodimerization activates HER2
HER2,HER2,positive,HS,positive,direct,1,regulates,homodimerization of HER2 receptors leads to their trans-phosphorylation and activation
PDK1_pm,HER2,positive,HS,positive,correlation,3,,This proteomics-inferred edge is consistent with observed co-activation of PDK1 and HER2
erlotinib,HER2,negative,HS,negative,direct,1,regulates,erlotinib is a small molecule that binds the intracellular kinase domain of HER2
pertuzumab,HER2,negative,HS,negative,direct,1,regulates,pertuzumab is a monoclonal antibody that binds the extracellular domain II of HER2
trastuzumab,HER2,negative,HS,negative,direct,1,,trastuzumab is a monoclonal antibody binds the extracellular domain IV of HER2
HER3,HER3,positive,HS,positive,unsupported,,,this inferred self-regulation is not supported by experimental evidence
ERK,HER3,positive,HS,positive,unsupported,,,there is no evidence for a positive relationship; a negative feedback effect is known
NRG1,HER3,positive,HS,positive,direct,1,regulates,ligand-receptor binding
erlotinib,HER3,negative,HS,negative,indirect,2,,indirect causal effect mediated by HER2 or another kinase
pertuzumab,HER3,negative,HS,negative,unsupported,,,"pertuzumab does not act on HER3 but on the HER2-HER3 complex, which is a separate node"
ERK,ERK,positive,HS,positive,unsupported,,,this inferred self-regulation is not supported by experimental evidence
MEK,ERK,positive,HS,positive,direct,1,regulates,MEK1/2 directly binds and phosphorylates ERK1/2
EGFR,MEK,positive,HS,positive,indirect,2,,"causal effect mediated by RAS, RAF"
HER2,MEK,positive,HS,positive,indirect,2,,"causal effect mediated by RAS, RAF"
HER3,MEK,positive,HS,positive,indirect,2,,"causal effect mediated by HER2HER3c, RAS, RAF"
MEK,MEK,positive,HS,positive,unsupported,,,this inferred self-regulation is not supported by experimental evidence
PDK1_pm,MEK,positive,HS,positive,direct,1,regulates,PDK1 phosphorylates MEK1 and MEK2
EGFR,PDK1_pm,positive,HS,positive,direct,1,regulates,"causal effect mediated by PI3K, PIP3"
HER2,PDK1_pm,positive,HS,positive,indirect,2,,"causal effect mediated by PI3K, PIP3"
HER3,PDK1_pm,positive,HS,positive,indirect,2,,"causal effect mediated by PI3K, PIP3"
PDK1_pm,PDK1_pm,positive,HS,positive,unsupported,,,This inferred self-regulation is not supported by evidence
PKCa,PKCa,positive,HS,positive,unsupported,,,This inferred self-regulation is not supported by evidence
PLCg,PKCa,positive,HS,positive,direct in the network sense,1,,"mediated by DAG, which is not part of the network"
trastuzumab,PKCa,positive,HS,positive,unsupported,,,this inferred edge is not supported by experimental evidence
EGFR,PLCg,positive,HS,positive,direct,1,regulates,EGFR recruits PLCgamma1 and phosphorylates it
HER2,PLCg,positive,HS,positive,direct,1,regulates,Activated HER2 binds to PLCgamma1 and phosphorylates it.
HER3,PLCg,positive,HS,positive,unsupported,,,This inferred edge is not supported by experimental evidence
PLCg,PLCg,positive,HS,positive,unsupported,,,This inferred edge is not supported by experimental evidence
AKT,mTORC1,positive,HS,positive,indirect,2,,"causal effect mediated by PRAS40, TSC2"
mTORC1,mTORC1,positive,HS,positive,unsupported,,,"This inferred edge is not supported by evidence. mTOR kinase undergoes autophosphorylation, but this does not have a functional effect."
AKT,S6K,positive,HS,positive,indirect,2,,this causal effect is mediated by mTORC1
ERK,S6K,positive,HS,positive,direct,1,regulates,"ERK phosphorylates S6K, contributing to its activation"
erlotinib,S6K,positive,HS,positive,unsupported,,,This inferred edge is not supported by experimental evidence
mTORC1,S6K,positive,HS,positive,direct,1,regulates,mTORC1 phosphorylates S6K
S6K,S6K,positive,HS,positive,unsupported,,,This inferred edge is not supported by experimental evidence
AKT,AKT,positive,SS,positive,unsupported,,,this inferred self-regulation is not supported by experimental evidence
HER3,AKT,positive,SS,positive,indirect,2,,"causal effect mediated by PI3K, others"
PDK1_pm,AKT,positive,SS,positive,direct,1,regulates,membrane-associated PDK1 directly phosphorylates AKT
mTORC1,AKT,positive,SS,positive,unsupported,,,a positive effect is not supported by evidence; there is a negative feedback effect
EGF,EGFR,positive,SS,positive,direct,1,regulates,ligand-receptor binding
EGFR,EGFR,positive,SS,positive,direct,1,regulates,EGFR homodimers phosphorylate each other
PLCg,EGFR,positive,SS,positive,unsupported,,,"not supported by evidence, there is an indirect negative effect instead"
erlotinib,EGFR,negative,SS,negative,direct,1,regulates,erlotinib is a small molecule that binds the intracellular kinase domain of EGFR
pertuzumab,EGFR,negative,SS,negative,indirect,2,,pertuzumab binds the extracellular domain II of HER2 and inhibits EGFR-HER2 heterodimerization. This is an indirect effect on EGFR.
HER2,HER2,positive,SS,positive,direct,1,regulates,homodimerization of HER2 receptors leads to their trans-phosphorylation and activation
erlotinib,HER2,negative,SS,negative,direct,1,regulates,erlotinib is a small molecule that binds the intracellular kinase domain of HER2
pertuzumab,HER2,negative,SS,negative,direct,1,regulates,pertuzumab is a monoclonal antibody that binds the extracellular domain II of HER2
trastuzumab,HER2,negative,SS,negative,direct,1,,trastuzumab is a monoclonal antibody binds the extracellular domain IV of HER2
HER3,HER3,positive,SS,positive,unsupported,,,this inferred self-regulation is not supported by experimental evidence
NRG1,HER3,positive,SS,positive,direct,1,regulates,ligand-receptor binding
erlotinib,HER3,negative,SS,negative,indirect,2,,indirect causal effect mediated by HER2 or another kinase
pertuzumab,HER3,negative,SS,negative,unsupported,,,"pertuzumab does not act on HER3 but on the HER2-HER3 complex, which is a separate node"
HER3,ERK,positive,SS,positive,indirect,2,,"causal effect mediated by HER2HER3c, RAS, RAF, MEK"
ERK,ERK,positive,SS,positive,unsupported,,,this inferred self-regulation is not supported by experimental evidence
MEK,ERK,positive,SS,positive,direct,1,regulates,MEK1/2 directly binds and phosphorylates ERK1/2
PDK1_pm,ERK,positive,SS,positive,indirect,2,,causal effect mediated by MEK
EGFR,MEK,positive,SS,positive,indirect,2,,"causal effect mediated by RAS, RAF"
HER2,MEK,positive,SS,positive,indirect,2,,"causal effect mediated by RAS, RAF"
HER3,MEK,positive,SS,positive,indirect,2,,"causal effect mediated by HER2HER3c, RAS, RAF"
MEK,MEK,positive,SS,positive,unsupported,,,this inferred self-regulation is not supported by experimental evidence
EGFR,PDK1_pm,positive,SS,positive,direct,1,regulates,"causal effect mediated by PI3K, PIP3"
HER2,PDK1_pm,positive,SS,positive,indirect,2,,"causal effect mediated by PI3K, PIP3"
HER3,PDK1_pm,positive,SS,positive,indirect,2,,"causal effect mediated by PI3K, PIP3"
PDK1_pm,PDK1_pm,positive,SS,positive,unsupported,,,This inferred self-regulation is not supported by evidence
PKCa,PKCa,positive,SS,positive,unsupported,,,This inferred self-regulation is not supported by evidence
PLCg,PKCa,positive,SS,positive,direct in the network sense,1,,"mediated by DAG, which is not part of the network"
EGFR,PLCg,positive,SS,positive,direct,1,regulates,EGFR recruits PLCgamma1 and phosphorylates it
HER2,PLCg,positive,SS,positive,direct,1,regulates,Activated HER2 binds to PLCgamma1 and phosphorylates it.
HER3,PLCg,positive,SS,positive,unsupported,,,This inferred edge is not supported by experimental evidence
PLCg,PLCg,positive,SS,positive,unsupported,,,This inferred edge is not supported by experimental evidence
AKT,mTORC1,positive,SS,positive,indirect,2,,"causal effect mediated by PRAS40, TSC2"
mTORC1,mTORC1,positive,SS,positive,unsupported,,,"This inferred edge is not supported by evidence. mTOR kinase undergoes autophosphorylation, but this does not have a functional effect."
AKT,S6K,positive,SS,positive,indirect,2,,this causal effect is mediated by mTORC1
ERK,S6K,positive,SS,positive,direct,1,regulates,"ERK phosphorylates S6K, contributing to its activation"
mTORC1,S6K,positive,SS,positive,direct,1,regulates,mTORC1 phosphorylates S6K
S6K,S6K,positive,SS,positive,unsupported,,,This inferred edge is not supported by experimental evidence
AKT,AKT,positive,SL,positive,unsupported,,,AKT functional self-regulation is not supported by experimental evidence
CyclinB1,AKT,negative,SL,negative ,unsupported,,,this inferred edge is not supported by evidence
EGFR,AKT,positive,SL,positive,indirect,2,,"causal effect mediated by PI3K, PIP3"
HER2,AKT,positive,SL,positive,indirect,2,,"causal effect mediated by PI3K, PIP3"
HER3,AKT,positive,SL,positive,indirect,2,,"causal effect mediated by PI3K, others"
PTEN,AKT,negative,SL,negative ,indirect,2,,mediated by PIP3
stimulus,AKT,positive,SL,positive,correlation,3,,This proteomics-inferred edge is consistent with evidence that growth factors in a growth medium lead to AKT activation
BAX,BAX,positive,SL,positive,direct,1,regulates,"Active BAX oligomerizes, and it also activates additional BAX molecules."
EGFR,BAX,positive,SL,,,,,
CyclinB1,CyclinB1,positive,SL,,,,,
p53,CyclinB1,negative,SL,,,,,
S6K,CyclinB1,positive,SL,,,,,
AKT,CyclinD,positive,SL,positive,indirect,2,,causal effect mediated by GSK3B
CyclinD,CyclinD,positive,SL,positive,unsupported,,,This inferred self-regulation is not supported by experimental evidence.
ERK,CyclinD,positive,SL,positive,indirect,2,,causal effect mediated by JUN and other transcription factors that upregulate CCND1 transcription.
GSK3B,CyclinD,negative,SL,negative,direct,1,regulates,"GSK3B directly phosphorylates Cyclin D1 at Thr286, promoting its nuclear export and degradation."
PTEN,CyclinD,positive,SL,,,,,
JUN,CyclinD,positive,SL,,,,,
EGFR,EGFR,positive,SL,,,,,
erlotinib,EGFR,negative,SL,,,,,
pertuzumab,EGFR,negative,SL,pertuzumab,indirect,2,,pertuzumab binds the extracellular domain II of HER2 and inhibits EGFR-HER2 heterodimerization. This is an indirect effect on EGFR.
stimulus,EGFR,positive,SL,positive,correlation,3,,this inferred edge is consistent with evidence that growth factors in a growth medium lead to AKT activation
BAX,HER2,positive,SL,positive,unsupported,,,This inferred edge is not supported by evidence
HER2,HER2,positive,SL,,,,,
erlotinib,HER2,negative,SL,,,,,
pertuzumab,HER2,negative,SL,negative ,direct,1,regulates,pertuzumab is a monoclonal antibody that binds the extracellular domain II of HER2.
stimulus,HER2,positive,SL,positive,correlation,3,,This proteomics-inferred edge is consistent with evidence that growth factors in a growth medium lead to AKT activation
trastuzumab,HER2,negative,SL,,,,,
AKT,HER3,negative,SL,negative ,correlation,3,,This proteomics- inferred edge is supported as an indirect effect via FOXO3
HER3,HER3,positive,SL,,,,,
erlotinib,HER3,negative,SL,,,,,
pertuzumab,HER3,negative,SL,negative,unsupported,,,"pertuzumab does not act on HER3 but on the HER2-HER3 complex, which is a separate node."
stimulus,HER3,positive,SL,positive,correlation,3,,This proteomics- inferred edge is consistent with evidence that growth factors in a growth medium lead to AKT activation
CyclinB1,ERK,positive,SL,,,,,
EGFR,ERK,positive,SL,,,,,
ERK,ERK,positive,SL,,,,,
RAF1,ERK,positive,SL,,,,,
AKT,FOXO1FOXO3,negative,SL,negative ,direct,1,regulates,"FOXO1FOXO3 unites the FOXO1 and FOXO3 nodes, which are represented separately in other models. The direct effect of AKT on both FOXO1 and FOXO3 translates to a direct effect on FOXO1FOXO3."
FOXO1FOXO3,FOXO1FOXO3,positive,SL,positive,unsupported,,,This inferred self-regulation is not supported by evidence;  neither FOXO1 nor FOXO3 has functional self regulation.
GSK3B,GSK3B,positive,SL,,,,,
p53,GSK3B,positive,SL,,,,,
HER3,NFKB,positive,SL,,,,,
NFKB,NFKB,positive,SL,,,,,
RPS6,NFKB,positive,SL,,,,,
AKT,PRAS40,negative,SL,,,,,
HER3,PRAS40,positive,SL,,,,,
PRAS40,PRAS40,positive,SL,,,,,
GSK3B,PTEN,negative,SL,,,,,
PTEN,PTEN,positive,SL,,,,,
S6K,PTEN,positive,SL,,,,,
CyclinD,RB,negative,SL,,,,,
HER2,RB,positive,SL,,,,,
RB,RB,positive,SL,,,,,
TSC2,RB,negative,SL,,,,,
p53,RB,negative,SL,,,,,
RPS6,RPS6,positive,SL,,,,,
S6K,RPS6,positive,SL,,,,,
AKT,TSC2,negative,SL,negative ,direct,1,,"AKT phosphorylates TSC2 (tuberin) at multiple sites, inhibiting the TSC1–TSC2 complex's GAP activity."
HER2,TSC2,positive,SL,,,,,
ERK,TSC2,negative,SL,,,,,
GSK3B,TSC2,negative,SL,,,,,
TSC2,TSC2,positive,SL,,,,,
GSK3B,JUN,negative,SL,,,,,
JUN,JUN,positive,SL,,,,,
EGFR,RAF1,positive,SL,,,,,
HER2,RAF1,positive,SL,positive,indirect,2,,causal effect mediated by adaptor proteins and RAS
ERK,RAF1,negative,SL,,,,,
RPS6,RAF1,positive,SL,,,,,
RAF1,RAF1,positive,SL,,,,,
p53,RAF1,negative,SL,,,,,
AKT,p38,positive,SL,positive,correlation,3,,This observed correlation is consistent with crosstalk between the Pi3K/AKT and p38 MAPK pathway.
p38,p38,positive,SL,,,,,
CyclinB1,p53,positive,SL,,,,,
PTEN,p53,positive,SL,,,,,
RB,p53,positive,SL,,,,,
p53,p53,positive,SL,,,,,
HER2,S6K,positive,SL,,,,,
ERK,S6K,positive,SL,,,,,
PRAS40,S6K,negative,SL,,,,,
TSC2,S6K,negative,SL,negative,indirect,2,,"causal effect, mediated by RHEB and mTORC1"
S6K,S6K,positive,SL,,,,,
Ipatasertib,AKT,negative,Z17,negative ,direct,1,regulates,Ipatasertib is a small-molecule AKT inhibitor that directly binds the kinase domain of AKT1/2/3 and inhibits its catalytic activity
PDK1_pm,AKT,positive,Z17,positive,direct,1,regulates,plasma-membrane-bound PDK1 directly phosphorylates AKT at Thr308 in its activation loop
PIP3,AKT,positive,Z17,positive,direct,1,,"PIP3 directly binds the PH domain of AKT, recruiting AKT to the plasma membrane and inducing conformational changes that expose its activating phosphorylation sites"
PIP3_2,AKT,positive,Z17,positive,direct,1,,"PIP3 directly binds the PH domain of AKT, recruiting AKT to the plasma membrane and inducing conformational changes that expose its activating phosphorylation sites. We consider the confidence the same as that of the PIP3->AKT edge."
mTORC2_pm,AKT,positive,Z17,positive,direct,1,regulates,membrane-associated mTORC2 directly phosphorylates AKT
Apoptosis,Apoptosis,positive,Z17,positive,assumption,4,,This assumed self-regulation reflects the irreversible nature of the commitment to apoptosis.
BAD,Apoptosis,positive,Z17,positive,indirect,2,,"causal effect mediated by CYCS, CASP9, CASP3"
BCL2,Apoptosis,negative,Z17,negative ,indirect,2,,"causal effect mediated by BAK/BAX, CYCS, CASP9, CASP3"
BIM,Apoptosis,positive,Z17,positive,indirect,2,,"causal effect mediated by BAK/BAX, CYCS, CASP9, CASP3"
MCL1,Apoptosis,negative,Z17,negative ,indirect,2,,"causal effect mediated by BAK/BAX, CYCS, CASP9, CASP3"
Apoptosis_2,Apoptosis_2,positive,Z17,positive,assumption,4,,This assumed self-regulation reflects the irreversible nature of the commitment to apoptosis.
BAD,Apoptosis_2,positive,Z17,positive,indirect,2,,"causal effect mediated by CYCS, CASP9, CASP3; we consider that the confidence ranking is the same as the BAD->Apoptosis edge."
BCL2,Apoptosis_2,negative,Z17,negative,indirect,2,,"causal effect mediated by BAK/BAX, CYCS, CASP9, CASP3; we consider the same confidence ranking as that of BCL2->Apoptosis."
BIM,Apoptosis_2,positive,Z17,positive,indirect,2,,"causal effect mediated by BAK/BAX, CYCS, CASP9, CASP3; we consider the same confidence ranking as that of BIM->Apoptosis."
MCL1,Apoptosis_2,negative,Z17,negative,indirect,2,,"causal effect mediated by BAK/BAX, CYCS, CASP9, CASP3. We consider that the confidence rank is the same as that of the MCL1->Apoptosis edge."
Apoptosis_3,Apoptosis_3,positive,Z17,positive,assumption,4,,This assumed self-regulation reflects the irreversible nature of the commitment to apoptosis.
BAD,Apoptosis_3,positive,Z17,positive,indirect,2,,"causal effect mediated by CYCS, CASP9, CASP3; we consider that the confidence ranking is the same as the BAD->Apoptosis edge."
BCL2,Apoptosis_3,negative,Z17,negative,indirect,2,,"causal effect mediated by BAK/BAX, CYCS, CASP9, CASP3; we consider the same confidence ranking as that of BCL2->Apoptosis."
BIM,Apoptosis_3,positive,Z17,positive,indirect,2,,"causal effect mediated by BAK/BAX, CYCS, CASP9, CASP3; we consider the same confidence ranking as that of BIM->Apoptosis."
MCL1,Apoptosis_3,negative,Z17,negative ,indirect,2,,"causal effect mediated by BAK/BAX, CYCS, CASP9, CASP3. We consider that the confidence rank is the same as that of the MCL1->Apoptosis edge."
AKT,BAD,negative,Z17,negative,direct ,1,regulates,"AKT phosphorylates BAD, which leads to its sequestration by 14-3-3 proteins, making it unable to inhibit BCLXL"
MAPK,BAD,negative,Z17,,,,,
MAPK_2,BAD,negative,Z17,,,,,
PIM,BAD,negative,Z17,negative,direct,1,,"PIM kinases phosphorylate BAD. This promotes BAD's sequestration by 14-3-3 proteins, suppressing BAD's pro-apoptotic function."
BCL2_T,BCL2,positive,Z17,positive,direct,1,necessary,protein translation
ER_transcription_2,BCL2,positive,Z17,,,,,
BIM_T,BIM,positive,Z17,positive,direct,1,protein translation,
FOXO3,BIM,positive,Z17,positive,direct,,,FOXO3 binds conserved forkhead-response elements in the promoter of  BCL2L11 (the gene encoding BIM) and stimulates its transcription.
MAPK_2,BIM,negative,Z17,,,,,
Palbociclib,CDK46,negative,Z17,,,,,
E2F_2,E2F,positive,Z17,,,,,
E2F_3,E2F,positive,Z17,,,,,
pRB,E2F,positive,Z17,,,,,
E2F,E2F_2,positive,Z17,,,,,
E2F_3,E2F_2,positive,Z17,,,,,
pRB_2,E2F_2,positive,Z17,,,,,
E2F,E2F_3,positive,Z17,,,,,
E2F_2,E2F_3,positive,Z17,,,,,
E2F_3,E2F_3,positive,Z17,,,,,
pRB_2,E2F_3,positive,Z17,,,,,
pRB_3,E2F_3,positive,Z17,,,,,
mTORC1,EIF4,positive,Z17,,,,,
ER,ER_transcription,positive,Z17,,,,,
ER_transcription_2,ER_transcription,positive,Z17,,,,,
ESR1,ER_transcription,positive,Z17,,,,,
ESR1_2,ER_transcription,positive,Z17,,,,,
ER,ER_transcription_2,positive,Z17,,,,,
ER_transcription,ER_transcription_2,positive,Z17,,,,,
ESR1_2,ER_transcription_2,positive,Z17,,,,,
FOXA1,ER_transcription_2,positive,Z17,,,,,
KMT2D,ER_transcription_2,positive,Z17,,,,,
PBX1,ER_transcription_2,positive,Z17,,,,,
ER,ESR1,positive,Z17,,,,,
ESR1_2,ESR1,positive,Z17,positive,,,,
FOXO3,ESR1,positive,Z17,positive,direct,1,regulates,regulation of transcription. FOXO3a directly binds regulatory sites in the ESR1 (ERα) promoter and increases ESR1 transcription
Fulvestrant,ESR1,negative,Z17,negative,direct,1,regulates,Fulvestrant is a selective estrogen receptor degrader/downregulator (SERD). It directly binds ERα (ESR1 protein) with high affinity.
ER,ESR1_2,positive,Z17,,,,,
ESR1,ESR1_2,positive,Z17,positive,,0,necessary,reaching a higher level necessitates achieving the lower level first
FOXO3,ESR1_2,positive,Z17,positive,direct,1,regulates,regulation of transcription. FOXO3a directly binds regulatory sites in the ESR1 (ERα) promoter and increases ESR1 transcription. We assume the classification of the FOXO3->ESR1 edge applies to ESR1_2 as well.
Fulvestrant,ESR1_2,negative,Z17,negative,direct,1,regulates,Fulvestrant is a selective estrogen receptor degrader/downregulator (SERD). It directly binds ERα (ESR1 protein) with high affinity.
FOXO3,FOXA1,positive,Z17,,,,,
AKT,FOXO3,negative,Z17,negative,direct,1,regulates,"AKT phosphorylates FOXO1 at several regulatory residues. These promote binding to 14-3-3 proteins and retention in the cytoplasm, which decreases FOXO1 transcriptional activity"
FOXO3_Ub,FOXO3,negative,Z17,,,,,
PIM,FOXO3,negative,Z17,negative ,direct,1,,PIM kinases phosphorylate FOXO3 (FOXO3a). This phosphorylation suppresses FOXO3 transcriptional activity by promoting its nuclear exclusion and association with 14-3-3 proteins.
SGK1,FOXO3,negative,Z17,,,,,
MAPK_2,FOXO3_Ub,positive,Z17,,,,,
HER2,HER2HER3c,positive,Z17,positive,,0,necessary,This edge represents HER2's participation in the HER2HER3c heterodimer complex.
HER2HER3c_2,HER2HER3c,positive,Z17,positive,unsupported,,,This edge is an artifact of the representation of multi-level variables
HER3,HER2HER3c,positive,Z17,,,,,
HER3_2,HER2HER3c,positive,Z17,,,,,
Neratinib,HER2HER3c,negative,Z17,negative ,direct,1,regulates,Neratinib is an irreversible pan-HER tyrosine kinase inhibitor that covalently binds the kinase domains of HER2 and EGFR.
HER2,HER2HER3c_2,positive,Z17,positive,,0,necessary,HER2's participation in the HER2HER3c heterodimer complex; we consider that the confidence ranking applies to this edge as well.
HER2HER3c,HER2HER3c_2,positive,Z17,positive,,0,necessary,Reaching a higher level necessitates reaching the lower level first
HER3,HER2HER3c_2,positive,Z17,,,,,
HER3_2,HER2HER3c_2,positive,Z17,,,,,
MAPK_2,HER2HER3c_2,negative,Z17,,,,,
Neratinib,HER2HER3c_2,negative,Z17,negative,direct,1,regulates,Neratinib is an irreversible pan-HER tyrosine kinase inhibitor that covalently binds the kinase domains of HER2 and EGFR. We consider that the confidence rank is the same as the Neratinib-| HER2HER3c edge
FOXO3,HER3,positive,Z17,positive,direct,1,regulates,regulation of transcription. FOXO3 binds regulatory regions of ERBB3/HER3 and leads to increased HER3 transcription
HER3_2,HER3,positive,Z17,,,,,
HER3_T,HER3,positive,Z17,,,,,
FOXO3,HER3_2,positive,Z17,positive,direct,1,regulates,regulation of transcription. FOXO3 binds regulatory regions of ERBB3/HER3 and leads to increased HER3 transcription. We assume that the confidence ranking of this edge is the same as that of FOXO3->HER3.
HER3,HER3_2,positive,Z17,,,,,
FOXO3,IGF1R,positive,Z17,positive,indirect,2,,"There is causal evidence that activated FOXO3 increases IGF1R mRNA and protein expression, and FOXO knockdown decreases IGF1R expression. The exact mechanism is not known."
HER2,IGF1R,positive,Z17,positive,assumption,4,,This assumed edge is consistent with observed higher IGF1R signaling in trastuzumab-resistant cells
IGF1R_2,IGF1R,positive,Z17,,,,,
IGF1R_T,IGF1R,positive,Z17,,,,,
FOXO3,IGF1R_2,positive,Z17,positive,indirect,2,,"There is causal evidence that activated FOXO3 increases IGF1R mRNA and protein expression, and FOXO knockdown decreases IGF1R expression. The exact mechanism is not known. We assume that the confidence rank of the FOXO3->IGF1 edge applies to IGF1R_2 as well."
HER2,IGF1R_2,positive,Z17,positive,assumption,4,,This assumed edge is consistent with observed higher IGF1R signaling in trastuzumab-resistant cells
IGF1R,IGF1R_2,positive,Z17,,,,,
IGF1R_T,IGF1R_2,positive,Z17,,,,,
S6K,IGF1R_2,negative,Z17,,,,,
AKT,KMT2D,negative,Z17,negative ,direct,1,regulates,AKT phosphorylates KMT2D at Ser1331; this reduces KMT2D chromatin recruitment/function and consequently suppresses KMT2D-dependent ER transcriptional activity.
MAPK_2,MAPK,positive,Z17,,,,,
PIP3,MAPK,positive,Z17,,,,,
PIP3_2,MAPK,positive,Z17,,,,,
RAS,MAPK,positive,Z17,,,,,
RAS_2,MAPK,positive,Z17,,,,,
RAS_3,MAPK,positive,Z17,,,,,
Trametinib,MAPK,negative,Z17,,,,,
MAPK,MAPK_2,positive,Z17,,,,,
PIP3,MAPK_2,positive,Z17,,,,,
PIP3_2,MAPK_2,positive,Z17,,,,,
RAS_2,MAPK_2,positive,Z17,,,,,
RAS_3,MAPK_2,positive,Z17,,,,,
Trametinib,MAPK_2,negative,Z17,,,,,
Translation,MCL1,positive,Z17,positive,direct,1,,"MCL1 is translated in a cap-dependent manner. Because MCL1 has a short half-life, translation is an important contributor to MCL1 protein abundance."
ER_transcription,MYC,positive,Z17,,,,,
MYC_2,MYC,positive,Z17,positive ,unsupported,,,This edge is an artifact of the Boolean representation of multi-level nodes.
ER_transcription_2,MYC_2,positive,Z17,,,,,
MYC,MYC_2,positive,Z17,positive ,,0,,Reaching a higher level necessitates reaching the lower level first.
PIP3,PDK1_pm,positive,Z17,,,,,
PIP3_2,PDK1_pm,positive,Z17,,,,,
Alpelisib,PI3K,negative,Z17,,,,,
HER2HER3c,PI3K,positive,Z17,positive,,,,Phosphorylated HER3 within the HER2–HER3 complex directly recruits PI3K by binding to its p85 subunit.
HER2HER3c_2,PI3K,positive,Z17,positive,direct,1,regulates,Phosphorylated HER3 within the HER2–HER3 complex directly recruits PI3K by binding to its p85 subunit. We consider that the confidence ranking of the edge with the lower-level variable applies.
IGF1R,PI3K,positive,Z17,,,,,
IGF1R_2,PI3K,positive,Z17,,,,,
PI3K_2,PI3K,positive,Z17,positive ,unsupported,,,This edge is an artifact of the Boolean representation of multi-level nodes.
RAS,PI3K,positive,Z17,,,,,
RAS_2,PI3K,positive,Z17,,,,,
RAS_3,PI3K,positive,Z17,,,,,
Alpelisib,PI3K_2,negative,Z17,,,,,
HER2HER3c_2,PI3K_2,positive,Z17,positive,direct,1,regulates,Phosphorylated HER3 within the HER2–HER3 complex directly recruits PI3K by binding to its p85 subunit. We consider that the confidence ranking of the edge with the lower-level variable applies.
PI3K,PI3K_2,positive,Z17,positive ,,0,necessary,Reaching a higher level necessitates reaching the lower level first.
PI3K,PIP3,positive,Z17,positive ,direct,1,regulates,PI3K catalyzes the reaction that produces PIP3.
PI3K_2,PIP3,positive,Z17,positive ,direct,1,regulates,PI3K catalyzes the reaction that produces PIP3.
PIP3_2,PIP3,positive,Z17,,,,,
PTEN,PIP3,negative,Z17,negative,direct,1,,PTEN dephosphorylates PIP3
PI3K_2,PIP3_2,positive,Z17,positive,direct,1,regulates,PI3K catalyzes the reaction that produces PIP3.
PIP3,PIP3_2,positive,Z17,,,,,
PTEN,PIP3_2,negative,Z17,negative,direct,1,,PTEN dephosphorylates PIP3. We consider that the confidence ranking is the same as that of the PTEN-| PIP3 edge.
AKT,PRAS40,negative,Z17,,,,,
PIM,PRAS40,negative,Z17,,,,,
E2F,Proliferation,positive,Z17,,,,,
E2F_2,Proliferation,positive,Z17,,,,,
E2F_3,Proliferation,positive,Z17,,,,,
Translation,Proliferation,positive,Z17,positive,unsupported,,,This assumed effect between the two process nodes was replaced by a refined assumption in the Z21 model.
E2F_2,Proliferation_2,positive,Z17,,,,,
E2F_3,Proliferation_2,positive,Z17,,,,,
Translation,Proliferation_2,positive,Z17,positive,unsupported,,,This assumed effect between the two process nodes was replaced by a refined assumption in the Z21 model.
E2F_2,Proliferation_3,positive,Z17,,,,,
E2F_3,Proliferation_3,positive,Z17,,,,,
Translation,Proliferation_3,positive,Z17,positive,unsupported,,,This assumed effect between the two process nodes was replaced by a refined assumption in the Z21 model.
E2F_3,Proliferation_4,positive,Z17,,,,,
Translation,Proliferation_4,positive,Z17,positive,unsupported,,,This assumed effect between the two process nodes was replaced by a refined assumption in the Z21 model.
HER2HER3c,RAS,positive,Z17,positive,,,,
HER2HER3c_2,RAS,positive,Z17,,,,,
IGF1R,RAS,positive,Z17,,,,,
IGF1R_2,RAS,positive,Z17,,,,,
RAS_2,RAS,positive,Z17,,,,,
RAS_3,RAS,positive,Z17,,,,,
HER2HER3c,RAS_2,positive,Z17,positive,,,,
HER2HER3c_2,RAS_2,positive,Z17,,,,,
RAS,RAS_2,positive,Z17,,,,,
RAS_3,RAS_2,positive,Z17,,,,,
HER2HER3c_2,RAS_3,positive,Z17,,,,,
RAS,RAS_3,positive,Z17,,,,,
RAS_2,RAS_3,positive,Z17,,,,,
mTORC1,S6K,positive,Z17,positive ,direct,1,regulates,mTORC1 phosphorylates S6K
PDK1,SGK1,positive,Z17,,,,,
SGK1_T,SGK1,positive,Z17,,,,,
mTORC2,SGK1,positive,Z17,positive,direct,1,regulates,"mTORC2 directly phosphorylates the SGK1 hydrophobic-motif site Ser422, enabling subsequent activation by PDK1."
AKT,TSC2,negative,Z17,negative ,direct,1,,"AKT phosphorylates TSC2 (tuberin) at multiple sites, inhibiting the TSC1–TSC2 complex's GAP activity."
MAPK_2,TSC2,negative,Z17,,,,,
SGK1,TSC2,negative,Z17,,,,,
EIF4,Translation,positive,Z17,positive,direct in the network sense,,,eIF4F is part of the molecular machinery that executes cap-dependent translation initiation.
S6K,Translation,positive,Z17,positive,indirect,2,,causal effect mediated by EIF4
CDK46,CYCLINDc,positive,Z17,positive,,0,necessary,CDK4 or CDK6 (denoted CDK46) make up one component of the cyclin-CDK complex CYCLINDc
CYCLINDc_2,CYCLINDc,positive,Z17,positive,unsupported,,,This edge is an artifact of the Boolean representation of a multi-level variable.
CyclinD,CYCLINDc,positive,Z17,positive,,0,necessary,Cyclin D1 is one of two components of the cyclin-CDK complex CYCLINDc
CyclinD_2,CYCLINDc,positive,Z17,positive,,0,necessary,Cyclin D1 is one of two components of the cyclin-CDK complex CYCLINDc. We assign the same rank as that of the CyclinD1->CYCLIND_c edge.
CDK46,CYCLINDc_2,positive,Z17,positive,,0,necessary,CDK4 or CDK6 (denoted CDK46) make up one component of the cyclin-CDK complex CYCLINDc. We consider that the same confidence ranking applies as that of the CDK46->CYCLINDc edge.
CYCLINDc,CYCLINDc_2,positive,Z17,positive,,0,necessary,Reaching a higher level necessitates achieving the lower level first.
CyclinD_2,CYCLINDc_2,positive,Z17,positive,,0,necessary,Cyclin D1 is one of two components of the cyclin-CDK complex CYCLINDc. We assign the same rank as that of the CyclinD1->CYCLIND_c edge.
cycE_CDK2T,cycE_CDK2,positive,Z17,,,,,
p21_p27,cycE_CDK2,negative,Z17,negative,direct,1,regulates,"Both p21 and p27,  members of the CIP/KIP family, bind  Cyclin E–CDK2 complexes. This prevents phosphorylation of substrates required for S-phase entry and progression."
E2F,cycE_CDK2T,positive,Z17,,,,,
E2F_2,cycE_CDK2T,positive,Z17,,,,,
E2F_3,cycE_CDK2T,positive,Z17,,,,,
MYC,CyclinD,positive,Z17,positive,unsupported,,,"Contrary to this assumption, there is evidence that MYC can bind to  the Cyclin D1 promoter and repress CCND1 transcription."
CyclinD_2,CyclinD,positive,Z17,positive,unsupported,,,This edge is an artifact of the Boolean representation of a multi-level variable.
MYC_2,CyclinD_2,positive,Z17,positive,unsupported,,,"Contrary to this assumption, there is evidence that MYC can bind to  the Cyclin D1 promoter and repress CCND1 transcription."
CyclinD,CyclinD_2,positive,Z17,positive,,0,necessary,Reaching a higher level necessitates achieving the lower level first.
Everolimus,mTORC1,negative,Z17,negative ,direct in the network sense,1,regulates,"Everolimus binds the intracellular protein FKBP12; the everolimus–FKBP12 complex then binds the FRB domain of mTOR within mTORC1, inhibiting mTORC1 signaling. FKBP12 is not in the network."
PRAS40,mTORC1,negative,Z17,,,,,
TSC2,mTORC1,negative,Z17,negative ,indirect,2,,causal effect mediated by RHEB
Everolimus,mTORC2,negative,Z17,negative ,indirect,2,,Everolimus does not target mTORC2. Prolonged exposure to everolimus can indirectly inhibit mTORC2 because drug-bound mTOR becomes unavailable for assembly of new mTORC2 complexes.
mTORC2,mTORC2,positive,Z17,,,,,
Everolimus,mTORC2_pm,negative,Z17,negative ,indirect,2,,"Prolonged exposure to rapalogs can deplete mTORC2, and thus also mTORC2_pm, because drug-bound mTOR becomes unavailable for assembly of new mTORC2 complexes."
PIP3,mTORC2_pm,positive,Z17,,,,,
PIP3_2,mTORC2_pm,positive,Z17,,,,,
AKT,p21_p27,negative,Z17,negative,direct,1,regulates,The p21_p27 node unites p21 and p27. AKT phosphorylates and inhibits both p21 and p27. This inhibition can be interpreted as a direct inhibition of the p21_p27 node.
PIM,p21_p27,negative,Z17,negative,,?,,The p21_p27 node refers both to p21 and p27. PIM kinases suppress p27 through phosphorylation that promotes its cytoplasmic localization and/or degradation.
p21_p27_T,p21_p27,positive,Z17,positive,direct,1,regulates,"The p21_p27 node unites the p21 and p27 proteins. The p21_p27_T node unites the transcripts of p21 and p27. Thus, this edge represents translation."
FOXO3,p21_p27_T,positive,Z17,positive,direct,1,regulates,"FOXO3 binds both the CDKN1A (p21) and CDKN1B (p27) promoter, and activates the transcription of both. "
MYC,p21_p27_T,negative,Z17,negative ,assumption,4,,The p21_p27_T node refers to the transcripts of p21 and p27. This assumption is consistent with the fact that MYC represses the transcription of CDKN1A (p21).
MYC_2,p21_p27_T,negative,Z17,positive ,assumption,4,,The p21_p27_T node refers to the transcripts of p21 and p27. This assumption is consistent with the fact that MYC represses the transcription of CDKN1A (p21).
CYCLINDc,pRB,positive,Z17,,,,,
CYCLINDc_2,pRB,positive,Z17,,,,,
cycE_CDK2,pRB,positive,Z17,,,,,
pRB_2,pRB,positive,Z17,,,,,
pRB_3,pRB,positive,Z17,,,,,
CYCLINDc,pRB_2,positive,Z17,,,,,
CYCLINDc_2,pRB_2,positive,Z17,,,,,
cycE_CDK2,pRB_2,positive,Z17,,,,,
pRB,pRB_2,positive,Z17,,,,,
pRB_3,pRB_2,positive,Z17,,,,,
CYCLINDc_2,pRB_3,positive,Z17,,,,,
cycE_CDK2,pRB_3,positive,Z17,,,,,
pRB,pRB_3,positive,Z17,,,,,
pRB_2,pRB_3,positive,Z17,,,,,
Ipatasertib,AKT,negative,Z21,negative ,direct,1,regulates,Ipatasertib is a small-molecule AKT inhibitor that directly binds the kinase domain of AKT1/2/3 and inhibits its catalytic activity
PDK1_pm,AKT,positive,Z21,positive,direct,1,regulates,membrane-associated PDK1 directly phosphorylates AKT
PIP3,AKT,positive,Z21,positive,direct,1,,"PIP3 directly binds the PH domain of AKT, recruiting AKT to the plasma membrane and inducing conformational changes that expose its activating phosphorylation sites"
PIP3_2,AKT,positive,Z21,positive,direct,1,,"PIP3 directly binds the PH domain of AKT, recruiting AKT to the plasma membrane and inducing conformational changes that expose its activating phosphorylation sites. We consider the confidence the same as that of the PIP3->AKT edge."
mTORC2_pm,AKT,positive,Z21,positive,direct,1,regulates,membrane-associated mTORC2 directly phosphorylates AKT
Apoptosis,Apoptosis,positive,Z21,positive,assumption,4,,This assumed self-regulation reflects the irreversible nature of the commitment to apoptosis.
BAD,Apoptosis,positive,Z21,positive,indirect,2,,"causal effect mediated by CYCS, CASP9, CASP3"
BIM,Apoptosis,positive,Z21,positive,indirect,2,,"causal effect mediated by BAK/BAX, CYCS, CASP9, CASP3"
Apoptosis_2,Apoptosis_2,positive,Z21,positive,assumption,4,,This assumed self-regulation reflects the irreversible nature of the commitment to apoptosis.
BCL2,Apoptosis_2,negative,Z21,negative,indirect,2,,"causal effect mediated by BAK/BAX, CYCS, CASP9, CASP3; we consider the same confidence ranking as that of BCL2->Apoptosis."
BCLXL,Apoptosis_2,negative,Z21,negative ,indirect,2,,"causal effect mediated by BAK/BAX, CYCS, CASP9, CASP3"
MCL1,Apoptosis_2,negative,Z21,negative ,indirect,2,,"causal effect mediated by BAK/BAX, CYCS, CASP9, CASP3. We consider that the confidence rank is the same as that of the MCL1->Apoptosis edge."
Apoptosis_3,Apoptosis_3,positive,Z21,positive,assumption,4,,This assumed self-regulation reflects the irreversible nature of the commitment to apoptosis.
BCL2,Apoptosis_3,negative,Z21,negative,indirect,2,,"causal effect mediated by BAK/BAX, CYCS, CASP9, CASP3; we consider the same confidence ranking as that of BCL2->Apoptosis."
BCLXL,Apoptosis_3,negative,Z21,negative ,indirect,2,,"causal effect mediated by BAK/BAX, CYCS, CASP9, CASP3"
BIM,Apoptosis_3,positive,Z21,positive,indirect,2,,"causal effect mediated by BAK/BAX, CYCS, CASP9, CASP3; we consider the same confidence ranking as that of BIM->Apoptosis."
MCL1,Apoptosis_3,negative,Z21,negative ,indirect,2,,"causal effect mediated by BAK/BAX, CYCS, CASP9, CASP3. We consider that the confidence rank is the same as that of the MCL1->Apoptosis edge."
AKT,BAD,negative,Z21,negative,direct,1,regulates,"AKT phosphorylates BAD, which leads to its sequestration by 14-3-3 proteins, making it unable to inhibit BCLXL"
MAPK_2,BAD,negative,Z21,,,,,
PIM,BAD,negative,Z21,negative,direct,1,,"PIM kinases phosphorylate BAD. This promotes BAD's sequestration by 14-3-3 proteins, suppressing BAD's pro-apoptotic function."
BCL2_T,BCL2,positive,Z21,positive,direct,1,necessary,protein translation
Navitoclax,BCL2,negative,Z21,,,,,
BCLXL_T,BCLXL,positive,Z21,positive,direct,1,necessary,protein translation
Navitoclax,BCLXL,negative,Z21,,,,,
BIM_T,BIM,positive,Z21,positive,direct,1,protein translation,
FOXO3,BIM,positive,Z21,positive,direct,,,FOXO3 binds conserved forkhead-response elements in the promoter of  BCL2L11 (the gene encoding BIM) and stimulates its transcription.
MAPK_2,BIM,negative,Z21,,,,,
Palbociclib,CDK46,negative,Z21,,,,,
E2F_2,E2F,positive,Z21,,,,,
pRB,E2F,positive,Z21,,,,,
E2F,E2F_2,positive,Z21,,,,,
pRB_2,E2F_2,positive,Z21,,,,,
mTORC1,EIF4,positive,Z21,,,,,
ER_transcription_2,ER_transcription,positive,Z21,,,,,
ESR1,ER_transcription,positive,Z21,,,,,
ESR1_2,ER_transcription,positive,Z21,,,,,
ER_transcription,ER_transcription_2,positive,Z21,,,,,
ESR1_2,ER_transcription_2,positive,Z21,,,,,
FOXA1,ER_transcription_2,positive,Z21,,,,,
KMT2D,ER_transcription_2,positive,Z21,,,,,
PBX1,ER_transcription_2,positive,Z21,,,,,
ER_transcription_2,ER_transcription_feedback_1,positive,Z21,,,,,
ER_transcription_feedback_1,ER_transcription_feedback_2,positive,Z21,,,,,
ER_transcription_feedback_2,ER_transcription_feedback_2,positive,Z21,,,,,
ER,ESR1,positive,Z21,,,,,
ESR1_2,ESR1,positive,Z21,,,,,
FOXO3,ESR1,positive,Z21,positive,direct,1,regulates,regulation of transcription. FOXO3a directly binds regulatory sites in the ESR1 (ERα) promoter and increases ESR1 transcription
Fulvestrant,ESR1,negative,Z21,negative,direct,1,regulates,Fulvestrant is a selective estrogen receptor degrader/downregulator (SERD). It directly binds ERα (ESR1 protein) with high affinity.
ER,ESR1_2,positive,Z21,,,,,
ES,ESR1_2,positive,Z21,positive,direct,1,regulates,
ER_transcription_feedback_2,ESR1_2,negative,Z21,,,,,
ESR1,ESR1_2,positive,Z21,positive,,0,necessary,reaching a higher level necessitates achieving the lower level first
FOXO3,ESR1_2,positive,Z21,positive,direct,1,regulates,regulation of transcription. FOXO3a directly binds regulatory sites in the ESR1 (ERα) promoter and increases ESR1 transcription. We assume the classification of the FOXO3->ESR1 edge applies to ESR1_2 as well.
Fulvestrant,ESR1_2,negative,Z21,negative,direct,1,regulates,Fulvestrant is a selective estrogen receptor degrader/downregulator (SERD). It directly binds ERα (ESR1 protein) with high affinity.
AKT,FOXO3,negative,Z21,negative,direct,1,regulates,"AKT phosphorylates FOXO1 at several regulatory residues. These promote binding to 14-3-3 proteins and retention in the cytoplasm, which decreases FOXO1 transcriptional activity"
FOXO3_Ub,FOXO3,negative,Z21,,,,,
PIM,FOXO3,negative,Z21,negative,direct,1,,PIM kinases phosphorylate FOXO3 (FOXO3a). This phosphorylation suppresses FOXO3 transcriptional activity by promoting its nuclear exclusion and association with 14-3-3 proteins.
SGK1,FOXO3,negative,Z21,,,,,
MAPK_2,FOXO3_Ub,positive,Z21,,,,,
HER2,HER2HER3c,positive,Z21,positive,,0,necessary,This edge represents HER2's participation in the HER2HER3c heterodimer complex.
HER2HER3c_2,HER2HER3c,positive,Z21,positive,unsupported,,,This edge is an artifact of the representation of multi-level variables
HER3,HER2HER3c,positive,Z21,,,,,
HER3_2,HER2HER3c,positive,Z21,,,,,
Neratinib,HER2HER3c,negative,Z21,negative,direct,1,regulates,Neratinib is an irreversible pan-HER tyrosine kinase inhibitor that covalently binds the kinase domains of HER2 and EGFR.
HER2,HER2HER3c_2,positive,Z21,positive,,0,necessary,HER2's participation in the HER2HER3c heterodimer complex; we consider that the confidence ranking applies to this edge as well.
HER2HER3c,HER2HER3c_2,positive,Z21,positive,,0,necessary,Reaching a higher level necessitates reaching the lower level first
HER3,HER2HER3c_2,positive,Z21,,,,,
HER3_2,HER2HER3c_2,positive,Z21,,,,,
NRG1,HER2HER3c_2,positive,Z21,positive,indirect,2,,"causal effect mediated by HER3, PI3K, ERK"
MAPK_2,HER2HER3c_2,negative,Z21,,,,,
Neratinib,HER2HER3c_2,negative,Z21,negative,direct,1,regulates,Neratinib is an irreversible pan-HER tyrosine kinase inhibitor that covalently binds the kinase domains of HER2 and EGFR.
FOXO3,HER3,positive,Z21,positive,direct,1,regulates,regulation of transcription. FOXO3 binds regulatory regions of ERBB3/HER3 and leads to increased HER3 transcription
HER3_2,HER3,positive,Z21,,,,,
HER3_T,HER3,positive,Z21,,,,,
FOXO3,HER3_2,positive,Z21,positive,direct,1,regulates,regulation of transcription. FOXO3 binds regulatory regions of ERBB3/HER3 and leads to increased HER3 transcription. We assume that the confidence ranking of this edge is the same as that of FOXO3->HER3.
HER3,HER3_2,positive,Z21,,,,,
FOXO3,IGF1R,positive,Z21,positive,indirect,2,,"There is causal evidence that activated FOXO3 increases IGF1R mRNA and protein expression, and FOXO knockdown decreases IGF1R expression. The exact mechanism is not known."
HER2,IGF1R,positive,Z21,positive,assumption,4,,This assumed edge is consistent with observed higher IGF1R signaling in trastuzumab-resistant cells
IGF1R_2,IGF1R,positive,Z21,,,,,
IGF1R_T,IGF1R,positive,Z21,,,,,
FOXO3,IGF1R_2,positive,Z21,positive,indirect,2,,"There is causal evidence that activated FOXO3 increases IGF1R mRNA and protein expression, and FOXO knockdown decreases IGF1R expression. The exact mechanism is not known."
HER2,IGF1R_2,positive,Z21,positive,assumption,4,,This assumed edge is consistent with observed higher IGF1R signaling in trastuzumab-resistant cells
IGF1R,IGF1R_2,positive,Z21,,,,,
IGF1R_T_2,IGF1R_2,positive,Z21,,,,,
S6K,IGF1R_2,negative,Z21,,,,,
IGF1R_T,IGF1R_T,positive,Z21,,,,,
IGF1R_T_2,IGF1R_T,positive,Z21,,,,,
IGF1R_T,IGF1R_T_2,positive,Z21,,,,,
IGF1R_T_2,IGF1R_T_2,positive,Z21,,,,,
AKT,KMT2D,negative,Z21,negative ,direct,1,regulates,AKT phosphorylates KMT2D at Ser1331; this reduces KMT2D chromatin recruitment/function and consequently suppresses KMT2D-dependent ER transcriptional activity.
MAPK_2,MAPK,positive,Z21,,,,,
PIP3,MAPK,positive,Z21,,,,,
PIP3_2,MAPK,positive,Z21,,,,,
RAS,MAPK,positive,Z21,,,,,
RAS_2,MAPK,positive,Z21,,,,,
RAS_3,MAPK,positive,Z21,,,,,
Trametinib,MAPK,negative,Z21,,,,,
MAPK,MAPK_2,positive,Z21,,,,,
PIP3,MAPK_2,positive,Z21,,,,,
PIP3_2,MAPK_2,positive,Z21,,,,,
RAS_2,MAPK_2,positive,Z21,,,,,
RAS_3,MAPK_2,positive,Z21,,,,,
Trametinib,MAPK_2,negative,Z21,,,,,
MCL1_T,MCL1,positive,Z21,positive ,direct,1,regulates,protein translation
S63845,MCL1,negative,Z21,,,,,
ER_transcription,MYC,positive,Z21,,,,,
MYC_2,MYC,positive,Z21,positive,unsupported,,,This edge is an artifact of the Boolean representation of multi-level nodes.
ER_transcription_2,MYC_2,positive,Z21,,,,,
MYC,MYC_2,positive,Z21,positive,,0,,Reaching a higher level necessitates reaching the lower level first.
MYC_T,MYC_2,positive,Z21,positive,direct,1,regulates,translation of the MYC protein. 
MYC,MYC_targets,positive,Z21,positive ,direct ,1,regulates,MYC_targets represents genes regulated both transcriptionally by MYC and translationally by the mTORC1 pathway. 
MYC_2,MYC_targets,positive,Z21,positive,direct,1,regulates,MYC_targets represents genes regulated both transcriptionally by MYC and translationally by the mTORC1 pathway. We assign the same confidence ranking as that of the MYC->MYC_targets edge.
MYC_targets_2,MYC_targets,positive,Z21,positive,unsupported,,,This edge is an artifact of the Boolean representation of multi-level nodes.
Translation,MYC_targets,positive,Z21,positive,assumption,4,,MYC_targets represents genes regulated both transcriptionally by MYC and translationally by the mTORC1 pathway. This assumption is consistent with findings of convergent effects of these two pathways.
MYC,MYC_targets_2,positive,Z21,positive,direct,1,regulates,MYC_targets represents genes regulated both transcriptionally by MYC and translationally by the mTORC1 pathway. We assign the same confidence ranking as that of the MYC->MYC_targets edge.
MYC_2,MYC_targets_2,positive,Z21,positive,direct,1,regulates,MYC_targets represents genes regulated both transcriptionally by MYC and translationally by the mTORC1 pathway. We assign the same confidence ranking as that of the MYC->MYC_targets edge.
MYC_targets,MYC_targets_2,positive,Z21,positive ,,0,,Reaching a higher level necessitates reaching the lower level first.
Translation,MYC_targets_2,positive,Z21,positive,assumption,4,,MYC_targets represents genes regulated both transcriptionally by MYC and translationally by the mTORC1 pathway. This assumption is consistent with findings of convergent effects of these two pathways.
PIP3,PDK1_pm,positive,Z21,,,,,
PIP3_2,PDK1_pm,positive,Z21,,,,,
Alpelisib,PI3K,negative,Z21,,,,,
HER2HER3c,PI3K,positive,Z21,positive,,,,Phosphorylated HER3 within the HER2–HER3 complex directly recruits PI3K by binding to its p85 subunit.
HER2HER3c_2,PI3K,positive,Z21,positive,direct,1,regulates,Phosphorylated HER3 within the HER2–HER3 complex directly recruits PI3K by binding to its p85 subunit. We consider that the confidence ranking of the edge with the lower-level variable applies.
IGF1R,PI3K,positive,Z21,,,,,
IGF1R_2,PI3K,positive,Z21,,,,,
PI3K_2,PI3K,positive,Z21,positive ,unsupported,,,This edge is an artifact of the Boolean representation of multi-level nodes.
RAS,PI3K,positive,Z21,,,,,
RAS_2,PI3K,positive,Z21,,,,,
RAS_3,PI3K,positive,Z21,,,,,
Alpelisib,PI3K_2,negative,Z21,,,,,
HER2HER3c_2,PI3K_2,positive,Z21,positive,direct,1,regulates,Phosphorylated HER3 within the HER2–HER3 complex directly recruits PI3K by binding to its p85 subunit. We consider that the confidence ranking of the edge with the lower-level variable applies.
PI3K,PI3K_2,positive,Z21,positive,,0,necessary,Reaching a higher level necessitates reaching the lower level first.
PI3K,PIP3,positive,Z21,positive,direct,1,regulates,PI3K catalyzes the reaction that produces PIP3.
PI3K_2,PIP3,positive,Z21,positive,direct,1,regulates,PI3K catalyzes the reaction that produces PIP3.
PIP3_2,PIP3,positive,Z21,,,,,
PTEN,PIP3,negative,Z21,negative,direct,1,,PTEN dephosphorylates PIP3
PTEN_2,PIP3,negative,Z21,negative,direct,1,,PTEN dephosphorylates PIP3. We consider that the confidence ranking is the same as that of the PTEN-| PIP3 edge.
PI3K_2,PIP3_2,positive,Z21,positive,direct,1,regulates,PI3K catalyzes the reaction that produces PIP3.
PIP3,PIP3_2,positive,Z21,,,,,
PTEN_2,PIP3_2,negative,Z21,negative,direct,1,,PTEN dephosphorylates PIP3. We consider that the confidence ranking is the same as that of the PTEN-| PIP3 edge.
AKT,PRAS40,negative,Z21,,,,,
PIM,PRAS40,negative,Z21,,,,,
PTEN_2,PTEN,positive,Z21,,,,,
PTEN_T,PTEN,positive,Z21,,,,,This edge represents translation of the PTEN protein from the PTEN_T transcript
PTEN,PTEN_2,positive,Z21,,,,,
PTEN_T_2,PTEN_2,positive,Z21,,,,,
PTEN_T,PTEN_T,positive,Z21,,,,,
PTEN_T_2,PTEN_T,positive,Z21,,,,,
PTEN_T,PTEN_T_2,positive,Z21,,,,,
PTEN_T_2,PTEN_T_2,positive,Z21,,,,,
E2F,Proliferation,positive,Z21,,,,,
MYC_targets,Proliferation,positive,Z21,positive,assumption,4,,This assumption is consistent with the observation that MYC overexpression can cause resistance to PI3K inhibitors.
E2F_2,Proliferation_2,positive,Z21,,,,,
E2F,Proliferation_3,positive,Z21,,,,,
E2F_2,Proliferation_3,positive,Z21,,,,,
MYC_targets_2,Proliferation_3,positive,Z21,positive,assumption,4,,This assumption is consistent with the observation that MYC overexpression can cause resistance to PI3K inhibitors.
HER2HER3c,RAS,positive,Z21,positive,,,,
HER2HER3c_2,RAS,positive,Z21,,,,,
IGF1R,RAS,positive,Z21,,,,,
IGF1R_2,RAS,positive,Z21,,,,,
RAS_2,RAS,positive,Z21,,,,,
RAS_3,RAS,positive,Z21,,,,,
HER2HER3c,RAS_2,positive,Z21,positive,,,,
HER2HER3c_2,RAS_2,positive,Z21,,,,,
RAS,RAS_2,positive,Z21,,,,,
RAS_3,RAS_2,positive,Z21,,,,,
HER2HER3c_2,RAS_3,positive,Z21,,,,,
RAS,RAS_3,positive,Z21,,,,,
RAS_2,RAS_3,positive,Z21,,,,,
mTORC1,S6K,positive,Z21,positive ,direct,1,regulates,mTORC1 phosphorylates S6K
PDK1,SGK1,positive,Z21,,,,,
SGK1_T,SGK1,positive,Z21,,,,,
mTORC2,SGK1,positive,Z21,positive,direct,1,regulates,"mTORC2 directly phosphorylates the SGK1 hydrophobic-motif site Ser422, enabling subsequent activation by PDK1."
AKT,TSC2,negative,Z21,negative ,direct,1,,"AKT phosphorylates TSC2 (tuberin) at multiple sites, inhibiting the TSC1–TSC2 complex's GAP activity."
MAPK_2,TSC2,negative,Z21,,,,,
SGK1,TSC2,negative,Z21,,,,,
EIF4,Translation,positive,Z21,positive,direct in the network sense,,,eIF4F is part of the molecular machinery that executes cap-dependent translation initiation.
S6K,Translation,positive,Z21,positive,indirect,2,,causal effect mediated by EIF4
CDK46,CYCLINDc,positive,Z21,positive,,0,necessary,CDK4 or CDK6 (denoted CDK46) make up one component of the cyclin-CDK complex CYCLINDc.
CYCLINDc_2,CYCLINDc,positive,Z21,positive,unsupported,,,This edge is an artifact of the Boolean representation of a multi-level variable.
CyclinD,CYCLINDc,positive,Z21,positive,,0,necessary,Cyclin D1 is one of two components of the cyclin-CDK complex CYCLINDc
CyclinD_2,CYCLINDc,positive,Z21,positive,,0,necessary,Cyclin D1 is one of two components of the cyclin-CDK complex CYCLINDc. We assign the same rank as that of the CyclinD1->CYCLIND_c edge.
CDK46,CYCLINDc_2,positive,Z21,positive,,0,necessary,CDK4 or CDK6 (denoted CDK46) make up one component of the cyclin-CDK complex CYCLINDc. We consider that the same confidence ranking applies as that of the CDK46->CYCLINDc edge.
CYCLINDc,CYCLINDc_2,positive,Z21,positive,,0,necessary,Reaching a higher level necessitates achieving the lower level first.
CyclinD_2,CYCLINDc_2,positive,Z21,positive,,0,necessary,Cyclin D1 is one of two components of the cyclin-CDK complex CYCLINDc. We assign the same rank as that of the CyclinD1->CYCLIND_c edge.
cycE_CDK2T,cycE_CDK2,positive,Z21,,,,,
p21_p27,cycE_CDK2,negative,Z21,negative,direct,1,regulates,"Both p21 and p27,  members of the CIP/KIP family, bind  Cyclin E–CDK2 complexes. This prevents phosphorylation of substrates required for S-phase entry and progression."
E2F,cycE_CDK2T,positive,Z21,,,,,
E2F_2,cycE_CDK2T,positive,Z21,,,,,
MYC,CyclinD,positive,Z21,positive,unsupported,,,"Contrary to this assumption, there is evidence that MYC can bind to  the Cyclin D1 promoter and repress CCND1 transcription."
CyclinD_2,CyclinD,positive,Z21,positive,unsupported,,,This edge is an artifact of the Boolean representation of a multi-level variable.
MYC_2,CyclinD_2,positive,Z21,positive ,unsupported,,,"Contrary to this assumption, there is evidence that MYC can bind to  the Cyclin D1 promoter and repress CCND1 transcription."
CyclinD,CyclinD_2,positive,Z21,positive,,0,necessary,Reaching a higher level necessitates achieving the lower level first.
Everolimus,mTORC1,negative,Z21,negative ,direct in the network sense,1,regulates,"Everolimus binds the intracellular protein FKBP12; the everolimus–FKBP12 complex then binds the FRB domain of mTOR within mTORC1, inhibiting mTORC1 signaling. FKBP12 is not in the network."
PRAS40,mTORC1,negative,Z21,,,,,
TSC2,mTORC1,negative,Z21,negative ,indirect,2,,causal effect mediated by RHEB
Everolimus,mTORC2,negative,Z21,negative,indirect,2,,Prolonged exposure to rapalogs can inhibit mTORC2 in some cell types because drug-bound mTOR becomes unavailable for assembly of new mTORC2 complexes.
mTORC2,mTORC2,positive,Z21,,,,,
Everolimus,mTORC2_pm,negative,Z21,negative,indirect,2,,"Prolonged exposure to rapalogs can deplete mTORC2, and thus also mTORC2_pm,  because drug-bound mTOR becomes unavailable for assembly of new mTORC2 complexes."
PIP3,mTORC2_pm,positive,Z21,,,,,
PIP3_2,mTORC2_pm,positive,Z21,,,,,
p21_T,p21_T,positive,Z21,positive ,assumption,4,,The Z21 model assumes a constitutive basal transcription status in the context of ER+ PIK3CA mutant breast cancer.
p21_T_2,p21_T,positive,Z21,positive ,unsupported,,,This edge is an artifact of the Boolean representation of multi-level nodes.
p21_T,p21_T_2,positive,Z21,positive ,,0,,Reaching a higher level necessitates reaching the lower level first.
p21_T_2,p21_T_2,positive,Z21,positive ,assumption,4,,The Z21 model assumes that the transcription status of p21 is constant in ER+ PIK3CA mutant breast cancer. The specific assumption is that p21_T_2=1 in MCF7 and p21_T_2=0 in T47D.
AKT,p21_p27,negative,Z21,negative,direct,1,regulates,The p21_p27 node unites p21 and p27. AKT phosphorylates and inhibits both p21 and p27. This inhibition can be interpreted as a direct inhibition of the p21_p27 node.
PIM,p21_p27,negative,Z21,negative ,,,,
p21_p27_T,p21_p27,positive,Z21,positive,direct,1,regulates,"The p21_p27 node unites the p21 and p27 proteins. The p21_p27_T node unites the transcripts of p21 and p27. Thus, this edge represents translation."
FOXO3,p21_p27_T,positive,Z21,positive,direct,1,regulates,"FOXO3 binds both the CDKN1A (p21) and CDKN1B (p27) promoter, and activates the transcription of both. "
MYC,p21_p27_T,negative,Z21,negative,assumption,4,,The p21_p27_T node refers to the transcripts of p21 and p27. This assumption is consistent with the fact that MYC represses the transcription of CDKN1A (p21).
MYC_2,p21_p27_T,negative,Z21,positive,assumption,4,,The p21_p27_T node refers to the transcripts of p21 and p27. This assumption is consistent with the fact that MYC represses the transcription of CDKN1A (p21).
p21_T,p21_p27_T,positive,Z21,positive ,,0,,"The p21_p27_T node unites the transcripts of p21 and p27. Thus, this edge represents inclusion."
p21_T_2,p21_p27_T,positive,Z21,positive ,,0,,The p21_p27_T node unites the transcripts of p21 and p27. We consider that the confidence ranking is the same as that of the p21_T->p21-p27_T edge.
p27_T,p21_p27_T,positive,Z21,positive ,,0,,"The p21_p27_T node unites the transcripts of p21 and p27. Thus, this edge represents inclusion."
Rb_T,pRB,negative,Z21,,,,,
CYCLINDc,pRB,positive,Z21,,,,,
CYCLINDc_2,pRB,positive,Z21,,,,,
pRB_2,pRB,positive,Z21,,,,,
Rb_T,pRB_2,negative,Z21,,,,,
CYCLINDc,pRB_2,positive,Z21,,,,,
CYCLINDc_2,pRB_2,positive,Z21,,,,,
cycE_CDK2,pRB_2,positive,Z21,,,,,
pRB,pRB_2,positive,Z21,,,,,
GRB2,ABL1,positive,TGEN,positive,,,,
SRC,ABL1,positive,TGEN,positive,,,,
ABL1,ABL2,positive,TGEN,positive,,,,
IGF1,AKT,positive,TGEN,positive,indirect,2,,"causal effect mediated by IGFR, IRS1, PI3K, others"
IGF1R,AKT,positive,TGEN,positive,indirect,2,,"causal effect mediated by IRS1, PI3K, others"
IRS1,AKT,positive,TGEN,positive,indirect,2,,"causal effect mediated by PI3K, others"
mTORC2,AKT,positive,TGEN,positive,indirect,2,,"mTORC2 is recruited to the cell membrane, then it phosphorylates AKT"
NRG1,AKT,positive,TGEN,positive,indirect,2,,"causal effect mediated by PI3K, others"
PDK1_pm,AKT,positive,TGEN,positive,direct,1,regulates,plasma-membrane-bound PDK1 directly phosphorylates AKT at Thr308 in its activation loop
PIP3,AKT,positive,TGEN,positive,direct,1,,"PIP3 directly binds the PH domain of AKT, recruiting AKT to the plasma membrane and inducing conformational changes that expose its activating phosphorylation sites"
AXIN1,APC,positive,TGEN,,,,,
DVL1,AXIN1,negative,TGEN,negative,,,,
GSK3B,AXIN1,positive,TGEN,positive,,,,
AKT,BAD,negative,TGEN,negative,direct,1,regulates,"AKT phosphorylates BAD, which leads to its sequestration by 14-3-3 proteins, making it unable to inhibit BCLXL"
ERK,BAD,negative,TGEN,negative,direct,1,regulates,"ERK1/2 phosphorylate BAD, which leads to its sequestration by 14-3-3 proteins, making it unable to inhibit BCLXL, BCL2"
PAK1,BAD,negative,TGEN,negative,direct,1,regulates,"PAK1 phosphorylates BAD, which leads to its sequestration by 14-3-3 proteins, making it unable to inhibit BCLXL, BCL2"
PIM,BAD,negative,TGEN,negative,direct,1,,"PIM kinases phosphorylate BAD. This promotes BAD's sequestration by 14-3-3 proteins, suppressing BAD's pro-apoptotic function."
BID,BAK1,positive,TGEN,positive,direct,1,regulates,"The active form tBID (generated by caspase-8 cleavage of BID) directly engages BAK, promoting the conformational changes and oligomerization that lead to mitochondrial outer-membrane permeabilization (MOMP)."
BIM,BAK1,positive,TGEN,positive,direct,1,regulates,"BIM's BH3 domain can directly engage BAK, causing the conformational changes that lead to BAK oligomerization and mitochondrial outer-membrane permeabilization."
MCL1,BAK1,negative,TGEN,negative,direct,1,regulates,"MCL1 binds activated BAK1 through its BH3-binding groove, sequestering BAK1 and preventing the oligomerization required for mitochondrial outer-membrane permeabilization."
p53,BAK1,positive,TGEN,positive,direct,1,regulates,p53 binds a p53-response element in the BAK1 promoter and increases BAK1 transcription.
BID,BAX,positive,TGEN,positive,direct,1,regulates,"The active form tBID directly binds BAX and induces the conformational changes that activate BAX, leading to its mitochondrial membrane insertion and oligomerization."
BIM,BAX,positive,TGEN,positive,direct,1,regulates,"BIM's BH3 domain physically binds BAX, inducing conformational changes that promote BAX membrane insertion and oligomerization, leading to mitochondrial outer-membrane permeabilization."
MCL1,BAX,negative,TGEN,negative,direct,1,regulates,"MCL1 binds activated BAX through its BH3-binding groove, sequestering BAX and preventing the oligomerization required for mitochondrial outer-membrane permeabilization."
p53,BAX,positive,TGEN,positive,direct,1,regulates,p53 binds a p53-response element in the BAX promoter and increases BAX transcription.
BAD,BCL2,negative,TGEN,negative,direct,1,regulates,"BAD binds BCL-2 through its BH3 domain, occupying the hydrophobic groove of BCL-2. This binding neutralizes BCL-2's anti-apoptotic function."
BIM,BCL2,negative,TGEN,negative,direct,1,regulates,"BIM binds BCL-2 through its BH3 domain, occupying the hydrophobic groove of BCL-2. This binding neutralizes BCL-2's anti-apoptotic function."
CREB1,BCL2,positive,TGEN,positive,direct,1,regulates,regulation of transcription. CREB/CREB1 directly binds a cAMP-response element (CRE) in the BCL2 promoter and stimulates BCL2 transcription.
ERK,BCL2,positive,TGEN,positive,direct,1,regulates,ERK1/2 phosphorylate BCL2 at Ser70. This phosphorylation enhances BCL2's anti-apoptotic function:
BAD,BCLXL,negative,TGEN,negative,direct,1,regulates,"BAD binds BCL-XL through its BH3 domain, occupying the hydrophobic groove of BCL-XL. This binding neutralizes BCL-XL's anti-apoptotic function."
BIM,BCLXL,negative,TGEN,negative,direct,1,regulates,BIM directly binds the hydrophobic BH3-binding groove of BCL-XL (BCL2L1) through BIM's BH3 domain. This binding neutralizes BCL-XL's anti-apoptotic function.
CREB1,BCLXL,positive,TGEN,positive,direct,1,regulates,regulation of transcription. CREB/CREB1 can directly bind a cAMP-response element (CRE) in the BCL2L1 (BCLXL) promoter and stimulates its transcription.
CASP8,BID,positive,TGEN,positive,direct,1,regulates,"Active caspase-8 directly cleaves BID, generating truncated BID (tBID). tBID translocates to mitochondria and activates the mitochondrial apoptosis pathway, including BAX/BAK activation."
BCL2,BIM,negative,TGEN,negative,direct,1,regulates,"BCL2 directly binds the BH3 domain of BIM, sequestering BIM and preventing it from activating BAX/BAK."
BCLXL,BIM,negative,TGEN,negative,direct,1,regulates,"BCL-XL (BCL2L1) directly binds BIM through BIM's BH3 domain, sequestering BIM and preventing it from activating BAX/BAK."
FOXO1,BIM,positive,TGEN,positive,direct,1,regulates,FOXO1 binds conserved forkhead-response elements in the promoter of  BCL2L11 (the gene encoding BIM) and stimulate its transcription.
FOXO3,BIM,positive,TGEN,positive,direct,1,regulates,FOXO3 binds conserved forkhead-response elements in the promoter of  BCL2L11 (the gene encoding BIM) and stimulates its transcription.
CASP9,CASP3,positive,TGEN,positive,direct,1,regulates,"Active caspase-9 directly cleaves procaspase-3 at its activating processing sites, generating active caspase-3"
ERK,CASP8,negative,TGEN,negative,,,,
FADD,CASP8,positive,TGEN,,,,,
NF1,CASP8,positive,TGEN,positive,,,,
SRC,CASP8,negative,TGEN,negative,,,,
AKT,CASP9,negative,TGEN,,,,,
BCLXL,CASP9,negative,TGEN,negative,direct in the network sense,1,regulates,"This edge is mediated by the inhibition of mitochondrial cytochrome-c release and apoptosome formation, neither of which is in the network"
CASP3,CASP9,positive,TGEN,positive,direct in the network sense,1,regulates,"The mechanism includes Caspase-3 cleaving caspase-9 and the inhibition of XIAP, which is not in the network"
CASP8,CASP9,positive,TGEN,positive,indirect,2,,"causal effect mediated by BID, BAX and others"
CYCS,CASP9,positive,TGEN,positive,direct in the network sense,1,regulates,"Cytosolic cytochrome c binds APAF1, causing APAF1 to assemble into the apoptosome. The apoptosome then recruits procaspase-9 through CARD–CARD interactions and activates it by proximity/dimerization.  APAF1 and the apoptosome are not in the network."
ERK,CASP9,negative,TGEN,negative,direct,1,regulates,"ERK1/2 directly binds and phosphorylates caspase-9 at Thr125, inhibiting its activation/activity."
PRKACA,CASP9,negative,TGEN,negative,,,,
CASP3,CDKN2A,positive,TGEN,positive,unsupported,,,This assumed edge is not supported by evidence.
MYC,CDKN2A,negative,TGEN,negative,indirect,2,,"MYC can suppress the p16/RB senescence program in proliferating cells through several mechanisms, and MYC loss can lead to increased p16 expression and senescence."
SRC,CDKN2A,negative,TGEN,negative,,,,
ABL2,CEBPB,positive,TGEN,positive,,,,
CREB1,CEBPB,positive,TGEN,positive,,,,
AKT,CREB1,positive,TGEN,positive,direct,1,regulates,"AKT directly phosphorylates CREB1 Ser133, which increases CREB transcriptional activity"
PTEN,CREB1,negative,TGEN,negative,,,,
DC,CTNNB1,negative,TGEN,negative,,,,
SRC,CTNNB1,positive,TGEN,positive,,,,
WNT1,CTNNB1,positive,TGEN,positive,,,,
YAP1,CTNNB1,positive,TGEN,positive,,,,
CDKN2A,CYCLINDc,negative,TGEN,negative,,1,regulates,CDKN2A (p16INK4A)  binds CDK4 and CDK6 and prevents/antagonizes formation of functional Cyclin D–CDK4/6 complexes.
ESR1,CYCLINDc,positive,TGEN,positive,indirect,2,,Estrogen-activated ERα promotes CCND1 transcription; this allows increased CYCLINDc formation.
GSK3B,CYCLINDc,negative,TGEN,negative,direct,2,,"GSK3B promotes the nuclear export and degradation of CyclinD1, thus less cyclin-CDK complex CYCLINDc can be formed."
MYC,CYCLINDc,positive,TGEN,positive,indirect,2,,"c-MYC activates CDK4 transcription, thus leading to more CYCLINDc formation."
p21,CYCLINDc,negative,TGEN,negative,unsupported,,,This assumed edge is contradicted by evidence that p21 (and p27) can serve as an assembly factor for Cyclin D–CDK4/6 and facilitate nuclear localization.  p21-bound Cyclin D–CDK complexes can retain their kinase activity.
TCF7L2,CYCLINDc,positive,TGEN,positive,indirect,2,,"Causal effect mediated by β-catenin/TCF complexes activating CCND1 transcription, which then yields more CYCLINDc."
TEAD1,CYCLINDc,positive,TGEN,positive,indirect,2,,"causal effect. TEAD-containing YAP/TAZ transcriptional complex binds CCND1 regulatory DNA, leading to increased CCND1 transcription, which then allows more CYCLINDc complex formation."
BAK1,CYCS,positive,TGEN,positive,direct in the network sense,1,regulates,Activated BAK oligomerizes in the mitochondrial outer membrane and helps form pores through which Cytochrome c (CYCS) is released from the mitochondrial intermembrane space into the cytosol.
BAX,CYCS,positive,TGEN,positive,direct in the network sense,1,regulates,Activated BAX oligomerizes in the mitochondrial outer membrane and helps form pores through which Cytochrome c (CYCS) is released from the mitochondrial intermembrane space into the cytosol.
APC,DC,positive,TGEN,positive,,,,
GSK3B,DC,positive,TGEN,positive,,,,
FZD3,DVL1,positive,TGEN,positive,,,,
NF1,DVL1,positive,TGEN,positive,,,,
RB,E2F,negative,TGEN,negative,,,,
EGF,EGFR,positive,TGEN,positive,direct,1,regulates,ligand-receptor binding
HER2,EGFR,positive,TGEN,positive,direct,1,,protein-protein interaction; heterodimerization activates EGFR
HER3,EGFR,positive,TGEN,positive,direct,1,regulates,protein-protein interaction; heterodimerization activates EGFR
MEK,EGFR,negative,TGEN,negative,indirect,2,,causal effect mediated by ERK
EIF4EBP1,EIF4,negative,TGEN,negative,,,,
MEK,ERK,positive,TGEN,positive,direct,1,regulates,MEK1/2 directly binds and phosphorylates ERK1/2
AKT,ESR1,positive,TGEN,positive,direct,1,regulates,"Activated AKT phosphorylates ERα (ESR1 protein) at Ser167, and this phosphorylation increases ERα transcriptional activity."
ES,ESR1,positive,TGEN,positive,direct,1,regulates,ligand-receptor binding
FOXO3,ESR1,positive,TGEN,positive,direct,1,regulates,regulation of transcription. FOXO3a directly binds regulatory sites in the ESR1 (ERα) promoter and increases ESR1 transcription
KMT2D,ESR1,positive,TGEN,positive,,,,
PGR,ESR1,positive,TGEN,positive,,,,
FAS,FADD,positive,TGEN,positive,,,,
TRADD,FADD,positive,TGEN,positive,,,,
AKT,FAS,negative,TGEN,negative,,,,
FASLG,FAS,positive,TGEN,positive,direct,1,regulates,ligand-receptor binding
p53,FAS,positive,TGEN,positive,,,,
FASLG,FASLG,positive,TGEN,positive,unsupported,,,This assumed self-regulation is not supported by evidence
FOXO3,FASLG,positive,TGEN,positive,direct,1,regulates,regulation of transcription. FOXO3 binds forkhead-response elements in the FASLG promoter and activate FASL transcription; constitutively active FOXO3 increases FASL promoter activity.
p53,FASLG,positive,TGEN,positive,,,,
AKT,FOXO1,negative,TGEN,negative,direct,1,regulates,"AKT phosphorylates FOXO1 at several regulatory residues. These promote binding to 14-3-3 proteins and retention in the cytoplasm, which decreases FOXO1 transcriptional activity"
SGK1,FOXO1,negative,TGEN,negative,,,,
AKT,FOXO3,negative,TGEN,negative,direct,1,regulates,"AKT phosphorylates FOXO1 at several regulatory residues. These promote binding to 14-3-3 proteins and retention in the cytoplasm, which decreases FOXO1 transcriptional activity"
CREB1,FZD3,positive,TGEN,positive,,,,
WNT1,FZD3,positive,TGEN,positive,,,,
STAT1,GATA3,negative,TGEN,negative,,,,
EGFR,GRB2,positive,TGEN,positive,,,,
IRS1,GRB2,positive,TGEN,positive,direct,1,regulates,"GRB2 directly binds phosphorylated IRS1 through its SH2 domain, recruiting the GRB2–SOS machinery."
LATS1,GRB2,positive,TGEN,positive,,,,
SRC,GRB2,positive,TGEN,positive,,,,
INSR,GRB7,positive,TGEN,positive,direct,1,regulates,"Activated INSR becomes tyrosine-phosphorylated, the adaptor protein GRB7 bind sit through its SH2 domain, INSR then promotes GRB7 tyrosine phosphorylation."
PRKACA,GRB7,negative,TGEN,negative,,,,
AKT,GSK3B,negative,TGEN,negative,direct,1,regulates,"AKT directly phosphorylates GSK3β at Ser9, which inhibits GSK3β kinase activity."
ERK,GSK3B,negative,TGEN,negative,,,,
EGF,HER2,positive,TGEN,positive,indirect,2,,causal effect mediated by EGFR heterodimerization with HER2
HER3,HER2,positive,TGEN,positive,unsupported,,,The HER2-HER3 heterodimer formation is better represented with a separate HER2HER3c node
HER2,HER3,positive,TGEN,positive,unsupported,,,"The effect of HER2 on HER3 is through HER2-HER3 heterodimer formation, which is represented by the HER2HER3c node."
NRG1,HER3,positive,TGEN,positive,direct,1,regulates,ligand-receptor binding
CASP3,HES1,negative,TGEN,negative,unsupported,,,This edge is not supported by evidence.
NICD,HES1,positive,TGEN,positive,,,,
NICD,HEY1,positive,TGEN,positive,,,,
IGF1,HRAS,positive,TGEN,positive,,,,
NF1,HRAS,negative,TGEN,negative,,,,
PI3K,HRAS,positive,TGEN,positive,,,,
SOS1,HRAS,positive,TGEN,positive,direct,1,,"SOS1 directly binds HRAS and acts as a guanine-nucleotide exchange factor (GEF), promoting release of GDP so that GTP can bind. This converts RAS into its active GTP-bound state."
PDK1_pm,HSP90AA1,negative,TGEN,negative,,,,
ESR1,IGF1R,positive,TGEN,positive,,,,
FOXO3,IGF1R,positive,TGEN,positive,indirect,2,,"There is causal evidence that activated FOXO3 increases IGF1R mRNA and protein expression, and FOXO knockdown decreases IGF1R expression. The exact mechanism is not known."
IGF1,IGF1R,positive,TGEN,positive,,,,
INS,IGF1R,positive,TGEN,positive,direct,1,regulates,Insulin can directly bind IGF1R and weakly activate its intrinsic tyrosine kinase.
SRC,IGF1R,positive,TGEN,positive,,,,
NOS3,IL1B,positive,TGEN,positive,,,,
RELA,IL1B,positive,TGEN,positive,,,,
IL1B,IL6,positive,TGEN,positive,,,,
IL6,IL6,positive,TGEN,positive,,,,
IL6,IL6R,positive,TGEN,positive,direct,1,regulates,ligand-receptor binding
STAT5,IL8,positive,TGEN,positive,,,,
FOXO3,INSR,positive,TGEN,positive,unsupported,,,This edge is not supported by experimental evidence
INS,INSR,positive,TGEN,positive,direct,1,regulates,ligand-receptor binding
IGF1R,IRS1,positive,TGEN,positive,,,,
INSR,IRS1,positive,TGEN,positive,direct,1,regulates,Activated INSR recruits IRS1 and phosphorylates IRS1 on multiple tyrosine residues. Those phosphotyrosines then serve as docking sites for downstream signaling proteins.
S6K,IRS1,negative,TGEN,negative,,,,
mTORC1,EIF4EBP1,negative,TGEN,negative,,,,
ABL1,JAK2,positive,TGEN,positive,,,,
IL6R,JAK2,positive,TGEN,positive,direct,1,regulates,JAK2 is physically associated with the GP130 subunit of the receptor complex; receptor activation directly causes JAK activation.
IL8,JAK2,positive,TGEN,positive,unsupported,,,"IL-8 (CXCL8) signals through the GPCRs CXCR1 and CXCR2, not through a JAK-associated cytokine receptor."
IRS1,JAK2,positive,TGEN,positive,unsupported,,,There is a JAK2->IRS1 relationship but no evidence to support this edge.
ERK,JUN,positive,TGEN,positive,,,,
MAPK8,JUN,positive,TGEN,positive,,,,
PPARG,JUN,positive,TGEN,positive,,,,
RELA,JUN,positive,TGEN,positive,,,,
AKT,KMT2D,negative,TGEN,negative,direct,1,regulates,AKT phosphorylates KMT2D at Ser1331; this reduces KMT2D chromatin recruitment/function and consequently suppresses KMT2D-dependent ER transcriptional activity.
PAX7,KMT2D,positive,TGEN,positive,,,,
EGFR,KRT14,positive,TGEN,positive,,,,
PAK2,KRT14,positive,TGEN,positive,,,,
LCK,LATS1,positive,TGEN,positive,,,,
NF2,LATS1,positive,TGEN,positive,,,,
AKT,LCK,negative,TGEN,negative,unsupported,,,"This edge is not supported by evidence; the opposite direction, from LCK to AKT is supported."
ERK,LCK,positive,TGEN,positive,,,,
RAC1,MAPK8,positive,TGEN,positive,,,,
RND1,MAPK8,positive,TGEN,positive,,,,
ERK,MCL1,positive,TGEN,positive,direct,1,regulates,"ERK1/2 phosphorylates MCL1, which stabilizes MCL1 and increases its anti-apoptotic activity. ERK1/2 also has indirect effects on MCL1 transcription and translation."
GSK3B,MCL1,negative,TGEN,negative,direct in the network sense,1,regulates,"GSK3B phosphorylates MCL1. This creates/promotes a phosphodegron that is recognized by ubiquitin ligases, leading to MCL1 ubiquitination and proteasomal degradation."
AKT,MDM2,positive,TGEN,positive,,,,
p53,MDM2,positive,TGEN,positive,,,,
RAF1,MEK,positive,TGEN,positive,direct,1,,RAF1 phosphorylates MEK1/2
IGF1,mTORC1,positive,TGEN,positive,indirect,2,,"causal effect mediated by PI3K, AKT"
NRG1,mTORC1,positive,TGEN,positive,indirect,2,,"causal effect mediated by PI3K, AKT"
RHEB,mTORC1,positive,TGEN,positive,direct,1,,"RHEB directly binds mTORC1, and allosterically activates the mTOR kinase"
PIP3,mTORC2,positive,TGEN,positive,direct,1,,PIP3 binds the SIN1 component of mTORC2 and relieves mTORC2 autoinhibition
S6K,mTORC2,negative,TGEN,negative,indirect,2,,"causal effect mediated by IRS1, PI3K, PIP3"
CTNNB1,MYC,positive,TGEN,positive,,,,
EIF4,MYC,positive,TGEN,positive,,,,
ERK,MYC,positive,TGEN,positive,,,,
ESR1,MYC,positive,TGEN,positive,,,,
GSK3B,MYC,negative,TGEN,negative,,,,
PIM,MYC,positive,TGEN,positive,direct,1,,"PIM kinases, especially PIM1, phosphorylate MYC, which increases MYC protein stability and transcriptional activity."
STAT3,MYC,positive,TGEN,positive,,,,
ABL1,MYOD1,negative,TGEN,negative,,,,
HES1,MYOD1,negative,TGEN,negative,,,,
HEY1,MYOG,negative,TGEN,negative,,,,
MYOD1,MYOG,positive,TGEN,positive,,,,
NOTCH1,NICD,positive,TGEN,positive,,,,
PRKACA,NEDD4L,negative,TGEN,negative,,,,
S6K,NEDD4L,negative,TGEN,negative,,,,
SGK1,NEDD4L,negative,TGEN,negative,,,,
p53,NF1,positive,TGEN,positive,,,,
TWIST1,NF1,negative,TGEN,negative,,,,
NEDD4L,NF2,positive,TGEN,positive,,,,
NOTCH1,NFKB,positive,TGEN,positive,,,,
AKT,NOS3,positive,TGEN,positive,,,,
HSP90AA1,NOS3,positive,TGEN,positive,,,,
CTNNB1,NOTCH1,positive,TGEN,positive,,,,
DLL,NOTCH1,positive,TGEN,positive,,,,
LCK,NOTCH1,positive,TGEN,positive,,,,
MDM2,NOTCH1,positive,TGEN,positive,,,,
AKT,p21,negative,TGEN,negative,,,,"AKT phosphorylates p21 (CDKN1A), which causes p21 to be retained/relocalized to the cytoplasm, reducing its nuclear inhibition of cyclin–CDK complexes."
ERK,p21,negative,TGEN,negative,,,,
MYC,p21,negative,TGEN,negative,indirect,2,,"MYC interacts with transcription factors already associated with the CDKN1A (p21) promoter, particularly MIZ1 (ZBTB17), represssing CDKN1A transcription. As there is a separate p21_T node, this effect on the protein level is indirect."
MDM2,p53,negative,TGEN,negative,,,,
TCF7L2,PAK1,positive,TGEN,positive,,,,
RAC1,PAK2,positive,TGEN,positive,,,,
SRC,PAK2,positive,TGEN,positive,,,,
HES1,PAX7,negative,TGEN,negative,,,,
HEY1,PAX7,negative,TGEN,negative,,,,
MYOG,PAX7,negative,TGEN,negative,,,,
NOTCH1,PAX7,positive,TGEN,positive,,,,
IGF1R,PDK1_pm,positive,TGEN,positive,indirect,2,,"causal effect mediated by PI3K, PIP3"
PIP3,PDK1_pm,positive,TGEN,positive,direct,1,,PIP3 recruits PDK1 to the plasma membrane
ERK,PGR,negative,TGEN,negative,,,,
ESR1,PGR,negative,TGEN,negative,,,,
PG,PGR,positive,TGEN,positive,,,,
EGFR,PI3K,positive,TGEN,positive,direct,1,regulates,Activated EGFR recruits the p85 regulatory subunit of class IA PI3K into a receptor-associated complex
ESR1,PI3K,positive,TGEN,positive,direct,1,regulates,The estrogen receptor ERα (ESR1) physically associates with the p85 regulatory subunit of PI3K.
IGF1R,PI3K,positive,TGEN,positive,indirect,2,,causal effect mediated by IRS1
INSR,PI3K,positive,TGEN,positive,indirect,2,,causal effect mediated by IRS1
IRS1,PI3K,positive,TGEN,positive,direct,1,regulates,protein-protein interaction. phosphorylated IRS1 proteins bind the p85 regulatory subunit of PI3K.
RAS,PI3K,positive,TGEN,positive,direct,1,,GTP-bound RAS binds the Ras-binding domain (RBD) of the p110 catalytic subunit of class I PI3K. This interaction promotes PI3K activation.
STAT5,PIM,positive,TGEN,positive,,,,
PI3K,PIP3,positive,TGEN,positive,direct,1,regulates,PI3K catalyzes the reaction that produces PIP3.
PTEN,PIP3,negative,TGEN,negative,direct,1,,PTEN dephosphorylates PIP3
CEBPB,PPARG,positive,TGEN,positive,,,,
GATA3,PPARG,negative,TGEN,negative,,,,
CYCLINDc,RB,negative,TGEN,negative,,,,
PRKACA,PRKAA2,negative,TGEN,negative,,,,
STK11,PRKAA2,positive,TGEN,positive,,,,
AKT,PRKACA,positive,TGEN,positive,,,,
WNT1,PRKACA,positive,TGEN,positive,,,,
S6K,PTEN,positive,TGEN,positive,,,,
SRC,PTEN,negative,TGEN,negative,,,,
AKT,RAC1,negative,TGEN,negative,,,,
DVL1,RAC1,positive,TGEN,positive,,,,
PI3K,RAC1,positive,TGEN,positive,indirect,2,,causal effect mediated by PIP3  and Rac guanine-nucleotide exchange factors
HRAS,RAF1,positive,TGEN,positive,,,,
RAS,RAF1,positive,TGEN,positive,,,,
IGF1,RAS,positive,TGEN,positive,,,,
PI3K,RAS,positive,TGEN,positive,,,,
SOS1,RAS,positive,TGEN,positive,direct,1,,"SOS1 directly binds RAS and acts as a guanine-nucleotide exchange factor (GEF), promoting release of GDP so that GTP can bind. This converts RAS into its active GTP-bound state."
NFKB,RELA,positive,TGEN,positive,,,,
PIM,RELA,positive,TGEN,positive,,,,
TSC2,RHEB,negative,TGEN,negative,direct,1,,"TSC2 (as part of the TSC complex) directly acts on RHEB-GTP, stimulates its GTP hydrolysis, which decreases functional RHEB activity."
DVL1,RND1,positive,TGEN,positive,,,,
GRB7,RND1,positive,TGEN,positive,,,,
mTORC1,S6K,positive,TGEN,positive,direct,1,regulates,mTORC1 phosphorylates S6K
mTORC1,SGK1,positive,TGEN,positive,unsupported,,,not supported by evidence
mTORC2,SGK1,positive,TGEN,positive,direct,1,regulates,"mTORC2 directly phosphorylates the SGK1 hydrophobic-motif site Ser422, enabling subsequent activation by PDK1."
PDK1_pm,SGK1,positive,TGEN,positive,direct,1,regulates,"PDK1 directly phosphorylates SGK1 at Thr256 in its activation loop, producing full kinase activation after the hydrophobic-motif site (Ser422) has been phosphorylated."
GRB2,SOS1,positive,TGEN,positive,,,,
ABL1,SRC,positive,TGEN,positive,,,,
PRKACA,SRC,positive,TGEN,positive,,,,
JAK2,STAT1,positive,TGEN,positive,direct,1,regulates,"Activated JAK2 directly phosphorylates STAT1, which promotes STAT1 dimerization, nuclear translocation, DNA binding, and transcriptional activity."
SRC,STAT1,positive,TGEN,positive,,,,
IL1B,STAT3,positive,TGEN,positive,,,,
JAK2,STAT3,positive,TGEN,positive,direct,1,regulates,"Activated JAK2 directly phosphorylates STAT3, which promotes STAT1 dimerization, nuclear translocation, DNA binding, and transcriptional activity."
MAPK8,STAT3,positive,TGEN,positive,,,,
SRC,STAT3,positive,TGEN,positive,,,,
EGFR,STAT5,positive,TGEN,positive,,,,
JAK2,STAT5,positive,TGEN,positive,direct,1,regulates,"Activated JAK2 directly phosphorylates STAT5, which promotes STAT5 dimerization, nuclear translocation, DNA binding, and transcriptional activity."
SRC,STAT5,positive,TGEN,positive,,,,
ERK,STK11,negative,TGEN,negative,,,,
CTNNB1,TCF7L2,positive,TGEN,positive,,,,
JUN,TCF7L2,positive,TGEN,positive,,,,
YAP1,TEAD1,positive,TGEN,positive,,,,
KRT14,TRADD,negative,TGEN,negative,,,,
AKT,TSC2,negative,TGEN,negative,direct,1,,"AKT phosphorylates TSC2 (tuberin) at multiple sites, inhibiting the TSC1–TSC2 complex's GAP activity."
ERK,TSC2,negative,TGEN,negative,,,,
GSK3B,TSC2,positive,TGEN,positive,,,,
PRKAA2,TSC2,positive,TGEN,positive,,,,
AKT,TWIST1,positive,TGEN,positive,direct,1,,"AKT phosphorylates TSC2 (tuberin) at multiple sites, inhibiting the TSC1–TSC2 complex's GAP activity."
ERK,TWIST1,positive,TGEN,positive,,,,
MAPK8,TWIST1,positive,TGEN,positive,,,,
PGR,WNT1,positive,TGEN,positive,,,,
WNT1,WNT1,positive,TGEN,positive,,,,
ABL1,YAP1,positive,TGEN,positive,,,,
LATS1,YAP1,negative,TGEN,negative,,,,
GRB2,ABL1,positive,MCF7,,,,,
RB,ABL1,negative,MCF7,,,,,
SRC,ABL1,positive,MCF7,,,,,
ABL1,ABL2,positive,MCF7,,,,,
IGF1,AKT,positive,MCF7,positive,indirect,2,,"causal effect mediated by IGFR, IRS1, PI3K"
IGF1R,AKT,positive,MCF7,positive,indirect,2,,"causal effect mediated by IRS1, PI3K"
IRS1,AKT,positive,MCF7,positive,indirect,2,,"causal effect mediated by PI3K, others"
mTORC2,AKT,positive,MCF7,positive,indirect,2,,"mTORC2 is recruited to the cell membrane, then it phosphorylates AKT"
NRG1,AKT,positive,MCF7,positive,indirect,2,,"causal effect mediated by HER3, PI3K, others"
PDK1_pm,AKT,positive,MCF7,positive,direct,1,regulates,plasma-membrane-bound PDK1 directly phosphorylates AKT at Thr308 in its activation loop
PIP3,AKT,positive,MCF7,positive,direct,1,,"PIP3 directly binds the PH domain of AKT, recruiting AKT to the plasma membrane and inducing conformational changes that expose its activating phosphorylation sites"
AXIN1,APC,positive,MCF7,,,,,
DVL1,AXIN1,negative,MCF7,,,,,
GSK3B,AXIN1,positive,MCF7,,,,,
AKT,BAD,negative,MCF7,negative,direct,1,regulates,"AKT phosphorylates BAD, which leads to its sequestration by 14-3-3 proteins, making it unable to inhibit BCLXL"
ERK,BAD,negative,MCF7,,,,,
PAK1,BAD,negative,MCF7,,,,,
PIM,BAD,negative,MCF7,negative,direct,1,,"PIM kinases phosphorylate BAD. This promotes BAD's sequestration by 14-3-3 proteins, suppressing BAD's pro-apoptotic function."
BID,BAK1,positive,MCF7,positive,direct,1,regulates,"The active form tBID (generated by caspase-8 cleavage of BID) directly engages BAK, promoting the conformational changes and oligomerization that lead to mitochondrial outer-membrane permeabilization (MOMP)."
BIM,BAK1,positive,MCF7,positive,direct,1,regulates,"BIM's BH3 domain can directly engage BAK, causing the conformational changes that lead to BAK oligomerization and mitochondrial outer-membrane permeabilization."
MCL1,BAK1,negative,MCF7,negative,direct,1,regulates,"MCL1 binds activated BAK1 through its BH3-binding groove, sequestering BAK1 and preventing the oligomerization required for mitochondrial outer-membrane permeabilization."
p53,BAK1,positive,MCF7,,,,,
BID,BAX,positive,MCF7,positive,direct,1,regulates,"The active form tBID directly binds BAX and induces the conformational changes that activate BAX, leading to its mitochondrial membrane insertion and oligomerization."
BIM,BAX,positive,MCF7,positive,direct,1,regulates,"BIM's BH3 domain physically binds BAX, inducing conformational changes that promote BAX membrane insertion and oligomerization, leading to mitochondrial outer-membrane permeabilization."
MCL1,BAX,negative,MCF7,negative,direct,1,regulates,"MCL1 binds activated BAX through its BH3-binding groove, sequestering BAX and preventing the oligomerization required for mitochondrial outer-membrane permeabilization."
p53,BAX,positive,MCF7,,,,,
BAD,BCL2,negative,MCF7,negative,direct,1,regulates,"BAD binds BCL-2 through its BH3 domain, occupying the hydrophobic groove of BCL-2. This binding neutralizes BCL-2's anti-apoptotic function."
BIM,BCL2,negative,MCF7,negative,direct,1,regulates,"BIM binds BCL-2 through its BH3 domain, occupying the hydrophobic groove of BCL-2. This binding neutralizes BCL-2's anti-apoptotic function."
CREB1,BCL2,positive,MCF7,positive,direct,1,regulates,regulation of transcription. CREB/CREB1 directly binds a cAMP-response element (CRE) in the BCL2 promoter and stimulates BCL2 transcription.
ERK,BCL2,positive,MCF7,,,,,
BAD,BCLXL,negative,MCF7,negative,direct,1,regulates,"BAD binds BCL-XL through its BH3 domain, occupying the hydrophobic groove of BCL-XL. This binding neutralizes BCL-XL's anti-apoptotic function."
BIM,BCLXL,negative,MCF7,negative ,direct,1,regulates,BIM directly binds the hydrophobic BH3-binding groove of BCL-XL (BCL2L1) through BIM's BH3 domain. This binding neutralizes BCL-XL's anti-apoptotic function.
CREB1,BCLXL,positive,MCF7,positive,direct,1,regulates,regulation of transcription. CREB/CREB1 can directly bind a cAMP-response element (CRE) in the BCL2L1 (BCLXL) promoter and stimulates its transcription.
CASP8,BID,positive,MCF7,positive,direct,1,regulates,"Active caspase-8 directly cleaves BID, generating truncated BID (tBID). tBID translocates to mitochondria and activates the mitochondrial apoptosis pathway, including BAX/BAK activation."
BCL2,BIM,negative,MCF7,negative,direct,1,regulates,"BCL2 directly binds the BH3 domain of BIM, sequestering BIM and preventing it from activating BAX/BAK."
BCLXL,BIM,negative,MCF7,negative,direct,1,regulates,"BCL-XL (BCL2L1) directly binds BIM through BIM's BH3 domain, sequestering BIM and preventing it from activating BAX/BAK."
FOXO1,BIM,positive,MCF7,positive,direct,1,regulates,"FOXO1FOXO3 unites the FOXO1 and FOXO3 nodes, which are represented separately in other models. The direct effect of AKT on both FOXO1 and FOXO3 translates to a direct effect on FOXO1FOXO3."
FOXO3,BIM,positive,MCF7,positive,direct,1,regulates,FOXO3 binds conserved forkhead-response elements in the promoter of  BCL2L11 (the gene encoding BIM) and stimulates its transcription.
CASP9,CASP3,positive,MCF7,positive,direct,1,regulates,"Active caspase-9 directly cleaves procaspase-3 at its activating processing sites, generating active caspase-3"
ERK,CASP8,negative,MCF7,,,,,
FADD,CASP8,positive,MCF7,,,,,
NF1,CASP8,positive,MCF7,,,,,
SRC,CASP8,negative,MCF7,,,,,
AKT,CASP9,negative,MCF7,,,,,
BCLXL,CASP9,negative,MCF7,negative,direct in the network sense,1,regulates,"This edge is mediated by the inhibition of mitochondrial cytochrome-c release and apoptosome formation, neither of which is in the network"
CASP3,CASP9,positive,MCF7,positive,direct in the network sense,1,regulates,"The mechanism includes Caspase-3 cleaving caspase-9 and the inhibition of XIAP, which is not in the network"
CASP8,CASP9,positive,MCF7,positive,indirect,2,,"causal effect mediated by BID, BAX and others"
CYCS,CASP9,positive,MCF7,positive,direct in the network sense,1,regulates,"Cytosolic cytochrome c binds APAF1, causing APAF1 to assemble into the apoptosome. The apoptosome then recruits procaspase-9 through CARD–CARD interactions and activates it by proximity/dimerization.  APAF1 and the apoptosome are not in the network."
ERK,CASP9,negative,MCF7,,,,,
PRKACA,CASP9,negative,MCF7,,,,,
CASP3,CDKN2A,positive,MCF7,positive,unsupported,,,This assumed edge is not supported by evidence.
MYC,CDKN2A,negative,MCF7,negative,indirect,2,,"MYC can suppress the p16/RB senescence program in proliferating cells through several mechanisms, and MYC loss can lead to increased p16 expression and senescence."
SRC,CDKN2A,negative,MCF7,,,,,
ABL2,CEBPB,positive,MCF7,,,,,
CREB1,CEBPB,positive,MCF7,,,,,
AKT,CREB1,positive,MCF7,positive,direct,1,regulates,"AKT directly phosphorylates CREB1 Ser133, which increases CREB transcriptional activity"
PTEN,CREB1,negative,MCF7,,,,,
DC,CTNNB1,negative,MCF7,,,,,
SRC,CTNNB1,positive,MCF7,,,,,
WNT1,CTNNB1,positive,MCF7,,,,,
YAP1,CTNNB1,positive,MCF7,,,,,
CDKN2A,CYCLINDc,negative,MCF7,negative,,1,regulates,CDKN2A (p16INK4A)  binds CDK4 and CDK6 and prevents/antagonizes formation of functional Cyclin D–CDK4/6 complexes.
EIF4,CYCLINDc,positive,MCF7,positive,indirect,2,,"causal effect: eIF4E promotes both Cyclin D1 mRNA export and cap-dependent translation; experimentally increasing eIF4E increases Cyclin D1 protein, thus more CyclinDc complex can be formed."
ESR1,CYCLINDc,positive,MCF7,positive,indirect,2,,Estrogen-activated ERα promotes CCND1 transcription; this allows increased CYCLINDc formation.
FOXO3,CYCLINDc,positive,MCF7,positive,unsupported,,,"This assumed edge is not supported by evidence. Instead, there is an indirect negative effect mediated by p27."
GSK3B,CYCLINDc,negative,MCF7,negative,direct,2,,"GSK3B promotes the nuclear export and degradation of CyclinD1, thus less cyclin-CDK complex CYCLINDc can be formed."
IGF1,CYCLINDc,positive,MCF7,positive,indirect,2,,"causal effect mediated by IGFR, PI3K, ERK"
KMT2D,CYCLINDc,positive,MCF7,positive,assumption,4,,"This assumption is consistent with the fact that KMT2D is a histone methyltransferase complex that helps recruit FOXA1, PBX1, and ERα/ESR1 to chromatin. "
MYC,CYCLINDc,positive,MCF7,positive,indirect,2,,"c-MYC activates CDK4 transcription, thus leading to more CYCLINDc formation."
NRG1,CYCLINDc,positive,MCF7,positive,indirect,2,,"causal effect mediated by HER3, PI3K, others"
p21,CYCLINDc,negative,MCF7,negative,unsupported,,,This assumed edge is contradicted by evidence that p21 (and p27) can serve as an assembly factor for Cyclin D–CDK4/6 and facilitate nuclear localization.  p21-bound Cyclin D–CDK complexes can retain their kinase activity.
TCF7L2,CYCLINDc,positive,MCF7,positive,indirect,2,,"Causal effect mediated by β-catenin/TCF complexes activating CCND1 transcription, which then yields more CYCLINDc."
TEAD1,CYCLINDc,positive,MCF7,positive,indirect,2,,"causal effect. TEAD-containing YAP/TAZ transcriptional complex binds CCND1 regulatory DNA, leading to increased CCND1 transcription, which then allows more CYCLINDc complex formation."
BAK1,CYCS,positive,MCF7,positive,direct in the network sense,1,regulates,Activated BAK oligomerizes in the mitochondrial outer membrane and helps form pores through which Cytochrome c (CYCS) is released from the mitochondrial intermembrane space into the cytosol.
BAX,CYCS,positive,MCF7,positive,direct in the network sense,1,regulates,Activated BAX oligomerizes in the mitochondrial outer membrane and helps form pores through which Cytochrome c (CYCS) is released from the mitochondrial intermembrane space into the cytosol.
APC,DC,positive,MCF7,,,,,
GSK3B,DC,positive,MCF7,,,,,
FZD3,DVL1,positive,MCF7,,,,,
NF1,DVL1,positive,MCF7,,,,,
RB,E2F,negative,MCF7,,,,,
EGF,EGFR,positive,MCF7,,,,,
HER2,EGFR,positive,MCF7,positive,direct,1,,protein-protein interaction; heterodimerization activates EGFR
HER3,EGFR,positive,MCF7,,,,,
MEK,EGFR,negative,MCF7,negative,indirect,2,,causal effect mediated by ERK
EIF4EBP1,EIF4,negative,MCF7,,,,,
MEK,ERK,positive,MCF7,positive,direct,1,regulates,MEK1/2 directly binds and phosphorylates ERK1/2
AKT,ESR1,positive,MCF7,positive,direct,1,regulates,"Activated AKT phosphorylates ERα (ESR1 protein) at Ser167, and this phosphorylation increases ERα transcriptional activity."
ES,ESR1,positive,MCF7,positive,direct,1,regulates,ligand-receptor binding
FOXO3,ESR1,positive,MCF7,positive,direct,1,regulates,regulation of transcription. FOXO3a directly binds regulatory sites in the ESR1 (ERα) promoter and increases ESR1 transcription
KMT2D,ESR1,positive,MCF7,,,,,
PGR,ESR1,positive,MCF7,,,,,
FAS,FADD,positive,MCF7,,,,,
TRADD,FADD,positive,MCF7,,,,,
AKT,FAS,negative,MCF7,,,,,
FASLG,FAS,positive,MCF7,positive,direct,1,regulates,ligand-receptor binding
p53,FAS,positive,MCF7,,,,,
FASLG,FASLG,positive,MCF7,positive,unsupported,,,This assumed self-regulation is not supported by evidence
FOXO3,FASLG,positive,MCF7,positive,direct,1,regulates,regulation of transcription. FOXO3 in particular has been shown to bind forkhead-response elements in the FASLG promoter and activate FASL transcription; constitutively active FOXO3 increases FASL promoter activity
p53,FASLG,positive,MCF7,,,,,
AKT,FOXO1,negative,MCF7,negative,direct,1,regulates,"AKT phosphorylates FOXO1 at several regulatory residues. These promote binding to 14-3-3 proteins and retention in the cytoplasm, which decreases FOXO1 transcriptional activity"
SGK1,FOXO1,negative,MCF7,,,,,
AKT,FOXO3,negative,MCF7,negative,direct,1,regulates,"AKT phosphorylates FOXO1 at several regulatory residues. These promote binding to 14-3-3 proteins and retention in the cytoplasm, which decreases FOXO1 transcriptional activity"
CREB1,FZD3,positive,MCF7,,,,,
WNT1,FZD3,positive,MCF7,,,,,
STAT1,GATA3,negative,MCF7,,,,,
EGFR,GRB2,positive,MCF7,,,,,
IRS1,GRB2,positive,MCF7,positive ,direct,1,regulates,"GRB2 directly binds phosphorylated IRS1 through its SH2 domain, recruiting the GRB2–SOS machinery"
LATS1,GRB2,positive,MCF7,,,,,
SRC,GRB2,positive,MCF7,,,,,
INSR,GRB7,positive,MCF7,positive,direct,1,regulates,"Activated INSR becomes tyrosine-phosphorylated, the adaptor protein GRB7 bind sit through its SH2 domain, INSR then promotes GRB7 tyrosine phosphorylation."
PRKACA,GRB7,negative,MCF7,,,,,
AKT,GSK3B,negative,MCF7,negative,direct,1,regulates,"AKT directly phosphorylates GSK3β at Ser9, which inhibits GSK3β kinase activity."
ERK,GSK3B,negative,MCF7,,,,,
EGF,HER2,positive,MCF7,,,,,
HER3,HER2,positive,MCF7,,,,,
HER2,HER3,positive,MCF7,positive,unsupported,,,"The effect of HER2 on HER3 is through HER2-HER3 heterodimer formation, which is represented by the HER2HER3c node."
NRG1,HER3,positive,MCF7,positive,direct,1,regulates,ligand-receptor binding
NICD,HES1,positive,MCF7,,,,,
NICD,HEY1,positive,MCF7,,,,,
IGF1,HRAS,positive,MCF7,,,,,
NF1,HRAS,negative,MCF7,,,,,
PIP3,HRAS,positive,MCF7,,,,,
SOS1,HRAS,positive,MCF7,positive,direct,1,,"SOS1 directly binds HRAS and acts as a guanine-nucleotide exchange factor (GEF), promoting release of GDP so that GTP can bind. This converts RAS into its active GTP-bound state."
PDK1_pm,HSP90AA1,negative,MCF7,,,,,
ESR1,IGF1R,positive,MCF7,,,,,
FOXO3,IGF1R,positive,MCF7,positive,indirect,2,,"There is causal evidence that activated FOXO3 increases IGF1R mRNA and protein expression, and FOXO knockdown decreases IGF1R expression. The exact mechanism is not known."
IGF1,IGF1R,positive,MCF7,,,,,
INS,IGF1R,positive,MCF7,positive,direct,1,regulates,Insulin can directly bind IGF1R and weakly activate its intrinsic tyrosine kinase. 
SRC,IGF1R,positive,MCF7,,,,,
NOS3,IL1B,positive,MCF7,,,,,
RELA,IL1B,positive,MCF7,,,,,
IL1B,IL6,positive,MCF7,,,,,
IL6,IL6,positive,MCF7,,,,,
IL6,IL6R,positive,MCF7,positive,direct,1,regulates,ligand-receptor binding
STAT5,IL8,positive,MCF7,,,,,
FOXO3,INSR,positive,MCF7,positive,unsupported,,,This edge is not supported by experimental evidence
INS,INSR,positive,MCF7,positive,direct,1,regulates,ligand-receptor binding
IGF1R,IRS1,positive,MCF7,,,,,
INSR,IRS1,positive,MCF7,positive,direct,1,regulates,Activated INSR recruits IRS1 and phosphorylates IRS1 on multiple tyrosine residues. Those phosphotyrosines then serve as docking sites for downstream signaling proteins.
S6K,IRS1,negative,MCF7,,,,,
mTORC1,EIF4EBP1,negative,MCF7,,,,,
ABL1,JAK2,positive,MCF7,,,,,
IL6R,JAK2,positive,MCF7,positive,direct,1,regulates,JAK2 is physically associated with the GP130 subunit of the receptor complex; receptor activation directly causes JAK activation.
IL8,JAK2,positive,MCF7,positive,unsupported,,,"IL-8 (CXCL8) signals through the GPCRs CXCR1 and CXCR2, not through a JAK-associated cytokine receptor."
IRS1,JAK2,positive,MCF7,positive,unsupported,,,There is a JAK2->IRS1 relationship but no evidence to support this edge.
ERK,JUN,positive,MCF7,,,,,
MAPK8,JUN,positive,MCF7,,,,,
PPARG,JUN,positive,MCF7,,,,,
RELA,JUN,positive,MCF7,,,,,
AKT,KMT2D,negative,MCF7,negative ,direct,1,regulates,AKT phosphorylates KMT2D at Ser1331; this reduces KMT2D chromatin recruitment/function and consequently suppresses KMT2D-dependent ER transcriptional activity.
PAX7,KMT2D,positive,MCF7,,,,,
EGFR,KRT14,positive,MCF7,,,,,
PAK2,KRT14,positive,MCF7,,,,,
LCK,LATS1,positive,MCF7,,,,,
NF2,LATS1,positive,MCF7,,,,,
AKT,LCK,negative,MCF7,negative,unsupported,,,
ERK,LCK,positive,MCF7,,,,,
RAC1,MAPK8,positive,MCF7,,,,,
RND1,MAPK8,positive,MCF7,,,,,
ERK,MCL1,positive,MCF7,positive,direct,1,regulates,"ERK1/2 phosphorylates MCL1, which stabilizes MCL1 and increases its anti-apoptotic activity. ERK1/2 also has indirect effects on MCL1 transcription and translation."
GSK3B,MCL1,negative,MCF7,negative,direct in the network sense,1,regulates,"GSK3B phosphorylates MCL1. This creates/promotes a phosphodegron that is recognized by ubiquitin ligases, leading to MCL1 ubiquitination and proteasomal degradation."
AKT,MDM2,positive,MCF7,,,,,
p53,MDM2,positive,MCF7,,,,,
RAF1,MEK,positive,MCF7,,,,,
IGF1,mTORC1,positive,MCF7,,,,,
NRG1,mTORC1,positive,MCF7,positive,indirect,2,,"causal effect mediated by PI3K, AKT"
PIM,mTORC1,positive,MCF7,,,,,
RHEB,mTORC1,positive,MCF7,positive,direct,1,,"RHEB directly binds mTORC1, and allosterically activates the mTOR kinase"
PIP3,mTORC2,positive,MCF7,,,,,
S6K,mTORC2,negative,MCF7,,,,,
CTNNB1,MYC,positive,MCF7,,,,,
EIF4,MYC,positive,MCF7,,,,,
ERK,MYC,positive,MCF7,,,,,
ESR1,MYC,positive,MCF7,,,,,
FOXO3,MYC,positive,MCF7,,,,,
GSK3B,MYC,negative,MCF7,,,,,
IGF1,MYC,positive,MCF7,,,,,
KMT2D,MYC,positive,MCF7,,,,,
NRG1,MYC,positive,MCF7,,,,,
PIM,MYC,positive,MCF7,positive,direct,1,,"PIM kinases, especially PIM1, phosphorylate MYC, which increases MYC protein stability and transcriptional activity."
STAT3,MYC,positive,MCF7,,,,,
ABL1,MYOD1,negative,MCF7,,,,,
HES1,MYOD1,negative,MCF7,,,,,
HEY1,MYOG,negative,MCF7,,,,,
MYOD1,MYOG,positive,MCF7,,,,,
NOTCH1,NICD,positive,MCF7,,,,,
PRKACA,NEDD4L,negative,MCF7,,,,,
SGK1,NEDD4L,negative,MCF7,,,,,
p53,NF1,positive,MCF7,,,,,
TWIST1,NF1,negative,MCF7,,,,,
NEDD4L,NF2,positive,MCF7,,,,,
NOTCH1,NFKB,positive,MCF7,,,,,
AKT,NOS3,positive,MCF7,,,,,
HSP90AA1,NOS3,positive,MCF7,,,,,
CTNNB1,NOTCH1,positive,MCF7,,,,,
DLL,NOTCH1,positive,MCF7,,,,,
LCK,NOTCH1,positive,MCF7,,,,,
MDM2,NOTCH1,positive,MCF7,,,,,
AKT,p21,negative,MCF7,negative,direct,1,regulates,"AKT phosphorylates p21 (CDKN1A), which causes p21 to be retained/relocalized to the cytoplasm, reducing its nuclear inhibition of cyclin–CDK complexes."
ERK,p21,negative,MCF7,,,,,
MYC,p21,negative,MCF7,negative ,indirect,2,,"MYC interacts with transcription factors already associated with the CDKN1A (p21) promoter, particularly MIZ1 (ZBTB17), represssing CDKN1A transcription. As there is a separate p21_T node, this effect on the protein level is indirect."
MDM2,p53,negative,MCF7,,,,,
TCF7L2,PAK1,positive,MCF7,,,,,
RAC1,PAK2,positive,MCF7,,,,,
SRC,PAK2,positive,MCF7,,,,,
HES1,PAX7,negative,MCF7,,,,,
HEY1,PAX7,negative,MCF7,,,,,
MYOG,PAX7,negative,MCF7,,,,,
NOTCH1,PAX7,positive,MCF7,,,,,
IGF1R,PDK1_pm,positive,MCF7,,,,,
PIP3,PDK1_pm,positive,MCF7,,,,,
ERK,PGR,negative,MCF7,,,,,
ESR1,PGR,negative,MCF7,,,,,
PG,PGR,positive,MCF7,,,,,
EGFR,PI3K,positive,MCF7,,,,,
ESR1,PI3K,positive,MCF7,positive,direct,1,regulates,The estrogen receptor ERα (ESR1) physically associates with the p85 regulatory subunit of PI3K.
IGF1R,PI3K,positive,MCF7,,,,,
INSR,PI3K,positive,MCF7,positive,indirect,2,,causal effect mediated by IRS1
IRS1,PI3K,positive,MCF7,positive,direct,1,regulates,protein-protein interaction. phosphorylated IRS1 proteins bind the p85 regulatory subunit of PI3K.
RAS,PI3K,positive,MCF7,,,,,
STAT5,PIM,positive,MCF7,,,,,
PI3K,PIP3,positive,MCF7,positive ,direct,1,regulates,PI3K catalyzes the reaction that produces PIP3.
PTEN,PIP3,negative,MCF7,negative ,direct,1,,PTEN dephosphorylates PIP3
CEBPB,PPARG,positive,MCF7,,,,,
GATA3,PPARG,negative,MCF7,,,,,
CYCLINDc,RB,negative,MCF7,,,,,
PRKACA,PRKAA2,negative,MCF7,,,,,
STK11,PRKAA2,positive,MCF7,,,,,
AKT,PRKACA,positive,MCF7,,,,,
WNT1,PRKACA,positive,MCF7,,,,,
S6K,PTEN,positive,MCF7,,,,,
SRC,PTEN,negative,MCF7,,,,,
AKT,RAC1,negative,MCF7,,,,,
DVL1,RAC1,positive,MCF7,,,,,
PI3K,RAC1,positive,MCF7,positive ,indirect,2,,causal effect mediated by PIP3  and Rac guanine-nucleotide exchange factors
HRAS,RAF1,positive,MCF7,,,,,
RAS,RAF1,positive,MCF7,,,,,
IGF1,RAS,positive,MCF7,,,,,
PIP3,RAS,positive,MCF7,,,,,
SOS1,RAS,positive,MCF7,positive,direct,1,,"SOS1 directly binds RAS and acts as a guanine-nucleotide exchange factor (GEF), promoting release of GDP so that GTP can bind. This converts RAS into its active GTP-bound state."
NFKB,RELA,positive,MCF7,,,,,
PIM,RELA,positive,MCF7,,,,,
TSC2,RHEB,negative,MCF7,negative,direct,1,,"TSC2 (as part of the TSC complex) directly acts on RHEB-GTP, stimulates its GTP hydrolysis, which decreases functional RHEB activity."
DVL1,RND1,positive,MCF7,,,,,
GRB7,RND1,positive,MCF7,,,,,
mTORC1,S6K,positive,MCF7,positive ,direct,1,regulates,mTORC1 phosphorylates S6K
mTORC1,SGK1,positive,MCF7,positive,unsupported,,,not supported by evidence
mTORC2,SGK1,positive,MCF7,positive,direct,1,regulates,"mTORC2 directly phosphorylates the SGK1 hydrophobic-motif site Ser422, enabling subsequent activation by PDK1."
PDK1_pm,SGK1,positive,MCF7,positive ,direct,1,regulates,"PDK1 directly phosphorylates SGK1 at Thr256 in its activation loop, producing full kinase activation after the hydrophobic-motif site (Ser422) has been phosphorylated."
GRB2,SOS1,positive,MCF7,,,,,
ABL1,SRC,positive,MCF7,,,,,
PRKACA,SRC,positive,MCF7,,,,,
JAK2,STAT1,positive,MCF7,positive,direct,1,regulates,"Activated JAK2 directly phosphorylates STAT1, which promotes STAT1 dimerization, nuclear translocation, DNA binding, and transcriptional activity."
SRC,STAT1,positive,MCF7,,,,,
IL1B,STAT3,positive,MCF7,,,,,
JAK2,STAT3,positive,MCF7,positive,direct,1,regulates,"Activated JAK2 directly phosphorylates STAT3, which promotes STAT3 dimerization, nuclear translocation, DNA binding, and transcriptional activity."
MAPK8,STAT3,positive,MCF7,,,,,
SRC,STAT3,positive,MCF7,,,,,
EGFR,STAT5,positive,MCF7,,,,,
JAK2,STAT5,positive,MCF7,positive,direct,1,regulates,"Activated JAK2 directly phosphorylates STAT5, which promotes STAT5 dimerization, nuclear translocation, DNA binding, and transcriptional activity."
SRC,STAT5,positive,MCF7,,,,,
ERK,STK11,negative,MCF7,,,,,
CTNNB1,TCF7L2,positive,MCF7,,,,,
JUN,TCF7L2,positive,MCF7,,,,,
YAP1,TEAD1,positive,MCF7,,,,,
KRT14,TRADD,negative,MCF7,,,,,
AKT,TSC2,negative,MCF7,negative,direct,1,,"AKT phosphorylates TSC2 (tuberin) at multiple sites, inhibiting the TSC1–TSC2 complex's GAP activity."
ERK,TSC2,negative,MCF7,,,,,
GSK3B,TSC2,positive,MCF7,,,,,
PRKAA2,TSC2,positive,MCF7,,,,,
AKT,TWIST1,positive,MCF7,,,,,
ERK,TWIST1,positive,MCF7,,,,,
MAPK8,TWIST1,positive,MCF7,,,,,
ABL1,YAP1,positive,MCF7,,,,,
LATS1,YAP1,negative,MCF7,,,,,
GRB2,ABL1,positive,T47D,,,,,
ABL1,ABL2,positive,T47D,,,,,
EGF,AKT,positive,T47D,positive,indirect,2,,"causal effect mediated by EGFR, PI3K, others"
EGFR,AKT,positive,T47D,positive,indirect,2,,"causal effect mediated by PI3K, PIP3"
IGF1R,AKT,positive,T47D,positive,indirect,2,,"causal effect mediated by IRS1, PI3K"
IRS1,AKT,positive,T47D,positive,indirect,2,,"causal effect mediated by PI3K, others"
mTORC2,AKT,positive,T47D,positive,indirect,2,,"mTORC2 is recruited to the cell membrane, then it phosphorylates AKT"
PDK1_pm,AKT,positive,T47D,positive,direct,1,regulates,plasma-membrane-bound PDK1 directly phosphorylates AKT at Thr308 in its activation loop
PIP3,AKT,positive,T47D,positive,direct,1,,"PIP3 directly binds the PH domain of AKT, recruiting AKT to the plasma membrane and inducing conformational changes that expose its activating phosphorylation sites"
AXIN1,APC,positive,T47D,,,,,
DVL1,AXIN1,negative,T47D,,,,,
GSK3B,AXIN1,positive,T47D,,,,,
AKT,BAD,negative,T47D,negative,direct,1,regulates,"AKT phosphorylates BAD, which leads to its sequestration by 14-3-3 proteins, making it unable to inhibit BCLXL"
ERK,BAD,negative,T47D,,,,,
PAK1,BAD,negative,T47D,,,,,
PIM,BAD,negative,T47D,negative,direct,1,,"PIM kinases phosphorylate BAD. This promotes BAD's sequestration by 14-3-3 proteins, suppressing BAD's pro-apoptotic function."
BID,BAK1,positive,T47D,positive,direct,1,regulates,"The active form tBID (generated by caspase-8 cleavage of BID) directly engages BAK, promoting the conformational changes and oligomerization that lead to mitochondrial outer-membrane permeabilization (MOMP)."
BIM,BAK1,positive,T47D,positive,direct,1,regulates,"BIM's BH3 domain can directly engage BAK, causing the conformational changes that lead to BAK oligomerization and mitochondrial outer-membrane permeabilization."
MCL1,BAK1,negative,T47D,negative,direct,1,regulates,"MCL1 binds activated BAK1 through its BH3-binding groove, sequestering BAK1 and preventing the oligomerization required for mitochondrial outer-membrane permeabilization."
p53,BAK1,positive,T47D,,,,,
BID,BAX,positive,T47D,positive,direct,1,regulates,"The active form tBID directly binds BAX and induces the conformational changes that activate BAX, leading to its mitochondrial membrane insertion and oligomerization."
BIM,BAX,positive,T47D,positive,direct,1,regulates,"BIM's BH3 domain physically binds BAX, inducing conformational changes that promote BAX membrane insertion and oligomerization, leading to mitochondrial outer-membrane permeabilization."
MCL1,BAX,negative,T47D,negative,direct,1,regulates,"MCL1 binds activated BAX through its BH3-binding groove, sequestering BAX and preventing the oligomerization required for mitochondrial outer-membrane permeabilization."
p53,BAX,positive,T47D,,,,,
BAD,BCL2,negative,T47D,negative,direct,1,regulates,"BAD binds BCL-2 through its BH3 domain, occupying the hydrophobic groove of BCL-2. This binding neutralizes BCL-2's anti-apoptotic function."
BIM,BCL2,negative,T47D,negative,direct,1,regulates,"BIM binds BCL-2 through its BH3 domain, occupying the hydrophobic groove of BCL-2. This binding neutralizes BCL-2's anti-apoptotic function."
CREB1,BCL2,positive,T47D,positive,direct,1,regulates,regulation of transcription. CREB/CREB1 directly binds a cAMP-response element (CRE) in the BCL2 promoter and stimulates BCL2 transcription.
ERK,BCL2,positive,T47D,,,,,
BAD,BCLXL,negative,T47D,negative,direct,1,regulates,"BAD binds BCL-XL through its BH3 domain, occupying the hydrophobic groove of BCL-XL. This binding neutralizes BCL-XL's anti-apoptotic function."
BIM,BCLXL,negative,T47D,negative ,direct,1,regulates,BIM directly binds the hydrophobic BH3-binding groove of BCL-XL (BCL2L1) through BIM's BH3 domain. This binding neutralizes BCL-XL's anti-apoptotic function.
CREB1,BCLXL,positive,T47D,positive,direct,1,regulates,regulation of transcription. CREB/CREB1 can directly bind a cAMP-response element (CRE) in the BCL2L1 (BCLXL) promoter and stimulates its transcription.
CASP8,BID,positive,T47D,positive,direct,1,regulates,"Active caspase-8 directly cleaves BID, generating truncated BID (tBID). tBID translocates to mitochondria and activates the mitochondrial apoptosis pathway, including BAX/BAK activation."
BCL2,BIM,negative,T47D,negative,direct,1,regulates,"BCL2 directly binds the BH3 domain of BIM, sequestering BIM and preventing it from activating BAX/BAK."
BCLXL,BIM,negative,T47D,negative,direct,1,regulates,"BCL-XL (BCL2L1) directly binds BIM through BIM's BH3 domain, sequestering BIM and preventing it from activating BAX/BAK."
FOXO1,BIM,positive,T47D,positive,direct,1,regulates,"FOXO1FOXO3 unites the FOXO1 and FOXO3 nodes, which are represented separately in other models. The direct effect of AKT on both FOXO1 and FOXO3 translates to a direct effect on FOXO1FOXO3."
FOXO3,BIM,positive,T47D,positive,direct,1,regulates,FOXO3 binds conserved forkhead-response elements in the promoter of  BCL2L11 (the gene encoding BIM) and stimulates its transcription.
CASP8,CASP3,positive,T47D,positive,direct,1,regulates,Active caspase-8 directly cleaves and activates procaspase-3
CASP9,CASP3,positive,T47D,positive,direct,1,regulates,"Active caspase-9 directly cleaves procaspase-3 at its activating processing sites, generating active caspase-3"
ERK,CASP8,negative,T47D,,,,,
FADD,CASP8,positive,T47D,,,,,
SRC,CASP8,negative,T47D,,,,,
AKT,CASP9,negative,T47D,,,,,
CASP3,CASP9,positive,T47D,positive,direct in the network sense,1,regulates,"The mechanism includes Caspase-3 cleaving caspase-9 and the inhibition of XIAP, which is not in the network"
CASP8,CASP9,positive,T47D,positive,indirect,2,,"causal effect mediated by BID, BAX and others"
CYCS,CASP9,positive,T47D,positive,direct in the network sense,1,regulates,"Cytosolic cytochrome c binds APAF1, causing APAF1 to assemble into the apoptosome. The apoptosome then recruits procaspase-9 through CARD–CARD interactions and activates it by proximity/dimerization.  APAF1 and the apoptosome are not in the network."
ERK,CASP9,negative,T47D,,,,,
CASP3,CDKN2A,positive,T47D,positive,unsupported,,,This assumed edge is not supported by evidence.
MYC,CDKN2A,negative,T47D,negative,indirect,2,,"MYC can suppress the p16/RB senescence program in proliferating cells through several mechanisms, and MYC loss can lead to increased p16 expression and senescence."
SRC,CDKN2A,negative,T47D,,,,,
ABL2,CEBPB,positive,T47D,,,,,
AKT,CREB1,positive,T47D,positive,direct,1,regulates,"AKT directly phosphorylates CREB1 Ser133, which increases CREB transcriptional activity"
SGK1,CREB1,positive,T47D,,,,,
DC,CTNNB1,negative,T47D,,,,,
WNT1,CTNNB1,positive,T47D,,,,,
CDKN2A,CYCLINDc,negative,T47D,negative,,1,regulates,CDKN2A (p16INK4A)  binds CDK4 and CDK6 and prevents/antagonizes formation of functional Cyclin D–CDK4/6 complexes.
EIF4,CYCLINDc,positive,T47D,positive,indirect,2,,"causal effect: eIF4E promotes both Cyclin D1 mRNA export and cap-dependent translation; experimentally increasing eIF4E increases Cyclin D1 protein, thus more CyclinDc complex can be formed."
ERK,CYCLINDc,positive,T47D,positive,,2,,causal effect mediated by JUN and other transcription factors that upregulate CCND1 transcription.
ESR1,CYCLINDc,positive,T47D,positive,indirect,2,,Estrogen-activated ERα promotes CCND1 transcription; this allows increased CYCLINDc formation.
FOXO3,CYCLINDc,positive,T47D,positive,unsupported,,,"This assumed edge is not supported by evidence. Instead, there is an indirect negative effect mediated by p27."
GSK3B,CYCLINDc,negative,T47D,negative,direct,2,,"GSK3B promotes the nuclear export and degradation of CyclinD1, thus less cyclin-CDK complex CYCLINDc can be formed."
IGF1,CYCLINDc,positive,T47D,positive,indirect,2,,"causal effect mediated by IGFR, PI3K, ERK"
KMT2D,CYCLINDc,positive,T47D,positive,assumption,4,,"This assumption is consistent with the fact that KMT2D is a histone methyltransferase complex that helps recruit FOXA1, PBX1, and ERα/ESR1 to chromatin. "
MYC,CYCLINDc,positive,T47D,positive,indirect,2,,"c-MYC activates CDK4 transcription, thus leading to more CYCLINDc formation."
NRG1,CYCLINDc,positive,T47D,positive,indirect,2,,"causal effect mediated by HER3, PI3K, ERK"
p21,CYCLINDc,negative,T47D,negative,unsupported,,,This assumed edge is contradicted by evidence that p21 (and p27) can serve as an assembly factor for Cyclin D–CDK4/6 and facilitate nuclear localization.  p21-bound Cyclin D–CDK complexes can retain their kinase activity.
TCF7L2,CYCLINDc,positive,T47D,positive,indirect,2,,"Causal effect mediated by β-catenin/TCF complexes activating CCND1 transcription, which then yields more CYCLINDc."
TEAD1,CYCLINDc,positive,T47D,positive,indirect,2,,"causal effect. TEAD-containing YAP/TAZ transcriptional complex binds CCND1 regulatory DNA, leading to increased CCND1 transcription, which then allows more CYCLINDc complex formation."
BAK1,CYCS,positive,T47D,positive,direct in the network sense,1,regulates,Activated BAK oligomerizes in the mitochondrial outer membrane and helps form pores through which Cytochrome c (CYCS) is released from the mitochondrial intermembrane space into the cytosol.
BAX,CYCS,positive,T47D,positive,direct in the network sense,1,regulates,Activated BAX oligomerizes in the mitochondrial outer membrane and helps form pores through which Cytochrome c (CYCS) is released from the mitochondrial intermembrane space into the cytosol.
APC,DC,positive,T47D,,,,,
GSK3B,DC,positive,T47D,,,,,
FZD3,DVL1,positive,T47D,,,,,
YAP1,DVL1,negative,T47D,,,,,
RB,E2F,negative,T47D,,,,,
EGF,EGFR,positive,T47D,,,,,
HER2,EGFR,positive,T47D,positive,direct,1,,protein-protein interaction; heterodimerization activates EGFR
HER3,EGFR,positive,T47D,,,,,
MEK,EGFR,negative,T47D,negative,indirect,2,,causal effect mediated by ERK
RELA,EGFR,positive,T47D,,,,,
EIF4EBP1,EIF4,negative,T47D,,,,,
MEK,ERK,positive,T47D,positive,direct,1,regulates,MEK1/2 directly binds and phosphorylates ERK1/2
AKT,ESR1,positive,T47D,positive,direct,1,regulates,"Activated AKT can directly phosphorylate ERα (ESR1 protein) at Ser167, and this phosphorylation increases ERα transcriptional activity."
ES,ESR1,positive,T47D,positive,direct,1,regulates,
FOXO3,ESR1,positive,T47D,positive,direct,1,regulates,regulation of transcription. FOXO3a directly binds regulatory sites in the ESR1 (ERα) promoter and increases ESR1 transcription
KMT2D,ESR1,positive,T47D,,,,,
PGR,ESR1,positive,T47D,,,,,
FAS,FADD,positive,T47D,,,,,
TRADD,FADD,positive,T47D,,,,,
AKT,FAS,negative,T47D,,,,,
FASLG,FAS,positive,T47D,positive,direct,1,regulates,ligand-receptor binding
p53,FAS,positive,T47D,,,,,
FASLG,FASLG,positive,T47D,positive,unsupported,,,This assumed self-regulation is not supported by evidence
FOXO3,FASLG,positive,T47D,positive,direct,1,regulates,regulation of transcription. FOXO3 in particular has been shown to bind forkhead-response elements in the FASLG promoter and activate FASL transcription; constitutively active FOXO3 increases FASL promoter activity
p53,FASLG,positive,T47D,,,,,
AKT,FOXO1,negative,T47D,negative,direct,1,regulates,"AKT phosphorylates FOXO1 at several regulatory residues. These promote binding to 14-3-3 proteins and retention in the cytoplasm, which decreases FOXO1 transcriptional activity"
SGK1,FOXO1,negative,T47D,,,,,
AKT,FOXO3,negative,T47D,negative ,direct,1,regulates,"AKT phosphorylates FOXO1 at several regulatory residues. These promote binding to 14-3-3 proteins and retention in the cytoplasm, which decreases FOXO1 transcriptional activity"
WNT1,FZD3,positive,T47D,,,,,
STAT1,GATA3,negative,T47D,,,,,
EGFR,GRB2,positive,T47D,,,,,
HER2,GRB2,positive,T47D,,,,,
IRS1,GRB2,positive,T47D,positive ,direct,1,regulates,"GRB2 directly binds phosphorylated IRS1 through its SH2 domain, recruiting the GRB2–SOS machinery"
SRC,GRB2,positive,T47D,,,,,
INSR,GRB7,positive,T47D,positive,direct,1,regulates,"Activated INSR becomes tyrosine-phosphorylated, the adaptor protein GRB7 bind sit through its SH2 domain, INSR then promotes GRB7 tyrosine phosphorylation."
PRKACA,GRB7,negative,T47D,,,,,
AKT,GSK3B,negative,T47D,negative ,direct,1,regulates,"AKT directly phosphorylates GSK3β at Ser9, which inhibits GSK3β kinase activity."
ERK,GSK3B,negative,T47D,,,,,
ESR1,HER2,positive,T47D,,,,,
FOXO3,HER2,positive,T47D,positive,direct,1,regulates,regulation of transcription. FOXO3a directly binds the ERBB2/HER2 promoter and activates its transcription.
HER3,HER2,positive,T47D,,,,,
HER2,HER3,positive,T47D,positive,unsupported,,,"The effect of HER2 on HER3 is through HER2-HER3 heterodimer formation, which is represented by the HER2HER3c node."
NRG1,HER3,positive,T47D,positive,direct,1,regulates,ligand-receptor binding
NICD,HES1,positive,T47D,,,,,
NICD,HEY1,positive,T47D,,,,,
NF1,HRAS,negative,T47D,,,,,
PIP3,HRAS,positive,T47D,,,,,
SOS1,HRAS,positive,T47D,positive,direct,1,,"SOS1 directly binds HRAS and acts as a guanine-nucleotide exchange factor (GEF), promoting release of GDP so that GTP can bind. This converts RAS into its active GTP-bound state."
ESR1,HSP90AA1,positive,T47D,,,,,
PDK1_pm,HSP90AA1,negative,T47D,,,,,
ESR1,IGF1R,positive,T47D,,,,,
FOXO3,IGF1R,positive,T47D,positive,indirect,2,,"There is causal evidence that activated FOXO3 increases IGF1R mRNA and protein expression, and FOXO knockdown decreases IGF1R expression. The exact mechanism is not known."
IGF1,IGF1R,positive,T47D,,,,,
NOS3,IL1B,positive,T47D,,,,,
RELA,IL1B,positive,T47D,,,,,
IL1B,IL6,positive,T47D,,,,,
IL6,IL6,positive,T47D,,,,,
IL6,IL6R,positive,T47D,positive,direct,1,regulates,ligand-receptor binding
STAT3,IL6R,positive,T47D,,,,,
STAT5,IL8,positive,T47D,,,,,
FOXO3,INSR,positive,T47D,positive,unsupported,,,This edge is not supported by experimental evidence
INS,INSR,positive,T47D,positive,direct,1,regulates,ligand-receptor binding
IGF1R,IRS1,positive,T47D,,,,,
INSR,IRS1,positive,T47D,positive,direct,1,regulates,Activated INSR recruits IRS1 and phosphorylates IRS1 on multiple tyrosine residues. Those phosphotyrosines then serve as docking sites for downstream signaling proteins.
S6K,IRS1,negative,T47D,,,,,
mTORC1,EIF4EBP1,negative,T47D,,,,,
ABL1,JAK2,positive,T47D,,,,,
IL6R,JAK2,positive,T47D,positive,direct,1,regulates,JAK2 is physically associated with the GP130 subunit of the receptor complex; receptor activation directly causes JAK activation.
IL8,JAK2,positive,T47D,positive,unsupported,,,"IL-8 (CXCL8) signals through the GPCRs CXCR1 and CXCR2, not through a JAK-associated cytokine receptor."
IRS1,JAK2,positive,T47D,positive,unsupported,,,There is a JAK2->IRS1 relationship but no evidence to support this edge.
ERK,JUN,positive,T47D,,,,,
MAPK8,JUN,positive,T47D,,,,,
PPARG,JUN,positive,T47D,,,,,
RELA,JUN,positive,T47D,,,,,
AKT,KMT2D,negative,T47D,negative ,direct,1,regulates,AKT phosphorylates KMT2D at Ser1331; this reduces KMT2D chromatin recruitment/function and consequently suppresses KMT2D-dependent ER transcriptional activity.
PAX7,KMT2D,positive,T47D,,,,,
EGFR,KRT14,positive,T47D,,,,,
PAK2,KRT14,positive,T47D,,,,,
LCK,LATS1,positive,T47D,,,,,
NF2,LATS1,positive,T47D,,,,,
AKT,LCK,negative,T47D,negative,unsupported,,,
ERK,LCK,positive,T47D,,,,,
RAC1,MAPK8,positive,T47D,,,,,
RND1,MAPK8,positive,T47D,,,,,
ERK,MCL1,positive,T47D,positive,direct,1,regulates,"ERK1/2 phosphorylates MCL1, which stabilizes MCL1 and increases its anti-apoptotic activity. ERK1/2 also has indirect effects on MCL1 transcription and translation."
GSK3B,MCL1,negative,T47D,negative,direct in the network sense,1,regulates,"GSK3B phosphorylates MCL1. This creates/promotes a phosphodegron that is recognized by ubiquitin ligases, leading to MCL1 ubiquitination and proteasomal degradation."
AKT,MDM2,positive,T47D,,,,,
p53,MDM2,positive,T47D,,,,,
RAF1,MEK,positive,T47D,,,,,
IGF1,mTORC1,positive,T47D,,,,,
NRG1,mTORC1,positive,T47D,positive,indirect,2,,"causal effect mediated by PI3K, AKT"
PIM,mTORC1,positive,T47D,,,,,
RHEB,mTORC1,positive,T47D,positive,direct,1,,"RHEB directly binds mTORC1, and allosterically activates the mTOR kinase"
PIP3,mTORC2,positive,T47D,,,,,
S6K,mTORC2,negative,T47D,,,,,
CTNNB1,MYC,positive,T47D,,,,,
EIF4,MYC,positive,T47D,,,,,
ERK,MYC,positive,T47D,,,,,
ESR1,MYC,positive,T47D,,,,,
FOXO3,MYC,positive,T47D,,,,,
GSK3B,MYC,negative,T47D,,,,,
IGF1,MYC,positive,T47D,,,,,
JAK2,MYC,positive,T47D,,,,,
KMT2D,MYC,positive,T47D,,,,,
NRG1,MYC,positive,T47D,,,,,
PIM,MYC,positive,T47D,positive,direct,1,,"PIM kinases, especially PIM1, phosphorylate MYC, which increases MYC protein stability and transcriptional activity."
STAT3,MYC,positive,T47D,,,,,
HES1,MYOD1,negative,T47D,,,,,
NF2,MYOD1,negative,T47D,,,,,
HEY1,MYOG,negative,T47D,,,,,
MYOD1,MYOG,positive,T47D,,,,,
NOTCH1,NICD,positive,T47D,,,,,
SGK1,NEDD4L,negative,T47D,,,,,
TWIST1,NF1,negative,T47D,,,,,
NEDD4L,NF2,positive,T47D,,,,,
NOTCH1,NFKB,positive,T47D,,,,,
AKT,NOS3,positive,T47D,,,,,
HSP90AA1,NOS3,positive,T47D,,,,,
CTNNB1,NOTCH1,positive,T47D,,,,,
DLL,NOTCH1,positive,T47D,,,,,
LCK,NOTCH1,positive,T47D,,,,,
AKT,p21,negative,T47D,negative,direct,1,regulates,"AKT phosphorylates p21 (CDKN1A), which causes p21 to be retained/relocalized to the cytoplasm, reducing its nuclear inhibition of cyclin–CDK complexes."
ERK,p21,negative,T47D,,,,,
MYC,p21,negative,T47D,negative,indirect,2,,"MYC interacts with transcription factors already associated with the CDKN1A (p21) promoter, particularly MIZ1 (ZBTB17), represssing CDKN1A transcription. As there is a separate p21_T node, this effect on the protein level is indirect."
MDM2,p53,negative,T47D,,,,,
PDK1_pm,PAK1,positive,T47D,,,,,
RAC1,PAK1,positive,T47D,,,,,
TCF7L2,PAK1,positive,T47D,,,,,
RAC1,PAK2,positive,T47D,,,,,
SRC,PAK2,positive,T47D,,,,,
MYOG,PAX7,negative,T47D,,,,,
IGF1R,PDK1_pm,positive,T47D,,,,,
PIP3,PDK1_pm,positive,T47D,,,,,
ERK,PGR,negative,T47D,,,,,
ESR1,PGR,negative,T47D,,,,,
PG,PGR,positive,T47D,,,,,
EGFR,PI3K,positive,T47D,,,,,
ESR1,PI3K,positive,T47D,positive,direct,1,regulates,The estrogen receptor ERα (ESR1) physically associates with the p85 regulatory subunit of PI3K.
IGF1R,PI3K,positive,T47D,,,,,
IRS1,PI3K,positive,T47D,positive,direct,1,regulates,protein-protein interaction. phosphorylated IRS1 proteins bind the p85 regulatory subunit of PI3K.
NFKB,PIM,positive,T47D,,,,,
PI3K,PIP3,positive,T47D,positive ,direct,1,regulates,PI3K catalyzes the reaction that produces PIP3.
PTEN,PIP3,negative,T47D,negative,direct,1,,PTEN dephosphorylates PIP3
CEBPB,PPARG,positive,T47D,,,,,
GATA3,PPARG,negative,T47D,,,,,
CYCLINDc,RB,negative,T47D,,,,,
STK11,PRKAA2,positive,T47D,,,,,
AKT,PRKACA,positive,T47D,,,,,
WNT1,PRKACA,positive,T47D,,,,,
S6K,PTEN,positive,T47D,,,,,
SRC,PTEN,negative,T47D,,,,,
AKT,RAC1,negative,T47D,,,,,
DVL1,RAC1,positive,T47D,,,,,
PI3K,RAC1,positive,T47D,positive ,indirect,2,,causal effect mediated by PIP3  and Rac guanine-nucleotide exchange factors
HRAS,RAF1,positive,T47D,,,,,
RAS,RAF1,positive,T47D,,,,,
PIP3,RAS,positive,T47D,,,,,
SOS1,RAS,positive,T47D,positive,direct,1,,"SOS1 directly binds RAS and acts as a guanine-nucleotide exchange factor (GEF), promoting release of GDP so that GTP can bind. This converts RAS into its active GTP-bound state."
NFKB,RELA,positive,T47D,,,,,
PIM,RELA,positive,T47D,,,,,
TSC2,RHEB,negative,T47D,negative,direct,1,,"TSC2 (as part of the TSC complex) directly acts on RHEB-GTP, stimulates its GTP hydrolysis, which decreases functional RHEB activity."
DVL1,RND1,positive,T47D,,,,,
GRB7,RND1,positive,T47D,,,,,
ERK,S6K,positive,T47D,,,,,
mTORC1,S6K,positive,T47D,positive ,direct,1,regulates,mTORC1 phosphorylates S6K
mTORC1,SGK1,positive,T47D,positive ,unsupported,,,not supported by evidence
mTORC2,SGK1,positive,T47D,positive,direct,1,regulates,"mTORC2 directly phosphorylates the SGK1 hydrophobic-motif site Ser422, enabling subsequent activation by PDK1."
PDK1_pm,SGK1,positive,T47D,positive ,direct,1,regulates,"PDK1 directly phosphorylates SGK1 at Thr256 in its activation loop, producing full kinase activation after the hydrophobic-motif site (Ser422) has been phosphorylated."
GRB2,SOS1,positive,T47D,,,,,
PRKACA,SRC,positive,T47D,,,,,
EGFR,STAT1,positive,T47D,,,,,
JAK2,STAT1,positive,T47D,positive,direct,1,regulates,"Activated JAK2 directly phosphorylates STAT1, which promotes STAT1 dimerization, nuclear translocation, DNA binding, and transcriptional activity."
SRC,STAT1,positive,T47D,,,,,
IL1B,STAT3,positive,T47D,,,,,
JAK2,STAT3,positive,T47D,positive,direct,1,regulates,"Activated JAK2 directly phosphorylates STAT3, which promotes STAT3 dimerization, nuclear translocation, DNA binding, and transcriptional activity."
MAPK8,STAT3,positive,T47D,,,,,
SRC,STAT3,positive,T47D,,,,,
JAK2,STAT5,positive,T47D,positive,direct,1,regulates,"Activated JAK2 directly phosphorylates STAT5, which promotes STAT5 dimerization, nuclear translocation, DNA binding, and transcriptional activity."
ERK,STK11,negative,T47D,,,,,
FOXO3,STK11,positive,T47D,,,,,
CTNNB1,TCF7L2,positive,T47D,,,,,
JUN,TCF7L2,positive,T47D,,,,,
YAP1,TEAD1,positive,T47D,,,,,
KRT14,TRADD,negative,T47D,,,,,
AKT,TSC2,negative,T47D,negative,direct,1,,"AKT phosphorylates TSC2 (tuberin) at multiple sites, inhibiting the TSC1–TSC2 complex's GAP activity."
ERK,TSC2,negative,T47D,,,,,
GSK3B,TSC2,positive,T47D,,,,,
PRKAA2,TSC2,positive,T47D,,,,,
ERK,TWIST1,positive,T47D,,,,,
ABL1,YAP1,positive,T47D,,,,,
LATS1,YAP1,negative,T47D,,,,,
